item_id,order_id,product_id,quantity,unit_price,discount_percent
1,1,54,3,988.94,2.28
2,2,148,4,594.23,94.53
3,3,148,5,539.19,16.87
4,3,3,2,268.33,11.54
5,3,6,2,166.96,8.46
6,4,57,3,156.87,0.41
7,4,96,1,296.53,3.9
8,5,6,1,111.11,10.65
9,5,32,4,37.03,6.3
10,5,148,4,348.8,53.11
11,5,62,1,957.21,0.85
12,6,16,4,639.02,34.33
13,6,35,5,171.69,8.04
14,6,77,1,167.48,14.41
15,7,146,5,360.33,33.39
16,7,63,4,52.79,5.84
17,7,54,1,934.34,16.41
18,7,91,4,266.09,15.8
19,8,26,2,93.66,0.85
20,9,131,2,485.26,10.89
21,9,62,4,737.16,4.99
22,10,134,3,139.26,13.66
23,10,22,1,386.4,19.18
24,11,53,3,219.64,97.53
25,11,86,1,449.34,0.02
26,11,138,2,520.17,41.97
27,12,35,3,167.02,11.58
28,12,131,2,633.21,11.5
29,12,27,4,374.19,17.21
30,12,68,5,288.56,0.07
31,13,45,3,718.22,15.31
32,13,130,3,218.88,16.62
33,14,138,1,732.34,0.43
34,14,117,5,957.63,15.78
35,14,35,3,202.07,0.7
36,15,54,5,849.61,8.86
37,15,129,5,245.27,40.47
38,15,134,4,114.05,23.25
39,16,4,1,366.96,10.25
40,17,6,3,136.91,3.95
41,17,48,2,1026.3,8.5
42,17,140,3,550.22,26.85
43,17,33,1,548.84,13.79
44,18,26,3,132.04,55.08
45,18,145,5,289.5,1.98
46,18,56,2,506.73,95.21
47,19,143,4,684.11,11.49
48,20,47,4,910.15,3.71
49,20,46,-2,697.44,53.36
50,21,14,1,588.81,47.49
51,21,10,4,57.93,1.12
52,21,50,1,120.76,15.85
53,21,79,4,20.36,36.04
54,21,98,5,817.89,46.48
55,22,81,3,317.86,0.25
56,22,8,2,721.04,75.26
57,22,16,4,621.72,20.42
58,22,25,5,47.92,17.69
59,22,127,4,172.11,80.43
60,23,81,4,186.21,80.77
61,23,72,4,679.99,6.13
62,23,105,2,1084.87,5.86
63,24,48,4,579.55,4.29
64,24,93,1,662.15,18.73
65,25,150,4,691.8,3.61
66,26,6,2,203.8,1.58
67,26,54,3,971.81,97.07
68,26,47,3,903.14,10.8
69,26,108,1,275.48,66.74
70,26,91,5,268.24,3.41
71,27,139,3,246.76,17.58
72,27,104,4,588.36,19.98
73,27,74,5,96.03,5.18
74,27,138,2,725.1,19.53
75,28,29,5,309.15,0.87
76,28,147,5,176.41,18.85
77,28,9,5,212.72,16.67
78,28,126,2,555.65,43.7
79,28,75,1,163.14,57.41
80,29,106,1,73.89,3.99
81,29,82,2,837.08,6.58
82,29,71,2,294.1,54.85
83,29,111,3,523.47,9.07
84,29,48,5,573.98,11.43
85,30,24,1,270.16,1.85
86,30,32,2,50.69,49.45
87,30,65,5,40.75,11.54
88,30,31,5,59.67,79.52
89,30,104,5,1007.47,18.86
90,31,109,1,1025.64,19.45
91,31,123,2,11.69,9.68
92,31,67,4,42.01,88.24
93,31,100,5,892.19,5.18
94,31,63,5,92.03,19.46
95,32,67,2,50.71,41.29
96,32,4,-3,264.23,11.94
97,33,149,2,132.67,55.05
98,33,70,1,45.74,10.78
99,33,104,5,600.67,22.25
100,34,74,5,85.35,9.94
101,34,1,2,332.87,7.17
102,34,39,4,222.04,4.45
103,34,101,1,201.23,61.98
104,35,36,4,982.96,15.73
105,35,142,3,123.23,86.63
106,35,85,1,467.11,4.38
107,35,28,4,370.62,56.16
108,35,141,4,461.24,87.9
109,36,52,4,277.75,2.94
110,36,33,5,865.99,73.54
111,37,84,1,572.32,3.55
112,37,58,4,699.74,63.4
113,37,67,1,42.9,23.66
114,37,80,2,222.91,16.91
115,38,61,1,702.42,3.38
116,38,90,1,1087.0,45.88
117,38,143,4,508.67,39.2
118,39,100,3,1125.38,12.43
119,39,90,4,1148.0,17.13
120,39,103,5,393.28,1.61
121,39,40,1,99.38,0.73
122,40,131,5,493.59,2.91
123,41,81,3,177.27,17.57
124,41,70,5,29.85,8.69
125,42,65,2,25.53,13.82
126,42,92,1,339.39,71.03
127,42,42,2,897.82,14.68
128,42,66,4,662.58,67.72
129,43,129,3,313.69,0.46
130,43,46,3,1082.77,84.67
131,43,17,1,157.64,87.82
132,44,51,2,488.99,70.82
133,44,72,5,647.99,0.08
134,44,22,4,277.47,12.84
135,45,99,2,164.09,16.56
136,45,14,1,386.86,0.65
137,45,15,-3,441.17,2.34
138,45,52,4,441.43,9.33
139,45,42,4,621.81,17.69
140,46,40,5,99.89,12.72
141,46,91,3,314.3,12.57
142,46,14,4,473.49,3.31
143,46,130,4,367.35,13.52
144,47,134,5,191.65,9.36
145,47,1,1,324.11,10.24
146,47,121,4,170.66,89.38
147,47,36,5,834.89,9.62
148,48,138,3,915.32,87.83
149,49,28,-5,485.4,17.34
150,49,2,1,594.58,86.81
151,49,47,2,612.95,3.72
152,49,74,1,87.98,99.33
153,49,141,4,644.49,5.19
154,50,6,5,180.14,84.97
155,50,100,3,969.34,18.87
156,50,114,1,159.36,17.89
157,50,92,4,212.11,0.19
158,51,94,5,455.21,3.13
159,51,12,1,556.7,11.56
160,52,139,1,172.72,14.77
161,52,75,1,194.99,4.57
162,52,129,3,374.72,14.39
163,53,100,5,1059.46,55.0
164,53,75,3,113.09,76.11
165,53,104,4,652.86,9.81
166,53,63,5,84.13,2.45
167,53,60,5,381.18,18.29
168,54,36,1,967.19,6.59
169,55,35,3,200.91,1.97
170,56,67,1,66.51,9.24
171,56,40,4,63.59,29.27
172,56,97,3,822.92,9.25
173,57,10,1,42.0,82.69
174,57,92,3,269.28,65.23
175,58,59,3,522.85,15.53
176,58,124,3,433.56,10.07
177,58,16,4,869.45,3.24
178,58,56,3,765.29,10.56
179,58,26,4,80.53,6.01
180,59,115,3,722.39,17.85
181,60,37,2,106.48,54.85
182,60,123,4,13.17,60.37
183,61,136,4,222.24,13.44
184,61,111,3,458.5,19.87
185,62,60,3,292.36,13.75
186,62,46,5,1030.47,11.55
187,62,15,3,370.05,19.03
188,62,86,3,450.38,6.43
189,62,95,4,687.96,10.0
190,63,89,1,688.95,4.82
191,63,66,3,619.14,21.01
192,63,41,2,307.32,5.96
193,64,45,1,655.38,16.6
194,64,38,4,903.11,49.18
195,65,43,5,547.32,83.71
196,65,15,5,289.96,18.8
197,65,76,5,562.1,16.13
198,65,41,2,365.52,19.68
199,66,4,1,207.24,17.37
200,66,25,1,85.43,1.61
201,66,69,4,476.43,34.24
202,66,48,-1,725.03,18.47
203,66,102,2,704.18,57.76
204,67,113,3,469.05,4.83
205,68,2,3,637.47,34.98
206,68,139,5,222.45,4.38
207,68,57,2,132.63,75.81
208,68,145,1,229.85,16.44
209,68,9,1,143.71,16.34
210,69,33,4,739.48,16.48
211,70,43,5,591.44,12.53
212,70,142,4,135.07,10.92
213,70,78,1,26.91,7.27
214,70,92,1,229.9,13.3
215,71,145,2,310.26,77.16
216,72,77,5,213.25,22.52
217,72,61,3,910.29,17.33
218,72,9,2,149.85,80.96
219,73,89,2,855.04,79.62
220,73,16,1,648.66,10.09
221,73,30,5,473.64,12.48
222,74,50,2,159.99,42.68
223,74,42,-5,611.38,14.81
224,75,32,3,48.89,87.97
225,75,33,3,883.34,18.15
226,76,35,4,139.29,6.18
227,76,15,2,253.14,18.23
228,76,31,3,91.21,18.03
229,76,37,1,87.72,44.63
230,76,63,1,70.39,40.08
231,77,71,5,464.17,7.66
232,77,122,2,438.31,8.51
233,77,82,2,476.51,3.17
234,77,39,5,316.09,2.75
235,78,49,1,337.46,17.2
236,79,3,2,165.71,5.99
237,79,82,1,687.32,18.35
238,79,25,2,57.28,2.54
239,80,34,2,167.67,79.79
240,80,40,5,108.15,14.72
241,80,24,3,301.35,0.83
242,81,98,2,820.6,8.6
243,81,148,5,627.84,46.73
244,81,51,3,751.01,88.34
245,81,54,5,1007.05,10.55
246,82,139,3,281.58,9.56
247,82,44,2,80.22,7.96
248,83,150,2,715.5,6.38
249,83,44,5,107.45,3.45
250,84,3,4,175.18,6.0
251,84,28,4,425.92,17.62
252,84,137,1,205.78,16.25
253,85,23,5,296.46,70.22
254,85,74,2,114.29,2.69
255,85,146,3,630.72,16.56
256,86,149,2,93.52,5.7
257,87,5,5,58.0,1.69
258,88,63,5,76.57,29.79
259,88,95,1,883.22,85.22
260,89,108,5,278.23,0.75
261,90,72,1,552.25,2.6
262,90,103,5,513.18,0.29
263,90,29,4,320.06,9.01
264,90,108,2,440.11,4.11
265,91,106,-5,79.25,19.3
266,91,30,2,622.71,5.52
267,92,30,4,603.0,7.24
268,92,51,1,553.26,15.8
269,92,118,2,1010.67,27.74
270,93,18,5,587.14,16.72
271,93,122,5,404.77,69.73
272,93,84,2,381.84,30.77
273,93,88,1,723.2,26.87
274,94,86,4,584.03,3.31
275,94,51,5,534.05,84.21
276,94,129,5,310.15,46.76
277,94,100,4,989.46,65.28
278,95,87,3,991.47,14.84
279,96,45,2,498.97,0.32
280,96,24,5,302.87,1.55
281,96,101,1,255.85,12.7
282,97,76,5,1050.6,5.52
283,98,14,4,640.58,7.03
284,98,102,4,1017.67,87.68
285,98,97,4,726.1,19.29
286,98,22,3,445.0,37.28
287,99,147,2,145.23,77.71
288,99,9,1,185.21,16.75
289,99,16,3,1020.33,15.06
290,99,39,3,315.62,24.8
291,99,116,4,152.6,2.7
292,100,113,1,410.1,73.49
293,100,55,4,380.37,15.52
294,100,6,5,155.97,8.62
295,100,104,3,855.43,0.93
296,101,53,2,261.83,17.37
297,101,147,4,181.15,84.38
298,101,107,3,1011.39,12.74
299,101,78,2,34.25,1.17
300,102,109,-4,659.61,15.25
301,102,20,2,474.68,17.93
302,102,140,-2,727.21,3.55
303,102,103,5,332.33,16.33
304,102,114,4,105.41,70.24
305,103,60,1,434.03,6.16
306,103,119,4,14.69,20.62
307,104,138,5,846.14,35.88
308,104,61,4,683.9,11.98
309,104,23,3,515.28,0.04
310,104,84,5,449.68,5.43
311,104,78,5,32.71,78.63
312,105,38,1,927.04,8.29
313,106,2,3,933.05,17.27
314,106,99,1,163.81,5.05
315,106,97,2,880.39,1.86
316,106,70,-4,44.88,5.44
317,106,57,2,128.36,44.63
318,107,53,5,164.01,17.32
319,108,117,2,755.55,8.29
320,109,76,3,945.56,85.07
321,109,77,5,204.91,6.78
322,110,48,1,794.54,2.25
323,110,120,4,676.39,47.22
324,110,71,1,444.63,16.81
325,110,23,1,416.92,16.09
326,110,20,4,365.17,5.29
327,111,56,2,712.19,10.44
328,111,84,4,552.63,1.1
329,111,98,2,677.97,7.48
330,112,5,4,72.49,55.13
331,112,150,4,547.36,14.08
332,112,24,4,281.43,2.64
333,112,40,2,84.16,76.49
334,113,11,4,333.6,14.0
335,113,91,3,300.05,1.63
336,113,57,4,163.96,87.72
337,114,140,4,477.94,18.78
338,114,38,2,1246.06,4.62
339,114,31,4,99.98,12.5
340,114,91,3,268.86,58.15
341,114,146,4,646.23,13.33
342,115,35,2,183.5,3.32
343,115,13,5,178.32,7.96
344,116,146,3,460.08,18.17
345,116,150,2,614.63,15.82
346,116,105,2,738.26,14.7
347,116,46,4,910.49,9.91
348,117,48,3,848.45,94.75
349,117,96,5,303.63,20.01
350,117,112,2,1073.54,3.1
351,117,4,1,201.59,5.79
352,117,78,4,36.07,61.69
353,118,79,2,21.84,14.62
354,119,19,5,800.9,63.56
355,119,56,2,460.89,8.7
356,119,77,4,177.8,13.34
357,119,31,3,105.36,19.39
358,119,5,1,80.22,83.17
359,120,146,4,476.19,2.05
360,121,144,5,259.14,10.9
361,121,103,1,494.85,8.05
362,121,33,1,562.59,4.92
363,122,115,4,701.3,11.44
364,123,40,3,90.82,16.34
365,123,75,1,178.81,12.37
366,123,2,1,520.09,9.92
367,123,80,1,171.99,1.24
368,124,23,3,519.02,11.68
369,124,148,5,397.14,4.2
370,124,46,3,1008.12,17.04
371,124,12,4,447.74,15.59
372,125,111,2,532.26,1.31
373,125,7,1,367.01,6.43
374,125,114,5,101.15,0.68
375,125,137,5,206.02,1.8
376,126,43,1,508.22,19.43
377,126,138,1,782.29,0.03
378,127,140,4,482.18,12.38
379,127,21,2,101.36,39.84
380,127,25,4,46.28,58.78
381,128,80,3,130.71,1.84
382,129,140,5,397.35,38.26
383,129,39,1,210.42,16.42
384,130,103,2,421.35,69.78
385,130,72,4,484.34,12.01
386,130,6,2,144.84,4.0
387,130,114,5,181.23,85.0
388,130,137,5,210.99,16.81
389,131,11,1,418.48,67.95
390,131,130,5,215.36,16.45
391,131,143,3,645.27,19.97
392,131,124,2,431.15,1.92
393,132,71,4,358.86,2.23
394,132,142,1,103.1,13.67
395,132,87,2,638.93,90.5
396,132,144,4,199.87,71.12
397,132,13,1,286.4,13.58
398,133,51,1,504.48,16.46
399,133,21,2,99.81,15.85
400,134,105,5,829.55,23.21
401,134,34,-4,108.28,0.33
402,134,47,5,940.99,90.68
403,134,64,1,122.42,7.87
404,135,102,4,1007.22,2.59
405,136,23,1,526.13,11.85
406,136,110,1,666.08,2.88
407,136,69,1,409.02,13.77
408,136,3,4,257.63,13.92
409,136,140,1,594.8,19.38
410,137,13,5,222.68,96.7
411,138,127,3,289.9,2.74
412,138,76,5,1053.93,28.53
413,138,83,5,302.56,12.61
414,139,141,3,675.14,5.67
415,140,85,2,686.05,2.99
416,140,102,4,598.08,7.6
417,140,104,4,576.52,2.79
418,141,109,2,941.94,8.12
419,141,8,3,799.34,50.4
420,141,115,-3,1207.43,1.36
421,141,3,1,210.9,6.32
422,141,76,5,784.72,12.89
423,142,78,3,24.92,1.13
424,142,20,3,518.7,1.94
425,142,54,4,898.16,9.2
426,143,21,3,116.11,4.3
427,143,135,1,28.43,32.23
428,143,148,3,530.05,7.92
429,143,137,3,188.29,18.57
430,143,102,4,1016.87,1.77
431,144,63,2,49.87,9.78
432,144,2,2,841.55,9.58
433,144,26,2,82.08,8.1
434,145,11,3,329.67,39.48
435,145,48,4,769.79,13.05
436,145,144,4,199.36,93.31
437,146,58,2,526.36,18.24
438,146,137,3,188.51,42.33
439,147,59,3,309.76,9.89
440,147,45,5,571.43,0.18
441,148,85,2,808.35,92.6
442,148,83,5,456.98,4.03
443,148,22,1,251.93,7.87
444,148,69,2,313.55,77.35
445,149,39,2,204.88,88.67
446,149,33,1,981.36,5.97
447,149,127,4,152.58,1.05
448,149,116,1,129.19,12.48
449,150,35,1,187.35,5.95
450,150,74,4,80.79,17.37
451,150,22,3,359.89,8.4
452,151,146,1,606.84,40.48
453,151,1,3,368.66,18.88
454,151,111,3,581.37,5.65
455,152,69,2,499.12,11.41
456,152,81,5,299.67,16.84
457,152,125,1,610.93,10.12
458,152,54,5,1062.63,0.28
459,153,54,4,743.56,74.53
460,153,37,3,103.86,10.08
461,153,107,5,935.85,16.11
462,154,27,3,414.56,5.03
463,155,19,4,771.09,18.38
464,156,36,5,868.66,9.95
465,156,50,2,154.24,14.93
466,157,17,2,160.54,10.92
467,157,132,3,928.54,5.8
468,157,129,1,275.7,73.13
469,157,135,3,28.8,6.12
470,158,138,4,813.36,15.94
471,158,70,5,32.0,62.09
472,158,101,2,236.79,1.01
473,158,7,5,405.93,7.68
474,158,84,1,418.53,6.37
475,159,130,5,371.82,15.03
476,159,105,4,815.99,3.44
477,159,72,3,386.19,52.38
478,159,85,4,772.29,5.82
479,160,92,4,263.52,3.08
480,161,78,5,30.37,0.1
481,161,67,2,46.3,10.69
482,161,18,5,715.81,16.41
483,162,17,2,185.86,62.22
484,163,40,1,72.51,6.66
485,163,55,5,346.93,98.31
486,163,132,3,976.25,66.8
487,164,150,1,701.31,9.7
488,165,125,1,589.09,5.41
489,165,35,-3,217.14,7.08
490,165,70,4,33.4,19.67
491,165,87,4,999.82,11.46
492,165,40,3,96.23,10.97
493,166,111,5,382.28,87.19
494,166,1,2,440.59,10.61
495,167,86,1,548.13,3.07
496,167,134,5,189.95,9.42
497,168,112,1,832.41,5.35
498,168,118,5,1068.66,50.09
499,168,93,2,1038.92,12.83
500,168,94,5,464.84,57.06
501,168,30,2,433.31,0.62
502,169,141,4,757.69,51.64
503,169,97,4,565.97,40.29
504,169,72,2,617.22,13.63
505,170,24,2,223.9,38.15
506,170,136,3,216.42,10.98
507,170,120,4,700.52,46.02
508,171,57,5,136.11,19.61
509,171,122,2,381.9,1.13
510,172,81,5,212.65,8.93
511,172,70,3,27.87,8.41
512,172,139,2,264.82,81.85
513,172,115,5,1011.6,45.24
514,173,119,5,10.1,1.16
515,173,132,3,849.94,14.24
516,174,43,5,599.89,10.5
517,174,104,1,859.81,3.02
518,174,141,1,498.2,15.73
519,174,54,3,981.52,16.15
520,175,40,5,92.68,13.11
521,176,131,1,545.72,18.31
522,177,10,2,59.15,55.48
523,177,31,5,104.56,90.53
524,177,13,4,256.66,9.08
525,177,117,3,528.49,9.2
526,178,106,4,64.74,4.72
527,178,133,2,1149.51,17.6
528,178,58,3,663.08,84.42
529,178,49,1,424.22,10.5
530,178,87,2,928.1,5.6
531,179,80,5,176.46,7.63
532,180,79,1,19.57,15.05
533,181,83,5,534.5,62.78
534,181,13,5,247.89,11.66
535,182,116,2,119.81,16.09
536,182,115,3,894.33,41.2
537,182,138,3,528.02,4.64
538,182,14,4,677.33,1.33
539,183,35,4,172.76,11.9
540,183,82,4,622.33,3.2
541,184,113,4,514.1,4.17
542,184,60,5,513.46,7.37
543,185,42,4,1067.38,1.38
544,185,59,3,410.99,15.94
545,185,45,-4,708.24,79.47
546,186,66,5,724.59,8.23
547,186,100,3,993.16,12.2
548,186,46,4,603.32,16.16
549,186,32,5,46.54,11.04
550,187,26,4,93.26,14.1
551,187,59,5,326.26,8.99
552,187,77,-2,215.71,2.51
553,188,74,4,122.07,19.38
554,188,62,5,893.24,14.14
555,188,52,5,475.95,9.05
556,188,8,4,880.06,19.05
557,189,36,4,971.78,81.13
558,190,35,2,132.28,4.4
559,191,140,5,467.87,7.16
560,191,11,1,388.03,1.44
561,191,19,3,689.5,5.49
562,191,54,-2,697.59,7.01
563,191,113,4,500.59,6.14
564,192,14,2,486.42,58.46
565,192,29,4,503.46,7.12
566,192,141,2,618.66,17.02
567,192,99,1,190.83,21.63
568,193,83,2,493.58,5.42
569,193,1,3,420.32,2.81
570,193,46,5,728.71,46.88
571,193,86,2,405.96,5.52
572,193,88,1,569.03,11.61
573,194,39,3,283.34,10.52
574,194,92,3,237.97,68.82
575,195,4,4,286.06,1.9
576,195,150,5,694.21,1.2
577,195,83,5,403.04,31.2
578,196,22,4,366.35,10.39
579,196,84,4,524.34,45.61
580,196,24,4,278.48,6.02
581,196,17,4,239.53,10.96
582,196,65,2,45.16,13.13
583,197,19,2,907.93,40.42
584,197,96,2,182.13,8.63
585,198,86,2,442.02,1.92
586,198,5,1,74.47,2.06
587,198,84,3,507.65,0.38
588,199,109,2,990.61,3.15
589,199,64,5,105.09,0.94
590,199,53,1,173.45,12.28
591,199,133,1,715.58,53.42
592,200,58,2,803.51,10.34
593,200,148,1,582.55,73.29
594,201,86,2,490.08,5.97
595,201,106,5,90.1,3.47
596,201,73,4,761.76,74.54
597,202,92,2,249.54,12.74
598,202,64,5,134.65,40.48
599,202,112,3,923.57,19.64
600,202,117,3,771.5,48.79
601,202,122,2,356.9,63.96
602,203,107,1,706.87,7.39
603,204,104,2,666.95,19.85
604,204,149,4,111.89,4.67
605,205,144,4,155.04,15.32
606,205,149,3,135.02,20.25
607,206,127,1,174.09,12.9
608,206,39,2,291.03,4.49
609,206,77,3,192.44,14.98
610,206,27,5,279.48,7.87
611,207,38,5,1119.37,9.62
612,207,76,5,600.96,15.63
613,207,145,4,216.6,49.71
614,207,121,2,121.23,3.32
615,207,61,1,903.99,61.35
616,208,142,3,123.93,97.92
617,208,5,4,93.5,5.96
618,208,143,4,419.57,16.77
619,208,36,2,715.7,6.89
620,209,53,5,285.99,17.99
621,209,49,-4,560.6,84.65
622,209,28,1,423.52,18.22
623,209,118,5,913.86,9.03
624,210,106,5,77.2,12.0
625,211,27,1,315.67,11.42
626,212,103,2,471.61,58.51
627,213,50,3,222.57,91.76
628,214,124,3,256.97,15.94
629,214,53,1,299.88,9.87
630,214,71,1,562.92,1.82
631,214,137,3,176.77,13.26
632,215,7,3,359.64,17.87
633,216,39,4,308.26,8.08
634,217,9,2,139.48,18.69
635,217,19,3,999.95,4.19
636,217,11,4,285.16,19.69
637,217,64,5,102.43,7.64
638,217,75,4,121.49,1.73
639,218,30,3,695.68,19.93
640,218,53,4,257.8,97.06
641,218,35,1,149.2,84.04
642,218,26,3,88.85,18.68
643,219,55,4,368.53,7.61
644,220,49,1,330.01,6.03
645,220,19,4,611.41,5.73
646,220,62,2,593.55,4.79
647,220,142,1,149.82,5.14
648,221,111,3,406.96,3.51
649,221,48,3,1042.68,63.3
650,221,100,1,1098.52,10.86
651,221,18,3,617.64,7.18
652,221,105,3,903.89,11.96
653,222,8,5,880.25,6.81
654,223,90,5,818.21,99.05
655,223,103,1,439.62,2.67
656,223,54,4,781.47,87.4
657,223,94,1,286.96,13.08
658,224,29,4,405.57,8.42
659,224,57,1,160.56,15.56
660,224,2,1,515.67,16.25
661,225,139,5,193.33,3.37
662,225,16,1,596.98,13.19
663,225,70,2,39.51,55.61
664,225,26,5,86.35,3.11
665,226,92,3,215.7,11.08
666,226,77,1,168.92,2.04
667,227,64,1,165.31,6.29
668,228,114,5,146.76,0.15
669,228,38,3,718.65,13.3
670,228,43,5,776.21,9.29
671,229,8,1,821.28,30.01
672,229,33,3,638.38,33.29
673,230,131,3,432.01,16.0
674,230,25,2,69.63,64.16
675,231,58,5,803.85,13.47
676,231,6,5,169.49,14.59
677,231,99,5,249.76,5.01
678,231,57,2,163.52,11.51
679,231,89,3,674.86,18.3
680,232,147,3,111.09,0.01
681,232,79,4,18.61,29.8
682,232,6,5,171.78,0.3
683,233,13,4,226.99,75.61
684,234,114,2,133.81,22.27
685,234,12,1,451.74,1.17
686,234,22,1,361.18,72.29
687,235,42,4,1070.21,80.27
688,235,102,5,719.02,74.39
689,235,76,2,667.56,15.34
690,235,69,4,433.47,14.4
691,235,78,4,30.16,6.76
692,236,73,4,829.09,3.24
693,236,150,4,420.99,4.26
694,236,8,5,797.23,5.82
695,236,99,2,266.73,10.76
696,237,135,3,19.16,12.1
697,237,100,5,916.59,1.98
698,238,41,-1,297.7,15.38
699,238,36,3,859.57,18.0
700,238,34,2,145.83,0.1
701,239,33,2,579.9,15.69
702,239,91,5,300.27,0.15
703,240,12,5,370.0,12.86
704,240,108,5,296.86,1.7
705,241,1,1,271.97,6.83
706,242,97,3,647.64,5.62
707,243,17,3,135.3,19.95
708,243,132,2,698.96,77.96
709,243,95,2,530.05,96.24
710,243,91,4,249.55,15.37
711,244,85,3,784.33,15.65
712,244,97,3,899.79,13.55
713,244,75,1,205.88,19.48
714,245,108,4,392.65,1.34
715,245,110,-5,438.5,70.03
716,245,88,5,444.52,15.94
717,245,15,2,267.79,11.39
718,246,141,4,676.47,24.61
719,246,114,4,105.68,3.11
720,246,7,4,393.25,5.69
721,246,99,4,180.06,1.66
722,247,80,-1,220.18,83.02
723,247,50,2,179.01,18.16
724,248,63,3,68.39,12.53
725,248,19,4,860.19,47.87
726,249,67,4,53.91,17.65
727,249,27,2,504.48,9.42
728,249,126,1,774.3,3.27
729,249,142,3,94.78,15.86
730,249,52,3,276.53,18.31
731,250,81,2,245.15,13.45
732,250,89,4,700.04,5.2
733,250,57,3,143.5,27.87
734,251,74,2,83.46,11.57
735,251,95,4,612.71,6.68
736,251,31,1,103.13,15.01
737,251,6,4,128.26,14.79
738,251,79,5,17.19,5.15
739,252,36,3,739.27,7.42
740,252,19,-2,948.85,49.34
741,252,34,1,128.24,9.85
742,253,119,1,13.57,64.97
743,253,36,1,669.02,16.82
744,253,96,2,297.39,64.51
745,253,30,1,695.77,5.39
746,253,134,4,163.36,8.91
747,254,51,5,554.86,6.74
748,254,105,2,631.24,0.98
749,254,57,5,118.05,2.53
750,254,36,5,625.71,4.25
751,255,148,5,523.25,14.8
752,255,98,2,718.67,12.8
753,255,6,3,200.52,11.99
754,255,131,-3,630.27,71.52
755,256,30,2,465.58,17.34
756,257,56,3,567.64,34.5
757,257,96,1,260.05,95.17
758,257,13,5,253.36,0.71
759,257,1,1,245.66,24.2
760,257,20,4,564.9,13.74
761,258,49,2,459.5,7.05
762,258,134,1,177.52,92.22
763,258,27,3,368.98,9.74
764,259,141,5,441.74,15.81
765,259,68,4,334.25,11.18
766,259,10,4,67.5,2.13
767,259,24,4,244.92,19.56
768,260,22,4,432.39,7.12
769,261,52,1,434.65,6.66
770,261,51,2,535.96,64.36
771,261,41,3,300.64,3.0
772,261,106,3,120.16,11.57
773,261,17,5,155.31,40.02
774,262,25,4,60.44,68.13
775,262,120,3,700.93,9.7
776,263,2,-5,675.84,82.57
777,263,52,4,364.87,12.95
778,264,82,1,535.83,51.79
779,264,18,4,458.18,80.38
780,264,95,2,879.63,91.61
781,265,33,2,979.04,9.38
782,265,3,1,168.58,5.85
783,265,117,4,813.57,3.97
784,265,58,1,508.61,2.93
785,266,37,3,64.33,29.03
786,267,14,4,642.42,8.94
787,267,90,5,1137.28,18.07
788,268,149,4,87.86,12.2
789,269,103,1,482.91,7.55
790,269,104,2,666.47,1.75
791,269,117,2,583.44,5.63
792,270,98,4,837.89,3.65
793,270,94,5,285.22,98.41
794,271,118,-3,924.56,5.01
795,272,86,5,422.98,6.58
796,273,12,2,491.03,3.27
797,274,90,4,1182.06,17.27
798,274,144,2,166.99,50.04
799,274,147,4,173.01,2.16
800,274,54,4,890.95,7.69
801,275,106,-2,69.37,9.9
802,275,100,4,820.32,51.84
803,275,73,5,713.26,11.84
804,275,62,4,865.49,3.94
805,275,40,2,63.7,0.99
806,276,97,1,728.78,4.17
807,276,5,1,74.31,14.59
808,276,82,2,889.52,8.42
809,277,98,1,976.72,3.77
810,277,52,5,403.12,44.34
811,278,1,3,415.73,0.9
812,279,60,5,493.64,1.01
813,279,86,1,708.77,12.67
814,279,72,1,470.14,3.41
815,279,17,1,198.77,2.81
816,279,140,4,575.23,19.68
817,280,78,2,20.73,19.96
818,280,118,3,1044.53,13.49
819,280,66,1,978.82,18.6
820,280,1,5,340.66,1.89
821,280,89,1,755.08,42.22
822,281,122,3,425.15,2.08
823,281,105,4,888.11,10.18
824,282,102,2,786.0,54.47
825,282,33,3,533.42,7.93
826,282,136,2,202.85,11.84
827,282,139,4,239.81,13.82
828,283,146,2,482.32,18.99
829,284,44,5,128.15,19.35
830,284,48,-3,877.77,31.8
831,284,141,2,554.59,9.61
832,285,112,4,762.92,83.86
833,285,83,3,526.54,6.34
834,286,75,4,122.57,7.75
835,287,142,2,125.16,7.05
836,287,150,1,594.92,12.97
837,287,49,3,473.72,87.3
838,287,147,1,95.15,5.24
839,288,47,4,981.27,12.85
840,288,134,5,133.0,73.11
841,288,115,1,679.56,16.71
842,288,144,3,160.62,0.46
843,288,126,5,582.59,3.24
844,289,105,5,624.76,4.18
845,289,54,4,928.02,13.61
846,290,45,5,545.13,94.52
847,290,99,3,286.87,6.53
848,290,109,1,967.01,6.1
849,291,95,5,863.05,7.24
850,291,105,3,740.27,1.31
851,291,127,4,277.94,13.25
852,291,66,5,645.03,5.35
853,291,13,3,241.98,13.23
854,292,141,4,512.16,16.6
855,292,110,2,436.43,16.23
856,292,41,5,310.43,18.02
857,293,63,5,73.95,12.98
858,293,41,4,415.44,17.33
859,293,105,1,1049.69,6.38
860,294,93,1,907.48,8.02
861,295,3,3,175.77,12.07
862,295,14,1,591.93,18.29
863,296,37,1,69.63,1.27
864,296,81,5,323.7,3.85
865,296,70,1,33.41,13.16
866,296,89,1,575.48,17.69
867,297,119,2,16.78,12.41
868,297,68,3,214.55,14.5
869,298,29,3,422.6,86.89
870,299,92,4,352.98,3.66
871,299,48,1,936.39,9.92
872,299,118,5,1064.68,5.85
873,299,68,3,289.44,0.82
874,300,21,3,85.83,15.12
875,300,150,4,655.29,8.36
876,300,60,5,517.58,4.0
877,300,83,4,303.82,16.92
878,300,25,4,62.12,14.44
879,301,109,2,939.64,25.75
880,301,66,4,742.46,62.14
881,302,109,1,863.02,0.4
882,303,87,4,1174.31,0.65
883,303,19,5,966.14,18.35
884,304,108,1,460.58,4.31
885,304,113,5,503.55,0.77
886,305,89,5,783.51,7.33
887,305,24,2,265.83,4.75
888,305,75,2,159.77,8.83
889,305,39,5,269.49,33.12
890,305,15,3,377.22,8.51
891,306,77,5,187.51,1.69
892,306,64,2,151.33,9.67
893,307,83,-2,455.33,67.31
894,308,33,2,934.31,16.84
895,308,100,5,635.25,50.34
896,308,87,5,718.71,54.99
897,308,17,1,233.04,13.59
898,309,124,5,401.94,8.84
899,309,30,5,631.38,1.62
900,309,7,1,276.55,0.21
901,309,92,1,222.79,14.85
902,310,63,3,77.42,3.4
903,310,144,4,196.7,4.75
904,310,127,3,153.29,15.77
905,310,143,4,583.61,6.88
906,310,9,2,137.64,10.1
907,311,20,5,499.58,1.43
908,312,26,1,103.34,0.29
909,312,63,5,56.33,3.48
910,312,72,2,627.12,75.23
911,313,134,1,137.3,13.35
912,313,32,4,55.22,12.0
913,313,106,5,98.94,9.72
914,313,57,1,96.64,1.62
915,314,13,1,226.56,5.38
916,315,8,2,654.59,1.62
917,315,137,5,195.4,15.97
918,315,83,3,520.13,9.45
919,316,102,4,795.8,43.92
920,316,89,1,730.78,10.01
921,316,87,4,767.96,2.13
922,316,100,4,1092.76,4.38
923,316,30,-3,546.2,3.91
924,317,123,3,15.36,6.04
925,317,74,4,75.16,14.55
926,317,12,-1,377.48,15.58
927,317,43,2,642.95,18.56
928,317,36,1,818.95,14.74
929,318,107,3,770.59,19.54
930,318,68,5,335.08,4.33
931,319,144,4,226.19,4.56
932,319,60,1,496.19,3.62
933,319,1,5,256.9,9.65
934,319,8,3,713.82,4.37
935,319,72,4,647.58,11.58
936,320,140,2,572.95,12.41
937,321,6,4,180.8,18.92
938,321,23,4,383.98,12.26
939,322,65,5,39.05,18.6
940,322,148,4,374.2,85.37
941,322,123,4,12.63,11.06
942,322,73,1,1046.53,0.19
943,322,149,2,126.46,19.15
944,323,105,2,1087.17,46.1
945,323,63,3,68.9,86.67
946,323,25,4,71.59,4.36
947,324,130,5,317.11,1.07
948,324,19,2,903.35,20.72
949,324,23,4,314.17,6.96
950,324,147,2,104.82,98.37
951,324,55,1,359.6,47.02
952,325,85,5,783.08,67.26
953,325,69,3,351.78,10.07
954,325,149,4,146.51,4.69
955,325,10,5,61.69,3.06
956,325,12,2,551.39,91.08
957,326,28,5,597.31,55.77
958,326,113,3,481.51,17.96
959,326,70,1,45.95,14.13
960,327,10,5,50.84,82.48
961,327,32,5,35.55,31.4
962,327,139,1,266.36,77.18
963,327,102,4,845.06,15.5
964,328,12,2,559.85,0.64
965,328,110,5,595.5,10.76
966,328,79,2,15.93,18.51
967,328,93,5,620.24,4.32
968,328,149,2,148.76,9.56
969,329,31,3,108.86,3.61
970,329,123,2,15.17,18.9
971,330,135,2,32.89,67.37
972,331,48,3,1047.1,54.43
973,331,61,3,612.76,76.08
974,332,70,3,26.35,8.78
975,332,40,1,69.31,8.52
976,332,8,3,636.66,61.27
977,332,41,1,278.06,12.42
978,332,72,1,702.34,6.4
979,333,77,5,146.72,3.58
980,333,84,1,309.43,38.33
981,334,69,2,320.42,7.63
982,334,47,4,795.73,11.4
983,334,148,5,454.61,1.86
984,334,45,5,662.79,67.68
985,334,10,2,70.59,5.61
986,335,76,2,821.99,41.01
987,335,1,3,377.3,4.6
988,336,66,1,1017.59,7.62
989,336,54,3,977.98,15.52
990,337,74,5,75.2,18.89
991,337,45,3,392.24,34.0
992,337,73,5,979.59,75.91
993,338,134,4,196.45,19.2
994,338,96,2,225.11,86.19
995,338,70,1,32.42,54.94
996,338,123,1,16.19,6.8
997,338,3,5,284.59,27.48
998,339,103,4,437.99,11.59
999,339,97,4,791.47,17.07
1000,339,133,4,996.72,26.09
1001,340,22,3,425.49,18.65
1002,340,21,3,88.73,8.38
1003,340,7,1,358.9,72.8
1004,340,56,1,730.47,13.24
1005,341,145,2,379.52,17.75
1006,341,47,5,756.58,97.64
1007,341,53,3,271.11,33.51
1008,342,105,1,693.0,18.02
1009,342,148,5,470.38,14.06
1010,342,59,3,477.93,95.9
1011,342,125,3,518.91,17.19
1012,343,83,3,411.73,12.58
1013,343,126,2,653.04,24.45
1014,343,110,5,688.19,3.92
1015,343,45,2,391.57,0.43
1016,343,97,2,675.45,12.02
1017,344,54,-3,930.05,7.38
1018,345,118,1,1169.26,8.3
1019,345,90,2,1085.76,30.4
1020,345,135,5,23.29,11.95
1021,345,97,2,583.78,13.49
1022,346,51,4,430.79,14.86
1023,346,57,2,164.91,6.03
1024,347,119,2,12.94,8.89
1025,347,110,1,561.68,11.09
1026,347,45,4,673.9,49.58
1027,348,70,5,43.39,35.41
1028,348,74,4,111.65,17.38
1029,348,62,2,769.91,11.15
1030,349,7,-4,311.07,6.16
1031,349,68,2,233.1,75.44
1032,349,39,2,181.9,15.78
1033,350,147,1,164.43,7.14
1034,351,39,3,276.66,4.92
1035,351,62,2,961.81,41.16
1036,351,75,1,199.89,46.64
1037,351,68,5,307.15,73.56
1038,351,88,5,809.51,16.49
1039,352,21,5,95.32,7.98
1040,353,21,3,95.35,8.96
1041,353,23,4,408.82,6.13
1042,353,141,1,628.42,8.17
1043,354,1,4,350.04,61.41
1044,354,72,2,514.97,12.01
1045,354,119,5,15.18,71.83
1046,354,150,2,399.73,70.44
1047,355,109,4,902.37,8.45
1048,355,74,1,79.79,4.33
1049,355,5,4,73.08,6.15
1050,355,81,2,254.94,5.07
1051,356,87,2,629.98,5.25
1052,356,43,2,752.06,50.45
1053,356,67,3,74.79,14.95
1054,356,117,4,701.62,17.29
1055,356,77,1,165.78,18.37
1056,357,130,1,224.28,3.91
1057,358,82,5,866.9,7.29
1058,358,137,1,167.26,6.87
1059,358,21,5,68.62,6.07
1060,358,90,1,1186.18,11.08
1061,359,85,3,751.69,53.8
1062,359,93,1,903.0,15.24
1063,359,133,5,1180.39,14.65
1064,359,29,5,292.45,38.52
1065,360,33,1,853.38,11.48
1066,360,45,2,732.29,16.81
1067,360,80,1,136.83,3.09
1068,361,76,3,930.86,24.95
1069,361,24,3,234.88,19.05
1070,362,58,3,642.85,10.66
1071,362,10,1,74.76,17.76
1072,362,49,5,480.62,6.26
1073,363,105,3,683.88,19.48
1074,363,111,1,350.87,17.15
1075,363,61,3,551.42,13.69
1076,363,79,1,12.48,18.35
1077,364,98,5,843.92,25.01
1078,364,24,1,241.71,82.42
1079,364,5,2,88.65,9.98
1080,364,16,4,621.14,16.71
1081,365,98,4,812.76,1.73
1082,365,38,-3,988.55,79.97
1083,365,8,3,668.81,11.03
1084,365,136,2,163.16,96.02
1085,365,50,3,177.83,14.7
1086,366,49,2,498.59,33.47
1087,366,143,1,468.32,17.69
1088,366,119,1,15.74,63.18
1089,367,103,2,535.48,5.24
1090,367,5,3,96.67,5.27
1091,367,98,4,871.47,6.82
1092,367,12,1,438.12,50.27
1093,367,74,5,84.39,13.76
1094,368,10,3,64.67,16.11
1095,368,25,5,67.13,10.21
1096,369,89,1,618.81,92.75
1097,369,109,1,1006.9,15.99
1098,369,61,5,653.81,9.64
1099,369,19,4,1007.25,57.74
1100,370,55,2,269.39,14.61
1101,371,83,1,431.05,5.19
1102,371,63,1,91.77,44.05
1103,371,144,5,184.64,73.54
1104,371,44,1,138.64,4.42
1105,371,146,4,496.77,5.12
1106,372,133,2,1001.96,77.43
1107,372,104,5,849.26,3.18
1108,372,136,5,260.85,2.22
1109,372,106,2,86.01,89.83
1110,372,85,4,660.76,94.21
1111,373,125,-4,620.43,4.38
1112,373,105,3,942.46,9.5
1113,373,127,2,202.28,93.76
1114,373,129,3,331.91,11.99
1115,374,129,4,384.82,68.58
1116,374,126,3,838.03,17.75
1117,375,110,1,677.91,15.8
1118,375,114,4,117.43,61.31
1119,376,82,4,598.55,40.33
1120,376,19,4,669.97,18.27
1121,376,92,2,263.16,3.67
1122,377,102,1,615.74,11.51
1123,378,45,5,484.58,14.9
1124,378,72,5,443.52,11.07
1125,379,134,5,213.52,79.36
1126,379,66,3,823.61,85.43
1127,379,112,4,954.53,17.62
1128,379,13,4,174.71,5.22
1129,379,22,1,323.37,17.85
1130,380,112,3,1050.26,8.06
1131,381,127,3,257.31,13.94
1132,381,35,5,180.08,69.09
1133,382,90,1,743.76,88.12
1134,382,105,3,1026.66,12.98
1135,382,114,5,116.44,49.71
1136,382,40,3,94.18,15.87
1137,382,129,3,244.35,7.95
1138,383,69,1,462.91,1.64
1139,383,74,5,106.26,12.14
1140,383,102,4,767.82,57.26
1141,383,1,3,253.12,15.62
1142,383,115,1,896.16,54.15
1143,384,63,4,68.26,6.38
1144,384,133,4,658.72,14.51
1145,384,87,2,998.91,19.68
1146,384,147,4,152.27,85.98
1147,384,122,2,499.6,16.6
1148,385,14,2,459.44,21.05
1149,385,125,4,550.47,4.77
1150,385,104,3,839.49,17.18
1151,386,68,3,299.95,3.46
1152,386,62,4,1009.7,5.09
1153,386,19,3,878.22,9.76
1154,387,101,3,285.87,6.28
1155,388,38,3,857.39,77.52
1156,388,138,3,747.81,16.66
1157,389,129,2,351.39,15.47
1158,389,26,1,118.01,4.77
1159,389,105,3,868.27,9.3
1160,390,103,4,500.68,16.19
1161,390,114,2,180.24,34.93
1162,390,25,3,88.55,4.34
1163,391,96,1,204.02,2.02
1164,391,104,3,826.03,84.64
1165,391,10,4,69.31,9.2
1166,392,148,5,390.89,6.28
1167,392,9,2,124.1,11.57
1168,392,126,5,756.4,8.48
1169,393,64,2,125.66,7.12
1170,393,91,4,181.88,12.81
1171,393,51,2,497.43,21.36
1172,393,110,1,647.67,1.49
1173,394,13,3,183.64,19.51
1174,394,120,4,673.77,6.27
1175,395,106,2,105.5,17.83
1176,395,114,-1,174.98,4.57
1177,395,17,4,240.1,3.07
1178,395,69,5,304.03,3.63
1179,395,134,4,137.27,16.2
1180,396,18,5,567.48,2.07
1181,396,37,2,107.21,3.32
1182,396,130,2,257.41,37.76
1183,397,150,5,607.14,16.86
1184,398,79,3,16.48,4.3
1185,398,101,3,251.32,2.19
1186,398,82,5,751.0,13.93
1187,398,116,4,182.59,96.64
1188,398,68,2,192.58,12.96
1189,399,26,1,102.8,17.24
1190,399,56,3,604.89,2.79
1191,399,114,5,116.26,26.7
1192,399,110,1,421.28,10.83
1193,399,132,1,682.26,17.57
1194,400,75,1,213.21,9.66
1195,400,120,5,459.97,2.89
1196,400,124,1,356.58,13.78
1197,400,12,4,414.71,14.73
1198,401,140,1,624.33,38.99
1199,401,135,1,22.74,3.24
1200,401,133,3,1123.2,42.94
1201,402,28,2,566.73,78.46
1202,402,22,5,252.77,14.19
1203,402,103,1,375.0,81.44
1204,403,116,1,148.97,7.48
1205,404,26,4,129.29,3.5
1206,404,49,2,338.69,90.13
1207,404,102,3,1072.19,0.07
1208,404,140,4,593.69,0.5
1209,404,37,4,76.2,1.05
1210,405,60,2,473.9,1.65
1211,405,51,4,486.12,17.03
1212,405,95,3,869.6,4.35
1213,405,140,3,432.5,14.69
1214,405,129,1,231.77,3.79
1215,406,85,1,822.65,15.17
1216,406,95,1,684.74,17.14
1217,406,132,2,595.34,9.04
1218,406,150,5,510.0,91.01
1219,406,124,1,321.71,5.07
1220,407,143,4,486.2,75.61
1221,407,83,4,397.13,8.71
1222,408,3,2,195.08,13.12
1223,409,117,2,590.74,8.4
1224,409,60,4,380.2,10.0
1225,409,21,3,72.14,54.28
1226,409,121,1,138.39,19.66
1227,409,61,2,859.69,19.82
1228,410,6,4,170.42,17.82
1229,410,88,5,703.5,47.73
1230,410,75,1,122.38,19.86
1231,410,42,3,1082.02,13.47
1232,411,108,5,424.88,38.74
1233,411,88,3,621.02,98.9
1234,411,119,-2,14.63,5.16
1235,412,136,4,237.51,3.64
1236,412,90,4,682.65,18.63
1237,412,107,4,584.95,8.86
1238,412,3,4,213.12,0.82
1239,413,146,4,386.78,46.84
1240,413,145,4,213.16,1.1
1241,414,62,4,619.93,0.65
1242,414,92,2,251.51,19.26
1243,414,32,2,30.23,61.68
1244,414,34,3,127.58,40.11
1245,415,97,3,794.54,0.05
1246,416,89,4,580.21,30.55
1247,416,34,3,124.08,0.97
1248,416,49,3,393.7,11.11
1249,416,88,4,727.61,2.13
1250,416,113,5,469.25,36.21
1251,417,37,4,78.48,19.41
1252,417,136,1,205.45,19.02
1253,417,2,4,772.35,18.04
1254,418,34,1,187.21,89.93
1255,418,44,3,119.71,18.45
1256,419,148,4,385.12,9.94
1257,419,34,1,124.93,30.97
1258,419,139,4,198.54,9.48
1259,419,121,4,115.44,0.83
1260,419,145,2,300.44,9.42
1261,420,83,1,325.3,6.77
1262,421,39,2,280.86,13.12
1263,422,22,4,326.95,5.43
1264,423,71,1,308.62,8.12
1265,423,136,4,184.4,15.6
1266,423,128,4,145.7,5.06
1267,423,36,1,638.49,1.11
1268,424,88,-3,621.32,18.04
1269,424,75,2,152.22,0.21
1270,424,139,1,307.64,19.56
1271,424,49,2,437.13,74.15
1272,424,52,5,430.86,9.21
1273,425,94,1,405.67,19.62
1274,426,34,1,112.54,10.99
1275,426,8,2,560.99,19.39
1276,426,90,1,1135.57,17.02
1277,426,19,5,722.16,90.95
1278,427,138,1,720.83,60.44
1279,427,96,3,269.76,18.08
1280,427,83,4,357.23,19.9
1281,428,47,2,787.64,13.03
1282,428,77,5,258.75,7.01
1283,428,144,5,260.71,18.3
1284,429,61,3,615.83,3.95
1285,429,112,3,889.31,9.91
1286,429,119,4,12.71,90.4
1287,429,123,3,11.46,13.53
1288,430,41,5,225.72,5.4
1289,431,5,1,85.62,11.35
1290,431,76,-1,773.86,4.56
1291,431,33,3,944.78,13.89
1292,431,121,2,100.21,15.38
1293,431,149,4,137.52,59.54
1294,432,69,1,482.54,2.97
1295,433,28,2,637.17,18.23
1296,433,30,3,520.82,0.25
1297,434,17,2,249.43,4.35
1298,435,136,2,163.16,4.85
1299,435,70,3,41.06,18.23
1300,435,115,4,1114.04,35.29
1301,436,6,4,184.06,32.44
1302,436,44,2,89.34,11.49
1303,436,43,1,570.03,8.13
1304,436,111,3,396.64,9.78
1305,436,42,3,771.91,1.05
1306,437,46,4,934.21,15.0
1307,437,64,4,176.08,5.35
1308,437,32,5,34.08,13.68
1309,438,5,5,97.57,13.78
1310,438,71,4,444.76,45.67
1311,438,82,5,507.49,1.97
1312,438,55,3,271.51,16.77
1313,439,13,4,205.0,3.05
1314,439,47,3,522.35,7.49
1315,440,41,3,399.27,2.51
1316,440,15,3,259.81,70.87
1317,440,62,3,694.9,1.08
1318,440,59,3,435.46,5.47
1319,441,77,1,149.66,7.43
1320,441,88,1,474.45,80.08
1321,442,125,1,760.67,16.45
1322,443,6,3,172.13,76.21
1323,443,90,4,707.8,17.17
1324,443,58,4,946.8,7.85
1325,444,45,2,733.21,0.35
1326,444,132,1,975.33,85.21
1327,445,94,-1,379.27,6.25
1328,445,111,1,400.45,7.71
1329,445,61,4,749.03,1.55
1330,445,81,2,276.92,18.26
1331,445,34,5,104.94,91.65
1332,446,25,5,68.51,10.76
1333,446,13,3,276.94,13.13
1334,446,56,2,676.25,96.69
1335,446,39,5,289.26,81.73
1336,447,108,5,332.26,15.17
1337,447,12,2,478.33,3.43
1338,447,90,2,1066.29,0.18
1339,448,29,3,382.84,51.58
1340,448,75,1,209.93,76.86
1341,448,115,5,1092.12,19.77
1342,448,40,3,82.51,54.86
1343,448,50,1,145.49,11.29
1344,449,98,1,957.75,9.83
1345,449,135,4,24.1,7.02
1346,449,132,3,1015.9,30.37
1347,449,107,1,831.06,13.12
1348,450,38,2,857.37,6.92
1349,450,5,2,66.28,9.54
1350,451,5,4,88.68,11.84
1351,451,52,4,287.17,48.05
1352,452,4,1,221.37,16.36
1353,452,27,1,438.7,5.92
1354,453,130,1,320.32,11.01
1355,454,146,4,415.95,2.7
1356,454,127,4,182.22,79.36
1357,455,64,1,96.18,5.82
1358,455,135,5,24.15,19.72
1359,455,57,3,102.1,11.33
1360,456,81,5,246.33,9.98
1361,456,70,4,29.96,9.05
1362,456,106,4,67.25,24.98
1363,456,100,3,611.06,9.36
1364,457,48,3,845.01,16.52
1365,458,133,2,1109.07,18.16
1366,459,18,5,725.63,4.35
1367,459,106,5,96.63,9.72
1368,459,104,5,797.4,8.33
1369,460,36,5,920.74,5.64
1370,460,122,1,301.64,5.19
1371,460,101,3,298.6,3.83
1372,461,63,2,69.5,0.83
1373,462,29,1,452.99,7.61
1374,463,32,-1,29.5,15.65
1375,463,68,5,278.63,16.62
1376,463,64,5,104.63,18.96
1377,463,147,5,107.28,9.72
1378,463,105,2,780.4,4.41
1379,464,72,1,567.03,85.79
1380,465,27,2,312.34,8.9
1381,465,80,1,151.67,10.05
1382,465,3,5,255.93,16.13
1383,465,88,4,462.14,10.07
1384,465,22,1,250.19,80.93
1385,466,100,2,839.07,9.45
1386,466,70,1,37.16,22.25
1387,466,81,4,210.31,11.61
1388,467,116,4,166.78,5.78
1389,467,1,4,439.31,83.35
1390,467,59,-2,382.87,7.01
1391,467,64,5,97.73,18.96
1392,467,28,1,389.93,12.05
1393,468,76,2,762.12,5.77
1394,468,105,4,781.04,9.28
1395,468,25,5,62.29,11.68
1396,469,70,2,35.96,98.82
1397,469,131,4,592.69,7.18
1398,469,65,2,40.3,18.15
1399,469,133,2,1135.17,8.88
1400,469,18,1,587.51,15.18
1401,470,10,1,47.4,28.66
1402,471,92,5,276.36,23.24
1403,472,78,2,29.58,77.62
1404,472,145,-2,334.64,18.14
1405,472,105,1,792.71,11.71
1406,472,88,4,805.74,38.59
1407,472,96,5,249.92,4.71
1408,473,56,2,559.91,14.46
1409,473,146,2,591.09,16.45
1410,473,78,4,34.78,4.87
1411,473,110,4,614.37,9.06
1412,474,67,2,48.89,12.44
1413,475,100,-3,894.33,87.27
1414,475,113,4,425.06,71.71
1415,475,9,3,115.22,11.75
1416,475,111,3,525.28,8.01
1417,476,137,3,153.61,87.39
1418,476,115,2,790.17,69.56
1419,476,4,5,374.83,14.95
1420,476,27,3,354.05,17.04
1421,476,76,1,878.01,98.49
1422,477,13,1,257.52,1.66
1423,478,109,5,789.43,15.76
1424,478,19,5,867.39,94.76
1425,478,107,1,591.82,10.24
1426,479,136,4,251.79,15.28
1427,479,78,5,34.69,3.93
1428,480,19,3,817.9,17.78
1429,480,16,2,847.85,18.02
1430,481,82,2,889.3,10.61
1431,481,108,2,250.43,8.16
1432,481,18,4,733.69,38.44
1433,482,8,3,784.39,8.73
1434,482,40,5,73.42,12.19
1435,483,106,4,80.13,2.95
1436,484,18,5,474.62,16.1
1437,484,147,1,110.06,4.81
1438,484,59,5,489.13,16.91
1439,484,46,2,775.55,8.29
1440,484,88,3,690.09,96.14
1441,485,139,1,182.85,4.45
1442,485,112,3,577.4,0.49
1443,485,130,4,213.99,14.05
1444,485,29,1,472.21,13.97
1445,486,124,5,258.46,11.54
1446,486,136,1,236.16,39.02
1447,487,120,2,686.06,7.91
1448,487,44,-2,92.77,1.45
1449,488,45,3,618.55,19.03
1450,489,59,3,522.35,6.32
1451,489,117,5,958.49,5.1
1452,489,147,1,101.2,4.33
1453,489,51,4,402.52,8.51
1454,490,101,2,266.91,14.61
1455,490,119,2,9.8,4.3
1456,490,111,2,319.56,13.99
1457,491,43,2,708.07,47.17
1458,491,65,5,29.83,44.14
1459,491,144,3,236.38,34.89
1460,491,36,4,591.77,44.92
1461,491,131,-3,384.69,16.59
1462,492,112,2,820.2,15.24
1463,493,102,5,955.68,6.64
1464,493,84,1,306.96,1.62
1465,494,30,2,447.04,20.98
1466,494,78,-4,21.82,3.83
1467,494,138,5,626.27,3.81
1468,494,66,2,986.44,3.95
1469,494,33,2,798.1,15.35
1470,495,144,1,250.31,4.42
1471,495,8,4,719.72,9.42
1472,496,3,3,203.99,1.29
1473,496,64,-1,131.53,46.43
1474,496,53,5,201.66,6.63
1475,497,26,1,99.81,58.01
1476,498,44,1,105.04,0.36
1477,498,133,4,1015.27,8.31
1478,498,1,2,258.74,14.17
1479,498,34,2,166.55,79.32
1480,499,13,4,252.92,92.12
1481,499,84,3,440.33,18.77
1482,499,129,2,315.4,10.65
1483,499,141,3,733.11,6.39
1484,499,50,2,167.45,11.04
1485,500,103,4,388.39,19.39
1486,500,11,-3,469.74,15.95
1487,501,121,5,125.56,16.99
1488,502,34,3,191.2,13.22
1489,502,46,2,626.79,7.05
1490,502,57,3,131.16,19.65
1491,503,28,4,694.04,4.47
1492,504,85,4,799.11,17.36
1493,504,120,4,377.53,17.84
1494,504,106,5,97.64,0.78
1495,505,90,2,750.18,4.03
1496,506,97,4,782.58,67.16
1497,506,16,5,827.33,0.14
1498,506,2,4,647.27,14.81
1499,506,132,5,900.28,11.55
1500,506,51,5,444.71,90.64
1501,507,101,4,337.58,13.53
1502,507,13,2,234.89,19.26
1503,507,57,5,136.93,2.1
1504,508,61,2,506.12,11.37
1505,508,148,4,409.21,12.31
1506,508,120,3,649.66,13.68
1507,509,80,1,167.15,16.57
1508,509,71,2,398.06,6.87
1509,509,29,3,471.62,19.87
1510,510,101,3,245.67,18.39
1511,511,133,5,1090.28,12.12
1512,511,85,4,590.83,9.01
1513,512,128,5,95.42,6.19
1514,512,85,3,718.74,19.1
1515,513,15,1,416.36,9.31
1516,513,114,2,122.61,62.64
1517,514,131,2,401.4,10.02
1518,514,137,2,211.43,11.76
1519,514,56,5,584.68,14.56
1520,514,100,2,1096.05,7.85
1521,515,41,3,377.9,45.05
1522,515,118,1,752.94,4.91
1523,516,125,3,897.27,14.21
1524,516,20,3,508.11,0.84
1525,516,75,1,115.54,25.15
1526,516,109,3,690.07,7.21
1527,517,121,1,135.44,66.27
1528,517,101,2,287.71,15.71
1529,517,29,3,283.44,2.07
1530,518,44,5,126.19,12.65
1531,518,39,3,217.54,7.05
1532,519,66,3,953.29,6.66
1533,520,105,4,619.61,15.36
1534,520,55,3,382.6,64.62
1535,521,105,4,635.95,13.89
1536,521,50,4,178.56,19.66
1537,521,148,4,611.42,3.67
1538,521,16,2,567.43,18.98
1539,522,103,5,320.06,18.32
1540,523,18,1,483.65,58.4
1541,524,65,4,35.25,3.27
1542,524,80,2,197.22,3.87
1543,525,60,2,445.87,12.98
1544,525,19,1,980.65,48.04
1545,526,45,1,703.74,14.53
1546,526,107,4,800.01,45.4
1547,527,81,5,219.45,10.71
1548,528,43,2,467.15,16.61
1549,528,141,1,805.53,3.35
1550,528,38,5,679.97,41.6
1551,528,16,5,823.81,88.1
1552,529,105,1,983.5,19.02
1553,529,4,3,362.38,3.54
1554,529,146,4,514.63,9.39
1555,529,107,5,703.87,16.21
1556,530,70,1,50.18,90.49
1557,530,107,5,804.87,10.92
1558,530,82,5,491.47,10.25
1559,530,123,4,15.53,64.39
1560,530,120,1,529.74,19.59
1561,531,20,4,464.64,20.13
1562,531,133,4,873.45,19.39
1563,531,109,3,879.63,58.26
1564,531,9,1,204.21,19.93
1565,532,143,3,581.24,83.85
1566,532,93,1,897.17,61.68
1567,533,143,1,514.7,15.59
1568,533,6,4,198.65,17.06
1569,533,134,1,187.92,82.7
1570,534,73,4,1036.53,14.64
1571,535,98,1,692.33,3.5
1572,535,116,1,103.34,16.3
1573,535,39,3,176.91,37.22
1574,535,76,3,849.27,76.26
1575,535,106,5,74.33,98.98
1576,536,121,5,129.01,13.49
1577,536,94,3,424.0,8.45
1578,537,116,5,168.21,64.84
1579,537,80,1,161.99,77.86
1580,537,66,3,564.89,13.6
1581,537,43,2,497.08,19.67
1582,537,89,4,772.58,7.91
1583,538,115,1,1137.88,9.93
1584,538,98,4,679.4,16.0
1585,538,137,5,192.22,1.58
1586,538,30,5,387.11,95.6
1587,538,97,5,658.37,4.51
1588,539,114,5,148.97,4.18
1589,539,66,2,704.76,14.73
1590,539,68,1,198.08,18.22
1591,540,96,5,271.06,14.54
1592,540,19,2,588.21,11.54
1593,540,137,2,120.81,14.46
1594,540,65,3,41.21,0.17
1595,540,106,2,72.69,5.29
1596,541,127,3,193.73,16.45
1597,541,35,4,217.91,2.04
1598,541,3,1,271.19,9.41
1599,542,139,1,217.65,18.71
1600,542,72,4,639.86,13.64
1601,542,115,2,689.51,9.16
1602,543,87,2,988.96,8.48
1603,543,138,4,811.52,12.98
1604,543,13,5,236.56,6.61
1605,543,70,5,32.4,5.9
1606,544,61,1,892.87,2.72
1607,545,55,4,270.08,19.76
1608,545,107,3,764.61,60.28
1609,545,1,3,413.13,15.75
1610,545,85,2,614.53,6.99
1611,545,112,1,1076.22,16.07
1612,546,34,1,191.8,0.56
1613,546,62,5,659.39,31.61
1614,547,27,2,386.13,4.83
1615,547,97,4,906.55,88.5
1616,548,18,4,753.04,3.76
1617,548,138,1,578.21,54.36
1618,548,106,-5,113.99,9.77
1619,548,42,1,1095.82,6.38
1620,549,89,4,542.48,14.17
1621,549,131,5,634.33,85.45
1622,549,85,2,580.5,17.14
1623,550,139,3,302.86,7.8
1624,550,98,5,789.71,10.74
1625,550,111,5,594.05,0.72
1626,550,150,2,427.54,67.45
1627,550,11,5,408.24,1.82
1628,551,54,2,1051.16,10.46
1629,551,41,2,373.66,14.98
1630,552,100,2,877.98,19.63
1631,552,35,2,118.44,9.66
1632,552,110,3,536.36,74.34
1633,552,139,5,207.05,63.77
1634,552,87,3,907.07,8.51
1635,553,34,1,106.62,6.79
1636,553,116,5,141.46,12.58
1637,554,57,4,172.17,70.92
1638,554,33,1,889.09,6.62
1639,554,44,4,116.87,14.01
1640,554,141,5,740.79,19.66
1641,555,76,4,803.6,17.08
1642,556,93,4,930.04,7.99
1643,557,60,1,370.46,10.3
1644,557,136,3,240.48,14.92
1645,557,101,2,314.62,68.98
1646,557,88,5,552.04,18.36
1647,558,8,5,570.96,16.81
1648,558,3,3,285.89,0.64
1649,558,109,5,858.48,8.51
1650,558,42,1,720.84,11.52
1651,559,31,5,83.69,7.52
1652,560,58,3,919.65,19.96
1653,560,64,1,175.76,4.37
1654,560,92,2,258.6,2.59
1655,560,109,4,639.03,1.42
1656,560,141,4,571.29,12.42
1657,561,149,3,124.96,7.36
1658,561,76,3,1019.89,62.92
1659,561,91,1,245.95,7.29
1660,561,127,3,278.12,12.49
1661,562,81,3,191.27,18.85
1662,562,34,5,161.77,15.5
1663,563,101,1,360.71,14.2
1664,564,77,3,202.82,6.39
1665,565,53,2,229.05,12.46
1666,566,119,5,10.77,3.77
1667,566,52,2,302.74,15.72
1668,566,7,3,405.51,73.68
1669,567,150,4,484.29,15.89
1670,567,52,-3,282.96,1.77
1671,568,10,5,62.45,5.65
1672,568,93,5,1078.91,80.05
1673,568,43,2,529.63,1.73
1674,568,91,1,328.39,4.08
1675,568,123,2,11.8,7.34
1676,569,52,5,365.45,46.17
1677,570,107,2,628.0,2.59
1678,570,23,1,532.43,10.05
1679,570,48,1,620.1,6.11
1680,570,127,5,225.9,11.12
1681,570,62,1,820.36,6.04
1682,571,41,1,351.39,0.72
1683,571,49,2,375.56,11.23
1684,571,30,2,407.61,4.67
1685,572,103,1,569.76,85.83
1686,572,126,5,809.96,11.52
1687,572,14,4,456.81,17.34
1688,572,77,2,240.21,88.74
1689,573,70,4,26.84,5.12
1690,573,68,4,241.01,9.92
1691,574,40,1,110.13,4.18
1692,574,92,2,320.26,10.08
1693,574,118,1,828.18,15.1
1694,575,49,5,499.18,4.12
1695,576,103,5,389.7,17.25
1696,576,119,4,15.57,71.57
1697,576,6,2,132.21,0.59
1698,576,4,3,291.01,2.64
1699,577,17,2,157.75,84.44
1700,577,71,4,385.06,9.82
1701,577,13,5,261.38,12.46
1702,577,144,2,198.69,0.1
1703,578,127,2,248.4,6.75
1704,578,48,3,1098.34,62.02
1705,578,37,5,107.1,19.28
1706,578,135,5,33.78,4.7
1707,578,84,5,555.11,9.78
1708,579,145,1,247.98,25.53
1709,579,50,3,162.07,5.47
1710,579,38,4,1212.95,39.29
1711,579,62,1,599.13,2.11
1712,580,89,4,462.31,51.34
1713,580,44,-1,86.99,5.06
1714,580,148,4,390.94,31.16
1715,581,98,5,718.67,38.67
1716,581,18,2,755.06,51.64
1717,582,103,3,406.51,7.58
1718,582,6,3,127.87,19.4
1719,583,130,3,346.17,87.73
1720,583,66,3,686.38,11.33
1721,583,60,4,298.44,0.69
1722,583,128,5,168.36,2.75
1723,584,39,4,316.84,13.81
1724,584,57,4,156.81,7.81
1725,584,134,5,150.82,1.11
1726,584,97,4,490.11,3.87
1727,585,147,3,97.67,18.9
1728,586,5,3,82.39,74.55
1729,586,62,4,551.57,3.45
1730,586,71,5,383.19,6.71
1731,587,79,5,22.99,61.31
1732,588,110,1,727.96,9.52
1733,588,148,3,597.46,34.28
1734,588,85,1,488.1,14.85
1735,588,76,1,892.04,5.42
1736,589,149,3,129.58,14.23
1737,589,73,2,758.32,10.29
1738,589,82,1,760.07,0.92
1739,589,150,1,569.45,2.07
1740,590,73,2,566.16,99.91
1741,590,87,5,803.47,69.89
1742,590,115,2,1012.31,16.96
1743,590,104,3,873.61,15.74
1744,590,20,5,367.27,16.9
1745,591,121,1,144.44,13.85
1746,591,92,4,249.03,14.22
1747,591,104,1,692.76,17.67
1748,591,126,1,782.98,19.2
1749,591,147,5,163.91,93.24
1750,592,125,1,546.37,1.52
1751,593,66,5,666.41,9.15
1752,593,98,2,890.55,18.37
1753,593,21,5,120.3,15.31
1754,593,27,2,333.65,13.38
1755,594,144,-4,210.49,12.65
1756,594,127,2,199.04,8.65
1757,594,118,5,1131.82,3.27
1758,595,104,5,556.03,8.12
1759,595,124,2,369.78,14.38
1760,596,141,3,608.17,8.05
1761,596,56,5,502.35,71.73
1762,597,49,4,321.8,11.87
1763,598,115,2,930.5,10.55
1764,599,107,1,866.07,10.3
1765,599,112,3,874.31,13.83
1766,599,149,3,119.75,18.68
1767,599,58,4,666.51,15.97
1768,599,43,3,712.85,8.83
1769,600,121,5,132.03,8.93
1770,600,102,4,821.53,17.18
1771,600,93,2,751.54,15.1
1772,600,71,4,557.77,19.83
1773,601,15,4,384.84,6.91
1774,601,56,3,840.37,1.01
1775,602,119,3,16.35,38.11
1776,603,23,2,366.95,9.57
1777,603,111,3,513.24,76.01
1778,603,132,1,610.91,16.81
1779,604,103,2,364.9,4.61
1780,604,105,2,700.81,13.94
1781,605,134,2,164.3,33.7
1782,605,60,1,300.23,14.35
1783,606,2,5,662.18,5.02
1784,607,53,1,198.68,88.69
1785,608,32,5,34.45,39.86
1786,608,138,1,577.17,17.82
1787,609,69,4,286.36,14.22
1788,610,30,4,562.1,13.05
1789,610,123,3,16.91,6.05
1790,610,108,2,267.41,13.93
1791,611,119,1,12.37,12.58
1792,611,41,5,301.97,12.33
1793,612,34,5,104.94,12.27
1794,612,135,5,33.79,1.61
1795,612,143,2,413.29,7.48
1796,613,108,1,335.51,18.23
1797,613,89,4,710.07,8.07
1798,613,93,3,852.54,17.42
1799,613,21,5,105.94,2.85
1800,613,8,5,497.64,4.62
1801,614,48,4,660.52,35.25
1802,614,80,2,216.76,4.12
1803,614,38,4,784.59,12.3
1804,615,74,3,89.42,13.25
1805,615,2,1,737.03,4.34
1806,615,52,1,264.98,80.67
1807,615,143,2,484.54,13.66
1808,615,145,3,336.29,9.22
1809,616,44,5,111.83,11.97
1810,616,53,4,160.13,12.38
1811,617,3,1,256.34,85.89
1812,617,78,3,24.86,15.47
1813,617,141,5,674.63,46.9
1814,617,133,3,1024.13,48.43
1815,617,111,1,535.82,0.46
1816,618,127,3,280.61,13.14
1817,618,25,5,50.74,75.12
1818,619,70,5,46.35,49.38
1819,619,108,2,368.03,17.64
1820,620,34,-3,137.79,19.75
1821,620,129,4,305.36,14.8
1822,620,147,5,141.02,10.05
1823,621,71,4,431.26,10.07
1824,621,63,3,51.32,51.15
1825,621,68,5,322.64,7.87
1826,621,91,2,217.28,77.45
1827,622,92,5,259.31,3.73
1828,622,65,3,34.15,10.09
1829,623,2,1,613.49,8.39
1830,624,98,5,925.35,40.24
1831,624,110,4,533.78,2.45
1832,624,1,1,323.96,11.58
1833,625,12,4,582.44,11.02
1834,625,61,5,800.48,12.77
1835,625,148,1,348.84,2.45
1836,626,57,4,93.08,10.31
1837,626,56,1,763.58,58.61
1838,626,96,4,204.35,2.12
1839,626,34,1,107.81,16.21
1840,626,140,1,734.24,37.48
1841,627,99,1,232.13,15.41
1842,628,49,3,329.62,2.42
1843,629,57,5,128.32,10.03
1844,630,20,-3,483.95,85.07
1845,630,124,5,453.09,16.95
1846,630,2,1,746.74,2.03
1847,630,138,2,975.04,81.28
1848,631,50,3,134.98,56.25
1849,632,11,1,502.94,7.26
1850,632,14,4,411.57,10.82
1851,632,55,1,219.62,18.95
1852,633,107,2,1047.36,11.84
1853,633,34,1,141.57,1.87
1854,634,31,1,101.29,8.19
1855,635,34,2,183.26,12.17
1856,636,51,3,612.7,15.38
1857,636,16,2,566.19,4.42
1858,637,88,5,696.86,16.31
1859,637,111,5,512.04,11.41
1860,637,143,5,374.7,3.08
1861,638,23,1,521.51,0.12
1862,638,17,3,231.68,17.8
1863,639,65,4,44.61,14.03
1864,640,128,3,124.55,5.61
1865,640,27,1,479.51,68.01
1866,640,66,3,962.03,0.69
1867,640,10,4,50.88,11.88
1868,640,142,5,128.7,6.97
1869,641,125,5,941.27,14.31
1870,642,5,2,70.08,76.11
1871,642,75,4,153.08,1.71
1872,642,92,3,234.59,93.82
1873,642,117,4,572.9,8.02
1874,642,114,3,153.79,10.38
1875,643,4,1,218.19,2.74
1876,643,35,4,165.08,6.17
1877,643,100,3,1029.74,10.97
1878,643,34,4,146.6,39.58
1879,643,115,4,1083.69,5.91
1880,644,17,4,253.6,71.68
1881,644,94,2,333.83,6.8
1882,645,100,5,1045.95,7.81
1883,645,9,2,123.9,1.13
1884,645,1,1,366.86,17.94
1885,646,51,5,498.21,0.33
1886,646,23,5,355.62,4.84
1887,646,49,1,320.92,14.69
1888,647,70,1,32.96,90.33
1889,647,67,4,57.49,90.69
1890,647,58,4,912.6,15.24
1891,647,28,3,377.85,92.8
1892,647,71,5,333.47,49.21
1893,648,133,5,876.36,3.25
1894,648,21,4,96.37,16.11
1895,648,129,3,271.41,19.45
1896,648,28,3,652.99,15.34
1897,648,4,5,368.45,74.9
1898,649,39,2,274.22,11.68
1899,649,81,5,274.86,11.07
1900,649,80,2,145.36,11.08
1901,649,76,5,1053.69,98.7
1902,650,102,1,850.83,19.4
1903,650,122,5,375.81,2.59
1904,650,112,3,672.96,16.43
1905,650,98,4,804.17,2.05
1906,651,102,1,823.7,89.85
1907,651,33,3,627.44,2.44
1908,652,21,5,88.11,14.16
1909,652,72,2,459.88,12.25
1910,652,74,1,105.46,4.54
1911,652,92,3,342.89,3.29
1912,653,120,2,653.14,5.89
1913,653,8,4,614.48,14.02
1914,653,24,4,277.84,10.47
1915,653,7,4,329.78,71.06
1916,654,30,2,547.83,45.63
1917,654,94,2,393.24,5.77
1918,655,54,2,673.93,60.21
1919,656,143,-4,427.12,31.22
1920,656,11,5,324.26,9.27
1921,656,113,4,336.65,4.42
1922,657,106,-4,86.25,3.24
1923,657,91,2,193.91,15.75
1924,657,103,2,343.99,4.25
1925,657,4,4,353.03,9.62
1926,658,113,2,422.84,1.11
1927,658,35,3,187.74,8.62
1928,658,110,1,699.46,19.33
1929,659,70,2,28.45,65.34
1930,660,53,3,244.46,1.83
1931,660,88,3,806.33,7.03
1932,660,134,3,131.45,38.88
1933,661,120,4,641.06,55.91
1934,661,143,2,619.99,94.97
1935,662,22,3,376.43,14.76
1936,663,96,4,265.32,10.44
1937,663,147,4,111.69,6.73
1938,663,67,4,53.44,9.85
1939,663,43,5,486.26,8.5
1940,663,19,3,594.76,59.56
1941,664,89,3,520.82,17.1
1942,664,57,5,145.07,9.8
1943,664,143,3,645.35,7.5
1944,664,7,1,293.1,0.0
1945,664,141,2,589.77,61.85
1946,665,67,5,39.5,72.61
1947,666,25,1,59.45,16.01
1948,666,99,1,196.9,4.48
1949,666,65,1,33.98,11.45
1950,666,118,2,870.6,3.66
1951,667,31,4,73.47,1.14
1952,667,12,4,539.58,3.16
1953,667,47,3,805.43,13.29
1954,667,50,3,156.5,12.36
1955,668,126,-1,719.95,12.37
1956,668,120,4,612.77,80.84
1957,669,2,5,840.44,13.73
1958,669,109,1,572.13,6.86
1959,669,131,2,638.0,19.73
1960,669,88,5,537.61,69.69
1961,670,106,4,66.97,3.01
1962,670,71,4,471.83,15.3
1963,671,101,4,270.65,58.34
1964,671,68,4,308.45,16.84
1965,671,86,2,479.77,5.05
1966,672,10,-3,50.09,12.01
1967,672,34,-3,164.95,12.22
1968,672,65,2,40.01,87.75
1969,673,113,1,466.62,0.15
1970,673,90,2,760.37,18.5
1971,674,49,3,606.34,13.93
1972,674,48,1,821.83,1.11
1973,674,31,3,61.93,87.99
1974,674,64,3,166.39,0.92
1975,674,105,2,847.57,17.39
1976,675,149,4,114.32,5.33
1977,675,111,4,557.84,4.95
1978,675,53,2,292.29,78.38
1979,675,52,3,288.07,15.65
1980,676,73,4,765.19,10.67
1981,676,18,5,543.44,19.54
1982,676,14,4,518.4,4.04
1983,676,23,2,527.06,8.72
1984,676,6,3,155.47,5.39
1985,677,136,3,230.3,13.73
1986,677,54,2,993.54,40.35
1987,677,88,3,592.04,9.62
1988,677,6,5,179.14,15.99
1989,678,62,2,816.21,49.2
1990,678,103,5,493.58,5.95
1991,679,54,2,852.2,8.92
1992,680,130,1,313.39,16.9
1993,680,3,1,266.27,49.6
1994,680,126,5,525.62,12.91
1995,681,136,2,175.83,7.03
1996,681,69,3,421.5,0.14
1997,681,132,3,908.76,10.28
1998,681,51,2,441.42,17.38
1999,682,63,5,63.37,16.57
2000,682,100,3,1073.76,13.18
2001,682,66,5,653.58,18.62
2002,682,22,4,387.05,0.1
2003,682,110,3,436.52,15.62
2004,683,93,1,1071.26,11.96
2005,684,103,2,569.46,19.29
2006,684,98,1,1011.76,59.72
2007,684,51,3,499.3,1.2
2008,684,57,4,110.87,11.75
2009,684,6,5,146.34,97.64
2010,685,2,1,829.26,14.0
2011,685,6,4,204.85,90.86
2012,685,75,1,191.67,23.75
2013,686,89,3,739.33,51.62
2014,687,125,2,616.94,12.76
2015,687,115,5,1133.36,1.69
2016,687,53,2,285.84,51.52
2017,687,135,3,33.6,17.36
2018,688,130,3,265.26,8.38
2019,689,135,5,20.96,14.53
2020,689,21,3,115.95,50.18
2021,689,87,3,637.07,5.88
2022,689,11,5,454.07,16.91
2023,689,63,5,74.46,5.76
2024,690,11,-4,418.25,15.68
2025,690,61,2,647.59,10.22
2026,690,86,5,649.85,15.25
2027,691,85,4,553.12,3.6
2028,691,77,1,155.78,2.97
2029,691,115,5,1122.92,59.61
2030,691,116,1,143.61,17.48
2031,692,73,4,778.1,71.96
2032,692,141,4,595.16,56.36
2033,692,80,4,130.73,11.72
2034,693,8,3,724.75,7.51
2035,693,44,2,145.29,9.82
2036,693,116,4,131.5,18.84
2037,694,29,1,290.12,36.45
2038,694,52,3,346.35,6.72
2039,694,71,4,510.74,8.48
2040,695,55,1,313.48,7.12
2041,695,53,-5,172.86,15.18
2042,695,96,2,186.17,91.07
2043,695,124,5,319.68,62.57
2044,695,107,5,688.5,7.67
2045,696,63,4,50.35,19.27
2046,697,130,3,343.08,11.94
2047,697,140,3,690.51,16.18
2048,697,90,1,1004.94,67.79
2049,697,7,2,418.41,10.0
2050,697,23,1,473.62,10.87
2051,698,133,2,963.23,93.91
2052,698,44,4,135.21,4.97
2053,698,17,2,227.1,5.98
2054,698,144,2,176.38,8.1
2055,699,124,4,316.47,5.15
2056,699,72,2,655.97,15.23
2057,699,39,4,237.15,15.7
2058,700,133,3,810.47,6.22
2059,700,24,1,225.7,7.68
2060,700,141,5,670.16,1.84
2061,701,85,2,522.28,94.15
2062,701,112,5,960.4,18.77
2063,701,104,3,898.91,7.81
2064,702,17,2,165.27,12.6
2065,702,32,2,35.94,2.75
2066,702,138,2,739.1,70.7
2067,702,47,1,975.99,1.29
2068,702,36,4,974.04,19.79
2069,703,127,3,262.63,7.7
2070,703,129,3,330.42,7.99
2071,703,63,3,85.86,7.71
2072,704,14,3,382.52,18.33
2073,705,109,4,1022.64,3.64
2074,705,67,3,73.71,17.66
2075,705,66,2,566.38,8.78
2076,705,68,4,257.57,2.0
2077,706,36,5,571.81,6.95
2078,706,13,1,277.71,12.55
2079,706,64,3,169.91,0.99
2080,707,68,2,323.36,10.01
2081,708,109,5,908.21,27.91
2082,708,106,5,69.62,18.4
2083,708,53,5,249.95,82.35
2084,708,48,3,651.13,10.57
2085,709,118,4,855.65,6.68
2086,709,76,1,920.33,12.41
2087,709,149,1,138.99,90.36
2088,710,50,3,130.69,7.68
2089,710,12,2,647.28,2.17
2090,710,80,4,149.25,4.02
2091,710,2,3,987.76,83.44
2092,710,124,2,265.42,28.2
2093,711,46,4,796.86,3.51
2094,712,103,3,406.5,76.28
2095,712,23,3,383.2,45.69
2096,713,14,4,608.71,72.4
2097,713,62,1,973.83,14.97
2098,714,141,3,609.35,7.1
2099,714,125,5,535.13,17.39
2100,714,11,2,511.96,15.91
2101,714,110,2,650.13,0.33
2102,715,70,3,49.56,8.37
2103,715,136,1,260.23,3.77
2104,715,73,5,659.94,17.66
2105,716,106,3,107.6,2.85
2106,716,136,1,254.95,1.3
2107,716,86,5,560.77,1.97
2108,717,57,2,177.13,23.81
2109,717,49,3,525.04,70.06
2110,717,73,5,958.27,2.39
2111,717,101,3,242.68,0.66
2112,717,94,1,459.99,96.67
2113,718,113,3,449.25,3.39
2114,718,16,2,964.01,12.55
2115,718,29,4,299.45,16.94
2116,719,98,5,749.71,60.43
2117,719,136,2,269.63,4.78
2118,719,28,1,691.22,14.42
2119,720,22,1,355.77,88.94
2120,720,97,4,492.97,16.33
2121,720,141,1,579.13,16.03
2122,720,49,3,562.77,6.68
2123,720,64,3,134.24,17.05
2124,721,95,1,674.4,6.41
2125,721,2,2,727.65,16.38
2126,721,148,2,638.82,13.15
2127,721,67,1,43.41,17.21
2128,722,31,-5,104.18,8.72
2129,723,18,5,418.51,13.07
2130,724,13,2,232.86,3.36
2131,725,89,5,637.44,17.02
2132,726,22,5,350.34,10.13
2133,727,27,4,436.0,12.0
2134,728,79,3,23.07,13.91
2135,728,112,1,1081.07,2.99
2136,728,8,1,871.99,4.8
2137,728,126,5,822.95,15.94
2138,729,45,4,550.73,81.05
2139,729,91,4,205.03,11.02
2140,729,12,4,591.65,44.93
2141,729,13,4,225.73,86.33
2142,729,127,5,245.7,13.09
2143,730,56,5,686.08,2.48
2144,730,138,1,917.63,1.23
2145,730,61,3,673.25,2.97
2146,731,29,5,422.37,23.9
2147,731,148,1,411.72,11.14
2148,731,23,4,436.98,14.76
2149,731,146,3,414.45,6.63
2150,732,44,4,97.38,2.27
2151,732,14,4,556.67,3.94
2152,732,35,1,166.89,3.3
2153,732,71,5,353.46,9.2
2154,733,86,4,514.54,12.97
2155,733,3,4,248.63,9.65
2156,733,63,1,69.35,91.46
2157,733,146,2,436.4,6.99
2158,734,20,5,349.77,3.16
2159,734,18,5,430.51,7.61
2160,734,85,3,626.28,8.35
2161,734,127,3,179.77,8.14
2162,734,91,4,331.89,10.74
2163,735,5,2,93.01,18.32
2164,735,103,1,326.72,0.31
2165,735,147,4,162.96,5.21
2166,736,90,2,710.56,2.14
2167,736,72,1,563.22,12.3
2168,737,30,3,447.78,10.06
2169,737,55,1,223.6,0.75
2170,737,40,4,83.82,9.25
2171,737,63,4,61.6,13.74
2172,737,95,3,832.19,6.47
2173,738,42,3,987.24,12.46
2174,738,1,2,374.95,0.08
2175,738,46,1,1018.66,29.51
2176,738,32,4,53.16,16.03
2177,739,67,1,54.07,5.0
2178,739,121,1,94.04,15.48
2179,739,13,2,208.99,63.24
2180,740,46,-2,693.59,9.75
2181,741,18,3,585.11,1.72
2182,741,99,3,186.85,67.41
2183,741,132,3,967.78,51.79
2184,741,11,5,469.18,90.48
2185,742,142,1,130.9,10.98
2186,742,30,3,436.55,11.85
2187,742,113,5,489.23,2.05
2188,743,41,3,316.97,28.42
2189,743,147,2,166.12,13.87
2190,743,150,5,612.09,5.69
2191,744,106,1,112.9,0.61
2192,744,83,1,318.43,10.12
2193,745,79,5,16.63,5.95
2194,745,112,5,641.3,79.93
2195,745,129,4,289.34,18.99
2196,746,107,3,930.59,19.92
2197,747,49,1,581.73,6.16
2198,747,39,2,207.1,16.58
2199,747,30,2,682.18,18.3
2200,748,4,3,267.75,9.53
2201,748,33,2,1002.6,99.5
2202,748,38,3,743.34,8.82
2203,749,115,1,825.95,91.87
2204,750,138,4,853.76,6.05
2205,750,127,4,220.45,3.97
2206,751,46,-2,989.9,7.41
2207,751,75,5,184.78,18.34
2208,751,14,4,627.64,27.65
2209,752,89,5,691.39,17.79
2210,752,75,4,188.66,14.19
2211,752,17,5,174.75,55.56
2212,752,112,5,652.97,11.53
2213,753,50,5,119.62,14.75
2214,753,43,2,652.16,90.38
2215,753,118,2,688.22,7.34
2216,753,141,1,713.07,11.86
2217,754,49,3,527.16,6.92
2218,755,1,-5,350.9,5.95
2219,755,127,5,237.66,7.99
2220,755,123,4,12.82,19.16
2221,755,96,1,211.5,16.24
2222,756,92,3,336.06,37.08
2223,756,19,1,648.96,3.78
2224,756,66,3,853.19,1.93
2225,756,142,3,89.22,18.48
2226,756,72,5,529.81,2.15
2227,757,110,3,640.92,85.35
2228,757,59,3,291.14,88.29
2229,758,37,4,102.44,10.05
2230,758,61,1,926.32,95.58
2231,759,56,5,480.3,79.25
2232,759,140,5,623.28,4.6
2233,760,114,1,101.09,74.92
2234,760,82,4,569.99,17.82
2235,760,36,1,675.44,4.12
2236,761,5,5,74.42,1.08
2237,762,86,-5,416.35,4.87
2238,762,149,5,150.05,13.55
2239,762,67,2,41.48,7.58
2240,762,7,5,242.01,51.78
2241,763,17,2,157.88,56.79
2242,763,109,1,661.5,2.06
2243,763,141,3,688.96,72.42
2244,763,121,2,98.44,1.33
2245,764,6,4,110.24,29.23
2246,765,32,3,54.41,6.07
2247,765,61,4,822.28,13.69
2248,766,60,4,325.76,37.78
2249,766,92,5,345.69,15.17
2250,767,142,4,149.65,4.35
2251,767,128,1,100.1,53.7
2252,767,117,5,612.37,12.72
2253,767,126,3,648.71,27.49
2254,767,109,3,717.51,8.2
2255,768,22,1,358.14,13.15
2256,768,117,1,623.98,2.14
2257,768,58,3,742.14,18.14
2258,768,72,5,610.25,39.13
2259,768,30,3,686.79,12.02
2260,769,150,5,514.68,41.06
2261,769,47,4,935.88,97.71
2262,770,20,3,362.68,6.93
2263,770,91,3,290.4,13.48
2264,770,51,1,563.62,10.32
2265,770,118,4,911.41,10.07
2266,771,138,4,887.74,0.18
2267,771,43,5,524.16,1.36
2268,771,35,2,149.82,44.36
2269,771,28,5,594.73,5.59
2270,771,9,1,211.74,11.04
2271,772,124,3,280.5,15.39
2272,772,21,4,68.71,54.86
2273,772,134,1,196.3,10.04
2274,772,108,1,298.04,46.32
2275,773,74,2,111.57,24.43
2276,774,97,5,868.69,5.13
2277,774,109,1,940.41,1.14
2278,774,136,2,209.89,46.4
2279,775,129,2,256.76,85.51
2280,775,147,2,99.95,15.36
2281,775,37,2,69.93,18.45
2282,775,67,3,42.53,3.32
2283,775,104,1,963.01,0.43
2284,776,62,2,709.63,13.65
2285,776,118,3,765.73,9.14
2286,776,70,2,31.13,33.66
2287,777,18,1,663.65,1.16
2288,778,64,5,111.45,7.21
2289,779,46,3,748.75,8.48
2290,779,20,2,523.37,4.0
2291,780,35,4,129.57,13.36
2292,780,81,5,217.41,8.26
2293,780,109,5,695.06,6.29
2294,781,82,5,623.48,5.39
2295,781,138,3,977.26,19.15
2296,781,40,5,83.88,34.78
2297,781,103,2,580.53,12.57
2298,782,131,1,633.05,0.91
2299,782,133,5,700.13,17.83
2300,783,55,3,241.08,9.47
2301,783,93,3,739.62,11.31
2302,783,67,5,47.88,5.65
2303,783,76,4,562.54,17.48
2304,784,100,2,1112.7,7.28
2305,784,77,2,203.52,15.7
2306,785,91,1,178.12,0.49
2307,785,75,3,137.36,14.62
2308,785,98,1,577.04,11.47
2309,785,6,2,124.4,5.06
2310,785,150,5,451.11,7.21
2311,786,123,1,15.52,4.35
2312,787,16,5,788.6,18.95
2313,787,60,4,440.18,13.71
2314,787,150,1,687.58,18.21
2315,788,107,3,1008.54,17.52
2316,788,68,2,305.25,17.48
2317,788,87,2,883.35,22.86
2318,788,79,3,22.4,59.97
2319,788,91,2,251.21,40.87
2320,789,8,4,602.62,1.62
2321,789,71,2,430.32,19.3
2322,789,11,2,446.07,10.64
2323,790,42,2,1033.56,19.55
2324,790,10,4,70.45,9.81
2325,790,123,2,11.31,69.92
2326,790,75,2,195.59,9.14
2327,790,87,2,1043.46,4.32
2328,791,149,1,90.04,44.1
2329,791,48,3,673.6,5.03
2330,791,21,5,88.32,13.33
2331,791,89,3,536.26,7.22
2332,792,122,3,310.67,11.19
2333,792,64,4,113.01,11.37
2334,792,29,4,434.46,9.34
2335,793,27,2,496.86,8.56
2336,793,34,3,106.22,3.2
2337,794,96,1,173.49,15.07
2338,794,7,-4,241.63,75.32
2339,794,135,3,24.84,99.6
2340,794,39,5,238.27,23.46
2341,795,84,5,445.66,7.02
2342,796,93,1,1028.09,10.77
2343,796,115,1,1166.61,6.7
2344,796,8,2,865.11,2.44
2345,796,51,1,415.47,10.93
2346,797,90,5,843.03,11.75
2347,797,133,1,829.02,61.86
2348,797,125,2,904.12,12.44
2349,797,84,2,425.94,19.11
2350,798,139,3,292.28,30.85
2351,799,142,3,149.32,13.78
2352,799,70,2,28.73,5.22
2353,800,76,3,612.97,18.43
2354,800,52,4,369.48,8.83
2355,801,108,3,386.41,1.72
2356,801,145,4,284.88,42.88
2357,801,131,5,482.32,57.91
2358,801,93,3,702.52,1.45
2359,801,137,5,137.88,8.62
2360,802,92,3,378.98,8.77
2361,802,134,-4,112.89,62.83
2362,802,38,3,689.1,8.94
2363,803,149,2,129.14,3.18
2364,803,46,3,1032.86,36.42
2365,803,111,2,593.73,24.92
2366,803,36,-3,749.36,11.52
2367,804,30,4,506.82,53.97
2368,804,95,1,850.99,9.82
2369,804,60,4,466.09,95.37
2370,804,37,3,60.77,4.92
2371,804,79,3,19.6,51.56
2372,805,138,1,867.12,8.52
2373,805,69,-3,488.89,27.8
2374,805,114,4,97.65,27.78
2375,805,113,4,521.67,5.67
2376,806,144,4,194.66,18.13
2377,806,113,4,473.45,14.78
2378,806,22,3,433.92,2.44
2379,806,98,5,887.1,5.48
2380,807,130,5,290.53,8.37
2381,807,93,5,678.42,2.73
2382,807,60,5,524.11,10.48
2383,807,17,2,150.28,0.48
2384,808,32,3,54.09,78.06
2385,808,55,4,220.15,13.34
2386,808,36,4,842.75,0.14
2387,808,2,5,793.57,8.45
2388,809,103,3,415.31,9.83
2389,810,103,3,446.75,11.24
2390,810,96,5,280.91,17.0
2391,810,122,4,342.43,18.53
2392,810,111,3,328.14,10.75
2393,811,136,2,203.92,27.59
2394,811,35,4,126.12,7.24
2395,811,143,5,415.01,9.35
2396,811,129,5,284.6,0.69
2397,812,123,4,11.28,16.22
2398,812,36,3,646.93,54.4
2399,812,79,5,21.48,82.08
2400,812,107,1,1049.94,10.17
2401,813,103,5,461.35,9.96
2402,814,35,4,129.1,19.29
2403,814,75,3,146.94,10.47
2404,814,92,4,374.48,3.99
2405,815,117,4,936.08,17.54
2406,815,23,2,512.13,16.11
2407,815,62,5,750.74,46.4
2408,815,85,2,575.78,18.08
2409,815,90,5,1007.1,2.22
2410,816,34,4,167.24,19.59
2411,816,68,5,230.72,17.2
2412,816,109,4,1048.53,8.68
2413,816,79,5,22.22,81.27
2414,817,34,4,177.49,1.16
2415,818,81,4,193.68,2.48
2416,818,33,3,828.25,12.68
2417,818,3,4,175.67,19.72
2418,818,49,2,363.28,33.66
2419,818,139,2,266.13,7.06
2420,819,40,2,101.37,27.65
2421,819,74,4,83.4,11.91
2422,819,49,3,338.27,15.96
2423,819,34,3,150.92,94.81
2424,819,99,3,200.55,14.91
2425,820,64,5,149.18,12.16
2426,820,48,2,711.21,92.79
2427,821,23,1,420.1,55.73
2428,821,7,3,369.24,92.86
2429,822,122,3,374.36,12.73
2430,822,57,2,121.95,18.54
2431,822,126,1,515.31,8.56
2432,822,112,2,867.13,11.54
2433,823,69,1,463.17,6.91
2434,823,46,1,717.05,85.4
2435,824,146,4,536.25,19.45
2436,824,13,3,233.55,16.25
2437,825,49,5,573.61,4.42
2438,825,56,5,492.46,6.93
2439,825,145,3,258.51,1.75
2440,825,18,2,449.62,8.43
2441,826,46,4,1077.33,6.5
2442,826,9,1,187.26,3.79
2443,827,56,2,787.23,11.27
2444,827,101,5,216.8,69.0
2445,827,69,1,414.64,3.0
2446,828,102,5,595.25,18.05
2447,828,129,5,263.52,1.13
2448,828,62,2,801.61,0.79
2449,828,82,1,851.38,4.23
2450,829,88,4,675.09,8.92
2451,829,132,4,775.12,9.59
2452,830,80,4,187.38,71.17
2453,830,119,3,15.23,13.4
2454,830,8,5,580.84,1.3
2455,830,62,4,897.6,9.31
2456,830,75,3,211.31,16.35
2457,831,94,3,439.66,18.26
2458,831,28,4,366.96,12.81
2459,831,128,2,147.72,6.3
2460,831,102,4,958.52,12.75
2461,831,146,5,391.65,2.56
2462,832,68,4,337.68,16.78
2463,833,117,4,701.43,28.47
2464,833,34,3,121.42,84.63
2465,834,140,4,444.39,2.85
2466,835,52,2,336.28,3.8
2467,836,43,3,620.97,11.14
2468,836,95,-4,764.72,16.2
2469,837,14,2,579.4,15.03
2470,837,140,5,397.31,8.77
2471,838,80,4,159.03,11.24
2472,838,78,1,31.59,6.19
2473,839,105,3,945.16,12.66
2474,839,130,4,343.57,11.31
2475,839,41,2,377.57,6.55
2476,839,92,2,288.28,6.08
2477,839,5,4,100.41,12.11
2478,840,122,3,380.92,67.2
2479,840,15,3,431.54,8.32
2480,841,12,3,550.0,1.74
2481,842,97,4,555.47,7.72
2482,843,134,3,205.06,13.6
2483,843,121,5,119.63,8.54
2484,843,44,4,137.18,29.97
2485,843,70,5,49.72,65.58
2486,843,65,5,30.87,39.5
2487,844,69,1,456.46,15.8
2488,844,121,4,139.71,12.63
2489,845,142,2,88.18,3.61
2490,845,1,-2,284.13,15.19
2491,845,24,2,215.37,12.74
2492,845,41,1,274.49,55.33
2493,845,8,4,479.16,54.93
2494,846,124,3,384.17,18.97
2495,846,48,4,827.76,18.08
2496,846,9,1,113.48,10.52
2497,846,29,1,518.13,6.86
2498,847,45,5,469.55,15.68
2499,847,76,4,616.64,6.25
2500,848,78,1,35.5,9.04
2501,848,112,2,842.6,3.32
2502,848,30,1,590.8,14.66
2503,848,120,5,702.35,62.71
2504,849,30,1,383.69,17.41
2505,849,46,3,989.31,2.78
2506,849,53,3,186.88,3.2
2507,849,43,1,739.92,11.17
2508,849,29,5,364.08,52.91
2509,850,43,1,445.61,8.02
2510,850,99,1,260.5,9.37
2511,851,106,2,93.91,15.08
2512,851,35,2,202.51,4.08
2513,851,2,1,743.39,18.86
2514,851,46,1,758.82,7.22
2515,851,82,5,689.24,1.21
2516,852,8,1,683.81,3.28
2517,852,115,4,906.31,49.66
2518,852,83,4,436.43,0.69
2519,853,7,3,395.74,10.2
2520,853,116,1,106.34,8.84
2521,854,114,1,105.22,18.16
2522,854,63,3,53.58,1.26
2523,854,36,1,734.45,38.34
2524,854,141,5,662.25,3.58
2525,855,103,1,502.1,16.64
2526,856,20,3,464.08,17.16
2527,856,23,5,443.96,12.62
2528,856,118,3,1132.5,13.2
2529,856,13,-3,239.25,24.65
2530,857,31,3,100.73,8.14
2531,857,148,4,479.71,1.42
2532,857,16,2,669.43,0.58
2533,857,32,5,32.93,42.22
2534,857,26,4,123.93,15.97
2535,858,40,3,103.12,4.6
2536,858,53,2,224.18,6.45
2537,859,39,3,273.7,3.65
2538,859,16,5,811.94,7.22
2539,860,128,3,147.32,12.54
2540,860,45,3,395.5,4.85
2541,860,118,4,757.13,10.57
2542,860,44,3,117.79,67.73
2543,860,49,5,387.43,7.86
2544,861,34,5,140.35,3.32
2545,861,62,4,657.71,17.33
2546,861,20,3,565.28,12.62
2547,862,27,2,334.82,2.33
2548,863,24,2,217.49,6.87
2549,863,96,4,207.35,86.87
2550,864,108,3,308.25,15.98
2551,864,47,3,608.27,18.68
2552,864,56,1,640.06,57.59
2553,864,50,5,153.31,3.33
2554,864,94,5,397.3,85.63
2555,865,97,3,513.68,2.46
2556,865,61,3,818.98,3.47
2557,865,130,4,251.19,17.57
2558,866,45,5,604.49,7.49
2559,866,65,1,33.48,1.22
2560,866,113,1,337.97,13.02
2561,866,53,2,285.41,11.38
2562,867,13,5,184.6,3.93
2563,867,87,5,681.68,97.97
2564,868,123,4,17.75,14.9
2565,868,137,1,213.21,0.26
2566,869,100,5,931.05,44.59
2567,869,30,1,680.01,85.83
2568,869,7,4,347.55,0.74
2569,869,97,4,514.98,8.76
2570,870,149,2,103.35,99.09
2571,870,3,1,151.89,5.27
2572,870,27,4,314.47,12.42
2573,871,131,1,515.9,5.29
2574,871,59,5,349.58,17.01
2575,871,35,4,184.92,15.05
2576,871,29,3,317.63,12.95
2577,872,22,4,248.39,16.84
2578,872,72,5,709.47,97.98
2579,872,70,2,38.7,6.44
2580,873,70,4,43.13,3.41
2581,873,117,3,655.11,9.38
2582,873,83,5,497.93,44.36
2583,873,121,-3,149.44,36.9
2584,873,112,3,945.15,6.33
2585,874,59,3,521.43,0.51
2586,874,146,3,583.12,12.38
2587,874,15,4,396.6,8.38
2588,875,79,-4,15.9,17.14
2589,875,120,5,478.68,13.27
2590,875,101,3,368.31,17.53
2591,876,72,1,562.08,12.13
2592,876,89,4,601.0,16.02
2593,877,121,5,117.2,14.45
2594,877,117,3,870.26,17.92
2595,878,65,2,29.08,16.36
2596,878,144,3,192.43,16.91
2597,878,91,4,304.33,17.04
2598,878,40,5,105.86,12.42
2599,879,110,5,717.12,1.05
2600,879,84,2,487.09,0.76
2601,879,42,-5,741.14,57.04
2602,879,54,2,736.16,14.8
2603,879,102,3,687.1,6.81
2604,880,124,3,283.25,7.03
2605,880,97,4,812.34,5.96
2606,881,37,2,70.77,1.38
2607,881,6,5,160.43,10.43
2608,881,102,3,1095.36,3.77
2609,882,130,5,210.47,88.43
2610,882,11,2,320.27,16.07
2611,883,16,3,676.07,6.03
2612,883,130,4,208.32,1.59
2613,884,51,2,649.62,58.04
2614,884,23,4,489.65,8.26
2615,884,57,4,132.02,6.84
2616,884,121,4,115.56,6.62
2617,884,142,2,99.73,2.22
2618,885,65,1,27.63,38.18
2619,885,52,3,350.76,4.93
2620,885,92,2,234.02,65.28
2621,886,53,1,205.18,6.3
2622,887,119,-4,11.73,16.01
2623,888,4,3,310.82,82.49
2624,888,99,5,215.53,93.25
2625,888,113,4,513.46,4.89
2626,888,73,2,773.73,17.83
2627,889,64,4,142.87,18.36
2628,889,14,1,412.63,15.5
2629,889,45,5,458.1,2.23
2630,889,150,2,595.89,15.33
2631,890,22,1,414.86,5.53
2632,890,77,4,224.12,29.85
2633,890,92,3,225.26,0.12
2634,890,99,3,173.05,19.57
2635,890,86,5,515.3,6.6
2636,891,3,5,247.9,2.5
2637,891,18,4,591.01,93.33
2638,891,129,2,283.04,64.17
2639,891,121,1,151.34,13.95
2640,892,80,4,170.6,16.57
2641,893,62,1,739.01,29.81
2642,893,70,5,41.1,14.92
2643,893,109,3,733.35,3.55
2644,893,11,2,448.62,13.33
2645,894,33,4,852.48,18.41
2646,894,144,1,192.89,10.42
2647,895,18,3,739.04,1.62
2648,895,89,5,853.58,19.61
2649,895,92,4,370.18,25.09
2650,895,120,3,575.41,2.39
2651,895,29,1,331.68,8.31
2652,896,48,3,1062.56,7.46
2653,896,34,1,156.93,14.53
2654,897,146,4,523.97,10.51
2655,897,116,5,155.82,14.79
2656,897,80,4,219.17,16.2
2657,897,143,3,593.28,17.5
2658,898,47,1,711.59,0.43
2659,898,89,4,563.07,14.37
2660,899,29,2,523.68,1.81
2661,900,109,3,669.99,8.4
2662,900,63,2,49.27,41.72
2663,900,120,3,548.13,12.41
2664,900,5,5,80.33,0.04
2665,900,135,1,33.36,4.34
2666,901,121,-2,115.35,14.19
2667,901,53,4,189.84,2.55
2668,902,88,5,624.12,0.26
2669,902,106,5,64.16,17.14
2670,903,85,2,817.24,17.49
2671,903,130,1,318.5,76.21
2672,903,106,5,65.73,12.75
2673,903,36,4,637.87,18.77
2674,903,18,2,612.45,3.17
2675,904,149,2,94.7,12.22
2676,904,132,5,726.26,16.65
2677,904,72,2,506.52,13.33
2678,905,52,3,439.53,68.93
2679,906,107,3,592.11,15.67
2680,906,116,3,135.36,1.23
2681,906,26,2,113.21,6.6
2682,907,75,2,193.48,10.11
2683,907,139,2,314.73,1.48
2684,907,19,5,786.24,5.36
2685,908,63,1,67.08,8.28
2686,909,36,4,579.51,6.56
2687,909,131,5,551.25,85.74
2688,909,43,3,618.76,77.87
2689,910,66,4,979.54,88.14
2690,910,82,5,827.65,6.8
2691,911,150,3,616.97,14.9
2692,912,49,5,541.74,0.31
2693,912,37,3,61.5,0.61
2694,912,54,5,1001.34,8.2
2695,912,145,4,299.15,8.77
2696,912,94,-2,273.69,4.47
2697,913,141,2,431.57,12.36
2698,913,26,4,95.92,16.39
2699,914,52,2,332.38,22.38
2700,915,93,1,898.52,6.95
2701,915,108,3,356.88,86.2
2702,915,124,4,357.93,26.06
2703,915,1,2,361.52,25.13
2704,916,2,4,868.15,66.11
2705,916,88,5,801.12,2.49
2706,916,70,3,31.3,96.76
2707,916,109,4,983.57,6.32
2708,916,141,5,779.74,11.27
2709,917,14,3,562.49,14.67
2710,917,79,1,22.56,19.32
2711,917,4,4,234.25,6.4
2712,917,24,2,278.47,5.66
2713,917,76,5,677.55,19.39
2714,918,71,5,395.99,21.9
2715,918,27,1,361.1,66.03
2716,918,54,2,776.89,8.66
2717,918,28,1,428.47,6.0
2718,918,148,5,426.74,5.65
2719,919,81,5,284.03,14.57
2720,919,145,2,245.91,8.95
2721,920,120,4,666.92,10.47
2722,920,100,1,1076.74,16.63
2723,920,111,-2,472.01,9.41
2724,920,10,4,51.81,13.05
2725,921,136,2,195.96,75.62
2726,922,115,4,785.33,0.44
2727,922,3,3,229.95,2.34
2728,923,27,5,377.43,16.58
2729,923,20,4,450.51,19.75
2730,924,142,5,153.57,6.39
2731,924,35,1,156.62,18.16
2732,924,9,1,134.43,43.79
2733,924,59,1,425.47,5.33
2734,924,16,2,723.94,17.61
2735,925,49,3,488.62,18.96
2736,926,25,3,78.78,14.38
2737,926,80,3,191.76,10.36
2738,926,81,3,190.66,16.87
2739,927,147,1,166.41,8.66
2740,927,13,2,239.31,6.4
2741,927,29,4,401.8,36.83
2742,927,134,5,113.57,4.05
2743,927,94,1,478.0,43.39
2744,928,46,3,884.48,4.97
2745,929,89,2,767.63,4.88
2746,929,97,3,541.98,9.04
2747,929,52,3,469.41,14.45
2748,930,35,-2,205.16,19.91
2749,930,104,2,752.24,13.3
2750,930,50,4,201.01,13.76
2751,930,138,4,792.61,14.72
2752,930,140,2,730.5,12.65
2753,931,54,3,934.77,56.03
2754,932,48,2,1055.65,3.1
2755,932,106,3,69.29,19.26
2756,932,135,2,21.23,0.02
2757,932,25,4,54.06,57.98
2758,933,129,3,272.62,53.92
2759,934,82,2,501.88,1.02
2760,934,138,4,623.28,91.49
2761,935,39,5,173.89,11.59
2762,935,111,4,413.6,82.83
2763,935,122,4,426.78,14.78
2764,935,49,3,336.54,17.01
2765,935,84,5,389.28,62.51
2766,936,113,5,479.48,3.5
2767,936,99,-2,267.11,3.54
2768,936,13,3,217.48,13.29
2769,937,54,5,741.89,46.91
2770,937,20,2,456.47,94.47
2771,937,102,4,734.61,82.54
2772,937,52,4,329.02,9.03
2773,938,66,1,660.18,71.33
2774,938,57,4,128.34,8.63
2775,939,135,3,24.12,0.27
2776,939,71,4,460.31,19.03
2777,940,42,1,945.83,10.54
2778,940,148,4,562.25,14.95
2779,941,47,1,652.14,12.74
2780,942,68,5,200.68,7.59
2781,942,86,3,480.61,8.33
2782,942,52,5,392.44,9.41
2783,942,131,2,627.74,1.12
2784,943,71,5,448.63,14.85
2785,943,40,1,89.1,12.84
2786,944,119,5,14.07,24.39
2787,945,89,1,793.66,1.89
2788,946,87,1,776.2,6.34
2789,946,60,1,336.56,17.33
2790,946,57,3,157.67,3.13
2791,946,51,2,584.74,10.98
2792,946,32,2,30.11,19.99
2793,947,36,5,528.49,3.16
2794,947,29,2,360.99,32.76
2795,947,113,2,520.42,74.98
2796,948,17,2,180.52,3.37
2797,948,60,4,509.23,4.79
2798,948,76,3,710.37,18.63
2799,948,62,2,772.69,5.14
2800,948,14,5,448.65,11.24
2801,949,135,1,27.89,16.42
2802,949,5,4,87.07,11.82
2803,949,49,3,558.09,1.14
2804,950,131,1,604.77,12.53
2805,950,127,4,176.02,5.2
2806,950,28,3,520.29,11.36
2807,951,121,3,160.56,20.04
2808,952,92,5,324.97,10.6
2809,952,101,4,338.71,15.61
2810,952,136,4,191.96,13.51
2811,953,97,2,483.55,0.16
2812,953,15,5,285.12,7.11
2813,953,75,5,181.05,5.64
2814,953,121,5,110.25,8.04
2815,954,102,4,767.2,8.61
2816,954,85,5,824.12,74.06
2817,955,51,3,453.1,11.07
2818,955,103,2,448.7,3.13
2819,955,121,5,108.84,0.23
2820,955,134,3,137.59,14.81
2821,956,11,5,470.6,17.59
2822,956,134,1,122.27,80.97
2823,956,138,3,733.19,14.55
2824,956,89,4,800.13,76.09
2825,957,11,3,360.69,19.53
2826,957,148,4,628.78,38.49
2827,957,107,1,914.61,5.02
2828,957,118,2,1179.31,18.08
2829,957,137,1,213.38,14.92
2830,958,29,3,502.64,85.55
2831,958,128,1,163.61,15.86
2832,958,81,4,293.93,8.49
2833,959,26,4,84.42,2.37
2834,959,100,3,829.23,14.28
2835,959,82,1,869.14,16.18
2836,959,130,5,350.74,2.87
2837,959,119,1,10.99,11.24
2838,960,131,5,361.46,0.52
2839,960,94,1,443.45,19.99
2840,960,43,3,480.13,1.23
2841,960,67,2,55.46,2.48
2842,960,148,5,460.75,9.86
2843,961,112,3,697.8,16.95
2844,962,79,3,12.63,8.21
2845,962,1,1,243.45,19.38
2846,962,2,5,744.78,10.48
2847,963,46,3,1017.78,9.07
2848,963,144,3,171.86,9.71
2849,964,39,4,272.9,19.84
2850,964,96,3,254.9,16.73
2851,964,30,2,705.56,1.34
2852,964,123,3,11.15,13.92
2853,964,50,5,123.28,16.13
2854,965,31,1,97.92,28.95
2855,965,143,1,443.82,3.16
2856,965,83,1,291.26,90.04
2857,965,50,4,209.0,2.95
2858,966,113,2,493.9,14.13
2859,967,27,3,275.23,15.22
2860,967,113,4,311.88,18.34
2861,967,111,2,456.98,9.74
2862,967,55,4,282.43,3.36
2863,968,9,1,153.88,4.64
2864,968,37,5,73.16,17.72
2865,968,90,4,674.64,80.69
2866,968,80,5,135.11,13.64
2867,969,6,3,113.38,7.86
2868,969,101,3,205.12,19.81
2869,969,28,2,414.55,1.11
2870,969,82,4,629.98,19.4
2871,970,2,2,645.82,13.04
2872,970,84,4,574.32,33.49
2873,970,60,5,490.8,9.33
2874,971,94,1,325.53,0.64
2875,972,116,4,169.33,11.16
2876,972,58,5,683.85,16.64
2877,972,48,1,737.74,1.11
2878,973,94,2,419.79,11.24
2879,973,128,3,113.36,19.1
2880,973,3,5,233.21,13.97
2881,974,112,4,693.24,0.7
2882,974,45,3,621.25,8.74
2883,974,82,5,839.8,19.04
2884,974,144,5,164.45,5.01
2885,974,102,1,1010.31,80.26
2886,975,65,1,39.61,13.75
2887,975,86,3,529.85,27.72
2888,975,136,3,161.95,18.32
2889,976,64,3,171.97,0.78
2890,976,39,1,328.48,26.98
2891,976,37,2,87.56,12.31
2892,977,70,3,39.55,17.29
2893,977,12,1,618.64,10.31
2894,977,143,5,441.35,10.42
2895,977,65,-5,37.7,17.45
2896,977,64,5,97.41,1.61
2897,978,73,1,823.94,13.9
2898,978,7,3,301.85,4.43
2899,979,111,1,428.11,6.07
2900,979,10,-2,77.29,91.26
2901,979,48,4,1079.27,15.52
2902,979,28,1,412.64,14.54
2903,979,61,2,660.21,45.7
2904,980,131,3,529.96,7.78
2905,980,144,2,138.8,72.4
2906,980,68,4,245.15,7.08
2907,981,108,4,438.57,12.63
2908,982,6,5,145.13,23.51
2909,982,74,4,82.01,27.07
2910,983,136,5,257.75,88.77
2911,984,58,2,967.22,19.58
2912,984,6,4,149.21,18.63
2913,985,56,5,597.49,15.59
2914,986,65,1,41.08,4.0
2915,986,83,1,412.74,12.67
2916,986,140,2,630.99,10.61
2917,986,102,5,636.34,43.34
2918,987,96,5,239.86,45.85
2919,987,98,2,649.38,1.66
2920,987,51,3,482.95,53.24
2921,987,46,5,992.54,19.31
2922,988,144,1,150.0,1.61
2923,988,9,4,126.19,86.75
2924,988,42,-4,960.53,5.35
2925,988,35,3,190.25,99.4
2926,989,64,2,176.03,2.47
2927,989,19,4,1039.6,12.74
2928,989,8,4,731.4,5.14
2929,990,35,1,149.85,10.19
2930,990,14,4,641.56,1.78
2931,990,25,5,65.21,15.72
2932,990,21,2,76.47,18.65
2933,991,35,2,220.06,26.37
2934,991,84,4,434.74,9.12
2935,992,93,1,941.25,17.55
2936,992,115,1,1196.05,30.9
2937,992,87,2,1040.86,23.03
2938,993,137,2,201.55,74.81
2939,993,126,4,577.12,13.84
2940,993,139,5,210.05,15.83
2941,993,130,4,208.64,14.03
2942,994,46,2,960.05,99.08
2943,994,135,3,25.88,14.25
2944,995,75,1,164.75,10.34
2945,995,106,4,108.02,22.48
2946,995,114,5,157.85,6.56
2947,995,116,2,162.81,71.23
2948,996,113,3,513.98,61.88
2949,996,45,4,557.99,8.02
2950,996,59,5,370.81,5.84
2951,997,127,2,265.84,0.41
2952,997,119,1,9.73,74.24
2953,997,146,4,551.71,7.9
2954,997,22,3,355.84,2.15
2955,997,123,1,14.46,1.96
2956,998,131,-3,540.15,13.89
2957,999,70,4,46.89,5.86
2958,999,41,5,407.81,14.08
2959,1000,77,1,261.87,9.13
2960,1000,133,2,1091.58,65.25
2961,1001,53,4,227.54,13.6
2962,1001,61,2,595.14,16.42
2963,1001,84,3,450.11,0.96
2964,1002,3,5,212.92,0.1
2965,1003,20,4,333.94,11.53
2966,1003,47,3,983.17,14.16
2967,1003,131,4,603.59,15.16
2968,1003,8,1,654.88,3.41
2969,1004,95,2,810.67,4.36
2970,1004,100,2,800.48,18.34
2971,1005,37,4,82.66,0.21
2972,1005,93,1,988.67,3.52
2973,1005,84,5,384.77,7.72
2974,1006,19,5,653.25,18.64
2975,1006,47,5,698.78,18.33
2976,1006,97,3,594.0,15.24
2977,1006,23,1,463.83,7.86
2978,1007,56,2,740.7,99.06
2979,1007,5,1,73.72,51.04
2980,1007,16,1,968.22,10.03
2981,1007,101,3,340.71,3.91
2982,1008,64,2,160.07,11.61
2983,1008,107,4,808.56,6.69
2984,1008,94,5,410.41,9.48
2985,1008,41,5,400.08,15.31
2986,1009,84,5,352.87,9.57
2987,1010,33,2,895.17,4.24
2988,1011,101,4,349.97,3.13
2989,1011,131,5,607.3,35.97
2990,1012,22,3,259.55,15.93
2991,1012,35,4,165.12,7.29
2992,1012,18,2,476.91,7.23
2993,1012,135,5,24.42,0.52
2994,1013,50,2,183.19,23.55
2995,1013,2,5,919.21,9.96
2996,1013,39,2,228.28,12.98
2997,1013,38,2,893.9,17.01
2998,1014,69,4,427.43,4.91
2999,1014,106,1,122.92,14.52
3000,1014,71,5,306.88,6.32
3001,1014,93,3,990.86,6.77
3002,1015,4,1,216.0,12.84
3003,1016,125,1,761.53,16.23
3004,1016,126,4,595.77,15.72
3005,1016,67,3,47.77,30.03
3006,1016,65,3,42.38,4.58
3007,1017,148,2,491.26,1.49
3008,1017,38,-2,938.41,88.61
3009,1017,40,3,119.45,96.36
3010,1017,111,3,312.86,0.08
3011,1018,34,5,141.36,5.39
3012,1018,107,4,803.37,8.19
3013,1018,7,-5,379.26,11.61
3014,1018,123,1,13.35,97.7
3015,1019,100,5,830.08,7.0
3016,1019,112,3,828.49,13.6
3017,1020,116,5,147.42,5.28
3018,1020,30,5,697.93,43.51
3019,1020,63,3,56.87,9.55
3020,1021,72,2,564.16,8.89
3021,1021,61,1,833.71,1.63
3022,1021,113,5,481.64,7.47
3023,1021,41,5,385.79,73.05
3024,1022,11,3,454.07,7.6
3025,1022,8,3,473.61,1.34
3026,1022,16,3,995.2,12.57
3027,1022,83,4,305.8,61.01
3028,1022,4,1,336.64,6.72
3029,1023,96,3,271.51,18.65
3030,1023,50,5,119.49,16.21
3031,1024,48,4,974.37,9.41
3032,1024,31,5,65.04,9.52
3033,1024,104,4,647.02,9.38
3034,1024,1,5,388.07,16.91
3035,1024,135,5,27.48,9.97
3036,1025,86,3,480.6,0.93
3037,1025,3,5,207.62,17.89
3038,1025,15,1,389.9,44.14
3039,1026,47,2,724.21,28.96
3040,1026,38,3,1019.93,14.76
3041,1027,128,2,137.7,19.14
3042,1027,31,4,66.01,6.31
3043,1027,18,5,720.04,9.21
3044,1027,118,5,1038.84,9.9
3045,1028,52,4,342.87,2.84
3046,1028,141,5,799.84,45.34
3047,1028,1,1,307.47,17.04
3048,1029,107,5,623.17,4.85
3049,1029,115,1,1132.23,86.51
3050,1029,47,3,618.2,16.28
3051,1029,17,1,170.98,11.47
3052,1030,22,2,245.83,13.77
3053,1030,58,5,677.86,40.8
3054,1030,122,5,316.24,15.57
3055,1031,32,4,37.79,18.69
3056,1031,109,3,1063.67,7.11
3057,1031,114,3,120.36,6.37
3058,1031,42,4,861.85,7.08
3059,1031,51,-1,463.89,16.06
3060,1032,129,3,302.78,34.26
3061,1032,141,3,736.22,0.93
3062,1032,17,-3,252.27,28.63
3063,1032,7,4,375.97,6.06
3064,1032,139,4,230.96,2.38
3065,1033,23,3,463.87,1.79
3066,1034,5,3,56.5,82.93
3067,1034,71,3,302.76,11.74
3068,1034,113,4,278.15,11.41
3069,1035,99,3,235.73,12.98
3070,1036,11,3,391.24,6.09
3071,1036,58,5,931.39,3.84
3072,1036,101,2,264.1,15.46
3073,1036,55,2,256.3,17.44
3074,1036,144,4,190.14,60.75
3075,1037,9,2,174.21,10.98
3076,1038,141,2,759.08,1.02
3077,1038,140,1,653.74,57.95
3078,1038,107,2,605.76,19.05
3079,1039,30,1,454.6,5.88
3080,1039,102,2,859.91,2.02
3081,1039,105,3,1143.1,3.07
3082,1039,137,1,131.71,8.43
3083,1039,144,4,214.74,3.44
3084,1040,150,5,744.75,7.28
3085,1040,91,5,278.89,9.03
3086,1041,60,1,541.1,27.77
3087,1041,57,1,115.72,5.05
3088,1041,23,4,383.52,5.25
3089,1041,87,2,877.95,34.5
3090,1042,37,5,98.87,21.92
3091,1042,107,4,859.3,50.6
3092,1042,74,2,65.91,54.76
3093,1042,95,2,728.81,14.72
3094,1042,66,2,956.05,0.05
3095,1043,73,3,547.25,69.38
3096,1043,31,2,72.24,6.83
3097,1043,80,2,133.56,14.4
3098,1043,112,2,842.77,17.26
3099,1044,89,3,559.61,96.77
3100,1044,19,2,988.85,7.36
3101,1044,3,5,241.06,5.48
3102,1045,45,4,451.68,13.85
3103,1045,4,5,234.66,2.11
3104,1045,113,2,374.58,24.75
3105,1045,41,4,241.4,14.42
3106,1045,121,4,162.88,10.13
3107,1046,32,4,48.89,3.02
3108,1046,149,3,124.63,7.29
3109,1046,75,3,176.82,19.76
3110,1046,99,4,206.05,81.5
3111,1046,138,1,949.78,8.09
3112,1047,113,1,372.1,14.22
3113,1047,129,1,294.34,6.83
3114,1047,54,2,882.57,3.79
3115,1047,48,3,991.03,17.74
3116,1048,132,-4,792.8,0.23
3117,1049,109,1,1000.03,52.85
3118,1049,35,5,187.8,3.88
3119,1050,91,2,265.32,1.88
3120,1051,63,1,49.69,8.53
3121,1051,67,2,47.53,1.19
3122,1051,23,2,404.49,3.49
3123,1051,82,4,702.25,2.89
3124,1052,27,4,515.14,79.21
3125,1052,141,1,803.74,6.03
3126,1052,38,1,841.57,12.27
3127,1053,128,5,171.95,7.08
3128,1053,5,4,80.84,7.48
3129,1053,102,2,791.04,39.13
3130,1053,35,2,130.11,95.38
3131,1053,135,2,19.75,9.07
3132,1054,51,1,619.7,0.52
3133,1054,149,4,92.93,9.65
3134,1054,5,3,78.91,6.53
3135,1055,134,2,160.61,17.8
3136,1055,137,2,178.65,3.46
3137,1055,136,2,269.13,0.74
3138,1055,44,2,119.02,17.86
3139,1056,95,4,812.74,5.37
3140,1056,75,1,160.2,16.6
3141,1056,61,3,819.46,41.11
3142,1056,22,5,300.09,7.19
3143,1057,5,5,78.93,87.45
3144,1057,72,4,727.89,1.08
3145,1057,87,4,1086.44,87.88
3146,1058,93,-2,698.66,75.74
3147,1058,129,5,282.48,4.88
3148,1059,104,2,1007.47,6.54
3149,1059,8,-4,530.47,97.18
3150,1059,24,5,209.63,14.86
3151,1060,99,2,181.5,5.86
3152,1060,103,2,363.81,47.54
3153,1061,31,3,59.75,12.07
3154,1061,150,3,409.0,89.6
3155,1061,76,-3,770.83,16.17
3156,1061,82,2,809.75,7.3
3157,1062,23,2,364.77,94.52
3158,1062,121,2,156.6,15.67
3159,1062,111,1,325.94,14.85
3160,1063,44,2,149.34,8.92
3161,1064,74,4,69.76,3.02
3162,1064,21,5,121.06,9.86
3163,1064,78,3,22.33,6.32
3164,1064,149,5,125.91,18.49
3165,1065,30,1,484.86,1.87
3166,1065,103,3,342.59,80.6
3167,1065,142,3,147.34,8.79
3168,1065,64,2,132.21,9.4
3169,1065,26,3,74.59,0.01
3170,1066,103,5,409.97,0.1
3171,1066,83,1,446.62,18.66
3172,1066,80,1,168.2,4.13
3173,1066,82,1,509.61,21.32
3174,1067,24,1,249.92,24.44
3175,1067,134,5,152.18,8.44
3176,1068,8,1,742.42,18.6
3177,1069,75,4,168.16,17.04
3178,1069,34,4,182.82,76.23
3179,1069,103,1,548.32,99.86
3180,1070,75,5,126.32,84.3
3181,1070,102,3,637.03,7.92
3182,1070,112,3,773.42,80.67
3183,1071,90,4,874.36,84.55
3184,1071,26,4,85.04,92.54
3185,1071,87,4,1064.7,79.25
3186,1071,39,-1,296.47,5.76
3187,1071,61,2,695.57,13.07
3188,1072,75,2,176.36,0.24
3189,1072,109,5,988.02,48.35
3190,1073,148,5,583.83,19.68
3191,1073,83,3,442.62,12.77
3192,1073,116,4,120.57,22.29
3193,1073,97,5,688.55,12.06
3194,1074,25,5,79.05,95.12
3195,1075,20,3,323.49,15.9
3196,1075,124,1,265.4,10.37
3197,1076,102,5,759.3,6.55
3198,1076,143,3,369.43,18.43
3199,1076,147,1,141.19,3.07
3200,1076,115,1,876.78,87.88
3201,1076,69,2,331.58,12.71
3202,1077,89,1,782.1,18.45
3203,1078,46,5,1155.37,1.08
3204,1078,125,2,534.09,96.0
3205,1078,132,4,1077.53,2.79
3206,1078,7,2,267.33,3.71
3207,1079,125,-2,730.02,15.13
3208,1079,128,4,103.91,2.32
3209,1079,36,1,618.88,9.94
3210,1079,89,2,506.31,9.84
3211,1080,66,1,851.62,43.93
3212,1080,47,4,635.46,10.16
3213,1080,26,5,86.97,19.55
3214,1080,80,5,132.75,15.87
3215,1081,1,5,338.05,19.36
3216,1081,148,4,427.23,9.77
3217,1082,150,1,553.69,18.09
3218,1082,90,2,692.96,2.04
3219,1082,117,1,619.95,10.69
3220,1082,39,2,231.81,0.89
3221,1083,104,3,872.55,3.41
3222,1083,148,2,391.9,18.13
3223,1083,72,2,569.88,14.08
3224,1084,16,1,659.81,52.68
3225,1084,148,4,632.8,61.8
3226,1084,78,1,27.01,11.08
3227,1084,54,1,861.71,16.19
3228,1085,115,5,779.12,16.85
3229,1085,18,5,626.83,16.08
3230,1086,1,2,349.22,79.3
3231,1086,51,3,609.45,6.12
3232,1086,114,3,97.63,17.65
3233,1086,72,-3,708.2,6.44
3234,1086,113,5,305.06,26.38
3235,1087,32,1,46.63,11.29
3236,1088,133,2,1083.34,9.84
3237,1088,83,5,476.06,10.31
3238,1089,57,4,159.07,88.43
3239,1089,119,2,11.43,77.18
3240,1089,18,4,679.43,12.89
3241,1090,55,1,343.64,19.98
3242,1090,60,5,379.95,0.51
3243,1090,24,2,294.0,5.11
3244,1090,26,4,100.0,46.65
3245,1091,125,2,506.05,53.85
3246,1091,147,1,173.17,91.95
3247,1092,34,3,143.39,2.54
3248,1092,12,3,658.57,36.02
3249,1092,123,3,10.03,6.57
3250,1092,37,5,58.19,4.38
3251,1092,25,4,72.76,2.42
3252,1093,41,5,220.89,69.53
3253,1093,9,1,208.4,11.37
3254,1093,89,4,669.52,18.68
3255,1093,123,3,13.32,8.93
3256,1094,21,3,80.8,12.72
3257,1094,115,3,1188.68,8.4
3258,1094,68,3,184.43,0.97
3259,1094,76,4,969.58,11.94
3260,1094,48,1,609.17,17.28
3261,1095,78,3,32.63,7.75
3262,1096,5,3,101.99,10.38
3263,1096,147,-1,95.96,0.75
3264,1096,19,4,678.74,12.47
3265,1096,66,2,693.87,16.19
3266,1097,44,-5,121.23,28.2
3267,1097,93,3,825.12,96.62
3268,1097,105,4,958.32,1.78
3269,1098,29,3,291.13,7.36
3270,1098,44,1,101.36,94.01
3271,1098,28,1,622.53,63.2
3272,1098,99,4,280.69,15.32
3273,1098,91,4,316.03,16.66
3274,1099,11,2,463.4,24.75
3275,1100,118,4,700.4,18.41
3276,1100,103,5,429.26,18.97
3277,1100,121,2,110.6,18.83
3278,1100,15,2,350.73,17.34
3279,1100,42,2,1072.56,5.44
3280,1101,127,3,289.57,85.92
3281,1101,41,3,410.36,11.51
3282,1101,149,1,122.22,6.8
3283,1102,66,3,827.04,10.06
3284,1102,104,4,892.23,13.32
3285,1102,61,4,669.81,57.22
3286,1102,149,4,119.03,5.48
3287,1102,40,1,94.98,9.09
3288,1103,33,4,910.0,13.88
3289,1103,138,1,846.02,12.05
3290,1103,147,3,109.09,2.52
3291,1103,115,5,766.51,17.29
3292,1104,4,4,253.99,62.84
3293,1104,136,4,238.84,89.1
3294,1104,91,4,252.69,17.11
3295,1104,108,4,464.73,19.89
3296,1105,9,4,210.92,96.93
3297,1105,91,1,286.89,19.25
3298,1105,116,3,101.93,12.42
3299,1106,138,2,750.02,5.34
3300,1106,83,3,371.21,14.19
3301,1106,118,4,1199.27,13.46
3302,1106,34,3,165.95,0.06
3303,1106,95,3,482.11,6.83
3304,1107,3,4,169.96,13.91
3305,1107,116,4,150.75,17.61
3306,1108,16,2,900.98,8.53
3307,1108,143,2,494.33,12.2
3308,1108,149,2,137.22,17.5
3309,1108,70,2,41.66,19.25
3310,1109,51,4,619.85,2.05
3311,1109,93,4,853.36,13.62
3312,1109,12,3,514.53,5.76
3313,1110,29,4,424.09,83.64
3314,1111,45,4,600.27,12.26
3315,1111,88,4,667.09,5.35
3316,1111,46,1,892.66,75.42
3317,1111,89,5,454.5,77.08
3318,1112,60,2,494.15,28.14
3319,1112,46,1,988.65,12.77
3320,1112,111,5,344.13,3.49
3321,1113,108,1,368.68,19.87
3322,1113,68,3,256.15,6.98
3323,1113,11,2,276.72,23.05
3324,1114,95,4,898.09,12.93
3325,1115,40,3,110.22,4.16
3326,1115,56,3,813.19,6.0
3327,1115,147,4,115.88,12.6
3328,1116,14,2,650.87,2.73
3329,1116,63,4,74.61,8.02
3330,1116,3,3,201.01,44.35
3331,1117,38,2,884.35,9.23
3332,1117,72,5,698.01,17.59
3333,1117,79,3,21.93,17.15
3334,1117,131,4,480.69,9.6
3335,1117,63,5,65.97,1.04
3336,1118,114,2,147.18,19.14
3337,1119,81,4,203.27,1.0
3338,1119,47,-1,636.86,0.16
3339,1119,73,5,580.31,16.09
3340,1119,26,2,97.69,3.6
3341,1120,113,4,328.15,0.6
3342,1120,136,3,169.88,7.95
3343,1120,26,3,101.16,8.86
3344,1121,24,1,293.6,19.74
3345,1121,57,3,141.66,95.11
3346,1122,107,1,664.08,93.32
3347,1122,8,4,550.31,83.38
3348,1122,128,1,96.36,0.11
3349,1123,145,5,314.25,86.51
3350,1123,44,3,80.04,7.73
3351,1123,106,3,79.9,8.53
3352,1124,14,3,443.18,0.83
3353,1124,44,4,84.99,14.22
3354,1124,81,1,318.1,1.66
3355,1124,22,2,454.16,11.44
3356,1125,105,5,1059.52,14.06
3357,1125,15,4,458.3,8.34
3358,1125,39,3,317.74,6.65
3359,1126,82,3,537.78,17.3
3360,1126,121,4,138.73,74.62
3361,1127,107,5,650.71,2.19
3362,1127,29,5,418.01,7.65
3363,1127,126,5,450.58,49.92
3364,1127,87,3,833.86,11.13
3365,1127,67,5,52.78,17.75
3366,1128,70,3,44.2,18.49
3367,1128,75,4,162.07,10.6
3368,1128,24,3,313.76,81.91
3369,1129,113,2,375.58,61.74
3370,1129,132,1,734.39,41.1
3371,1130,130,4,319.16,65.34
3372,1130,30,5,401.97,42.59
3373,1130,76,2,904.06,74.82
3374,1130,39,4,237.89,4.74
3375,1130,2,4,885.79,0.59
3376,1131,111,1,513.89,0.12
3377,1131,4,4,296.57,28.39
3378,1131,21,4,91.41,8.56
3379,1131,118,1,898.05,13.76
3380,1132,41,1,268.07,63.51
3381,1132,46,1,802.96,3.53
3382,1132,142,4,121.01,95.37
3383,1132,60,3,501.46,52.39
3384,1132,77,2,228.01,59.3
3385,1133,74,5,123.69,1.81
3386,1133,120,2,496.55,2.58
3387,1133,101,4,217.38,55.94
3388,1134,39,1,298.54,17.5
3389,1135,13,4,168.53,18.54
3390,1135,102,5,626.14,43.81
3391,1136,20,4,559.86,10.83
3392,1136,112,2,765.83,2.66
3393,1136,106,4,94.27,14.43
3394,1136,39,2,200.75,7.19
3395,1137,6,4,193.28,18.12
3396,1137,100,4,1086.06,10.72
3397,1137,69,3,477.62,19.64
3398,1137,5,4,73.75,10.31
3399,1137,113,2,486.43,15.8
3400,1138,7,1,270.53,16.73
3401,1138,2,1,850.43,17.05
3402,1139,10,2,58.75,0.11
3403,1139,99,5,284.57,18.94
3404,1139,71,2,309.2,2.53
3405,1139,145,5,204.63,8.51
3406,1140,30,1,486.04,1.0
3407,1140,49,5,479.56,18.31
3408,1140,2,4,613.57,15.5
3409,1141,73,5,628.42,0.05
3410,1141,47,3,617.87,69.35
3411,1141,125,3,526.77,17.97
3412,1141,79,3,13.99,1.84
3413,1141,7,5,321.97,15.49
3414,1142,93,5,988.7,53.06
3415,1143,23,1,515.87,2.21
3416,1143,132,1,840.7,0.83
3417,1143,7,3,237.98,12.07
3418,1144,56,5,507.22,11.24
3419,1144,40,5,77.81,46.55
3420,1145,52,2,406.52,1.02
3421,1145,11,4,471.94,2.97
3422,1145,146,1,405.46,84.53
3423,1145,39,2,275.14,16.28
3424,1145,95,4,639.81,18.97
3425,1146,54,2,629.02,14.78
3426,1146,110,5,725.84,95.23
3427,1146,90,1,860.86,11.67
3428,1147,76,2,964.88,2.16
3429,1148,141,2,811.73,2.57
3430,1148,149,-2,139.62,81.29
3431,1148,123,5,15.04,66.14
3432,1148,106,2,83.11,14.27
3433,1149,127,1,261.36,83.5
3434,1149,5,4,75.72,0.8
3435,1150,40,4,104.84,19.05
3436,1150,100,5,605.61,99.56
3437,1150,11,1,479.9,19.52
3438,1150,42,2,1083.02,46.04
3439,1151,149,3,114.09,68.74
3440,1152,26,1,104.48,17.53
3441,1152,135,4,33.39,10.55
3442,1152,102,2,836.72,17.59
3443,1153,147,4,169.44,18.16
3444,1153,100,2,854.65,72.69
3445,1153,3,2,227.86,32.25
3446,1153,4,4,295.18,44.96
3447,1153,97,3,525.33,15.72
3448,1154,114,5,113.48,0.09
3449,1154,3,3,275.56,90.83
3450,1154,56,5,683.95,15.97
3451,1154,32,5,35.42,90.01
3452,1154,11,4,498.53,14.72
3453,1155,100,2,628.1,13.75
3454,1155,16,4,907.08,1.12
3455,1156,148,5,338.37,8.9
3456,1156,122,3,439.5,8.78
3457,1156,78,5,28.86,99.3
3458,1156,57,3,134.74,1.97
3459,1156,7,4,265.39,81.85
3460,1157,123,4,18.12,59.42
3461,1158,65,4,47.77,22.6
3462,1158,64,3,150.01,8.17
3463,1158,51,5,511.7,91.04
3464,1159,71,4,373.32,2.78
3465,1159,103,4,455.42,8.55
3466,1159,65,3,46.07,6.01
3467,1159,4,5,339.09,3.49
3468,1159,30,5,394.02,2.71
3469,1160,121,1,115.84,2.08
3470,1160,70,4,43.5,11.14
3471,1160,12,5,425.52,13.5
3472,1160,111,5,501.3,7.81
3473,1161,92,5,334.48,41.23
3474,1161,65,1,26.53,7.46
3475,1162,142,2,117.71,14.12
3476,1162,14,5,413.71,23.18
3477,1162,144,4,142.76,2.97
3478,1163,106,4,68.42,0.73
3479,1163,74,1,65.04,8.59
3480,1163,100,5,1065.18,18.86
3481,1163,10,2,42.43,88.51
3482,1164,103,2,539.23,64.67
3483,1164,34,2,133.2,11.41
3484,1164,126,4,722.08,1.13
3485,1165,41,4,290.96,8.0
3486,1165,28,1,613.69,53.22
3487,1166,17,3,135.11,3.35
3488,1166,31,-3,66.62,19.88
3489,1166,127,3,186.53,12.93
3490,1166,24,4,230.97,13.47
3491,1167,16,4,869.54,8.17
3492,1167,82,2,683.42,17.54
3493,1167,50,5,175.52,7.18
3494,1168,127,1,246.6,3.27
3495,1168,82,5,781.92,3.29
3496,1168,145,1,274.09,14.57
3497,1168,48,-2,902.25,12.06
3498,1168,16,3,682.78,4.55
3499,1169,80,5,164.61,9.98
3500,1169,89,3,809.18,99.71
3501,1170,117,5,733.12,15.78
3502,1170,34,2,163.3,56.29
3503,1170,68,-4,288.75,17.41
3504,1170,101,-5,305.17,5.83
3505,1171,131,2,362.1,2.62
3506,1171,43,2,566.77,19.21
3507,1172,13,1,209.73,11.28
3508,1172,47,3,874.71,14.87
3509,1172,73,3,994.83,2.34
3510,1172,133,2,818.95,5.5
3511,1173,7,2,238.68,11.82
3512,1173,132,3,705.23,10.8
3513,1173,6,3,197.09,14.85
3514,1173,107,1,648.98,63.72
3515,1174,47,2,556.87,1.57
3516,1175,68,2,312.27,9.11
3517,1175,127,3,272.25,12.43
3518,1175,142,1,128.76,7.7
3519,1176,48,3,947.93,17.55
3520,1176,114,4,124.22,95.78
3521,1177,135,5,29.6,16.95
3522,1177,14,5,667.63,13.27
3523,1177,66,2,857.21,16.72
3524,1177,126,5,770.64,6.01
3525,1178,69,5,483.05,14.36
3526,1178,28,5,418.18,14.85
3527,1178,140,-4,676.89,6.31
3528,1179,81,5,298.5,19.15
3529,1179,43,3,683.7,20.48
3530,1179,124,4,377.29,1.42
3531,1179,73,3,957.09,7.66
3532,1179,115,4,1085.72,7.59
3533,1180,37,1,99.06,3.43
3534,1181,109,4,583.11,12.06
3535,1181,79,3,14.78,1.07
3536,1181,145,4,235.99,0.06
3537,1181,92,4,351.92,11.96
3538,1181,134,5,161.22,16.56
3539,1182,128,4,153.44,91.08
3540,1182,74,4,83.6,74.69
3541,1183,42,2,1069.97,32.52
3542,1183,67,1,50.23,5.02
3543,1183,53,1,246.73,13.2
3544,1184,148,2,507.02,57.47
3545,1184,99,2,255.49,13.3
3546,1184,46,4,1075.86,63.62
3547,1185,85,5,505.98,90.79
3548,1185,2,2,556.58,9.06
3549,1185,114,4,126.01,27.78
3550,1185,16,4,749.52,12.38
3551,1185,83,4,456.1,19.37
3552,1186,14,1,615.79,18.54
3553,1186,70,3,37.13,9.23
3554,1186,61,4,645.13,3.85
3555,1187,123,1,12.46,6.49
3556,1187,78,-2,23.73,78.34
3557,1188,48,4,1013.37,19.02
3558,1188,31,4,68.93,0.25
3559,1188,80,3,135.9,19.02
3560,1188,125,1,782.79,2.98
3561,1189,16,4,591.88,9.58
3562,1189,148,1,469.51,60.39
3563,1190,111,5,327.17,46.01
3564,1190,118,4,903.73,4.05
3565,1191,148,5,455.7,46.12
3566,1191,73,1,980.11,86.28
3567,1191,106,1,94.25,10.82
3568,1191,114,4,134.52,10.17
3569,1191,9,3,193.55,12.43
3570,1192,101,5,234.22,0.24
3571,1192,138,1,787.79,17.99
3572,1192,111,3,479.53,2.31
3573,1192,46,2,815.33,14.54
3574,1192,115,3,867.97,10.44
3575,1193,71,-2,539.16,29.38
3576,1194,79,3,12.85,63.99
3577,1194,31,2,92.25,11.4
3578,1194,62,4,1020.3,22.27
3579,1194,116,5,104.38,72.71
3580,1195,98,1,666.93,0.96
3581,1195,149,3,100.62,77.0
3582,1196,17,4,204.74,19.99
3583,1196,85,1,696.31,8.68
3584,1196,26,5,72.18,16.88
3585,1196,58,1,802.92,10.45
3586,1196,66,3,700.21,89.65
3587,1197,100,2,1044.63,97.03
3588,1197,25,4,48.3,6.85
3589,1197,27,3,412.54,67.83
3590,1197,123,4,13.75,19.5
3591,1198,124,1,299.06,36.55
3592,1198,46,5,1082.03,34.75
3593,1198,73,4,635.2,31.01
3594,1199,120,1,589.82,16.86
3595,1199,108,2,286.75,11.98
3596,1199,68,1,205.8,8.07
3597,1200,68,4,337.94,15.2
3598,1200,35,3,180.5,3.31
3599,1201,45,3,475.8,1.83
3600,1201,61,1,535.58,17.15
3601,1201,93,5,734.86,96.56
3602,1201,95,1,562.2,17.86
3603,1201,68,2,209.31,9.41
3604,1202,130,5,289.04,31.96
3605,1203,82,2,528.36,69.87
3606,1203,39,2,263.01,9.65
3607,1204,111,-2,564.35,0.25
3608,1204,84,3,516.77,0.89
3609,1204,112,5,653.71,0.83
3610,1204,43,5,467.32,7.31
3611,1204,142,4,136.99,17.35
3612,1205,6,4,183.58,10.47
3613,1205,110,5,428.93,8.36
3614,1205,41,1,410.47,7.47
3615,1205,93,-1,785.46,12.72
3616,1206,7,3,417.74,18.5
3617,1206,56,5,657.45,4.23
3618,1206,77,2,266.68,11.76
3619,1206,25,5,47.49,19.42
3620,1207,64,5,141.48,15.96
3621,1207,130,2,378.68,7.81
3622,1207,48,4,934.29,3.91
3623,1208,100,3,1094.45,16.9
3624,1208,70,-2,45.13,16.62
3625,1208,74,2,99.76,7.73
3626,1208,86,1,540.69,17.65
3627,1209,12,3,465.15,38.43
3628,1209,111,2,458.98,14.09
3629,1209,146,5,503.98,0.29
3630,1209,52,4,383.4,15.9
3631,1210,15,2,378.38,11.97
3632,1211,46,3,642.41,16.81
3633,1211,81,5,259.72,0.03
3634,1211,9,5,205.19,10.38
3635,1211,149,1,118.6,89.59
3636,1212,26,1,84.24,10.23
3637,1212,73,3,1039.81,5.72
3638,1212,45,3,459.23,2.69
3639,1212,53,2,184.95,14.28
3640,1213,127,2,261.02,58.73
3641,1213,107,5,595.97,10.25
3642,1213,55,2,215.49,9.38
3643,1213,144,3,261.49,14.32
3644,1214,46,1,638.19,14.94
3645,1214,31,2,88.96,13.85
3646,1214,143,1,411.47,12.38
3647,1215,80,2,129.59,52.78
3648,1215,100,1,757.78,17.37
3649,1215,2,3,763.58,17.46
3650,1215,56,5,782.36,21.86
3651,1216,30,4,433.01,11.06
3652,1216,98,1,813.67,93.42
3653,1216,89,-1,636.55,3.62
3654,1217,17,2,154.44,0.36
3655,1217,58,4,949.41,85.06
3656,1217,102,5,1037.99,59.68
3657,1218,20,3,420.47,17.31
3658,1219,104,4,596.1,0.73
3659,1219,10,3,42.8,19.12
3660,1220,112,2,924.37,7.02
3661,1221,53,-4,263.87,6.51
3662,1221,93,3,1041.07,7.56
3663,1222,125,3,796.73,18.95
3664,1223,53,2,163.69,4.06
3665,1224,39,2,226.24,8.39
3666,1224,76,2,848.31,38.39
3667,1224,1,5,437.69,5.56
3668,1224,123,1,14.66,0.39
3669,1224,80,-5,150.44,13.63
3670,1225,93,2,935.86,36.27
3671,1225,12,1,427.65,63.31
3672,1225,24,3,258.99,14.37
3673,1225,80,3,187.94,50.2
3674,1226,6,3,120.73,18.63
3675,1226,36,-1,936.67,48.66
3676,1226,55,4,391.39,98.31
3677,1226,44,2,107.31,9.46
3678,1226,1,1,292.74,39.15
3679,1227,38,3,1241.6,13.48
3680,1227,132,5,1047.23,11.16
3681,1228,43,5,775.66,2.99
3682,1228,3,3,183.5,15.04
3683,1228,37,3,98.19,14.21
3684,1228,1,1,379.8,8.76
3685,1229,87,3,965.16,19.14
3686,1229,56,1,507.12,0.37
3687,1229,17,5,178.62,19.48
3688,1230,66,2,752.81,95.39
3689,1230,35,5,174.35,32.34
3690,1230,115,1,798.22,5.94
3691,1230,36,2,730.16,2.25
3692,1231,110,-2,510.04,18.16
3693,1232,21,1,92.21,18.67
3694,1232,49,-5,420.97,9.84
3695,1233,9,4,176.54,10.99
3696,1233,25,5,51.0,20.42
3697,1233,100,5,994.34,18.08
3698,1234,140,5,540.56,7.08
3699,1235,35,4,148.72,40.88
3700,1236,97,4,555.81,11.1
3701,1236,67,1,65.87,86.69
3702,1236,119,3,11.71,19.3
3703,1236,143,2,476.59,17.61
3704,1237,44,3,124.7,2.14
3705,1237,132,2,749.87,0.22
3706,1237,111,5,528.47,11.29
3707,1237,31,1,102.85,17.09
3708,1237,3,3,177.65,16.19
3709,1238,87,4,912.09,14.68
3710,1239,58,1,848.16,9.28
3711,1239,14,2,591.64,11.63
3712,1239,59,1,357.95,17.62
3713,1239,144,1,215.81,5.86
3714,1239,135,3,24.86,0.49
3715,1240,30,4,538.03,6.1
3716,1240,80,3,199.07,9.91
3717,1240,64,5,172.99,11.26
3718,1240,131,4,412.69,4.37
3719,1241,59,5,294.68,0.81
3720,1241,126,3,720.74,18.48
3721,1241,11,2,346.64,44.83
3722,1242,60,5,313.79,8.63
3723,1242,39,1,265.25,0.15
3724,1242,148,2,603.96,4.81
3725,1242,130,2,283.09,1.35
3726,1242,114,5,182.09,7.51
3727,1243,124,2,340.85,74.04
3728,1243,31,4,106.24,44.52
3729,1243,112,5,815.72,4.58
3730,1244,80,3,219.39,8.35
3731,1244,31,2,60.7,39.64
3732,1244,72,5,446.62,9.47
3733,1245,4,5,357.16,54.88
3734,1246,32,3,41.47,17.8
3735,1247,96,1,315.94,5.29
3736,1247,111,5,321.19,2.6
3737,1247,3,4,264.55,52.69
3738,1247,133,1,926.82,37.75
3739,1248,118,2,1049.67,3.8
3740,1248,56,2,690.53,74.44
3741,1248,112,-3,568.25,77.62
3742,1248,52,2,328.03,8.09
3743,1248,21,4,80.48,47.73
3744,1249,105,4,984.78,3.23
3745,1249,143,5,392.86,34.54
3746,1249,25,5,54.06,10.7
3747,1249,53,2,172.38,1.27
3748,1249,60,2,356.32,18.28
3749,1250,134,4,144.8,9.44
3750,1250,117,3,756.52,33.85
3751,1250,104,5,569.49,1.49
3752,1250,4,2,276.76,12.03
3753,1251,85,2,763.63,10.34
3754,1251,146,5,451.07,4.9
3755,1251,58,5,745.21,94.64
3756,1251,15,1,335.35,16.28
3757,1251,143,1,471.46,13.44
3758,1252,60,4,424.48,67.92
3759,1252,14,4,372.64,70.38
3760,1253,39,1,213.09,19.84
3761,1254,10,4,45.81,6.15
3762,1254,144,2,166.15,12.93
3763,1255,109,4,1049.94,41.6
3764,1255,18,5,754.5,12.81
3765,1255,123,4,14.39,0.98
3766,1255,57,4,118.02,11.87
3767,1255,34,2,191.05,18.63
3768,1256,64,3,129.85,86.06
3769,1256,122,2,350.25,14.29
3770,1257,93,4,625.29,18.58
3771,1257,145,2,281.57,17.52
3772,1257,36,2,895.59,7.55
3773,1257,71,3,365.91,35.14
3774,1257,87,4,999.94,98.61
3775,1258,45,1,641.78,8.76
3776,1258,86,2,590.68,83.4
3777,1258,143,1,459.33,1.8
3778,1258,140,5,708.7,0.19
3779,1258,19,3,711.28,52.4
3780,1259,119,1,17.15,14.93
3781,1260,53,5,204.1,47.09
3782,1260,21,3,76.06,1.32
3783,1261,96,5,233.97,11.1
3784,1261,115,4,1038.45,15.68
3785,1261,94,3,510.29,10.47
3786,1261,82,3,514.87,0.13
3787,1262,111,1,427.27,13.48
3788,1263,88,1,595.08,16.09
3789,1264,76,4,867.55,1.83
3790,1264,75,2,134.98,17.58
3791,1265,116,3,122.61,7.69
3792,1265,85,2,612.89,4.71
3793,1265,118,2,1122.68,14.09
3794,1265,86,5,523.98,10.93
3795,1266,132,3,854.0,10.8
3796,1267,50,2,218.85,5.2
3797,1268,36,4,585.55,4.82
3798,1269,15,5,381.15,21.54
3799,1269,43,2,439.31,99.36
3800,1269,41,3,382.4,11.93
3801,1269,54,4,683.71,15.63
3802,1270,125,4,652.28,19.5
3803,1270,34,1,161.97,19.3
3804,1270,64,1,114.24,9.67
3805,1270,15,4,372.26,13.13
3806,1270,98,2,884.69,87.03
3807,1271,123,4,12.25,11.65
3808,1271,56,2,459.63,6.69
3809,1271,120,2,564.76,13.75
3810,1271,21,2,98.81,2.76
3811,1272,115,4,870.94,54.59
3812,1272,104,5,820.47,12.05
3813,1272,147,-4,140.1,91.29
3814,1272,72,3,427.5,6.47
3815,1272,31,5,72.4,28.15
3816,1273,67,1,55.35,5.45
3817,1273,120,4,572.64,60.16
3818,1273,72,2,579.06,5.48
3819,1274,24,4,305.61,54.61
3820,1274,63,1,59.0,18.99
3821,1274,32,1,46.85,65.22
3822,1275,137,4,153.35,57.57
3823,1275,127,2,269.76,3.47
3824,1275,123,4,16.85,20.0
3825,1276,78,4,33.34,40.33
3826,1276,101,4,335.12,8.22
3827,1276,63,2,84.5,7.85
3828,1276,24,1,215.27,2.85
3829,1277,34,5,125.05,16.18
3830,1277,78,4,27.52,4.5
3831,1277,133,2,1135.92,13.0
3832,1277,108,2,270.38,3.41
3833,1278,9,5,129.68,2.36
3834,1278,20,2,544.67,17.17
3835,1278,46,3,953.26,8.53
3836,1278,136,1,147.44,16.94
3837,1278,64,1,161.82,16.12
3838,1279,70,1,48.58,6.54
3839,1280,38,1,1038.18,44.91
3840,1280,119,5,16.06,24.15
3841,1280,109,3,777.26,6.21
3842,1281,6,3,190.96,19.26
3843,1281,24,2,319.64,18.28
3844,1282,14,2,386.08,12.73
3845,1282,107,4,1032.12,12.77
3846,1282,73,2,652.26,8.56
3847,1283,73,1,656.51,5.61
3848,1283,110,4,620.21,6.05
3849,1283,17,5,252.55,12.35
3850,1284,30,3,660.83,14.3
3851,1284,77,2,246.35,17.27
3852,1284,54,1,851.27,1.69
3853,1284,86,5,482.82,15.9
3854,1284,55,2,347.52,4.34
3855,1285,23,-5,532.93,26.04
3856,1285,129,3,347.91,7.03
3857,1285,82,4,730.0,12.89
3858,1286,25,3,79.03,12.78
3859,1287,85,2,490.79,7.57
3860,1287,62,5,921.16,83.39
3861,1288,141,3,692.29,98.98
3862,1288,5,2,59.63,18.5
3863,1289,144,3,226.4,16.98
3864,1289,128,3,141.83,4.18
3865,1289,63,5,55.88,0.5
3866,1289,4,3,335.59,6.92
3867,1290,38,3,1087.0,13.83
3868,1290,130,2,307.23,15.46
3869,1290,78,1,29.77,19.42
3870,1290,128,3,152.38,10.62
3871,1291,136,5,187.11,86.91
3872,1291,4,5,277.02,68.21
3873,1292,144,4,242.93,11.77
3874,1293,75,2,180.12,7.54
3875,1293,104,2,970.14,18.79
3876,1293,5,5,76.65,16.45
3877,1293,116,5,148.96,13.22
3878,1293,88,2,440.88,17.88
3879,1294,119,2,14.64,16.52
3880,1295,65,3,39.72,89.61
3881,1295,123,4,11.57,48.38
3882,1295,127,5,257.26,6.76
3883,1295,49,2,541.95,3.6
3884,1295,43,1,683.85,12.6
3885,1296,111,4,429.3,9.67
3886,1296,22,4,402.46,18.3
3887,1297,108,1,368.97,68.47
3888,1297,94,2,269.35,73.65
3889,1297,35,5,141.8,15.83
3890,1298,12,4,640.46,5.36
3891,1298,16,5,723.83,2.97
3892,1298,127,2,165.64,4.25
3893,1298,76,3,754.82,19.71
3894,1298,18,1,563.8,1.23
3895,1299,61,5,556.7,54.34
3896,1299,126,4,507.65,10.08
3897,1299,117,5,887.37,14.4
3898,1299,136,1,202.36,15.35
3899,1300,120,3,535.66,11.85
3900,1300,110,2,522.55,14.56
3901,1300,85,3,755.9,19.54
3902,1301,150,5,613.16,14.85
3903,1302,136,2,243.74,5.78
3904,1302,73,2,678.76,26.37
3905,1302,139,2,175.22,0.65
3906,1302,103,-4,581.66,6.75
3907,1303,89,1,838.2,13.95
3908,1303,52,4,467.04,98.62
3909,1303,112,2,1004.02,3.28
3910,1303,75,2,212.23,13.7
3911,1304,140,1,669.54,5.16
3912,1305,138,5,856.22,1.58
3913,1306,95,-3,775.67,39.78
3914,1306,129,4,376.79,9.99
3915,1307,28,1,685.71,17.44
3916,1307,104,4,1000.27,2.57
3917,1307,133,4,936.8,9.03
3918,1307,1,4,396.67,10.68
3919,1308,111,2,410.63,6.22
3920,1308,71,3,345.44,19.54
3921,1308,108,3,349.85,10.77
3922,1308,79,4,20.31,4.42
3923,1308,26,3,74.34,7.71
3924,1309,42,1,651.7,0.34
3925,1309,64,1,152.57,16.21
3926,1310,25,1,73.88,9.83
3927,1310,98,5,737.0,7.23
3928,1310,57,5,176.8,13.69
3929,1311,59,1,374.48,19.76
3930,1311,130,1,277.95,15.28
3931,1312,83,4,381.69,15.83
3932,1313,7,3,418.66,4.31
3933,1313,148,3,588.46,24.97
3934,1314,136,2,179.78,90.21
3935,1314,16,4,766.43,80.07
3936,1314,134,3,137.7,5.72
3937,1314,128,5,142.34,52.83
3938,1315,134,2,173.28,8.41
3939,1315,124,5,255.82,5.3
3940,1315,7,4,252.89,4.11
3941,1316,48,1,640.33,16.83
3942,1317,101,-1,314.49,14.85
3943,1317,104,4,733.44,17.0
3944,1317,58,4,898.09,15.97
3945,1317,69,1,361.61,47.67
3946,1318,119,3,15.58,55.34
3947,1319,67,3,39.3,80.56
3948,1319,117,3,840.17,9.69
3949,1319,8,5,654.95,22.58
3950,1320,31,1,83.51,3.93
3951,1320,46,5,699.7,15.63
3952,1321,93,5,875.53,0.31
3953,1321,33,3,910.09,9.74
3954,1321,74,3,83.25,26.2
3955,1322,149,1,128.1,77.59
3956,1323,146,5,500.88,18.81
3957,1323,21,3,82.08,14.2
3958,1324,35,1,132.48,9.8
3959,1325,83,5,535.82,83.38
3960,1326,25,3,57.73,18.88
3961,1327,135,-2,19.31,17.56
3962,1328,41,1,337.19,6.52
3963,1328,43,1,465.56,9.29
3964,1328,145,2,352.11,11.1
3965,1328,12,5,358.73,55.01
3966,1328,104,4,613.41,19.75
3967,1329,3,1,272.47,10.23
3968,1329,94,-2,266.55,3.9
3969,1329,149,5,151.54,14.72
3970,1329,140,2,407.03,3.81
3971,1329,7,1,427.63,17.99
3972,1330,147,5,135.66,7.83
3973,1330,44,3,83.94,13.94
3974,1330,43,5,429.81,77.86
3975,1330,53,4,267.34,3.33
3976,1331,79,2,15.68,88.2
3977,1331,40,5,107.01,10.81
3978,1331,144,3,217.59,1.77
3979,1331,105,2,1150.3,16.98
3980,1331,56,4,796.11,51.55
3981,1332,68,5,320.51,43.47
3982,1332,103,1,409.47,11.1
3983,1333,54,1,730.23,13.38
3984,1333,5,5,69.15,11.33
3985,1333,39,2,276.24,59.58
3986,1334,25,1,70.13,2.42
3987,1334,71,5,369.32,6.02
3988,1334,85,3,681.88,4.41
3989,1334,68,4,213.83,10.34
3990,1334,139,5,303.82,9.86
3991,1335,6,1,146.16,1.61
3992,1335,15,3,429.07,13.15
3993,1336,115,5,718.09,16.39
3994,1336,83,3,504.28,0.49
3995,1336,38,3,902.17,0.27
3996,1337,87,5,692.95,7.6
3997,1338,70,3,45.12,0.09
3998,1338,48,3,632.66,7.86
3999,1339,36,3,920.02,9.69
4000,1339,79,3,18.23,9.16
4001,1339,69,1,490.17,6.67
4002,1339,109,5,862.87,1.89
4003,1340,10,4,50.41,6.15
4004,1341,130,-3,361.27,67.8
4005,1342,50,5,168.94,4.98
4006,1342,4,4,376.12,15.02
4007,1343,123,3,10.72,11.15
4008,1343,97,5,640.33,8.52
4009,1343,89,5,643.67,40.09
4010,1343,116,5,141.75,5.13
4011,1343,93,3,726.61,6.81
4012,1344,62,5,707.17,12.71
4013,1344,74,3,81.84,81.83
4014,1345,96,4,207.39,4.04
4015,1345,10,3,65.49,10.45
4016,1345,85,1,523.03,17.11
4017,1346,90,2,983.46,13.3
4018,1346,84,2,382.33,12.29
4019,1346,145,4,333.14,0.58
4020,1347,97,4,611.23,7.58
4021,1348,140,2,546.01,4.47
4022,1348,1,3,333.47,4.11
4023,1348,134,4,153.19,10.66
4024,1349,130,1,326.7,9.61
4025,1349,107,3,1073.92,13.48
4026,1350,75,1,204.36,11.29
4027,1350,49,1,572.04,6.48
4028,1350,21,1,87.42,9.8
4029,1350,107,5,961.3,6.72
4030,1350,82,4,646.97,11.31
4031,1351,44,1,95.46,4.84
4032,1352,28,2,479.45,2.18
4033,1352,134,3,146.68,4.04
4034,1353,133,3,1147.62,10.16
4035,1353,15,2,417.37,15.43
4036,1353,47,3,794.31,8.23
4037,1354,127,1,217.34,19.14
4038,1354,15,1,248.49,15.62
4039,1355,100,3,959.94,64.96
4040,1355,60,4,551.21,72.46
4041,1355,76,1,923.97,11.85
4042,1355,71,4,303.79,15.07
4043,1356,23,1,421.94,13.37
4044,1356,69,3,272.47,15.89
4045,1356,59,3,317.66,88.36
4046,1357,63,4,55.64,3.55
4047,1357,86,3,666.14,0.91
4048,1358,20,-3,497.01,2.7
4049,1358,30,2,443.0,49.18
4050,1358,58,4,766.55,19.85
4051,1358,5,3,72.58,4.8
4052,1359,143,5,444.96,56.38
4053,1359,17,5,233.46,0.85
4054,1359,135,3,27.29,16.51
4055,1360,135,2,25.86,11.56
4056,1360,1,3,286.58,7.41
4057,1361,117,1,663.9,7.83
4058,1362,133,4,1166.04,15.78
4059,1362,10,2,47.16,18.17
4060,1362,102,1,602.78,6.41
4061,1363,10,5,58.71,14.78
4062,1364,98,1,905.42,1.82
4063,1364,62,2,946.23,3.08
4064,1365,28,4,590.2,15.21
4065,1365,35,2,186.89,5.96
4066,1365,37,5,65.13,2.24
4067,1365,56,2,766.71,2.72
4068,1366,34,5,117.42,3.22
4069,1366,115,3,678.11,9.77
4070,1367,60,2,452.89,2.33
4071,1368,106,4,111.18,89.96
4072,1368,48,5,1029.38,18.68
4073,1368,72,1,705.12,18.92
4074,1368,133,1,1004.6,17.92
4075,1369,97,2,884.23,6.69
4076,1369,15,2,331.54,18.65
4077,1370,110,3,495.32,10.9
4078,1370,48,4,1027.67,72.63
4079,1371,77,2,147.78,11.88
4080,1371,50,2,219.77,3.94
4081,1372,51,3,463.07,33.79
4082,1373,99,1,256.11,5.83
4083,1374,25,3,49.33,18.49
4084,1375,40,4,88.05,66.53
4085,1375,65,2,38.47,87.45
4086,1376,9,5,184.6,95.45
4087,1376,72,3,711.52,11.06
4088,1376,107,2,675.78,10.17
4089,1377,94,5,423.76,56.14
4090,1377,21,3,68.7,3.7
4091,1377,6,4,123.16,69.81
4092,1377,88,1,611.31,17.48
4093,1377,63,4,75.84,16.52
4094,1378,117,5,553.67,14.8
4095,1378,73,4,983.35,63.8
4096,1378,120,2,608.82,84.44
4097,1378,90,1,1085.12,2.6
4098,1379,68,1,333.35,7.1
4099,1379,27,3,519.37,65.97
4100,1379,29,5,282.55,11.39
4101,1380,13,4,164.58,82.15
4102,1380,81,3,300.25,3.97
4103,1380,146,1,476.85,72.65
4104,1381,36,3,1007.41,5.87
4105,1381,105,2,887.84,17.79
4106,1382,49,3,517.95,10.67
4107,1382,31,1,90.05,7.3
4108,1382,12,1,598.36,99.14
4109,1383,103,3,434.57,8.7
4110,1383,71,4,372.28,41.36
4111,1384,10,1,58.36,3.98
4112,1384,120,1,415.35,83.93
4113,1385,135,3,35.18,73.89
4114,1385,3,5,243.06,25.62
4115,1385,96,1,278.78,1.23
4116,1386,50,3,216.67,3.08
4117,1386,19,2,557.73,5.78
4118,1387,22,1,397.22,96.78
4119,1387,34,3,136.06,8.82
4120,1387,19,5,780.61,7.74
4121,1388,111,3,495.88,26.49
4122,1389,89,1,680.74,71.94
4123,1389,19,4,575.72,34.28
4124,1390,139,3,190.4,70.94
4125,1390,100,4,1050.51,75.14
4126,1391,50,4,221.65,25.48
4127,1391,68,4,214.32,4.31
4128,1391,29,1,402.4,1.49
4129,1391,10,4,46.45,10.91
4130,1391,101,3,349.66,6.01
4131,1392,141,1,718.68,11.86
4132,1393,59,1,508.66,13.1
4133,1393,61,1,854.99,1.97
4134,1393,105,3,1055.05,59.51
4135,1394,30,2,553.79,17.97
4136,1394,43,3,674.45,5.14
4137,1394,116,3,122.78,70.77
4138,1394,29,2,379.07,17.37
4139,1394,35,4,185.73,16.8
4140,1395,141,1,802.45,64.05
4141,1395,17,4,153.49,1.92
4142,1395,22,4,357.93,13.26
4143,1396,118,5,1050.62,96.06
4144,1396,130,2,314.33,69.46
4145,1396,18,2,703.05,35.55
4146,1396,3,1,230.32,15.83
4147,1397,22,2,378.75,14.67
4148,1397,100,4,940.72,1.16
4149,1397,42,4,1120.57,2.21
4150,1397,5,1,82.02,23.94
4151,1398,146,4,464.53,15.15
4152,1399,136,2,171.13,12.96
4153,1400,12,4,494.02,6.81
4154,1400,101,-1,319.23,18.43
4155,1400,104,1,793.28,62.57
4156,1401,93,5,997.06,7.03
4157,1401,13,3,290.46,6.23
4158,1402,150,3,683.35,5.22
4159,1403,17,-2,209.29,11.69
4160,1403,101,4,273.21,15.25
4161,1403,13,3,249.29,8.26
4162,1403,96,5,175.74,94.55
4163,1404,114,4,133.05,0.47
4164,1404,72,1,483.13,6.78
4165,1404,145,1,261.71,12.89
4166,1404,24,2,321.09,1.05
4167,1405,64,1,112.23,11.1
4168,1405,144,3,251.75,7.34
4169,1405,101,3,373.4,4.97
4170,1405,10,4,51.72,2.73
4171,1405,51,-1,460.93,0.9
4172,1406,54,1,1045.12,24.91
4173,1407,2,2,636.03,76.84
4174,1407,129,-5,208.11,9.78
4175,1408,137,4,208.86,26.59
4176,1408,91,3,210.54,14.9
4177,1408,30,4,623.43,12.94
4178,1408,103,2,590.87,17.63
4179,1408,22,1,249.48,64.82
4180,1409,44,1,133.22,64.97
4181,1410,92,5,306.61,10.14
4182,1410,85,3,798.9,17.95
4183,1410,150,5,563.81,19.02
4184,1410,37,1,84.9,54.11
4185,1411,113,2,440.67,18.08
4186,1411,106,1,100.59,10.24
4187,1411,22,2,421.37,6.12
4188,1411,78,2,21.28,13.08
4189,1411,66,5,553.16,93.25
4190,1412,125,3,565.09,39.95
4191,1412,138,1,667.45,17.95
4192,1413,29,1,484.86,8.18
4193,1413,110,4,715.43,6.35
4194,1414,115,4,855.33,57.66
4195,1414,129,3,250.55,0.83
4196,1414,41,3,341.38,23.26
4197,1414,80,4,139.03,3.97
4198,1414,34,4,157.79,11.98
4199,1415,76,2,869.71,6.61
4200,1415,136,5,235.69,7.67
4201,1415,101,2,203.76,89.2
4202,1416,11,5,443.25,18.88
4203,1417,92,2,366.11,99.62
4204,1418,19,3,725.5,10.16
4205,1418,46,4,912.76,65.06
4206,1418,136,3,161.42,9.16
4207,1419,57,2,144.03,1.19
4208,1419,135,1,26.51,8.93
4209,1419,35,1,121.51,19.44
4210,1420,124,4,442.04,99.74
4211,1420,99,2,283.82,1.69
4212,1420,16,1,948.34,3.0
4213,1421,112,5,1023.98,13.81
4214,1421,107,3,908.98,10.91
4215,1421,17,5,155.17,7.23
4216,1422,122,4,273.33,5.1
4217,1422,52,4,335.11,1.2
4218,1422,16,5,613.51,10.22
4219,1422,100,3,1094.7,8.53
4220,1423,115,5,922.47,6.57
4221,1423,134,-2,143.55,15.24
4222,1424,89,1,768.51,15.64
4223,1424,30,3,651.17,8.63
4224,1424,50,5,141.43,9.57
4225,1425,46,3,609.4,11.68
4226,1425,117,5,623.43,12.4
4227,1425,95,4,755.96,3.39
4228,1425,65,5,31.21,25.7
4229,1426,127,2,237.79,14.16
4230,1426,102,1,1068.11,9.37
4231,1426,92,5,228.93,5.45
4232,1427,131,2,614.18,1.26
4233,1427,139,5,207.96,12.97
4234,1428,58,5,825.6,14.34
4235,1428,7,3,279.86,16.06
4236,1428,34,5,185.34,16.4
4237,1429,2,5,851.53,12.44
4238,1429,78,4,26.59,16.81
4239,1429,109,2,803.74,16.1
4240,1429,132,3,815.53,9.61
4241,1429,135,1,24.74,16.78
4242,1430,41,4,385.07,52.75
4243,1430,17,1,171.35,19.63
4244,1430,126,5,723.84,42.52
4245,1430,55,1,287.49,13.49
4246,1431,140,4,450.5,10.04
4247,1431,134,4,171.8,3.63
4248,1431,148,4,537.82,11.04
4249,1431,111,4,339.74,1.84
4250,1432,133,2,847.14,13.84
4251,1432,147,3,181.95,1.1
4252,1432,92,5,233.47,4.45
4253,1433,62,3,770.96,15.12
4254,1433,65,3,45.44,3.71
4255,1433,88,1,640.72,6.66
4256,1433,69,5,495.98,0.52
4257,1434,121,4,164.51,24.38
4258,1434,110,4,695.78,32.24
4259,1434,51,-2,751.37,69.44
4260,1434,30,2,657.3,10.02
4261,1435,77,5,148.42,13.37
4262,1435,104,5,897.59,9.42
4263,1435,116,4,98.84,13.16
4264,1436,95,1,499.75,92.28
4265,1436,142,3,110.06,3.86
4266,1437,121,4,109.28,16.65
4267,1437,131,3,567.93,10.16
4268,1437,132,4,1074.49,13.23
4269,1437,59,4,467.74,12.68
4270,1438,6,5,171.99,7.64
4271,1438,71,2,365.74,21.25
4272,1438,36,3,551.12,9.67
4273,1438,149,1,122.33,10.05
4274,1439,31,1,68.7,59.2
4275,1439,25,5,78.41,17.61
4276,1440,27,1,469.63,13.55
4277,1441,90,1,900.25,1.22
4278,1441,77,4,205.58,0.76
4279,1441,126,1,444.49,13.64
4280,1442,108,2,272.55,5.48
4281,1442,134,4,112.71,5.24
4282,1442,5,1,60.24,5.32
4283,1443,34,4,157.09,11.93
4284,1443,148,5,583.39,86.43
4285,1443,21,3,69.1,6.34
4286,1444,33,2,900.1,57.0
4287,1444,5,-1,75.31,2.15
4288,1444,95,2,900.77,12.48
4289,1444,147,5,120.96,19.66
4290,1444,78,5,28.24,0.3
4291,1445,106,1,85.14,77.11
4292,1445,9,2,209.09,19.95
4293,1445,30,5,598.97,19.38
4294,1445,96,-3,332.64,5.29
4295,1445,51,3,516.77,1.95
4296,1446,146,3,622.43,9.01
4297,1446,54,3,637.48,11.31
4298,1446,42,5,650.76,51.31
4299,1446,73,1,894.81,8.01
4300,1447,7,3,363.83,7.57
4301,1447,93,1,726.59,12.12
4302,1447,40,1,64.39,13.54
4303,1447,19,2,715.1,10.8
4304,1448,124,5,256.86,4.29
4305,1448,132,1,659.75,11.04
4306,1448,52,5,416.1,7.1
4307,1449,117,4,951.78,18.89
4308,1450,90,1,1190.64,5.73
4309,1451,142,4,86.62,0.05
4310,1452,132,1,964.0,14.82
4311,1452,92,3,291.67,87.47
4312,1452,78,3,22.37,4.98
4313,1453,99,3,163.56,96.09
4314,1453,38,5,972.61,91.14
4315,1453,83,2,449.67,14.56
4316,1453,93,4,1021.2,9.62
4317,1453,111,5,588.14,75.01
4318,1454,104,2,979.48,1.53
4319,1455,100,4,1132.28,10.33
4320,1456,1,2,384.82,69.6
4321,1457,108,4,322.16,19.74
4322,1458,63,2,66.19,5.87
4323,1458,48,4,1041.37,50.53
4324,1458,57,3,149.83,6.28
4325,1458,141,5,734.06,73.01
4326,1459,2,1,720.93,15.24
4327,1459,70,4,30.5,50.19
4328,1459,42,3,1121.89,5.04
4329,1460,150,5,585.56,17.51
4330,1460,21,3,70.62,7.15
4331,1460,90,3,741.83,4.94
4332,1461,36,5,675.28,52.45
4333,1461,25,2,70.3,16.21
4334,1461,124,5,263.91,19.78
4335,1462,81,3,266.38,10.31
4336,1462,28,2,398.46,15.24
4337,1462,63,3,58.94,88.37
4338,1462,68,1,219.86,11.31
4339,1463,73,3,638.65,46.5
4340,1464,129,5,229.43,47.84
4341,1464,8,2,641.28,11.27
4342,1464,96,4,271.52,10.36
4343,1464,86,2,506.77,8.72
4344,1465,20,4,507.0,12.36
4345,1465,17,2,222.29,3.8
4346,1465,55,5,211.61,11.32
4347,1466,73,1,876.96,12.7
4348,1467,12,4,620.29,14.64
4349,1467,25,3,85.87,4.71
4350,1468,54,3,708.91,89.5
4351,1468,142,4,154.67,12.43
4352,1469,79,1,13.48,16.14
4353,1469,106,1,110.71,49.41
4354,1469,150,2,486.61,19.73
4355,1469,125,3,919.84,0.21
4356,1470,78,3,25.48,14.43
4357,1470,34,4,170.71,8.92
4358,1470,54,4,932.34,17.29
4359,1470,104,1,700.22,12.54
4360,1471,128,3,112.51,73.33
4361,1472,131,2,480.41,8.12
4362,1472,66,1,689.29,7.94
4363,1472,44,4,87.41,1.52
4364,1473,135,4,31.26,5.92
4365,1474,119,3,12.83,89.6
4366,1474,74,2,102.99,12.81
4367,1474,107,5,622.02,6.54
4368,1474,113,2,471.22,76.75
4369,1475,88,1,705.75,14.38
4370,1475,113,4,433.71,12.62
4371,1475,117,2,520.32,48.49
4372,1476,68,4,211.84,3.51
4373,1477,148,4,549.72,36.67
4374,1477,142,2,105.43,9.96
4375,1478,137,4,148.01,87.92
4376,1478,91,4,224.15,2.7
4377,1478,111,2,346.81,0.35
4378,1479,147,4,124.55,19.08
4379,1479,104,1,878.73,8.39
4380,1479,11,4,506.67,7.48
4381,1480,147,2,180.0,6.85
4382,1481,50,3,121.83,7.77
4383,1481,46,3,1110.04,5.45
4384,1481,16,2,733.31,5.29
4385,1481,96,1,301.59,13.55
4386,1481,1,5,313.07,0.68
4387,1482,106,2,69.66,13.93
4388,1483,81,2,307.76,6.75
4389,1483,32,2,30.99,79.66
4390,1483,97,2,560.21,0.93
4391,1483,122,1,460.13,45.54
4392,1484,43,3,639.82,17.41
4393,1484,37,5,67.04,18.65
4394,1485,139,4,293.32,13.82
4395,1485,102,5,807.62,50.27
4396,1486,15,3,276.62,3.01
4397,1486,31,2,76.56,2.96
4398,1486,27,3,284.04,52.43
4399,1486,17,-2,213.39,55.03
4400,1486,53,5,196.21,84.42
4401,1487,108,3,319.35,9.34
4402,1487,27,5,416.68,12.08
4403,1488,98,1,684.65,1.46
4404,1488,20,5,554.52,12.97
4405,1488,99,3,190.15,0.89
4406,1489,51,2,625.28,18.49
4407,1489,126,1,525.86,16.54
4408,1489,120,4,662.09,5.48
4409,1490,84,3,544.92,59.32
4410,1490,102,3,966.93,3.52
4411,1490,3,4,219.58,11.54
4412,1491,131,2,556.03,96.75
4413,1491,87,5,797.34,14.58
4414,1491,30,5,424.21,10.93
4415,1491,47,4,668.29,19.33
4416,1492,23,2,336.65,91.37
4417,1492,126,5,808.42,17.25
4418,1492,104,4,533.5,4.33
4419,1492,96,3,181.08,81.36
4420,1493,121,1,118.92,3.65
4421,1493,131,5,469.15,0.47
4422,1494,124,4,323.06,4.95
4423,1495,125,-2,808.75,0.32
4424,1495,94,1,418.78,4.7
4425,1496,116,1,118.34,8.99
4426,1496,23,5,355.01,14.39
4427,1497,129,4,358.12,2.52
4428,1497,72,2,717.46,17.44
4429,1497,147,2,160.56,47.13
4430,1497,84,5,325.68,16.58
4431,1498,129,5,357.3,53.43
4432,1498,27,3,277.79,39.4
4433,1498,107,2,1088.43,6.59
4434,1498,20,4,412.25,38.97
4435,1498,7,2,366.53,9.69
4436,1499,38,3,790.73,15.54
4437,1499,27,5,320.15,11.33
4438,1500,65,4,32.98,15.61
4439,1500,93,1,880.87,95.91
4440,1500,25,3,83.61,58.11
4441,1500,22,1,460.18,16.56
4442,1501,39,3,316.78,19.52
4443,1501,148,1,401.45,13.17
4444,1501,104,2,884.88,70.98
4445,1502,68,2,255.81,17.15
4446,1502,103,1,586.51,14.75
4447,1502,85,3,587.28,15.04
4448,1502,94,5,359.81,11.71
4449,1502,14,2,406.06,19.67
4450,1503,147,1,159.33,67.99
4451,1503,89,3,697.36,3.11
4452,1503,27,4,390.77,14.16
4453,1503,75,2,126.25,13.59
4454,1503,61,1,844.7,16.83
4455,1504,132,5,592.99,44.38
4456,1504,24,3,192.39,11.82
4457,1505,139,5,287.28,47.4
4458,1505,61,-3,575.77,1.75
4459,1505,144,4,232.46,14.18
4460,1506,17,5,218.94,1.29
4461,1506,113,2,506.07,34.82
4462,1507,22,5,459.2,30.27
4463,1507,92,4,298.68,13.79
4464,1507,67,4,72.3,94.66
4465,1507,55,3,271.62,0.83
4466,1508,78,1,32.96,10.28
4467,1508,89,2,599.2,60.5
4468,1508,118,3,832.2,6.77
4469,1508,31,5,108.42,22.3
4470,1508,143,3,639.66,10.05
4471,1509,82,2,659.52,75.23
4472,1510,98,4,875.5,8.35
4473,1510,121,3,169.61,3.48
4474,1511,136,4,160.86,8.93
4475,1511,78,1,24.3,3.39
4476,1511,1,5,394.76,37.7
4477,1511,100,4,760.55,11.16
4478,1512,126,1,689.85,36.36
4479,1512,67,1,55.37,15.99
4480,1512,4,1,274.99,23.4
4481,1513,13,4,229.5,44.0
4482,1513,59,1,422.23,12.95
4483,1513,120,1,592.08,8.17
4484,1514,56,3,513.44,3.72
4485,1515,54,5,1118.11,4.32
4486,1516,52,3,410.1,60.65
4487,1516,92,4,273.87,10.24
4488,1516,138,5,586.77,12.94
4489,1517,59,4,319.48,1.54
4490,1517,125,4,662.51,63.69
4491,1517,105,3,813.17,26.93
4492,1518,13,3,233.3,12.14
4493,1518,109,2,954.24,57.37
4494,1518,146,2,505.31,12.56
4495,1519,115,5,819.0,31.22
4496,1520,31,1,87.97,7.79
4497,1520,68,2,275.66,9.89
4498,1520,41,1,405.79,14.89
4499,1520,19,4,1052.52,4.02
4500,1520,92,4,277.85,16.0
4501,1521,13,4,243.27,6.41
4502,1521,116,1,151.75,13.11
4503,1522,73,-2,961.76,5.61
4504,1523,27,1,398.6,11.27
4505,1523,93,5,663.03,15.14
4506,1523,11,1,270.96,7.12
4507,1523,70,1,33.51,67.44
4508,1524,46,3,671.98,3.76
4509,1524,147,3,148.41,6.9
4510,1524,15,3,307.72,5.66
4511,1524,89,4,542.58,94.35
4512,1525,140,1,463.02,19.98
4513,1525,79,2,15.54,11.75
4514,1525,107,4,913.82,13.23
4515,1525,88,5,439.08,14.89
4516,1525,17,3,250.54,48.53
4517,1526,50,1,220.96,18.33
4518,1526,53,5,265.26,97.61
4519,1526,73,5,625.9,13.41
4520,1526,60,2,443.45,1.34
4521,1527,119,1,14.31,1.21
4522,1527,134,2,208.07,17.75
4523,1527,30,4,690.01,2.81
4524,1527,22,3,347.07,4.8
4525,1528,109,1,864.16,6.97
4526,1528,80,4,193.51,4.98
4527,1528,70,4,30.1,13.27
4528,1529,129,2,214.3,63.37
4529,1529,68,3,236.94,12.03
4530,1530,49,3,544.83,89.5
4531,1531,62,-4,646.63,51.97
4532,1531,88,3,743.3,5.91
4533,1531,61,2,792.13,7.82
4534,1531,148,2,408.67,10.96
4535,1531,23,2,300.73,92.28
4536,1532,80,3,171.44,44.66
4537,1532,78,1,33.72,10.99
4538,1532,79,1,23.2,3.4
4539,1533,117,3,858.44,18.76
4540,1533,85,5,472.66,4.18
4541,1533,14,-3,395.39,63.99
4542,1533,35,1,123.71,75.24
4543,1534,117,1,580.76,5.58
4544,1534,45,5,536.29,13.1
4545,1534,88,1,734.2,10.35
4546,1534,115,4,1136.81,3.49
4547,1534,84,4,381.46,85.33
4548,1535,78,3,29.47,18.94
4549,1535,94,3,364.4,95.44
4550,1536,84,1,511.04,18.37
4551,1536,9,4,200.66,15.22
4552,1536,150,2,526.69,5.84
4553,1536,146,5,476.29,9.95
4554,1536,78,3,35.51,9.93
4555,1537,83,4,501.27,1.05
4556,1538,149,3,123.07,61.62
4557,1538,106,3,88.33,6.21
4558,1538,72,3,518.17,12.35
4559,1538,87,5,655.76,13.77
4560,1539,2,2,753.45,29.58
4561,1539,100,4,769.66,12.59
4562,1539,57,5,106.53,2.2
4563,1539,130,2,301.14,81.7
4564,1540,68,4,223.89,1.92
4565,1540,98,5,759.32,9.43
4566,1540,35,1,132.05,6.58
4567,1541,144,2,181.19,5.87
4568,1541,62,5,871.76,1.33
4569,1541,140,2,727.38,12.9
4570,1542,87,3,674.36,11.43
4571,1542,37,5,61.65,15.08
4572,1542,35,1,131.07,60.72
4573,1542,141,4,762.41,12.2
4574,1542,122,1,343.33,67.26
4575,1543,100,3,623.39,7.24
4576,1543,27,5,325.28,19.84
4577,1543,116,3,113.97,29.97
4578,1544,131,1,617.41,62.72
4579,1545,83,5,393.38,0.7
4580,1545,70,1,34.25,12.12
4581,1545,146,4,457.78,9.32
4582,1545,10,-4,72.29,7.58
4583,1546,103,4,477.12,76.04
4584,1547,44,3,136.32,7.6
4585,1548,81,1,276.99,16.93
4586,1548,93,4,909.19,16.41
4587,1548,94,3,413.68,0.42
4588,1548,138,2,753.22,1.08
4589,1548,41,3,378.98,0.54
4590,1549,67,4,46.44,26.14
4591,1549,94,3,494.69,4.01
4592,1549,99,5,269.25,5.37
4593,1549,150,2,667.73,17.81
4594,1549,29,1,304.66,12.6
4595,1550,31,2,99.43,17.55
4596,1551,54,2,673.41,90.52
4597,1551,52,-4,472.96,2.89
4598,1552,125,5,787.77,14.49
4599,1552,107,2,657.69,50.75
4600,1552,62,1,685.51,13.18
4601,1552,63,3,53.77,15.53
4602,1552,131,1,472.17,35.33
4603,1553,9,2,182.21,12.44
4604,1554,4,2,288.89,27.5
4605,1555,128,1,133.99,16.58
4606,1556,25,3,55.1,98.7
4607,1556,62,3,899.58,3.41
4608,1557,128,2,165.59,4.65
4609,1558,42,4,936.14,19.99
4610,1558,13,1,172.96,0.17
4611,1558,21,2,67.76,10.58
4612,1558,86,1,544.04,7.55
4613,1558,40,3,101.03,15.24
4614,1559,33,1,572.08,92.4
4615,1559,30,5,487.97,16.4
4616,1559,63,5,61.56,18.61
4617,1559,86,3,618.76,5.56
4618,1559,12,2,469.05,2.93
4619,1560,74,3,123.85,8.96
4620,1561,106,1,119.54,6.51
4621,1561,60,3,360.15,16.02
4622,1561,146,5,362.81,31.82
4623,1562,35,4,150.14,0.34
4624,1562,131,2,623.29,98.12
4625,1562,137,5,146.49,93.91
4626,1563,58,5,792.19,5.21
4627,1564,55,2,349.32,14.76
4628,1564,125,3,874.32,11.56
4629,1565,1,3,395.05,47.48
4630,1565,53,4,293.81,29.75
4631,1565,135,4,24.81,0.99
4632,1566,110,2,592.12,11.14
4633,1567,126,1,658.62,3.78
4634,1567,117,3,674.79,17.85
4635,1567,54,4,1092.5,8.76
4636,1567,58,3,914.02,11.14
4637,1567,96,5,263.73,10.32
4638,1568,136,1,247.43,5.41
4639,1569,31,1,79.08,65.8
4640,1569,128,3,117.5,3.91
4641,1569,144,4,229.95,8.9
4642,1569,61,3,505.82,11.3
4643,1569,74,2,82.03,19.6
4644,1570,7,1,364.71,9.19
4645,1571,97,2,610.74,65.77
4646,1572,44,5,132.57,2.38
4647,1572,79,2,16.35,10.79
4648,1572,66,5,1040.54,30.33
4649,1572,123,5,16.84,9.42
4650,1573,72,3,446.75,38.39
4651,1573,75,1,147.88,10.81
4652,1574,24,5,251.29,7.14
4653,1575,104,1,552.26,97.35
4654,1575,92,4,279.06,66.54
4655,1575,15,1,324.39,9.43
4656,1575,28,1,369.22,8.22
4657,1576,90,4,1231.88,27.01
4658,1576,121,1,151.52,16.04
4659,1576,80,1,212.21,4.75
4660,1576,62,2,827.2,15.89
4661,1576,150,4,755.9,2.26
4662,1577,134,2,211.88,1.05
4663,1577,9,2,158.5,7.67
4664,1578,76,2,854.64,16.98
4665,1578,143,3,674.43,13.45
4666,1578,45,2,673.2,1.84
4667,1578,90,5,1207.23,38.49
4668,1579,91,2,245.6,5.11
4669,1579,73,4,920.87,40.93
4670,1580,100,5,596.31,19.9
4671,1580,19,2,932.98,75.68
4672,1580,127,3,235.97,19.4
4673,1580,78,3,30.24,7.51
4674,1581,124,4,255.7,5.8
4675,1581,22,5,386.16,4.44
4676,1582,110,3,516.06,17.76
4677,1583,95,2,581.47,2.29
4678,1583,48,2,1014.83,19.51
4679,1583,24,5,243.56,10.62
4680,1583,25,3,68.63,17.85
4681,1583,82,2,648.56,12.67
4682,1584,96,4,215.06,5.85
4683,1584,115,5,1025.61,76.87
4684,1584,148,4,499.99,6.53
4685,1584,145,5,381.34,10.56
4686,1585,116,4,181.32,3.63
4687,1586,60,5,292.28,19.27
4688,1586,15,5,296.32,84.61
4689,1586,131,2,555.32,16.07
4690,1587,124,2,295.85,0.41
4691,1587,19,-2,918.81,15.84
4692,1587,145,4,235.49,76.64
4693,1587,40,3,88.61,16.29
4694,1588,145,4,214.37,0.4
4695,1589,80,1,185.65,14.2
4696,1589,105,3,656.2,42.74
4697,1589,71,1,398.6,4.44
4698,1590,69,2,475.83,18.99
4699,1590,11,5,384.43,8.24
4700,1590,19,1,829.39,13.96
4701,1590,24,1,334.34,15.89
4702,1590,117,5,587.15,18.53
4703,1591,12,-4,562.35,16.3
4704,1592,75,5,133.47,13.51
4705,1592,14,4,607.47,0.87
4706,1592,1,5,427.92,16.22
4707,1592,119,4,10.08,0.62
4708,1593,36,2,868.19,4.36
4709,1593,34,5,105.3,74.52
4710,1594,20,5,569.2,11.33
4711,1595,29,4,432.76,16.86
4712,1595,2,1,647.67,1.63
4713,1595,98,4,644.17,14.98
4714,1596,93,3,1003.2,18.34
4715,1596,29,5,436.61,44.61
4716,1597,17,4,137.45,16.25
4717,1598,78,2,32.06,3.13
4718,1598,100,5,951.04,18.32
4719,1598,81,3,268.15,69.53
4720,1599,85,3,707.98,21.53
4721,1599,1,2,281.27,12.59
4722,1599,44,4,115.17,68.63
4723,1600,40,4,67.7,80.2
4724,1600,1,2,255.24,8.99
4725,1601,72,4,580.84,3.91
4726,1601,79,3,19.12,69.8
4727,1601,133,4,881.46,16.73
4728,1601,43,4,419.33,79.2
4729,1602,112,4,628.86,16.43
4730,1602,80,3,225.46,12.76
4731,1602,18,3,767.32,9.24
4732,1602,11,2,441.22,9.0
4733,1602,66,3,629.27,11.64
4734,1603,134,2,210.03,16.12
4735,1603,119,4,17.98,73.36
4736,1604,33,3,993.8,6.86
4737,1604,128,1,105.08,14.4
4738,1604,79,1,21.81,41.57
4739,1605,76,2,628.34,78.95
4740,1605,92,2,238.84,10.29
4741,1605,52,2,447.86,19.27
4742,1605,142,3,138.63,6.07
4743,1605,45,2,620.91,19.56
4744,1606,141,4,678.92,61.15
4745,1606,1,4,335.93,91.42
4746,1606,29,1,511.54,15.44
4747,1606,52,4,463.18,35.37
4748,1606,60,2,438.04,54.54
4749,1607,87,5,888.6,0.45
4750,1607,10,5,69.44,2.42
4751,1607,148,1,347.62,11.13
4752,1607,17,1,215.3,5.9
4753,1608,10,4,49.48,13.55
4754,1609,102,4,901.51,16.68
4755,1609,145,4,359.89,17.43
4756,1609,75,4,187.03,2.01
4757,1610,64,2,168.21,17.06
4758,1610,21,1,81.76,97.68
4759,1610,16,3,603.08,79.41
4760,1611,98,5,891.65,14.56
4761,1611,29,1,381.07,14.48
4762,1611,73,5,965.06,17.44
4763,1612,137,5,199.34,87.71
4764,1612,73,5,1023.24,16.47
4765,1612,122,3,466.71,11.28
4766,1613,140,3,398.15,5.59
4767,1613,46,1,664.32,12.22
4768,1613,48,4,806.43,5.6
4769,1613,74,1,107.71,12.4
4770,1613,88,2,804.39,3.53
4771,1614,61,2,896.59,0.17
4772,1614,146,2,547.48,18.85
4773,1615,86,4,618.61,17.57
4774,1615,47,3,683.32,9.79
4775,1615,95,2,905.02,2.34
4776,1615,103,1,449.57,7.3
4777,1615,53,2,290.55,12.64
4778,1616,87,4,964.39,11.06
4779,1617,122,5,319.08,13.38
4780,1617,18,1,768.74,15.67
4781,1617,118,2,837.26,90.86
4782,1617,60,4,501.71,77.87
4783,1617,83,4,300.46,64.41
4784,1618,37,2,91.96,6.61
4785,1618,141,4,686.2,0.94
4786,1618,108,3,253.87,12.32
4787,1618,137,2,221.29,19.32
4788,1618,122,5,347.05,5.83
4789,1619,74,1,69.86,12.74
4790,1619,147,3,179.13,74.85
4791,1619,61,5,501.72,13.13
4792,1619,53,-2,269.75,3.4
4793,1620,32,2,44.68,81.92
4794,1620,141,2,701.16,44.02
4795,1620,84,5,445.52,12.96
4796,1621,131,3,632.33,0.4
4797,1621,75,3,195.07,19.34
4798,1621,83,4,516.4,88.86
4799,1622,89,2,529.69,36.69
4800,1622,26,2,113.51,33.25
4801,1622,129,4,332.63,8.08
4802,1622,54,1,684.41,6.73
4803,1623,98,3,541.07,14.24
4804,1623,110,1,530.45,7.45
4805,1623,12,2,398.5,5.09
4806,1623,99,1,239.14,18.06
4807,1624,4,5,247.64,6.37
4808,1624,67,4,40.84,6.73
4809,1624,51,2,401.01,2.11
4810,1625,136,2,235.85,12.82
4811,1625,142,5,88.13,16.14
4812,1626,28,1,395.33,1.48
4813,1626,137,4,160.03,51.14
4814,1626,123,4,15.76,6.39
4815,1626,33,4,584.74,1.73
4816,1626,25,5,72.36,10.74
4817,1627,112,2,605.24,61.43
4818,1627,87,3,958.71,32.62
4819,1627,21,4,105.81,3.65
4820,1627,125,3,774.55,8.46
4821,1628,17,3,189.48,12.52
4822,1628,24,4,210.84,16.95
4823,1628,133,3,798.04,8.27
4824,1629,24,1,206.51,1.24
4825,1629,50,5,162.34,10.1
4826,1629,74,3,103.2,69.98
4827,1629,32,3,43.2,84.73
4828,1629,60,4,349.16,13.19
4829,1630,33,3,767.18,19.17
4830,1631,11,1,354.67,76.41
4831,1631,90,1,966.02,6.46
4832,1631,15,5,441.34,4.38
4833,1632,69,3,282.92,4.77
4834,1632,76,2,693.85,0.51
4835,1632,123,4,16.76,73.03
4836,1632,126,5,827.25,7.65
4837,1633,41,2,394.5,97.9
4838,1633,11,4,383.0,1.9
4839,1633,108,5,302.8,18.04
4840,1633,128,1,132.39,1.1
4841,1634,56,3,461.72,6.71
4842,1635,47,2,897.65,4.22
4843,1635,123,4,12.99,43.56
4844,1635,30,5,697.72,15.81
4845,1635,125,5,706.28,19.76
4846,1635,51,5,628.14,12.38
4847,1636,120,3,681.69,91.74
4848,1636,149,3,110.6,12.24
4849,1636,123,5,15.72,16.0
4850,1637,91,4,282.6,7.85
4851,1637,25,5,87.55,11.43
4852,1637,6,1,112.17,38.53
4853,1637,138,1,821.91,17.56
4854,1637,53,3,173.18,16.84
4855,1638,105,2,1092.89,37.36
4856,1638,96,2,287.44,11.39
4857,1638,25,1,88.51,15.73
4858,1638,58,5,581.26,9.56
4859,1639,82,5,655.89,69.48
4860,1639,53,4,231.6,94.98
4861,1639,134,2,147.46,8.08
4862,1640,72,1,506.31,66.51
4863,1641,49,1,371.45,1.01
4864,1641,78,3,29.75,4.77
4865,1641,143,2,451.26,9.02
4866,1641,148,3,392.51,49.09
4867,1641,93,1,696.0,2.98
4868,1642,75,4,124.07,17.97
4869,1643,42,3,997.45,12.84
4870,1643,20,1,542.62,9.91
4871,1643,123,2,10.21,1.74
4872,1643,121,3,171.37,9.81
4873,1644,108,1,395.9,5.49
4874,1644,61,1,760.93,12.88
4875,1644,21,1,101.84,9.63
4876,1644,58,4,528.59,18.52
4877,1644,37,4,97.85,16.72
4878,1645,114,4,135.41,19.44
4879,1645,131,1,522.52,3.9
4880,1646,23,4,465.83,17.13
4881,1646,127,4,260.89,6.12
4882,1646,98,5,1017.62,19.6
4883,1646,123,1,11.43,10.01
4884,1646,1,4,444.49,8.47
4885,1647,145,5,276.91,16.47
4886,1647,79,5,17.71,71.03
4887,1647,23,1,350.09,3.34
4888,1648,104,3,998.29,9.82
4889,1648,129,3,265.04,17.94
4890,1648,121,2,90.13,74.72
4891,1648,7,2,227.71,4.45
4892,1648,53,3,303.33,5.17
4893,1649,42,2,977.97,15.21
4894,1649,108,3,329.55,12.89
4895,1650,26,2,110.57,3.55
4896,1650,74,3,93.99,4.03
4897,1651,39,2,213.05,16.91
4898,1651,129,4,254.74,13.1
4899,1651,16,5,951.79,12.06
4900,1651,124,2,418.65,4.06
4901,1651,18,2,620.1,11.08
4902,1652,142,5,92.21,19.19
4903,1652,103,4,585.61,99.79
4904,1653,47,4,894.21,16.68
4905,1653,37,2,82.15,4.66
4906,1653,64,2,103.67,0.5
4907,1654,66,2,844.1,12.34
4908,1654,104,5,718.51,71.96
4909,1654,8,4,538.42,5.66
4910,1654,51,4,670.51,15.48
4911,1654,54,4,945.13,60.18
4912,1655,137,5,120.08,8.76
4913,1656,129,3,243.97,0.86
4914,1656,147,3,107.04,70.92
4915,1656,146,3,651.31,9.96
4916,1656,59,1,408.61,60.57
4917,1657,138,3,526.45,36.43
4918,1657,105,3,881.39,11.99
4919,1657,101,2,348.61,10.47
4920,1657,21,4,73.55,14.14
4921,1657,55,5,330.24,10.49
4922,1658,7,5,412.73,17.99
4923,1659,42,3,936.18,15.11
4924,1659,69,3,436.23,5.46
4925,1659,81,3,205.53,5.87
4926,1659,5,1,90.09,14.43
4927,1659,84,4,429.07,14.14
4928,1660,79,2,22.93,49.68
4929,1660,97,3,809.81,9.53
4930,1660,22,5,351.75,8.74
4931,1660,83,5,457.54,2.17
4932,1661,62,1,592.59,17.82
4933,1661,142,1,118.26,1.09
4934,1661,97,5,784.05,7.32
4935,1662,146,2,613.83,5.12
4936,1662,57,4,122.05,12.72
4937,1662,150,5,760.86,15.34
4938,1663,147,1,174.37,11.99
4939,1663,148,1,409.59,43.4
4940,1664,11,4,418.77,0.26
4941,1664,124,2,340.2,78.53
4942,1664,4,5,350.56,70.49
4943,1665,29,5,478.3,53.04
4944,1665,17,3,151.48,19.98
4945,1665,117,5,862.89,7.93
4946,1665,49,2,321.16,11.05
4947,1665,7,2,239.42,6.41
4948,1666,144,1,211.85,40.84
4949,1667,140,3,483.21,1.36
4950,1667,91,3,329.44,4.84
4951,1667,136,4,188.83,1.39
4952,1668,128,3,110.4,10.59
4953,1668,14,4,486.74,85.79
4954,1669,96,1,267.01,5.44
4955,1670,28,2,669.77,39.47
4956,1670,93,4,819.33,98.53
4957,1670,3,3,238.11,17.05
4958,1670,25,4,64.41,17.83
4959,1671,122,2,409.43,6.17
4960,1671,147,4,108.06,11.87
4961,1672,84,5,505.8,16.16
4962,1672,40,-1,64.06,18.13
4963,1673,128,2,103.37,81.34
4964,1673,19,2,771.05,13.47
4965,1673,79,4,14.39,11.04
4966,1674,64,5,114.87,7.4
4967,1674,2,4,767.44,0.26
4968,1675,99,2,220.7,15.34
4969,1675,56,3,613.73,11.05
4970,1675,51,5,410.69,6.67
4971,1676,11,3,499.23,4.3
4972,1676,9,4,199.22,1.06
4973,1676,13,3,199.02,19.75
4974,1676,93,3,830.84,63.57
4975,1676,143,4,564.27,16.0
4976,1677,28,1,682.56,40.63
4977,1677,73,5,717.31,9.32
4978,1677,136,-4,263.16,2.83
4979,1677,134,4,168.35,17.13
4980,1677,30,3,456.37,13.7
4981,1678,128,5,140.73,11.99
4982,1678,109,2,695.22,15.95
4983,1679,144,2,162.37,5.39
4984,1679,27,5,435.68,7.84
4985,1680,99,4,179.68,18.81
4986,1680,42,2,707.28,1.64
4987,1680,141,2,563.28,10.93
4988,1681,2,2,655.02,16.61
4989,1681,42,4,690.78,76.98
4990,1681,125,1,713.38,12.2
4991,1681,130,4,300.5,6.92
4992,1682,88,3,694.94,6.09
4993,1682,134,3,159.07,45.16
4994,1682,70,2,40.05,14.92
4995,1682,51,3,559.62,16.2
4996,1682,31,1,84.11,28.92
4997,1683,85,1,686.13,31.32
4998,1683,32,2,36.55,2.59
4999,1684,61,-4,860.23,45.14
5000,1684,80,4,145.38,6.09
5001,1684,141,2,621.13,16.86
5002,1684,65,-3,33.97,43.54
5003,1685,98,3,1019.25,9.48
5004,1686,122,5,332.43,1.77
5005,1686,109,4,813.56,0.58
5006,1687,147,1,152.24,34.48
5007,1688,150,3,518.61,10.85
5008,1688,92,4,299.51,9.34
5009,1688,26,4,114.82,10.35
5010,1689,66,5,701.54,46.84
5011,1689,62,2,856.77,59.45
5012,1689,134,1,194.48,7.7
5013,1689,133,1,788.64,7.55
5014,1689,18,-3,691.81,61.02
5015,1690,131,5,492.34,2.85
5016,1691,97,2,827.57,42.67
5017,1691,62,1,664.03,91.68
5018,1691,36,1,688.15,46.43
5019,1691,117,3,903.03,75.76
5020,1692,67,3,70.07,11.27
5021,1692,53,3,283.47,67.7
5022,1692,14,5,555.51,42.08
5023,1693,16,3,973.86,1.79
5024,1693,7,2,247.64,5.82
5025,1693,144,5,217.49,20.01
5026,1693,118,3,1066.03,19.56
5027,1694,93,2,816.76,12.72
5028,1694,74,5,103.99,52.06
5029,1695,93,5,686.85,6.38
5030,1695,119,3,17.23,3.34
5031,1696,17,3,156.92,44.52
5032,1696,124,3,318.23,84.6
5033,1696,72,5,622.21,4.04
5034,1697,110,3,654.44,8.03
5035,1697,126,-2,494.05,22.45
5036,1698,127,3,255.59,79.28
5037,1698,92,3,337.21,11.28
5038,1698,54,2,916.97,19.41
5039,1698,68,2,243.89,5.73
5040,1698,46,2,1122.79,18.64
5041,1699,45,2,626.5,37.98
5042,1699,17,1,252.16,10.65
5043,1699,91,5,304.93,3.03
5044,1700,121,3,124.19,54.55
5045,1700,27,1,282.69,2.03
5046,1700,92,1,330.09,33.83
5047,1701,28,4,562.41,19.1
5048,1701,46,3,656.52,18.71
5049,1701,25,2,72.92,19.98
5050,1702,30,2,689.55,64.6
5051,1702,76,1,988.04,10.87
5052,1703,127,1,247.43,15.23
5053,1703,141,2,593.72,19.57
5054,1703,129,4,239.21,5.37
5055,1703,9,1,134.26,16.45
5056,1704,49,4,391.79,54.82
5057,1704,23,3,385.03,19.76
5058,1704,9,4,158.12,12.6
5059,1704,88,-2,766.26,5.68
5060,1704,114,5,115.29,15.2
5061,1705,111,5,435.47,19.82
5062,1705,131,5,519.69,19.01
5063,1705,21,1,118.48,5.81
5064,1705,96,4,217.13,23.45
5065,1705,4,5,322.36,14.2
5066,1706,93,4,1043.78,15.21
5067,1707,116,2,113.77,2.61
5068,1707,54,5,909.48,8.69
5069,1708,137,1,156.22,1.19
5070,1708,95,4,624.68,1.68
5071,1708,139,3,304.15,61.36
5072,1708,69,3,427.42,20.1
5073,1709,88,4,448.99,20.49
5074,1710,37,5,78.7,12.59
5075,1711,85,5,564.5,16.11
5076,1711,141,5,536.09,14.84
5077,1711,99,5,209.41,12.85
5078,1711,116,5,180.22,4.45
5079,1711,49,5,575.95,14.57
5080,1712,150,3,399.18,11.17
5081,1712,30,-1,618.77,9.58
5082,1712,82,2,881.76,18.18
5083,1712,32,3,30.77,80.37
5084,1712,78,2,25.15,21.92
5085,1713,46,-3,671.95,95.44
5086,1713,74,3,72.91,18.58
5087,1713,88,4,629.22,12.51
5088,1713,55,4,302.54,56.84
5089,1713,102,5,624.29,78.33
5090,1714,100,5,611.15,0.03
5091,1714,32,-4,44.48,43.53
5092,1714,67,1,68.99,12.45
5093,1714,41,3,346.05,43.99
5094,1715,90,5,923.61,1.03
5095,1715,53,2,228.19,6.91
5096,1716,47,2,528.89,23.04
5097,1716,95,1,557.41,6.73
5098,1716,51,4,497.99,18.32
5099,1716,120,2,401.7,9.14
5100,1717,129,3,233.15,8.65
5101,1717,59,3,498.66,88.05
5102,1717,75,2,177.31,6.22
5103,1717,139,2,183.12,12.81
5104,1718,98,2,728.36,18.14
5105,1718,111,1,524.36,3.38
5106,1719,35,5,189.49,16.48
5107,1719,55,5,314.94,11.92
5108,1719,36,4,748.5,19.97
5109,1719,84,2,335.1,0.0
5110,1719,56,3,449.89,1.77
5111,1720,20,2,397.61,10.06
5112,1720,83,-4,508.59,39.99
5113,1721,128,3,136.63,86.57
5114,1721,6,2,148.69,7.94
5115,1722,77,2,256.89,18.93
5116,1722,43,3,483.67,10.19
5117,1722,119,4,14.91,13.18
5118,1722,40,2,84.8,14.19
5119,1723,23,2,353.09,15.5
5120,1724,35,4,190.18,12.06
5121,1724,25,3,82.67,9.4
5122,1724,116,1,126.74,8.45
5123,1724,1,4,391.13,10.89
5124,1724,44,3,149.91,2.92
5125,1725,132,3,957.04,77.87
5126,1725,48,5,1053.33,13.45
5127,1725,41,2,340.31,73.17
5128,1725,129,4,302.63,54.72
5129,1726,12,-1,620.09,4.45
5130,1726,109,4,931.17,19.21
5131,1726,146,1,399.29,21.26
5132,1727,60,3,462.09,14.04
5133,1727,136,2,220.29,95.24
5134,1728,40,2,83.95,4.45
5135,1728,38,5,1052.6,69.87
5136,1728,51,5,612.28,9.39
5137,1728,12,5,623.28,3.15
5138,1729,120,1,598.45,3.65
5139,1729,100,4,1030.77,16.72
5140,1729,113,3,336.62,50.9
5141,1729,137,3,136.3,3.1
5142,1729,41,-5,229.26,19.47
5143,1730,77,2,248.1,1.26
5144,1730,145,-1,295.97,64.69
5145,1730,32,3,52.77,10.99
5146,1730,130,1,326.72,11.82
5147,1730,113,2,277.65,0.03
5148,1731,72,3,468.93,8.82
5149,1731,147,5,109.3,13.0
5150,1731,87,-5,791.42,5.27
5151,1731,14,4,388.95,4.26
5152,1732,46,3,1146.96,89.11
5153,1732,70,2,29.37,3.92
5154,1732,15,-3,345.06,1.53
5155,1732,134,4,208.98,85.3
5156,1733,69,5,312.79,16.05
5157,1733,32,4,42.61,2.37
5158,1733,84,3,500.96,10.01
5159,1734,28,1,622.59,16.64
5160,1734,49,3,472.49,17.14
5161,1734,44,1,140.03,10.51
5162,1734,16,1,583.12,2.63
5163,1735,64,5,145.07,27.07
5164,1735,87,1,1121.0,6.73
5165,1735,102,1,780.7,7.9
5166,1736,116,5,115.07,12.66
5167,1736,25,4,68.01,9.2
5168,1737,140,5,460.0,4.59
5169,1738,114,-3,136.45,19.8
5170,1738,12,2,680.2,9.44
5171,1738,90,1,1056.04,3.45
5172,1738,23,1,518.39,4.68
5173,1739,76,5,880.92,79.64
5174,1739,80,2,150.65,15.01
5175,1739,98,1,821.5,14.4
5176,1740,58,1,792.66,8.66
5177,1740,64,2,96.07,17.18
5178,1740,71,1,398.46,7.75
5179,1740,93,5,981.97,6.22
5180,1740,2,2,891.71,18.62
5181,1741,126,1,650.83,11.48
5182,1741,33,2,897.48,25.61
5183,1741,136,4,161.09,9.97
5184,1741,80,1,204.06,8.2
5185,1741,134,4,128.48,11.66
5186,1742,2,4,863.09,19.37
5187,1742,70,1,27.68,80.19
5188,1742,150,5,737.34,43.79
5189,1742,76,5,966.94,11.52
5190,1743,132,3,834.74,18.56
5191,1743,65,1,44.31,16.63
5192,1743,14,3,487.92,5.57
5193,1744,81,3,240.38,2.24
5194,1744,102,1,644.43,0.36
5195,1744,100,1,966.95,15.36
5196,1744,108,3,374.86,11.79
5197,1745,105,3,693.87,1.56
5198,1745,47,-2,600.77,12.15
5199,1746,67,4,63.27,12.71
5200,1746,138,2,874.5,4.08
5201,1746,13,2,246.55,16.82
5202,1746,133,2,725.69,13.82
5203,1746,107,-2,681.94,11.3
5204,1747,3,-1,158.3,16.26
5205,1747,145,5,257.44,17.87
5206,1748,5,1,61.66,10.97
5207,1748,28,5,378.29,1.13
5208,1748,78,4,32.59,5.42
5209,1748,11,5,483.79,15.25
5210,1748,87,5,1072.23,8.4
5211,1749,136,4,219.53,1.59
5212,1749,139,4,321.72,9.5
5213,1749,49,4,412.68,14.32
5214,1750,77,5,220.99,10.8
5215,1750,47,3,557.64,32.79
5216,1750,99,4,253.46,7.23
5217,1750,26,4,90.17,6.44
5218,1750,92,3,353.37,10.87
5219,1751,137,1,139.26,18.4
5220,1751,99,4,158.18,16.76
5221,1751,114,2,96.82,83.63
5222,1751,133,5,1160.63,98.49
5223,1751,95,5,759.02,18.71
5224,1752,5,4,80.94,3.92
5225,1752,75,4,206.6,41.06
5226,1752,100,2,716.5,11.41
5227,1753,79,3,16.7,16.07
5228,1753,82,2,823.72,18.83
5229,1754,83,5,378.97,9.74
5230,1755,15,1,364.92,87.04
5231,1755,121,5,159.82,17.82
5232,1756,115,-5,862.26,3.96
5233,1756,108,3,337.28,6.37
5234,1756,18,2,443.73,14.52
5235,1756,120,2,560.78,15.16
5236,1757,88,3,530.13,17.03
5237,1757,96,4,282.3,90.76
5238,1757,6,2,160.52,16.04
5239,1757,7,2,228.47,31.93
5240,1757,15,5,285.43,6.41
5241,1758,8,1,870.16,3.69
5242,1758,31,2,65.38,10.39
5243,1758,59,2,332.36,18.47
5244,1758,123,4,13.81,5.42
5245,1759,100,3,653.42,10.11
5246,1759,140,5,605.51,14.56
5247,1759,84,4,401.89,18.71
5248,1759,53,3,237.3,8.78
5249,1760,101,5,232.76,56.78
5250,1760,77,5,227.29,12.34
5251,1760,94,3,288.98,3.67
5252,1761,126,4,658.34,99.39
5253,1761,54,3,885.37,9.7
5254,1761,84,4,518.52,13.18
5255,1761,28,1,427.45,8.78
5256,1761,23,2,428.02,18.98
5257,1762,105,5,1067.55,8.76
5258,1763,45,1,620.96,9.41
5259,1763,3,4,176.22,8.11
5260,1763,85,4,577.18,8.09
5261,1764,30,1,476.5,85.87
5262,1764,89,2,706.24,16.84
5263,1764,60,5,491.69,13.22
5264,1765,81,1,291.04,1.41
5265,1765,28,3,552.48,9.26
5266,1765,65,3,33.7,3.68
5267,1765,112,2,701.81,18.01
5268,1766,40,2,115.56,54.3
5269,1766,93,2,671.44,14.33
5270,1766,125,1,721.54,8.23
5271,1767,133,5,799.34,6.3
5272,1767,14,3,508.71,5.8
5273,1767,9,2,170.95,60.64
5274,1768,33,2,721.82,14.53
5275,1768,17,5,166.02,12.82
5276,1769,70,4,47.73,15.14
5277,1769,100,4,648.12,9.32
5278,1769,133,3,1194.28,12.2
5279,1769,128,5,134.21,0.58
5280,1769,53,4,296.2,29.69
5281,1770,51,3,582.68,11.32
5282,1770,14,2,688.03,30.05
5283,1770,107,2,610.26,13.69
5284,1770,38,1,994.84,30.57
5285,1770,109,5,977.47,1.84
5286,1771,37,2,107.25,65.58
5287,1772,130,4,291.72,29.07
5288,1772,91,4,282.38,22.99
5289,1773,1,4,339.44,12.29
5290,1774,53,4,163.29,76.01
5291,1775,131,3,618.75,5.44
5292,1775,74,1,111.01,19.78
5293,1775,62,2,803.76,7.08
5294,1775,42,4,990.66,9.62
5295,1776,92,5,230.7,17.71
5296,1777,88,3,503.52,13.61
5297,1777,108,2,326.34,18.84
5298,1777,140,5,458.81,13.79
5299,1778,123,3,10.48,15.37
5300,1779,6,5,181.5,14.39
5301,1779,106,2,113.65,17.95
5302,1779,116,3,165.72,6.52
5303,1779,15,4,253.98,11.02
5304,1780,135,2,23.99,5.91
5305,1780,125,4,897.18,5.6
5306,1780,54,3,783.75,9.95
5307,1780,30,-5,380.08,11.1
5308,1781,129,2,334.05,0.69
5309,1781,122,1,414.91,3.69
5310,1781,35,2,143.33,16.28
5311,1782,141,3,651.43,7.58
5312,1782,8,3,705.54,14.56
5313,1782,126,1,671.77,12.61
5314,1782,64,2,123.71,58.12
5315,1782,112,2,602.86,12.07
5316,1783,121,2,100.37,23.58
5317,1783,2,1,771.13,71.85
5318,1783,12,1,527.01,5.83
5319,1783,11,4,298.9,17.29
5320,1783,138,5,602.65,16.49
5321,1784,26,4,95.3,40.29
5322,1784,32,5,38.57,15.58
5323,1784,125,2,548.71,82.92
5324,1784,50,2,191.89,6.81
5325,1784,146,2,381.22,16.71
5326,1785,90,3,1185.12,18.87
5327,1786,66,4,779.97,18.65
5328,1786,81,3,233.11,2.4
5329,1786,111,5,397.76,93.45
5330,1786,77,1,166.8,8.87
5331,1786,98,5,664.7,0.34
5332,1787,62,2,695.32,13.26
5333,1787,130,2,239.27,15.41
5334,1787,46,2,1085.41,23.53
5335,1787,49,1,419.76,49.38
5336,1788,119,4,10.22,1.01
5337,1788,138,-3,801.41,2.45
5338,1788,108,2,391.75,60.84
5339,1789,56,5,721.59,5.61
5340,1789,53,5,253.85,18.38
5341,1790,23,3,464.87,0.96
5342,1790,82,-4,624.25,9.22
5343,1791,55,2,346.84,18.75
5344,1792,14,5,670.36,2.11
5345,1792,138,5,557.99,14.3
5346,1792,72,3,686.51,6.17
5347,1792,71,2,551.3,19.82
5348,1793,12,4,570.14,42.22
5349,1793,17,1,178.11,16.52
5350,1793,121,2,128.97,62.7
5351,1793,115,4,739.52,9.36
5352,1794,1,4,364.78,12.21
5353,1794,112,4,1015.06,81.99
5354,1794,6,2,165.98,8.7
5355,1794,77,-4,179.87,4.39
5356,1795,61,2,791.6,95.78
5357,1795,6,2,161.0,19.77
5358,1795,150,4,442.56,12.94
5359,1795,127,2,187.25,5.5
5360,1795,83,4,520.53,3.39
5361,1796,107,5,1033.75,3.06
5362,1797,136,-3,212.69,14.16
5363,1797,62,3,735.11,4.91
5364,1797,14,5,392.41,0.78
5365,1798,90,1,1172.53,18.06
5366,1798,60,2,541.89,16.2
5367,1798,75,2,140.99,16.71
5368,1798,143,2,404.25,1.58
5369,1798,140,4,626.26,97.42
5370,1799,25,2,48.43,17.43
5371,1799,31,4,73.75,19.89
5372,1799,2,5,545.53,52.85
5373,1799,58,-1,517.76,82.62
5374,1800,62,2,890.98,54.76
5375,1800,16,-1,576.16,17.94
5376,1801,42,4,1019.64,5.33
5377,1801,28,4,600.7,6.45
5378,1801,91,3,243.23,1.97
5379,1801,143,5,605.11,91.21
5380,1801,20,5,526.77,17.68
5381,1802,27,5,462.8,15.77
5382,1802,75,5,202.59,7.52
5383,1802,132,5,828.7,15.58
5384,1802,119,1,10.72,13.67
5385,1802,31,4,95.9,11.33
5386,1803,118,5,1122.06,15.69
5387,1803,116,3,183.04,7.42
5388,1804,116,2,161.69,12.53
5389,1804,114,-4,122.77,8.23
5390,1804,82,2,800.21,90.09
5391,1804,119,3,13.64,9.33
5392,1804,126,2,619.06,8.09
5393,1805,115,5,1177.7,16.8
5394,1805,14,-3,411.88,19.9
5395,1805,63,2,51.72,63.82
5396,1806,113,1,519.49,15.51
5397,1806,144,5,222.82,15.54
5398,1806,150,4,544.89,1.1
5399,1806,43,2,594.79,8.77
5400,1806,131,1,603.59,15.67
5401,1807,107,1,748.34,77.29
5402,1808,21,4,65.33,17.79
5403,1808,145,4,290.47,43.98
5404,1808,126,3,690.72,16.57
5405,1809,62,1,1013.65,41.76
5406,1809,66,4,1030.11,1.08
5407,1809,52,2,396.13,1.67
5408,1809,109,2,987.69,17.06
5409,1810,115,1,917.08,78.6
5410,1810,16,5,934.04,89.04
5411,1810,17,1,248.39,11.01
5412,1810,20,1,352.37,10.46
5413,1811,150,4,438.48,1.8
5414,1811,102,1,1064.64,14.13
5415,1811,9,3,155.07,7.28
5416,1811,81,2,318.33,18.67
5417,1811,49,5,341.05,15.1
5418,1812,23,-2,396.76,41.21
5419,1812,90,4,839.88,93.72
5420,1812,106,3,74.55,16.94
5421,1812,104,-5,569.27,7.95
5422,1812,50,4,187.84,16.88
5423,1813,125,3,856.51,94.82
5424,1813,130,4,248.7,13.7
5425,1813,26,3,126.93,13.37
5426,1813,54,3,979.71,52.07
5427,1814,97,5,548.64,12.74
5428,1815,94,1,278.64,65.55
5429,1815,26,2,95.97,18.08
5430,1815,53,2,301.49,47.2
5431,1815,38,-5,983.89,3.16
5432,1816,93,5,636.83,4.23
5433,1817,39,2,193.79,7.23
5434,1817,63,1,53.72,18.22
5435,1817,101,3,380.06,2.8
5436,1817,33,2,522.84,17.32
5437,1817,82,5,513.53,92.36
5438,1818,44,1,114.86,13.64
5439,1818,69,1,380.76,1.9
5440,1818,94,2,324.89,14.06
5441,1818,30,2,628.33,1.65
5442,1818,107,3,793.36,10.87
5443,1819,36,1,806.09,79.34
5444,1819,80,1,200.26,3.32
5445,1819,91,5,202.46,2.57
5446,1819,6,5,126.4,8.0
5447,1820,34,3,161.64,19.97
5448,1820,125,4,893.59,71.66
5449,1820,2,2,968.62,85.61
5450,1820,55,5,344.86,14.92
5451,1821,88,3,813.27,15.56
5452,1821,65,5,31.63,0.15
5453,1822,120,3,452.17,0.35
5454,1822,73,3,881.78,69.14
5455,1822,24,3,211.24,12.64
5456,1823,77,3,233.15,95.05
5457,1823,69,1,444.12,12.07
5458,1823,138,3,751.68,15.68
5459,1824,116,3,170.78,70.59
5460,1824,8,2,471.0,83.27
5461,1824,110,1,473.38,10.96
5462,1825,43,2,569.02,18.51
5463,1825,73,2,548.46,10.99
5464,1825,133,5,1158.76,0.43
5465,1825,65,5,44.93,10.29
5466,1826,44,2,104.87,0.08
5467,1826,10,5,51.31,63.52
5468,1827,126,2,641.86,2.61
5469,1827,145,5,202.34,0.46
5470,1827,21,2,75.33,18.49
5471,1828,93,5,1033.06,4.95
5472,1828,119,3,17.69,78.99
5473,1829,46,5,604.16,9.47
5474,1829,44,2,113.96,9.81
5475,1830,13,3,215.45,17.82
5476,1830,98,5,712.77,19.11
5477,1830,139,3,189.6,15.61
5478,1831,131,1,348.09,12.46
5479,1831,107,3,869.85,2.06
5480,1832,29,3,487.98,9.77
5481,1832,96,3,271.7,15.54
5482,1832,150,2,514.64,10.12
5483,1832,16,2,669.98,13.53
5484,1833,114,2,165.81,11.34
5485,1833,139,3,277.43,11.9
5486,1833,110,4,410.85,8.79
5487,1833,126,4,463.04,1.77
5488,1833,20,1,375.9,40.16
5489,1834,90,4,749.0,95.77
5490,1834,39,1,231.8,14.43
5491,1835,112,5,807.8,1.29
5492,1835,108,1,271.17,10.44
5493,1835,64,3,146.77,17.89
5494,1835,29,4,358.71,2.35
5495,1835,70,4,41.97,10.97
5496,1836,58,3,515.4,0.01
5497,1836,23,5,309.09,10.75
5498,1836,56,2,676.4,83.77
5499,1837,41,3,409.15,14.68
5500,1837,99,5,233.53,2.41
5501,1838,125,5,544.92,23.84
5502,1838,129,1,371.13,5.39
5503,1838,85,3,660.21,0.57
5504,1838,84,5,377.87,12.17
5505,1838,17,1,186.88,12.26
5506,1839,138,2,961.5,3.81
5507,1840,121,2,148.42,0.06
5508,1840,44,5,120.2,8.61
5509,1840,100,-1,622.62,1.15
5510,1840,99,5,201.49,80.45
5511,1841,42,2,995.66,27.15
5512,1841,7,5,264.44,52.52
5513,1841,139,4,231.95,5.12
5514,1842,63,4,71.99,2.48
5515,1842,66,5,984.44,14.1
5516,1842,119,2,10.05,0.8
5517,1842,131,1,495.84,2.41
5518,1842,28,2,446.31,6.54
5519,1843,140,1,705.39,10.91
5520,1843,30,5,672.64,5.27
5521,1843,22,1,259.09,18.86
5522,1843,43,3,636.2,6.31
5523,1843,113,3,336.85,10.9
5524,1844,146,5,610.3,19.41
5525,1844,91,3,179.07,19.14
5526,1844,23,3,377.65,3.4
5527,1844,101,3,226.35,34.94
5528,1845,117,4,856.01,14.03
5529,1845,56,3,522.22,4.81
5530,1845,150,3,575.22,0.18
5531,1845,13,3,274.64,99.8
5532,1845,118,1,1112.52,4.68
5533,1846,84,5,419.31,17.49
5534,1846,11,2,384.34,8.37
5535,1847,53,4,159.56,12.58
5536,1847,59,4,361.74,16.76
5537,1848,33,3,837.27,13.65
5538,1848,112,1,607.6,19.42
5539,1849,33,3,936.72,0.86
5540,1849,55,4,296.43,15.62
5541,1849,52,3,314.26,7.75
5542,1849,34,5,121.97,3.55
5543,1849,15,5,432.98,13.73
5544,1850,67,1,51.46,17.41
5545,1850,139,3,228.57,15.03
5546,1850,61,2,773.04,4.71
5547,1850,97,2,523.2,11.04
5548,1850,74,1,92.5,15.59
5549,1851,86,3,724.81,1.75
5550,1852,95,5,707.92,13.85
5551,1852,26,1,98.5,11.86
5552,1853,69,4,440.1,15.1
5553,1853,88,3,501.8,2.07
5554,1853,94,2,277.17,7.34
5555,1854,69,5,436.29,99.44
5556,1854,32,2,33.77,2.58
5557,1854,114,4,102.92,6.22
5558,1854,88,2,710.46,13.88
5559,1855,116,2,182.27,31.67
5560,1856,42,4,1043.86,5.13
5561,1856,114,1,158.65,92.02
5562,1856,3,2,162.18,61.26
5563,1856,149,3,108.8,33.15
5564,1856,55,1,265.97,7.74
5565,1857,137,-5,204.8,9.44
5566,1857,103,2,440.67,10.59
5567,1857,89,2,751.29,34.05
5568,1857,23,3,365.89,17.34
5569,1858,126,4,686.2,8.71
5570,1859,122,3,502.51,11.08
5571,1859,103,4,376.87,87.35
5572,1859,81,3,275.51,26.16
5573,1859,80,1,221.29,14.54
5574,1860,120,2,434.24,5.33
5575,1860,140,5,675.11,78.9
5576,1860,31,3,85.65,15.7
5577,1861,80,2,130.8,2.81
5578,1861,78,1,24.01,1.11
5579,1861,85,2,764.51,23.43
5580,1861,21,4,89.39,39.66
5581,1862,55,3,347.68,18.41
5582,1862,91,5,299.95,8.83
5583,1863,106,4,101.66,1.21
5584,1864,118,5,875.35,47.89
5585,1864,144,2,210.86,1.74
5586,1864,7,5,420.77,3.16
5587,1864,62,5,941.19,14.42
5588,1864,55,3,209.1,50.04
5589,1865,83,1,368.32,5.3
5590,1865,87,5,821.99,12.69
5591,1865,3,4,282.51,7.85
5592,1865,93,4,1058.62,23.0
5593,1865,10,1,77.2,17.43
5594,1866,90,1,683.84,74.96
5595,1866,22,3,318.03,79.97
5596,1866,69,2,295.74,19.48
5597,1866,116,5,125.71,7.89
5598,1867,92,2,209.03,12.35
5599,1868,7,2,255.31,71.75
5600,1868,145,1,349.89,18.31
5601,1869,113,2,411.28,8.18
5602,1869,12,1,571.81,19.77
5603,1869,104,2,686.0,11.61
5604,1869,136,3,229.91,11.82
5605,1869,52,2,283.08,18.33
5606,1870,31,2,70.66,8.63
5607,1871,100,1,821.9,18.31
5608,1871,110,1,456.27,51.5
5609,1871,149,1,125.55,80.21
5610,1872,47,2,589.05,19.38
5611,1872,5,5,96.3,7.04
5612,1872,89,-4,786.76,15.97
5613,1872,96,-5,304.15,1.08
5614,1873,39,5,264.23,11.6
5615,1873,144,5,219.96,14.22
5616,1874,100,-1,807.59,18.81
5617,1874,130,2,295.5,31.16
5618,1874,149,3,92.75,99.58
5619,1874,136,3,256.52,8.64
5620,1875,114,2,138.4,13.93
5621,1875,5,-3,56.9,5.88
5622,1876,114,2,147.64,14.68
5623,1877,22,3,420.1,35.88
5624,1877,13,3,241.18,5.65
5625,1877,68,1,312.35,2.09
5626,1877,131,-5,612.1,10.36
5627,1877,95,5,800.57,1.55
5628,1878,42,5,615.36,55.47
5629,1878,35,1,151.25,8.08
5630,1878,30,1,645.31,18.61
5631,1878,52,5,285.32,31.44
5632,1879,48,4,830.06,5.56
5633,1879,129,2,349.74,40.81
5634,1879,78,4,29.37,4.12
5635,1879,36,4,670.93,13.06
5636,1879,120,1,710.8,7.38
5637,1880,36,1,735.96,9.81
5638,1880,80,4,187.42,73.96
5639,1880,19,1,554.58,0.54
5640,1881,134,1,140.66,8.97
5641,1881,52,1,417.18,9.35
5642,1881,31,1,109.95,11.37
5643,1881,69,5,472.25,12.95
5644,1881,147,1,111.05,25.76
5645,1882,40,4,65.0,51.74
5646,1882,68,4,228.24,69.39
5647,1882,123,3,11.07,9.24
5648,1882,3,4,239.09,31.84
5649,1882,131,3,466.84,12.52
5650,1883,124,2,376.73,78.37
5651,1884,30,1,551.17,13.85
5652,1884,134,3,191.07,23.06
5653,1885,93,1,957.37,14.39
5654,1885,12,5,518.01,11.14
5655,1885,141,2,604.77,69.22
5656,1885,45,5,729.26,5.52
5657,1886,28,3,458.62,6.92
5658,1886,76,5,643.94,0.36
5659,1886,118,1,1171.84,17.28
5660,1887,133,-1,655.76,11.88
5661,1887,38,4,1029.93,11.05
5662,1888,109,-2,630.61,2.42
5663,1888,81,1,231.08,79.49
5664,1888,52,5,458.73,18.1
5665,1889,59,2,352.02,7.14
5666,1889,43,4,726.98,11.12
5667,1890,66,5,871.23,93.76
5668,1891,43,2,455.16,14.55
5669,1891,55,4,229.38,8.89
5670,1892,131,5,467.33,91.58
5671,1893,62,4,997.29,14.31
5672,1894,21,3,114.78,13.12
5673,1894,67,1,70.51,18.16
5674,1895,127,5,247.98,0.64
5675,1895,68,5,327.87,1.04
5676,1895,66,4,967.67,2.9
5677,1895,43,1,557.93,64.81
5678,1895,45,1,611.86,4.86
5679,1896,98,5,748.39,1.87
5680,1896,124,3,353.08,23.26
5681,1896,94,5,318.67,11.8
5682,1896,130,2,296.22,14.96
5683,1897,15,3,388.31,15.24
5684,1897,84,2,430.96,10.49
5685,1897,112,1,805.27,3.09
5686,1898,10,4,53.35,44.99
5687,1898,148,4,382.56,85.11
5688,1898,91,1,184.81,12.76
5689,1898,41,4,307.16,9.6
5690,1898,68,1,332.97,6.07
5691,1899,67,4,73.24,9.76
5692,1899,131,5,357.78,16.57
5693,1899,145,5,357.16,67.64
5694,1900,3,2,194.03,9.6
5695,1901,82,1,891.34,62.54
5696,1902,59,1,322.96,4.12
5697,1903,113,5,365.14,15.89
5698,1903,57,5,146.78,14.65
5699,1904,139,3,260.37,9.25
5700,1905,46,4,893.38,2.87
5701,1905,150,5,708.74,17.48
5702,1906,10,1,51.42,9.2
5703,1907,51,4,610.89,15.09
5704,1907,11,4,279.6,13.97
5705,1907,57,4,165.65,5.45
5706,1907,139,1,190.06,0.85
5707,1908,68,2,237.3,4.57
5708,1908,43,5,688.33,2.71
5709,1908,113,2,487.09,16.14
5710,1909,47,3,910.44,77.86
5711,1909,125,2,603.5,14.02
5712,1909,96,1,290.04,17.27
5713,1909,41,4,308.63,15.89
5714,1910,34,5,166.94,7.05
5715,1910,120,3,709.15,6.63
5716,1910,113,3,497.73,12.28
5717,1910,29,2,341.99,19.09
5718,1911,130,4,342.82,11.3
5719,1911,126,4,748.74,0.39
5720,1911,25,5,46.25,10.87
5721,1911,110,1,390.26,14.06
5722,1911,75,1,213.28,19.61
5723,1912,53,4,259.25,91.16
5724,1912,123,1,15.93,19.89
5725,1912,65,2,28.86,5.16
5726,1912,19,3,683.93,14.53
5727,1913,73,4,902.57,5.8
5728,1913,124,4,456.51,31.18
5729,1913,42,4,904.08,15.41
5730,1914,33,4,728.17,17.37
5731,1914,2,4,554.57,6.34
5732,1914,97,2,885.15,10.36
5733,1915,145,1,232.83,16.14
5734,1915,8,3,798.59,15.76
5735,1915,18,4,601.34,96.01
5736,1915,46,2,995.69,14.72
5737,1916,52,5,469.81,48.73
5738,1916,50,5,137.19,5.08
5739,1916,82,1,837.41,13.94
5740,1916,108,3,301.36,98.03
5741,1916,34,5,172.69,29.16
5742,1917,102,2,1082.15,11.93
5743,1917,108,5,383.87,9.51
5744,1917,111,4,429.52,10.7
5745,1917,120,5,416.46,2.03
5746,1917,132,4,841.8,19.98
5747,1918,143,3,381.28,50.88
5748,1919,110,3,414.19,0.78
5749,1919,90,5,814.53,12.68
5750,1919,64,2,153.88,87.91
5751,1920,119,2,14.36,19.49
5752,1921,122,3,277.71,6.73
5753,1921,43,1,656.44,3.69
5754,1921,36,3,657.58,77.9
5755,1921,87,3,991.1,1.34
5756,1921,121,5,100.76,42.79
5757,1922,39,5,202.89,44.38
5758,1922,61,4,573.22,42.62
5759,1922,97,4,756.3,60.89
5760,1922,114,1,135.11,2.72
5761,1923,29,-4,293.44,15.39
5762,1923,128,1,145.53,7.98
5763,1923,100,3,798.02,82.88
5764,1923,71,3,445.43,63.92
5765,1923,137,2,172.45,14.26
5766,1924,35,5,143.2,1.28
5767,1925,77,2,258.74,7.0
5768,1925,131,1,490.82,15.88
5769,1925,104,3,852.67,37.46
5770,1925,49,4,366.22,1.31
5771,1926,139,3,222.69,64.5
5772,1927,115,4,840.65,14.23
5773,1927,102,3,1095.57,6.4
5774,1927,27,5,424.31,10.78
5775,1928,21,3,69.84,19.15
5776,1928,110,5,539.09,14.1
5777,1928,108,2,264.61,19.88
5778,1928,132,3,747.58,47.7
5779,1928,12,1,483.76,12.75
5780,1929,87,3,941.85,8.28
5781,1929,142,2,150.48,14.12
5782,1929,130,1,331.35,7.28
5783,1930,117,4,583.62,15.13
5784,1930,14,1,539.7,2.52
5785,1930,22,5,279.1,32.57
5786,1930,89,1,621.16,5.55
5787,1931,11,2,329.34,13.89
5788,1931,103,5,458.19,4.5
5789,1931,80,3,181.25,7.15
5790,1931,145,3,372.38,10.03
5791,1932,3,3,180.73,8.97
5792,1932,101,1,206.12,15.17
5793,1933,22,4,335.63,9.33
5794,1933,1,-5,409.59,6.17
5795,1933,11,5,492.27,19.48
5796,1933,6,4,189.09,2.95
5797,1933,53,3,296.76,6.24
5798,1934,40,5,69.22,7.37
5799,1935,84,5,431.15,7.89
5800,1935,150,2,504.54,15.73
5801,1935,41,1,238.21,15.28
5802,1935,124,1,272.91,18.36
5803,1936,79,3,23.39,5.31
5804,1936,102,3,575.54,17.13
5805,1936,6,2,207.61,85.68
5806,1937,70,1,46.39,63.84
5807,1937,128,2,126.84,10.64
5808,1938,144,5,210.41,3.79
5809,1938,105,2,1157.77,52.92
5810,1938,99,5,189.62,16.87
5811,1939,56,1,475.28,60.02
5812,1939,93,1,727.34,14.3
5813,1939,94,3,313.61,11.53
5814,1939,92,1,214.18,7.3
5815,1940,125,5,752.11,14.78
5816,1940,15,1,268.84,4.1
5817,1940,87,4,629.39,4.94
5818,1940,75,4,113.61,13.14
5819,1940,66,1,949.88,28.63
5820,1941,125,1,733.28,6.27
5821,1941,121,3,148.42,10.34
5822,1941,91,2,201.2,74.64
5823,1941,37,3,71.81,8.85
5824,1941,21,4,95.08,2.87
5825,1942,106,4,122.37,5.02
5826,1942,147,4,107.17,75.87
5827,1943,144,3,149.32,12.71
5828,1943,148,4,485.41,52.11
5829,1944,115,4,1160.28,7.24
5830,1945,140,3,466.18,69.68
5831,1945,41,2,389.34,8.51
5832,1946,78,2,35.56,2.74
5833,1946,136,1,151.78,8.22
5834,1947,124,5,469.18,17.98
5835,1947,94,3,437.57,58.48
5836,1947,8,1,805.4,93.12
5837,1947,64,3,112.53,76.35
5838,1948,139,5,303.59,1.1
5839,1948,14,4,651.85,5.83
5840,1948,149,3,104.01,3.11
5841,1948,62,4,751.96,9.35
5842,1948,66,4,968.48,6.23
5843,1949,149,3,81.57,2.93
5844,1949,45,4,677.81,5.59
5845,1950,45,1,602.64,3.49
5846,1950,24,1,334.47,9.0
5847,1951,47,4,928.68,4.41
5848,1951,6,1,139.49,38.33
5849,1951,57,4,105.55,6.8
5850,1952,87,2,994.88,19.66
5851,1952,90,2,679.52,19.09
5852,1952,53,5,211.76,88.25
5853,1952,56,3,571.05,15.9
5854,1953,18,1,663.72,15.06
5855,1953,89,5,830.96,13.39
5856,1953,142,3,128.69,56.67
5857,1953,146,2,469.93,2.29
5858,1953,126,-3,451.61,1.98
5859,1954,91,3,304.51,2.45
5860,1954,94,5,481.32,1.73
5861,1954,25,5,47.34,14.68
5862,1955,33,4,765.69,7.12
5863,1955,117,3,594.99,7.49
5864,1955,3,1,260.58,15.36
5865,1955,21,5,65.77,33.37
5866,1956,104,1,820.62,14.21
5867,1956,142,1,132.8,3.46
5868,1957,9,4,193.97,95.01
5869,1958,36,1,919.09,29.93
5870,1958,31,1,74.48,19.1
5871,1958,47,1,721.47,1.57
5872,1959,72,4,458.47,15.81
5873,1960,99,5,279.33,2.0
5874,1960,117,3,677.25,54.72
5875,1960,5,1,61.69,44.32
5876,1960,18,5,640.58,82.31
5877,1960,145,1,372.63,0.63
5878,1961,66,4,893.18,5.4
5879,1961,124,1,289.72,33.3
5880,1961,29,2,467.82,65.01
5881,1961,143,2,617.26,8.81
5882,1962,65,1,29.23,71.98
5883,1962,89,1,500.39,1.09
5884,1962,133,4,723.12,59.06
5885,1962,71,3,362.51,88.88
5886,1962,85,5,457.88,5.94
5887,1963,17,5,158.95,14.48
5888,1963,2,4,562.84,10.38
5889,1964,85,3,849.52,22.91
5890,1964,114,3,113.36,85.32
5891,1965,80,5,223.14,13.01
5892,1965,134,2,129.85,16.97
5893,1966,87,2,887.9,13.02
5894,1966,7,1,263.77,9.84
5895,1967,57,1,122.11,17.6
5896,1968,86,2,728.34,0.67
5897,1968,36,2,631.19,2.66
5898,1968,42,1,700.11,10.9
5899,1968,47,5,654.75,16.87
5900,1969,9,4,137.62,37.76
5901,1969,14,2,495.56,7.51
5902,1969,33,3,818.33,9.59
5903,1970,30,3,626.28,16.16
5904,1970,57,4,109.27,11.63
5905,1970,80,2,176.92,64.73
5906,1971,101,3,233.74,0.69
5907,1971,28,3,449.66,51.06
5908,1971,102,4,810.82,13.55
5909,1971,108,5,271.48,18.64
5910,1971,103,1,578.99,12.86
5911,1972,102,4,824.61,12.97
5912,1972,91,5,318.15,16.07
5913,1972,25,2,68.04,36.57
5914,1972,47,5,614.31,12.01
5915,1973,85,2,787.61,19.76
5916,1973,28,1,477.3,8.17
5917,1973,86,3,619.25,3.36
5918,1973,137,5,187.95,92.13
5919,1974,25,5,82.1,14.77
5920,1974,80,5,134.25,16.95
5921,1974,98,3,846.95,47.34
5922,1975,87,5,1170.46,73.35
5923,1975,41,5,300.6,17.72
5924,1976,115,4,759.89,6.33
5925,1976,135,1,25.82,83.71
5926,1976,112,2,770.06,18.84
5927,1977,130,4,324.12,6.86
5928,1978,143,1,549.92,17.11
5929,1978,119,3,15.84,10.68
5930,1978,69,1,466.61,5.77
5931,1978,6,3,123.36,6.21
5932,1978,90,1,1226.96,10.48
5933,1979,129,1,308.6,23.59
5934,1979,145,3,241.63,56.65
5935,1979,56,1,575.74,18.58
5936,1980,103,2,464.29,13.35
5937,1980,10,4,75.04,17.44
5938,1980,31,3,60.09,55.36
5939,1981,114,3,167.21,0.37
5940,1981,14,3,583.23,7.75
5941,1981,69,5,300.32,11.37
5942,1981,34,5,148.44,18.96
5943,1982,138,4,650.88,10.37
5944,1983,20,3,472.28,60.23
5945,1983,45,4,399.88,9.28
5946,1983,21,2,88.68,15.81
5947,1984,23,5,421.78,9.39
5948,1984,29,4,317.06,5.6
5949,1984,63,3,71.38,14.77
5950,1984,133,4,799.92,37.53
5951,1985,72,1,538.29,6.77
5952,1985,132,4,820.38,10.53
5953,1985,63,2,62.53,6.72
5954,1985,91,2,181.19,18.64
5955,1985,104,5,800.45,73.15
5956,1986,139,3,285.05,15.88
5957,1986,102,2,1027.33,14.8
5958,1987,137,-2,163.34,11.0
5959,1987,52,5,266.34,40.32
5960,1987,116,2,102.25,6.76
5961,1987,135,3,26.35,38.55
5962,1988,101,5,322.68,91.64
5963,1988,50,2,213.1,5.81
5964,1989,47,5,866.46,10.98
5965,1989,25,1,59.04,11.26
5966,1989,15,2,348.5,75.66
5967,1990,60,4,514.44,18.63
5968,1990,52,4,413.04,6.94
5969,1991,21,2,100.6,2.6
5970,1992,7,4,226.97,88.34
5971,1992,18,1,672.12,0.99
5972,1993,76,2,1007.79,8.45
5973,1993,21,2,97.98,43.26
5974,1993,58,2,760.22,14.29
5975,1993,40,2,94.93,18.36
5976,1994,51,1,502.49,1.53
5977,1994,104,3,958.74,18.12
5978,1994,18,5,458.64,7.48
5979,1994,77,5,217.11,3.02
5980,1995,48,5,947.0,14.28
5981,1995,43,5,486.54,0.84
5982,1995,61,1,927.5,15.87
5983,1995,17,1,194.9,72.73
5984,1995,126,4,564.38,10.38
5985,1996,24,3,219.44,94.65
5986,1997,79,3,15.02,26.67
5987,1997,69,1,457.15,10.98
5988,1998,128,5,144.83,5.53
5989,1998,12,4,652.39,1.87
5990,1998,40,2,105.14,11.56
5991,1998,56,2,847.36,0.56
5992,1999,78,3,30.28,2.13
5993,1999,37,2,79.2,5.63
5994,2000,141,4,737.55,18.42
5995,2001,107,2,862.08,14.48
5996,2001,23,-2,501.43,15.86
5997,2001,121,1,94.59,96.59
5998,2001,110,1,636.78,18.96
5999,2001,137,5,182.85,38.69
6000,2002,30,5,430.79,17.92
6001,2003,39,-1,221.79,18.83
6002,2003,130,3,275.11,84.31
6003,2003,132,5,972.97,1.74
6004,2004,67,1,66.42,16.79
6005,2005,113,2,313.92,17.45
6006,2005,144,2,168.28,55.2
6007,2005,140,2,633.86,21.58
6008,2005,85,1,453.74,21.45
6009,2005,33,2,680.78,0.47
6010,2006,120,3,542.22,50.81
6011,2006,80,5,139.91,7.86
6012,2007,68,1,235.39,5.59
6013,2008,150,3,701.68,9.05
6014,2008,29,4,435.36,3.92
6015,2008,129,3,356.88,87.99
6016,2009,141,5,815.6,0.32
6017,2009,21,2,101.36,16.76
6018,2009,129,5,354.47,6.3
6019,2010,65,2,44.02,17.43
6020,2010,62,4,900.69,6.73
6021,2010,114,3,170.9,15.63
6022,2010,51,5,404.79,70.67
6023,2010,61,5,873.98,59.41
6024,2011,55,3,282.15,18.89
6025,2012,26,2,71.56,0.81
6026,2012,66,5,1012.53,0.55
6027,2012,112,1,982.59,12.62
6028,2013,8,2,789.0,8.83
6029,2014,80,2,128.33,13.01
6030,2014,145,5,345.59,6.41
6031,2015,127,2,266.84,10.93
6032,2016,48,2,706.13,89.75
6033,2017,9,5,133.19,6.68
6034,2018,22,2,278.17,14.93
6035,2018,137,-5,178.15,12.9
6036,2018,59,5,457.89,18.31
6037,2018,88,5,789.03,83.4
6038,2018,10,3,47.82,11.71
6039,2019,131,3,617.07,13.0
6040,2019,77,4,222.29,15.73
6041,2019,19,2,862.75,3.01
6042,2019,100,1,1044.91,14.82
6043,2019,60,3,508.91,3.77
6044,2020,3,5,189.8,90.42
6045,2020,75,5,196.6,10.33
6046,2021,75,2,122.78,92.52
6047,2021,57,1,112.48,54.5
6048,2021,62,1,644.46,11.62
6049,2022,4,5,281.1,3.36
6050,2022,126,2,544.94,14.72
6051,2022,89,1,584.53,5.22
6052,2023,87,2,950.15,10.67
6053,2023,91,4,187.47,13.06
6054,2023,6,3,179.54,15.46
6055,2023,132,2,1063.1,38.08
6056,2024,88,4,741.23,4.29
6057,2024,76,5,786.72,95.73
6058,2024,37,5,68.64,12.68
6059,2025,80,2,213.39,96.7
6060,2026,8,5,597.26,36.67
6061,2026,41,2,263.42,2.41
6062,2026,98,5,705.45,53.63
6063,2027,84,1,372.4,10.44
6064,2028,122,3,488.01,57.32
6065,2028,58,4,966.84,18.9
6066,2029,52,2,332.61,14.98
6067,2030,73,1,662.54,8.76
6068,2031,121,3,116.47,15.0
6069,2031,16,3,848.96,26.51
6070,2032,119,1,16.1,11.29
6071,2032,117,2,797.89,7.21
6072,2032,29,3,454.85,2.13
6073,2033,132,2,987.36,6.34
6074,2034,71,5,469.82,19.92
6075,2034,96,-4,312.85,9.5
6076,2034,106,2,88.49,4.02
6077,2034,90,2,936.36,29.2
6078,2035,14,1,562.28,4.12
6079,2035,128,-2,153.18,18.47
6080,2036,56,4,595.38,19.95
6081,2036,39,3,281.16,7.92
6082,2036,62,3,1001.66,1.61
6083,2036,17,1,155.8,11.84
6084,2037,1,5,380.86,5.59
6085,2037,55,5,385.29,12.42
6086,2037,150,3,717.55,10.52
6087,2038,75,4,158.05,52.56
6088,2038,39,2,320.45,1.23
6089,2038,107,1,872.67,8.79
6090,2039,37,4,91.04,19.76
6091,2039,31,1,73.09,14.74
6092,2040,72,2,729.65,15.72
6093,2041,117,3,622.44,18.11
6094,2041,26,2,71.18,11.79
6095,2041,112,2,673.05,77.14
6096,2041,36,5,952.36,9.81
6097,2041,118,3,1152.81,18.51
6098,2042,129,5,372.13,38.4
6099,2043,147,1,176.01,13.71
6100,2043,135,5,26.84,78.08
6101,2043,123,3,16.57,62.02
6102,2043,113,3,387.13,17.41
6103,2044,150,4,683.65,13.02
6104,2044,60,4,522.73,14.05
6105,2045,11,5,516.64,12.95
6106,2045,140,4,551.19,12.47
6107,2045,114,3,106.12,1.15
6108,2045,147,4,126.37,0.9
6109,2045,34,1,167.77,4.63
6110,2046,147,2,164.21,0.09
6111,2046,14,4,558.79,9.67
6112,2046,26,5,110.39,10.74
6113,2046,17,5,156.7,1.37
6114,2046,118,1,1166.9,0.07
6115,2047,7,4,313.52,8.26
6116,2047,38,3,984.25,19.86
6117,2047,44,3,149.82,5.97
6118,2047,46,5,713.39,3.51
6119,2047,78,5,24.16,14.24
6120,2048,102,3,873.86,8.89
6121,2048,20,2,436.49,11.36
6122,2049,15,3,304.79,75.27
6123,2049,117,3,905.25,6.55
6124,2049,7,4,318.94,5.02
6125,2050,29,1,400.7,2.29
6126,2050,129,1,377.17,11.38
6127,2050,20,4,578.57,17.89
6128,2050,110,-2,624.98,15.46
6129,2051,131,3,441.98,60.24
6130,2051,43,3,772.92,8.03
6131,2052,38,1,749.58,81.3
6132,2053,148,1,609.64,8.05
6133,2054,90,1,906.23,8.31
6134,2054,41,2,300.6,18.8
6135,2054,85,-5,709.54,14.75
6136,2055,124,2,408.59,69.24
6137,2055,95,4,514.6,17.73
6138,2055,126,3,825.97,5.8
6139,2055,40,5,109.43,59.77
6140,2055,16,5,592.98,4.46
6141,2056,19,4,598.25,65.96
6142,2056,16,5,1010.44,96.02
6143,2056,67,5,55.87,18.56
6144,2056,78,1,21.96,15.92
6145,2057,10,3,43.83,13.89
6146,2057,87,2,1052.01,18.05
6147,2057,49,4,507.81,56.84
6148,2057,139,4,203.18,0.06
6149,2058,65,3,40.62,3.3
6150,2059,80,2,220.63,18.64
6151,2059,78,5,36.95,7.5
6152,2059,32,2,53.84,48.58
6153,2059,3,2,193.43,9.33
6154,2060,113,4,327.51,1.69
6155,2060,73,1,713.41,9.13
6156,2060,102,1,664.01,11.58
6157,2061,118,4,1227.96,0.97
6158,2061,147,2,156.69,33.22
6159,2061,40,3,69.65,9.79
6160,2061,65,4,38.23,16.2
6161,2061,122,2,509.03,19.39
6162,2062,27,3,506.74,11.03
6163,2063,34,2,120.75,5.06
6164,2063,130,1,238.06,8.19
6165,2063,52,-2,410.54,41.02
6166,2063,12,2,606.23,2.76
6167,2063,39,1,270.31,19.92
6168,2064,86,1,610.55,51.31
6169,2064,139,3,255.57,8.38
6170,2064,99,4,284.47,2.67
6171,2064,128,4,139.52,18.6
6172,2064,62,2,970.66,69.66
6173,2065,85,4,634.94,6.75
6174,2065,55,1,246.83,99.74
6175,2065,21,5,74.01,16.84
6176,2065,102,3,659.28,62.98
6177,2065,29,2,340.44,6.39
6178,2066,75,3,144.54,17.71
6179,2066,91,1,236.9,24.03
6180,2066,12,4,522.4,12.12
6181,2067,74,2,111.72,18.62
6182,2067,140,3,602.57,67.96
6183,2067,78,5,28.84,3.75
6184,2067,72,-4,549.04,53.31
6185,2067,1,1,303.29,96.97
6186,2068,53,4,225.41,11.29
6187,2068,52,3,317.63,14.11
6188,2069,115,2,863.17,2.8
6189,2069,27,5,401.18,64.5
6190,2070,78,4,22.5,13.71
6191,2071,29,3,352.56,64.7
6192,2071,23,3,297.52,15.13
6193,2072,5,1,73.72,17.6
6194,2073,27,4,331.21,12.68
6195,2073,64,1,154.88,15.77
6196,2073,124,-2,443.55,30.77
6197,2073,125,2,922.12,0.18
6198,2074,6,5,144.83,14.15
6199,2074,27,2,499.62,4.0
6200,2074,41,3,289.19,15.64
6201,2075,65,2,37.4,17.43
6202,2076,118,5,1213.96,15.43
6203,2076,113,2,324.2,0.7
6204,2076,89,1,614.59,3.81
6205,2076,99,5,240.69,52.51
6206,2077,18,4,460.69,17.66
6207,2078,42,2,1086.92,79.92
6208,2079,138,4,649.75,0.58
6209,2079,60,2,354.55,12.65
6210,2079,23,5,410.3,6.1
6211,2079,79,4,19.87,18.98
6212,2080,126,5,733.03,16.57
6213,2080,41,2,243.97,18.53
6214,2081,133,5,1033.45,7.15
6215,2082,39,4,270.76,3.36
6216,2082,115,4,1078.2,27.65
6217,2082,65,5,40.79,76.49
6218,2082,95,1,551.2,3.38
6219,2082,7,3,322.25,73.26
6220,2083,77,1,176.7,8.33
6221,2084,40,4,79.63,71.92
6222,2084,109,3,791.15,7.74
6223,2084,19,3,942.75,84.04
6224,2084,102,4,969.0,28.39
6225,2085,98,2,681.34,17.89
6226,2085,58,5,649.87,3.52
6227,2085,127,4,242.02,19.36
6228,2085,121,5,101.76,3.19
6229,2086,142,5,86.49,17.08
6230,2086,119,5,10.6,6.94
6231,2086,115,1,816.1,42.54
6232,2086,146,2,386.43,18.74
6233,2086,74,3,95.74,85.08
6234,2087,118,4,1005.92,15.13
6235,2087,20,5,520.77,1.39
6236,2087,100,3,732.96,2.58
6237,2088,124,3,352.35,2.27
6238,2089,97,2,698.66,37.12
6239,2089,36,5,561.83,10.8
6240,2089,5,4,88.78,6.56
6241,2089,39,3,275.88,58.84
6242,2089,62,-3,803.85,8.31
6243,2090,91,1,183.76,15.78
6244,2090,94,1,446.8,15.28
6245,2090,36,-5,776.43,11.38
6246,2090,75,2,170.85,10.08
6247,2090,13,5,251.46,15.53
6248,2091,126,4,663.48,19.42
6249,2091,15,2,418.93,18.81
6250,2091,44,1,97.65,7.88
6251,2092,112,3,1081.42,11.05
6252,2092,25,4,80.39,1.38
6253,2092,124,2,297.26,15.24
6254,2093,73,2,571.94,14.17
6255,2093,51,4,599.3,16.25
6256,2093,120,4,632.25,2.18
6257,2094,90,4,1188.17,7.66
6258,2094,103,3,434.78,8.56
6259,2094,144,-1,199.06,13.52
6260,2095,98,-3,983.53,2.99
6261,2095,25,2,86.42,4.05
6262,2095,73,5,997.57,15.8
6263,2095,121,4,159.38,16.11
6264,2095,59,3,496.49,6.29
6265,2096,140,3,685.34,13.77
6266,2096,138,-4,936.88,82.53
6267,2096,69,5,347.45,14.73
6268,2096,51,4,470.57,6.85
6269,2096,142,4,124.25,9.38
6270,2097,136,4,153.43,2.5
6271,2097,21,2,116.66,17.45
6272,2098,56,4,532.3,11.56
6273,2098,24,4,286.43,11.67
6274,2098,101,4,219.84,1.6
6275,2098,73,3,1034.31,58.09
6276,2099,148,5,472.41,6.88
6277,2100,125,2,867.9,27.93
6278,2101,13,4,279.03,8.67
6279,2101,40,4,115.78,77.56
6280,2101,31,5,94.16,4.78
6281,2101,9,2,152.12,49.21
6282,2102,145,5,232.49,58.16
6283,2103,33,1,728.87,12.3
6284,2104,109,3,1048.01,12.77
6285,2104,118,4,1118.47,15.77
6286,2105,55,4,259.17,68.58
6287,2105,66,1,762.22,7.87
6288,2105,92,5,259.62,3.16
6289,2105,75,4,182.75,8.0
6290,2105,21,3,102.34,86.23
6291,2106,5,3,90.36,9.57
6292,2107,79,1,13.16,0.05
6293,2107,30,2,375.48,14.67
6294,2107,77,2,148.25,5.61
6295,2107,70,4,38.85,15.82
6296,2108,31,4,82.87,4.07
6297,2108,126,3,649.02,7.94
6298,2108,100,5,883.53,13.49
6299,2108,37,4,92.14,16.33
6300,2108,32,2,40.08,3.27
6301,2109,10,1,66.86,23.76
6302,2109,140,-3,397.48,7.62
6303,2110,147,2,172.88,1.44
6304,2110,67,1,66.33,11.17
6305,2111,114,4,144.52,18.51
6306,2111,78,3,33.71,9.34
6307,2111,4,4,349.87,96.2
6308,2112,48,2,879.31,37.35
6309,2112,23,5,424.23,0.8
6310,2112,57,1,126.63,10.05
6311,2112,44,-5,112.38,9.52
6312,2113,85,1,695.39,10.7
6313,2114,5,5,58.63,9.4
6314,2115,22,-2,421.75,95.88
6315,2115,63,1,83.44,22.73
6316,2116,141,4,565.48,18.45
6317,2117,71,4,543.92,13.99
6318,2117,28,5,467.29,93.93
6319,2118,91,2,285.82,79.16
6320,2118,149,4,111.73,1.71
6321,2118,48,2,937.19,87.57
6322,2118,41,4,356.35,54.04
6323,2118,47,2,866.05,6.97
6324,2119,31,1,99.37,3.41
6325,2119,76,1,959.8,17.49
6326,2119,57,1,140.39,95.53
6327,2120,1,5,386.73,3.92
6328,2120,135,2,34.55,13.82
6329,2120,127,1,256.95,11.37
6330,2120,29,2,356.34,72.77
6331,2120,52,4,464.22,3.14
6332,2121,68,5,343.64,15.13
6333,2122,18,2,769.2,4.56
6334,2123,47,1,693.14,91.12
6335,2124,47,3,549.59,8.36
6336,2124,128,5,106.52,16.69
6337,2124,14,-5,389.02,12.75
6338,2124,39,2,257.75,5.1
6339,2125,85,2,846.15,14.14
6340,2126,43,5,581.43,10.39
6341,2126,59,5,388.9,4.21
6342,2126,14,1,460.83,10.15
6343,2126,124,5,450.68,0.14
6344,2126,60,4,509.04,12.33
6345,2127,41,5,392.94,7.37
6346,2127,118,5,1007.15,91.54
6347,2127,117,3,952.33,86.16
6348,2128,67,1,67.69,5.62
6349,2128,65,2,29.89,17.52
6350,2128,138,5,970.78,18.29
6351,2128,86,-5,596.76,2.07
6352,2129,1,4,291.21,1.6
6353,2130,111,2,546.56,9.99
6354,2130,74,4,84.39,15.17
6355,2130,102,4,988.61,7.37
6356,2130,3,4,225.02,14.33
6357,2130,144,-1,240.3,97.45
6358,2131,146,2,369.67,1.78
6359,2131,123,3,15.45,28.75
6360,2131,66,5,554.6,27.09
6361,2131,73,1,847.31,16.64
6362,2131,108,2,415.68,19.1
6363,2132,4,3,337.91,17.34
6364,2133,42,4,662.44,38.27
6365,2133,82,3,819.39,3.98
6366,2133,69,5,377.83,53.35
6367,2134,144,5,257.55,19.99
6368,2134,53,1,194.06,90.33
6369,2134,42,5,801.99,13.34
6370,2134,70,4,39.86,2.47
6371,2134,54,5,862.04,92.87
6372,2135,124,5,473.58,10.04
6373,2135,41,3,244.66,14.75
6374,2135,14,4,465.39,35.52
6375,2135,79,5,21.91,26.08
6376,2136,69,5,359.0,13.87
6377,2136,125,3,493.73,19.11
6378,2137,77,4,214.47,62.58
6379,2137,39,1,188.05,10.82
6380,2137,88,2,644.76,14.58
6381,2137,56,1,734.0,19.33
6382,2137,42,3,843.14,13.31
6383,2138,110,4,406.67,85.24
6384,2138,32,4,46.88,13.81
6385,2138,105,5,634.08,14.9
6386,2138,13,3,166.2,18.17
6387,2138,20,1,376.86,78.51
6388,2139,118,2,739.1,7.09
6389,2139,76,2,981.23,40.76
6390,2139,17,1,253.89,4.46
6391,2140,24,2,338.41,85.31
6392,2140,128,5,136.86,81.27
6393,2141,19,5,558.42,10.42
6394,2141,6,5,152.67,33.28
6395,2141,40,2,64.54,57.67
6396,2142,104,2,653.61,15.97
6397,2142,132,3,847.84,5.17
6398,2142,135,4,22.42,0.99
6399,2142,87,1,786.46,66.76
6400,2143,61,2,646.57,16.62
6401,2143,73,2,864.5,16.08
6402,2144,74,3,72.67,14.45
6403,2144,4,4,329.22,30.34
6404,2144,1,4,372.32,9.87
6405,2144,28,2,577.12,15.31
6406,2144,23,3,315.31,96.05
6407,2145,90,2,732.87,14.18
6408,2145,68,4,248.11,48.7
6409,2145,110,5,382.54,18.36
6410,2146,98,3,803.9,5.95
6411,2146,28,3,571.07,1.13
6412,2147,131,5,420.07,5.42
6413,2147,103,3,568.26,18.1
6414,2147,86,4,509.96,17.56
6415,2148,42,1,621.71,69.77
6416,2149,46,1,950.99,9.65
6417,2149,7,3,259.26,74.55
6418,2150,35,2,138.13,2.75
6419,2150,48,1,926.53,7.19
6420,2150,11,5,388.1,66.94
6421,2150,77,4,158.73,70.29
6422,2151,81,2,229.75,44.46
6423,2151,127,4,224.27,7.2
6424,2152,42,2,1042.12,14.74
6425,2152,83,1,360.38,29.15
6426,2152,137,1,145.98,2.54
6427,2153,61,5,820.92,8.52
6428,2153,1,1,431.8,73.81
6429,2153,139,1,260.78,11.58
6430,2154,128,5,145.86,95.63
6431,2154,85,5,665.1,4.04
6432,2155,134,1,177.82,13.21
6433,2155,74,5,87.88,4.59
6434,2155,86,3,550.06,17.73
6435,2156,142,1,107.6,4.74
6436,2156,91,1,203.92,5.24
6437,2156,102,1,636.07,88.54
6438,2156,141,1,521.8,57.58
6439,2156,61,2,616.76,10.26
6440,2157,69,5,387.56,16.68
6441,2158,100,3,935.42,62.02
6442,2158,7,4,412.49,60.34
6443,2158,102,1,767.37,8.99
6444,2159,148,3,533.29,99.97
6445,2159,11,2,289.95,19.78
6446,2160,19,1,831.13,96.42
6447,2160,40,5,90.72,72.68
6448,2161,7,5,243.42,8.06
6449,2161,9,4,208.05,8.33
6450,2161,115,4,943.49,18.62
6451,2161,128,1,125.27,54.29
6452,2161,144,5,147.19,14.03
6453,2162,12,3,419.19,5.59
6454,2162,28,5,564.08,65.64
6455,2162,69,3,321.93,4.29
6456,2163,46,3,1029.7,7.37
6457,2163,95,4,537.03,20.45
6458,2163,133,1,744.58,72.05
6459,2163,4,5,370.17,1.21
6460,2164,126,3,573.88,7.08
6461,2165,25,4,82.31,18.71
6462,2165,140,2,527.25,5.92
6463,2165,24,4,253.56,16.54
6464,2166,23,-1,307.81,12.88
6465,2167,71,4,363.66,10.52
6466,2167,27,4,339.88,9.83
6467,2167,52,1,368.04,18.7
6468,2167,83,-2,393.08,8.2
6469,2168,58,2,899.64,12.16
6470,2168,54,1,993.24,0.62
6471,2168,128,-3,104.08,1.45
6472,2168,51,4,536.17,96.15
6473,2169,96,4,260.55,11.12
6474,2169,150,5,512.64,9.35
6475,2170,125,2,528.97,5.12
6476,2170,65,3,47.92,14.47
6477,2171,52,1,366.48,10.5
6478,2172,129,4,367.48,13.76
6479,2172,146,5,438.52,12.91
6480,2172,20,1,478.3,76.5
6481,2173,12,2,633.47,14.09
6482,2173,134,5,169.43,9.92
6483,2174,115,3,1200.98,4.19
6484,2174,60,4,360.76,43.35
6485,2174,72,1,472.6,7.03
6486,2175,33,5,566.5,11.7
6487,2175,43,5,434.61,79.78
6488,2175,19,5,758.33,65.72
6489,2176,60,3,317.88,58.57
6490,2176,38,2,841.33,68.24
6491,2177,93,4,802.77,1.12
6492,2177,116,1,189.19,16.61
6493,2177,5,1,96.79,51.11
6494,2178,21,4,86.68,14.17
6495,2178,72,3,690.29,93.86
6496,2178,47,2,870.3,6.72
6497,2179,68,4,272.36,7.43
6498,2179,130,4,270.0,17.86
6499,2179,117,1,878.34,55.77
6500,2180,40,1,90.21,93.83
6501,2180,20,2,560.99,67.53
6502,2180,56,3,583.69,11.28
6503,2181,21,1,98.05,33.34
6504,2181,99,1,221.26,10.35
6505,2181,73,1,880.28,15.39
6506,2182,120,4,618.8,11.82
6507,2183,119,2,10.41,9.99
6508,2183,139,5,243.64,6.67
6509,2183,110,5,710.19,84.76
6510,2183,85,3,619.28,57.53
6511,2183,148,4,488.24,10.7
6512,2184,109,1,657.25,18.63
6513,2185,38,3,1131.93,86.13
6514,2185,133,3,1205.52,36.77
6515,2185,94,-5,459.71,1.79
6516,2186,142,5,117.65,98.83
6517,2186,24,3,194.96,89.54
6518,2186,21,4,87.66,13.92
6519,2186,98,3,674.12,9.39
6520,2186,126,2,752.37,18.44
6521,2187,144,2,242.87,12.23
6522,2187,51,1,414.86,19.58
6523,2187,98,2,614.23,63.01
6524,2187,89,2,661.09,18.68
6525,2188,49,4,434.52,5.5
6526,2188,12,2,595.1,18.09
6527,2188,52,2,345.47,15.68
6528,2188,138,2,726.94,85.73
6529,2188,30,5,671.53,71.57
6530,2189,113,1,381.06,19.4
6531,2189,35,1,157.3,4.28
6532,2190,62,2,768.15,98.27
6533,2191,130,5,235.71,11.21
6534,2192,145,4,370.92,94.31
6535,2192,67,4,44.41,44.59
6536,2193,22,5,363.67,0.71
6537,2193,150,4,452.15,72.92
6538,2193,18,5,690.74,11.57
6539,2193,110,4,382.98,17.52
6540,2193,55,1,266.86,74.42
6541,2194,69,1,485.22,57.35
6542,2194,73,1,556.43,40.4
6543,2195,10,3,46.52,58.92
6544,2195,48,5,1021.89,1.21
6545,2195,88,2,434.52,6.04
6546,2196,141,5,479.12,7.16
6547,2196,56,5,781.27,7.38
6548,2196,11,5,509.0,55.16
6549,2196,85,3,612.23,10.94
6550,2196,79,2,14.15,19.41
6551,2197,43,3,768.41,69.65
6552,2197,86,4,485.99,16.3
6553,2197,3,3,279.69,8.14
6554,2198,39,1,185.72,0.76
6555,2199,41,3,356.93,16.68
6556,2200,26,1,97.68,10.12
6557,2201,103,3,443.41,3.13
6558,2201,42,1,1028.38,3.48
6559,2201,105,3,761.87,35.73
6560,2201,47,3,514.12,8.71
6561,2201,24,4,222.36,16.17
6562,2202,126,3,764.84,18.15
6563,2203,126,5,674.3,91.44
6564,2203,54,4,660.32,28.17
6565,2204,91,1,282.02,4.0
6566,2204,122,1,328.53,1.99
6567,2204,19,-5,941.74,19.31
6568,2205,80,5,206.4,5.84
6569,2205,34,2,169.45,48.95
6570,2205,3,3,244.82,2.56
6571,2205,127,4,264.19,8.42
6572,2206,13,5,212.33,11.72
6573,2206,8,3,793.78,14.28
6574,2206,72,3,528.93,12.07
6575,2207,129,1,229.68,7.71
6576,2208,91,5,273.23,5.46
6577,2208,127,4,216.77,7.57
6578,2209,127,5,252.41,70.26
6579,2209,97,5,819.69,19.1
6580,2209,102,2,657.96,3.23
6581,2209,113,3,459.09,13.58
6582,2210,74,1,65.45,51.37
6583,2210,35,5,122.42,84.28
6584,2210,31,5,107.91,36.57
6585,2211,103,1,462.82,41.27
6586,2211,149,4,122.39,32.08
6587,2211,15,2,407.38,54.29
6588,2212,92,2,382.06,96.23
6589,2212,10,4,77.91,72.53
6590,2212,85,3,513.82,13.77
6591,2212,16,5,701.45,18.86
6592,2213,38,1,863.59,7.14
6593,2214,95,4,518.97,6.45
6594,2214,147,4,165.64,8.63
6595,2214,45,1,457.53,13.41
6596,2214,69,3,310.56,7.08
6597,2214,18,5,463.81,16.46
6598,2215,87,1,686.15,5.89
6599,2215,19,5,802.39,11.55
6600,2215,80,4,119.53,20.9
6601,2215,140,3,514.3,7.25
6602,2216,102,2,632.25,16.17
6603,2216,119,2,12.26,66.64
6604,2216,58,4,564.28,19.2
6605,2216,23,4,556.81,22.7
6606,2216,51,3,403.48,1.54
6607,2217,108,-5,308.09,5.16
6608,2217,29,2,433.54,1.23
6609,2217,34,5,111.59,68.52
6610,2218,61,5,606.13,7.0
6611,2218,55,1,292.1,7.35
6612,2218,63,3,60.46,10.13
6613,2219,97,4,751.09,0.09
6614,2219,23,1,483.57,9.62
6615,2219,37,3,107.15,6.28
6616,2219,51,2,540.31,3.88
6617,2219,88,2,718.44,14.97
6618,2220,102,3,828.25,7.94
6619,2220,64,2,167.19,16.5
6620,2220,53,5,192.83,89.89
6621,2220,140,5,685.28,18.22
6622,2220,148,5,373.01,8.33
6623,2221,98,4,669.79,18.29
6624,2221,4,5,210.53,49.96
6625,2221,76,2,876.35,3.11
6626,2221,14,3,669.31,32.51
6627,2221,45,5,568.51,59.19
6628,2222,58,2,757.42,62.02
6629,2222,100,5,750.83,14.9
6630,2222,7,4,281.58,16.09
6631,2222,101,1,358.19,12.98
6632,2222,38,5,894.41,7.71
6633,2223,47,2,798.65,6.44
6634,2223,122,5,470.98,9.21
6635,2223,80,3,183.74,2.43
6636,2223,133,3,713.66,7.99
6637,2223,30,4,538.0,2.39
6638,2224,73,1,825.81,1.76
6639,2224,80,4,129.95,7.06
6640,2224,12,2,577.2,13.75
6641,2224,30,2,704.88,12.78
6642,2224,66,1,678.24,18.7
6643,2225,139,2,188.35,19.83
6644,2225,145,3,350.15,19.16
6645,2226,101,5,239.81,0.47
6646,2226,88,2,498.37,2.46
6647,2227,93,5,685.55,2.75
6648,2227,6,2,209.44,10.29
6649,2228,114,4,150.44,7.49
6650,2228,85,3,590.13,3.48
6651,2229,17,3,231.62,16.98
6652,2229,146,5,479.59,3.64
6653,2229,132,5,729.14,6.39
6654,2230,73,3,693.8,14.5
6655,2230,35,2,209.07,11.56
6656,2230,41,5,347.54,11.26
6657,2231,62,4,903.29,5.12
6658,2231,64,4,101.2,14.7
6659,2231,94,3,481.89,8.6
6660,2231,61,3,772.89,85.37
6661,2232,19,4,686.39,7.53
6662,2232,90,4,672.7,4.25
6663,2233,63,5,69.19,45.64
6664,2233,133,3,1190.16,22.64
6665,2233,110,5,603.07,10.92
6666,2233,14,5,531.19,14.68
6667,2234,41,2,391.63,76.26
6668,2234,119,5,11.05,0.56
6669,2234,70,1,37.69,5.38
6670,2234,107,5,800.23,16.9
6671,2235,123,3,17.82,1.01
6672,2236,19,4,603.43,16.93
6673,2236,45,2,681.28,3.01
6674,2236,83,4,423.58,3.69
6675,2236,59,5,290.88,3.01
6676,2237,59,5,356.66,16.19
6677,2237,90,2,729.63,17.33
6678,2237,49,1,563.8,8.45
6679,2237,29,4,475.73,17.18
6680,2237,20,4,419.04,13.15
6681,2238,16,1,889.17,35.48
6682,2238,99,2,174.17,0.44
6683,2238,3,1,243.97,0.81
6684,2238,110,3,453.31,11.3
6685,2238,14,2,467.03,19.01
6686,2239,75,3,127.4,70.94
6687,2239,111,3,332.99,16.47
6688,2240,36,5,802.11,7.69
6689,2241,57,5,128.16,6.48
6690,2241,84,-4,571.94,5.37
6691,2241,45,5,608.4,5.16
6692,2241,121,2,162.55,9.83
6693,2241,62,4,697.93,96.57
6694,2242,65,5,31.04,46.29
6695,2242,66,3,710.57,10.04
6696,2243,16,4,593.41,6.19
6697,2243,44,3,145.97,99.89
6698,2243,60,5,403.98,19.97
6699,2244,64,5,155.43,13.9
6700,2244,114,4,141.16,4.39
6701,2244,105,5,988.0,69.8
6702,2244,18,3,747.27,99.13
6703,2244,9,3,154.89,97.32
6704,2245,145,3,214.29,0.15
6705,2246,93,5,931.18,40.66
6706,2246,34,3,176.77,87.79
6707,2246,103,-1,311.42,10.84
6708,2247,121,4,103.5,36.87
6709,2247,108,4,424.61,13.7
6710,2247,77,3,212.13,10.73
6711,2247,28,1,604.19,2.86
6712,2247,79,1,18.88,14.45
6713,2248,115,1,699.46,16.36
6714,2248,121,2,154.63,6.37
6715,2249,57,3,150.24,11.49
6716,2249,54,1,850.4,8.63
6717,2249,85,2,535.07,12.46
6718,2249,140,5,581.15,52.48
6719,2249,81,1,286.87,0.94
6720,2250,9,5,181.13,9.26
6721,2250,83,3,316.35,43.8
6722,2250,148,5,557.61,14.31
6723,2250,94,3,485.05,7.64
6724,2251,2,4,912.22,2.85
6725,2251,46,2,666.05,14.8
6726,2251,141,4,497.99,17.94
6727,2251,121,2,129.36,52.35
6728,2252,68,5,237.58,5.81
6729,2253,104,5,805.9,19.43
6730,2254,62,1,989.58,9.5
6731,2254,38,2,827.55,15.58
6732,2254,19,3,928.9,41.47
6733,2254,20,3,505.29,12.98
6734,2254,59,1,377.31,42.48
6735,2255,74,2,77.73,5.15
6736,2255,25,4,57.49,13.27
6737,2255,125,4,859.61,0.43
6738,2255,15,5,244.45,15.34
6739,2256,2,4,538.78,10.04
6740,2256,34,2,127.17,9.55
6741,2256,144,5,259.18,9.24
6742,2256,149,5,111.11,7.83
6743,2257,58,4,958.17,32.47
6744,2257,72,5,515.93,15.18
6745,2257,81,3,276.46,8.73
6746,2257,134,5,130.12,44.11
6747,2258,82,4,667.1,8.61
6748,2258,37,4,64.3,6.77
6749,2258,104,5,843.77,5.19
6750,2258,24,2,197.78,1.83
6751,2258,124,4,294.12,1.8
6752,2259,10,2,74.39,19.57
6753,2260,146,5,613.3,34.36
6754,2260,30,1,698.94,7.6
6755,2260,86,1,481.77,1.85
6756,2260,63,1,68.28,18.75
6757,2261,147,5,169.75,1.83
6758,2262,52,4,500.1,5.98
6759,2262,39,-1,260.54,11.18
6760,2262,147,2,166.02,14.26
6761,2262,139,1,199.03,16.61
6762,2262,111,4,561.07,18.4
6763,2263,21,2,69.16,65.25
6764,2263,34,2,175.36,45.47
6765,2263,80,-4,122.19,15.97
6766,2263,17,5,208.43,19.29
6767,2263,84,4,365.16,9.23
6768,2264,76,3,748.62,12.64
6769,2264,27,5,522.39,3.86
6770,2264,6,5,140.41,97.99
6771,2264,141,5,629.13,5.09
6772,2265,93,3,742.37,14.13
6773,2265,40,2,91.9,18.44
6774,2265,35,2,199.53,2.96
6775,2266,136,2,264.35,34.78
6776,2266,111,2,341.29,65.62
6777,2266,28,2,678.13,17.37
6778,2267,121,1,168.11,7.41
6779,2267,14,2,385.61,10.38
6780,2267,131,5,514.35,0.98
6781,2267,47,5,612.94,4.67
6782,2268,49,5,343.25,11.25
6783,2269,6,5,151.39,14.65
6784,2269,42,5,662.36,76.44
6785,2269,5,5,75.36,4.96
6786,2269,131,5,567.45,97.87
6787,2270,116,5,143.75,27.95
6788,2270,125,3,565.74,34.44
6789,2270,112,4,706.42,69.06
6790,2270,129,5,238.38,0.59
6791,2270,10,1,71.5,5.11
6792,2271,40,5,64.64,7.74
6793,2271,68,2,321.99,67.31
6794,2272,86,4,508.73,8.33
6795,2273,28,3,685.25,8.43
6796,2273,70,2,41.92,41.66
6797,2273,14,3,587.09,66.95
6798,2273,64,4,124.91,11.86
6799,2273,138,1,970.03,65.99
6800,2274,96,5,301.67,9.41
6801,2274,133,1,877.12,86.88
6802,2274,69,2,421.2,6.79
6803,2274,150,5,552.04,7.02
6804,2275,91,5,300.49,0.46
6805,2275,45,3,461.03,73.5
6806,2275,46,3,898.18,13.58
6807,2276,137,3,149.62,8.82
6808,2277,34,5,155.76,18.82
6809,2277,111,1,373.62,12.32
6810,2277,55,1,295.3,43.76
6811,2277,112,2,666.48,11.33
6812,2277,4,1,254.34,0.59
6813,2278,53,3,286.53,14.93
6814,2278,50,4,195.84,9.74
6815,2279,109,5,736.48,0.4
6816,2279,58,1,889.43,33.17
6817,2279,25,3,87.38,20.76
6818,2280,54,5,1040.76,6.73
6819,2280,22,5,308.95,3.2
6820,2281,35,4,160.42,9.4
6821,2281,5,3,56.56,10.91
6822,2281,23,4,512.84,5.12
6823,2282,20,1,530.89,11.8
6824,2282,129,5,308.74,41.5
6825,2282,33,2,904.54,23.3
6826,2282,119,1,14.21,10.57
6827,2282,21,2,84.23,96.52
6828,2283,74,4,75.71,67.42
6829,2283,86,2,426.39,16.38
6830,2283,118,4,685.28,42.4
6831,2283,29,2,460.27,5.41
6832,2284,57,5,131.75,18.79
6833,2284,113,1,335.31,18.35
6834,2285,137,2,141.15,17.64
6835,2285,106,4,78.27,9.15
6836,2285,22,3,458.63,10.02
6837,2285,56,1,563.92,0.38
6838,2285,102,5,874.29,10.4
6839,2286,118,5,881.78,13.19
6840,2286,105,4,941.19,11.32
6841,2286,2,5,833.46,63.83
6842,2287,127,5,157.93,9.74
6843,2288,47,2,758.1,2.16
6844,2288,5,4,98.28,50.71
6845,2288,128,5,117.07,14.31
6846,2288,148,3,575.97,17.5
6847,2288,131,4,559.03,72.36
6848,2289,38,-3,1036.4,10.45
6849,2289,85,3,646.75,16.74
6850,2290,96,3,250.16,2.84
6851,2291,146,1,646.51,17.02
6852,2291,39,5,277.41,12.27
6853,2291,58,4,907.97,27.25
6854,2291,78,5,34.93,15.65
6855,2291,57,4,145.06,9.83
6856,2292,87,2,635.34,82.44
6857,2292,60,5,473.13,0.95
6858,2292,120,2,695.88,49.6
6859,2292,81,2,268.83,1.68
6860,2292,28,2,518.09,0.34
6861,2293,138,2,788.97,95.49
6862,2293,80,3,122.23,3.78
6863,2293,3,1,156.97,10.6
6864,2293,105,3,767.84,11.85
6865,2294,11,1,397.35,16.19
6866,2294,99,1,229.51,0.04
6867,2295,71,1,431.57,28.75
6868,2295,26,2,115.99,1.23
6869,2295,96,-2,202.09,3.16
6870,2295,28,1,435.49,13.64
6871,2296,81,3,174.56,71.32
6872,2296,130,5,213.93,1.05
6873,2296,31,5,100.83,4.47
6874,2296,73,1,545.56,10.05
6875,2296,48,2,1000.3,13.24
6876,2297,76,2,885.64,14.23
6877,2298,78,4,26.69,10.61
6878,2298,32,1,31.72,92.15
6879,2298,147,4,155.21,1.57
6880,2298,120,1,704.42,13.49
6881,2298,138,5,764.89,8.13
6882,2299,98,5,800.07,14.11
6883,2299,38,3,735.06,11.26
6884,2299,8,4,515.38,14.59
6885,2300,14,4,588.85,14.34
6886,2300,81,4,238.24,17.87
6887,2301,119,1,10.38,97.72
6888,2301,80,3,204.81,74.72
6889,2302,150,2,404.41,17.33
6890,2302,117,5,901.4,11.49
6891,2302,12,1,586.66,2.73
6892,2303,140,3,393.71,1.85
6893,2303,89,5,717.78,1.21
6894,2304,111,5,385.41,75.64
6895,2304,34,3,132.49,12.2
6896,2304,43,4,614.02,47.38
6897,2305,88,4,540.65,13.54
6898,2306,38,5,705.23,4.46
6899,2306,149,3,96.48,16.36
6900,2306,32,-2,39.96,10.2
6901,2306,44,1,82.58,18.19
6902,2307,129,2,211.62,5.18
6903,2308,135,5,32.84,14.68
6904,2308,3,1,233.4,5.14
6905,2308,49,5,545.84,5.02
6906,2308,67,3,70.28,13.99
6907,2308,66,2,924.94,37.2
6908,2309,94,5,318.39,16.12
6909,2309,70,5,46.78,11.67
6910,2309,23,2,343.11,2.81
6911,2310,86,5,674.27,4.39
6912,2310,129,5,364.65,6.82
6913,2310,118,3,1217.16,13.48
6914,2310,76,1,1012.18,55.3
6915,2310,40,1,63.28,6.73
6916,2311,42,5,922.26,7.62
6917,2311,90,1,1212.84,17.86
6918,2311,27,3,371.19,8.52
6919,2311,43,1,759.02,67.92
6920,2311,31,3,88.03,1.58
6921,2312,76,3,928.03,16.99
6922,2312,4,4,373.05,19.95
6923,2312,118,2,1050.02,67.94
6924,2312,94,2,357.21,9.14
6925,2313,101,4,369.32,13.75
6926,2314,119,-2,11.67,10.18
6927,2314,103,1,333.51,16.47
6928,2314,80,4,183.18,19.39
6929,2315,150,3,472.26,3.44
6930,2315,105,1,811.78,52.68
6931,2315,40,5,106.93,12.62
6932,2316,128,2,147.23,18.81
6933,2317,14,5,673.78,15.45
6934,2318,95,3,486.53,10.95
6935,2319,110,3,706.68,17.73
6936,2320,101,3,270.1,17.06
6937,2321,2,3,717.66,4.07
6938,2321,134,2,181.34,2.61
6939,2321,95,4,548.24,18.31
6940,2321,116,2,106.61,38.73
6941,2322,112,5,593.86,15.52
6942,2322,108,4,450.5,9.9
6943,2322,118,2,886.24,8.24
6944,2323,118,4,1013.66,0.56
6945,2323,111,4,341.9,14.82
6946,2323,106,2,79.04,14.11
6947,2324,115,5,1225.26,5.42
6948,2324,45,2,534.99,10.51
6949,2324,69,5,405.91,18.37
6950,2325,132,1,839.9,63.2
6951,2325,19,3,749.18,9.67
6952,2325,144,2,221.64,0.81
6953,2325,63,1,75.68,67.68
6954,2326,102,2,732.5,19.0
6955,2327,107,2,574.31,18.2
6956,2327,147,3,140.95,69.27
6957,2327,23,3,308.25,26.79
6958,2328,20,1,423.1,10.52
6959,2328,102,4,616.94,15.64
6960,2328,104,3,908.34,10.3
6961,2328,26,3,122.34,5.24
6962,2329,134,1,130.2,4.88
6963,2329,125,2,738.84,2.85
6964,2329,93,2,768.29,86.34
6965,2329,136,3,186.65,18.11
6966,2329,65,5,25.67,8.75
6967,2330,16,5,696.39,15.33
6968,2330,32,4,45.89,29.51
6969,2331,109,1,625.0,8.22
6970,2331,59,5,423.12,8.93
6971,2331,112,2,957.88,87.22
6972,2331,55,4,311.66,57.11
6973,2332,115,3,1042.61,4.85
6974,2332,11,4,308.12,72.69
6975,2332,16,1,959.25,19.44
6976,2333,115,-3,930.49,16.4
6977,2333,23,5,408.39,3.74
6978,2333,45,2,664.76,8.98
6979,2334,65,3,45.56,11.92
6980,2334,95,4,643.69,1.11
6981,2335,4,5,266.14,8.72
6982,2336,68,5,312.48,95.31
6983,2336,59,1,377.76,18.8
6984,2336,83,4,332.48,8.16
6985,2337,5,1,96.51,4.26
6986,2338,49,4,465.3,5.66
6987,2338,6,1,165.15,19.57
6988,2339,88,3,801.7,14.58
6989,2339,8,3,769.88,5.49
6990,2340,142,4,120.31,4.46
6991,2340,85,1,800.34,12.66
6992,2340,26,3,102.24,97.28
6993,2341,99,4,222.91,1.09
6994,2341,97,-4,573.2,90.06
6995,2341,124,4,312.75,19.42
6996,2342,130,-5,354.49,9.02
6997,2342,88,3,727.96,55.8
6998,2343,132,2,629.92,4.67
6999,2343,139,3,293.69,9.1
7000,2343,123,3,16.04,4.65
7001,2344,134,4,198.1,0.57
7002,2345,95,5,710.67,7.52
7003,2345,57,4,160.22,17.23
7004,2345,147,2,136.68,4.79
7005,2345,59,3,348.65,10.51
7006,2346,77,3,167.49,4.63
7007,2346,51,1,742.11,9.91
7008,2346,56,4,716.31,11.08
7009,2346,132,3,711.48,11.71
7010,2346,3,2,283.86,5.74
7011,2347,143,3,547.99,50.67
7012,2348,26,4,93.4,16.15
7013,2348,11,4,286.19,16.91
7014,2349,83,4,511.27,15.26
7015,2349,128,1,91.94,3.88
7016,2349,17,2,240.15,18.64
7017,2349,67,3,71.74,12.76
7018,2350,139,5,231.68,18.03
7019,2350,107,1,681.9,9.65
7020,2350,87,2,789.28,1.64
7021,2350,60,4,454.8,17.15
7022,2351,68,1,283.72,4.07
7023,2351,26,4,128.48,18.36
7024,2351,140,5,615.21,18.32
7025,2352,29,-2,326.14,10.19
7026,2352,8,2,524.51,19.21
7027,2352,96,2,285.32,18.46
7028,2352,108,1,268.95,57.33
7029,2353,115,4,903.33,7.68
7030,2353,17,3,211.68,5.05
7031,2353,129,2,325.71,10.23
7032,2353,95,1,511.24,1.31
7033,2353,19,2,897.56,77.01
7034,2354,10,1,66.23,4.49
7035,2354,34,5,171.25,12.68
7036,2354,112,3,596.41,15.46
7037,2355,141,3,667.94,5.02
7038,2355,75,5,162.24,13.39
7039,2355,41,3,261.8,8.18
7040,2356,20,1,591.02,4.0
7041,2356,80,4,140.13,19.27
7042,2356,88,1,626.3,5.98
7043,2356,55,5,390.03,2.92
7044,2356,34,2,175.91,61.02
7045,2357,147,1,122.38,10.14
7046,2358,71,4,315.05,78.97
7047,2358,136,5,201.21,57.49
7048,2358,42,3,831.72,3.04
7049,2359,33,3,716.82,21.89
7050,2360,40,3,83.68,12.86
7051,2360,10,4,43.0,97.12
7052,2360,109,1,976.43,18.3
7053,2360,108,3,466.02,9.67
7054,2361,60,2,554.65,9.06
7055,2361,130,2,282.44,9.51
7056,2361,136,5,188.47,12.85
7057,2362,28,4,631.18,10.1
7058,2362,17,5,208.46,63.06
7059,2362,121,2,139.67,5.35
7060,2362,140,4,412.97,1.58
7061,2362,21,2,110.94,4.89
7062,2363,67,1,67.47,0.89
7063,2364,111,1,542.43,44.42
7064,2364,133,-5,1205.5,17.52
7065,2364,87,3,873.82,8.23
7066,2365,118,4,1112.77,8.92
7067,2365,76,2,1022.35,86.76
7068,2366,121,4,146.58,17.66
7069,2366,2,2,987.69,38.77
7070,2366,24,2,238.98,9.39
7071,2367,75,3,184.85,8.74
7072,2367,37,5,83.23,19.89
7073,2368,21,2,72.34,10.41
7074,2369,50,3,217.6,42.83
7075,2369,94,3,376.42,17.23
7076,2369,18,2,531.54,17.87
7077,2370,134,1,194.53,76.18
7078,2370,128,2,142.58,18.31
7079,2370,137,4,149.25,20.34
7080,2370,29,1,370.74,16.12
7081,2370,56,-3,731.7,7.04
7082,2371,76,4,1066.25,16.25
7083,2371,29,2,460.47,61.41
7084,2372,72,1,628.87,9.44
7085,2373,118,2,1049.02,0.01
7086,2373,132,3,978.47,9.96
7087,2373,145,4,359.53,21.46
7088,2373,108,4,438.2,17.48
7089,2373,127,2,188.0,94.94
7090,2374,42,4,1096.74,1.46
7091,2375,107,1,598.75,14.38
7092,2375,42,5,802.56,14.89
7093,2376,35,1,172.97,4.72
7094,2377,121,4,112.11,16.67
7095,2377,6,2,153.57,49.03
7096,2377,112,3,772.05,72.02
7097,2377,67,5,62.33,90.79
7098,2377,9,3,193.46,19.73
7099,2378,10,3,63.84,1.21
7100,2378,84,4,478.39,9.23
7101,2378,27,-4,291.9,0.79
7102,2379,26,5,124.97,19.91
7103,2379,125,5,773.8,9.47
7104,2379,27,2,291.77,2.35
7105,2379,94,3,345.85,1.28
7106,2379,63,2,79.74,2.61
7107,2380,61,3,861.82,11.04
7108,2380,99,2,255.83,14.21
7109,2380,119,3,13.84,67.41
7110,2380,1,4,409.15,13.71
7111,2380,11,4,354.81,16.6
7112,2381,105,2,1090.91,84.7
7113,2381,25,2,53.16,8.04
7114,2381,98,-4,771.13,10.02
7115,2381,82,1,719.43,1.65
7116,2381,142,2,145.12,13.96
7117,2382,104,5,860.73,31.2
7118,2382,52,2,462.11,1.09
7119,2383,89,2,516.95,12.85
7120,2384,22,2,323.35,8.48
7121,2384,114,5,104.28,32.54
7122,2384,119,3,10.75,6.85
7123,2384,45,1,700.49,4.89
7124,2384,149,-2,118.57,18.66
7125,2385,20,2,334.5,19.88
7126,2386,90,4,1118.54,17.85
7127,2386,33,3,860.48,91.85
7128,2386,25,5,72.95,6.43
7129,2386,16,-3,847.68,69.37
7130,2387,6,2,183.73,16.78
7131,2387,78,2,35.63,15.3
7132,2387,28,5,423.58,0.83
7133,2388,15,5,259.56,4.81
7134,2388,125,1,767.02,36.99
7135,2388,64,3,126.82,15.87
7136,2388,143,4,463.97,0.84
7137,2388,3,2,262.78,72.28
7138,2389,17,2,254.68,6.02
7139,2389,41,5,412.19,7.08
7140,2389,120,2,705.21,6.16
7141,2390,4,5,231.29,3.83
7142,2390,148,3,597.1,18.71
7143,2390,18,5,779.02,1.46
7144,2391,96,1,244.29,9.45
7145,2391,90,4,1181.86,9.24
7146,2391,116,4,108.09,17.25
7147,2391,122,2,271.23,70.41
7148,2391,22,5,333.67,50.06
7149,2392,120,-4,701.64,11.23
7150,2392,138,4,804.49,52.07
7151,2392,6,4,143.29,43.88
7152,2393,26,3,86.54,3.36
7153,2393,67,4,66.84,6.88
7154,2393,77,5,153.38,10.69
7155,2393,79,2,15.37,12.31
7156,2393,61,1,625.55,3.61
7157,2394,41,5,339.67,12.94
7158,2394,119,4,9.73,10.44
7159,2394,121,4,131.34,94.34
7160,2394,117,5,875.86,10.49
7161,2394,23,2,448.15,57.43
7162,2395,121,1,140.01,41.46
7163,2395,37,3,58.29,5.44
7164,2395,82,4,466.76,17.31
7165,2395,142,5,82.98,3.65
7166,2396,95,5,668.39,11.17
7167,2396,41,-1,268.9,2.68
7168,2396,130,1,273.53,18.96
7169,2397,115,4,1092.71,84.59
7170,2397,35,2,205.78,5.61
7171,2397,49,2,416.05,10.54
7172,2397,128,4,91.08,14.82
7173,2398,12,4,671.17,14.6
7174,2398,44,4,87.67,7.57
7175,2398,53,4,173.96,14.15
7176,2399,3,5,223.74,2.98
7177,2400,38,1,1192.97,8.09
7178,2400,15,1,345.28,15.56
7179,2400,21,5,87.09,6.26
7180,2400,37,5,79.69,19.77
7181,2400,9,1,196.6,11.91
7182,2401,109,5,783.61,14.16
7183,2401,88,2,755.62,2.39
7184,2402,28,5,389.0,3.96
7185,2402,29,3,491.27,61.88
7186,2402,3,2,248.6,14.38
7187,2403,105,5,1119.7,16.07
7188,2403,93,1,812.95,9.01
7189,2403,130,3,260.9,45.07
7190,2403,22,5,289.57,67.01
7191,2404,41,3,402.31,20.71
7192,2404,108,5,364.04,17.02
7193,2404,69,1,275.59,2.17
7194,2404,15,4,321.96,6.27
7195,2404,141,2,753.55,10.78
7196,2405,52,2,394.66,6.58
7197,2405,42,4,598.54,96.42
7198,2405,16,5,625.22,12.96
7199,2405,3,5,280.48,19.06
7200,2405,120,2,485.42,9.49
7201,2406,12,-5,528.35,5.22
7202,2406,25,1,85.11,2.12
7203,2406,57,4,121.78,45.6
7204,2406,27,4,406.43,16.83
7205,2407,92,3,232.46,18.72
7206,2407,107,1,679.86,11.66
7207,2407,94,4,340.2,19.52
7208,2407,139,1,282.1,55.23
7209,2408,111,2,345.1,92.34
7210,2408,78,5,20.9,7.57
7211,2408,20,5,558.49,3.38
7212,2408,83,2,427.87,14.5
7213,2409,5,1,92.81,4.31
7214,2409,127,2,178.62,15.03
7215,2410,74,4,81.32,3.38
7216,2410,37,4,62.93,18.16
7217,2410,127,3,190.19,8.7
7218,2410,144,2,265.68,0.85
7219,2410,53,2,291.74,49.99
7220,2411,24,2,280.97,11.65
7221,2411,99,2,187.16,1.11
7222,2411,150,3,754.62,14.47
7223,2411,74,4,121.36,3.64
7224,2412,23,5,305.19,3.63
7225,2412,99,5,237.2,8.76
7226,2413,82,2,713.13,14.03
7227,2413,51,5,417.0,6.01
7228,2413,33,3,768.45,82.6
7229,2413,146,1,362.34,0.08
7230,2414,70,1,36.38,12.04
7231,2414,103,3,449.54,0.59
7232,2415,63,5,65.46,2.74
7233,2415,128,2,114.8,7.79
7234,2415,2,3,983.89,15.11
7235,2415,113,2,478.61,98.36
7236,2416,117,1,645.03,6.51
7237,2417,30,1,401.24,7.21
7238,2417,74,5,94.2,13.24
7239,2417,24,5,203.36,15.41
7240,2417,39,1,289.24,55.33
7241,2417,121,1,94.37,4.47
7242,2418,99,3,178.86,13.21
7243,2418,43,2,527.58,2.77
7244,2419,71,2,526.02,42.38
7245,2419,38,2,948.35,24.5
7246,2419,74,2,74.13,15.46
7247,2420,47,4,668.27,65.04
7248,2420,35,3,175.11,5.44
7249,2421,117,5,888.68,17.5
7250,2422,132,5,956.49,5.78
7251,2423,72,2,596.77,7.12
7252,2423,29,3,316.87,10.17
7253,2424,8,3,722.1,2.66
7254,2424,57,2,145.42,8.78
7255,2425,22,5,315.82,30.59
7256,2425,71,5,538.48,4.45
7257,2425,90,5,754.11,4.08
7258,2426,137,3,154.81,12.76
7259,2426,55,2,300.53,4.64
7260,2426,52,1,287.02,7.79
7261,2427,30,4,462.37,13.89
7262,2427,38,4,1193.01,0.7
7263,2428,28,1,581.13,23.0
7264,2428,123,2,12.71,63.23
7265,2428,24,3,178.77,76.22
7266,2428,93,1,967.53,26.04
7267,2429,60,2,297.09,13.1
7268,2430,9,4,136.44,19.97
7269,2430,22,4,420.63,79.93
7270,2431,101,-4,202.72,8.26
7271,2431,143,5,493.6,59.49
7272,2431,106,4,82.42,18.94
7273,2431,108,5,374.78,15.63
7274,2431,59,1,307.33,6.1
7275,2432,135,5,23.06,7.38
7276,2432,49,4,497.57,14.89
7277,2433,33,1,927.84,15.12
7278,2433,15,3,410.64,23.72
7279,2434,19,1,1046.94,19.89
7280,2434,26,3,127.38,12.1
7281,2434,143,5,496.18,18.7
7282,2434,97,2,672.46,52.7
7283,2435,73,2,639.86,14.86
7284,2436,130,3,311.87,88.1
7285,2436,137,3,137.87,12.91
7286,2436,79,1,20.82,0.16
7287,2436,49,3,366.46,16.37
7288,2436,145,4,223.29,8.54
7289,2437,126,2,787.23,1.89
7290,2437,38,3,1101.25,41.5
7291,2437,144,5,201.51,11.27
7292,2437,53,3,297.41,13.99
7293,2437,137,4,203.91,18.17
7294,2438,27,3,357.05,72.73
7295,2438,9,3,127.19,7.67
7296,2439,43,4,699.12,67.85
7297,2439,122,-4,465.33,81.95
7298,2440,96,3,255.83,93.4
7299,2440,11,3,455.95,4.28
7300,2440,149,1,109.23,10.25
7301,2440,70,4,31.57,48.49
7302,2441,42,3,888.98,11.99
7303,2441,39,1,188.72,51.33
7304,2441,81,1,169.83,16.47
7305,2441,124,2,286.05,18.65
7306,2442,87,2,787.13,13.13
7307,2442,136,3,261.83,41.78
7308,2443,5,3,101.97,89.41
7309,2444,98,4,738.29,8.08
7310,2444,100,2,784.32,25.81
7311,2444,87,1,644.7,19.9
7312,2445,132,1,810.11,7.8
7313,2445,145,1,341.8,83.05
7314,2445,52,5,375.83,6.91
7315,2445,146,1,481.64,13.27
7316,2445,7,4,247.66,95.67
7317,2446,142,3,139.71,18.39
7318,2446,84,1,352.85,9.46
7319,2446,150,3,549.39,5.56
7320,2446,117,2,663.39,31.34
7321,2447,63,1,50.87,66.29
7322,2447,76,3,1034.97,19.41
7323,2447,116,5,105.71,13.51
7324,2447,143,1,672.7,7.33
7325,2448,41,3,378.09,2.69
7326,2448,18,4,637.57,4.37
7327,2448,127,2,253.39,3.85
7328,2449,52,4,372.98,14.45
7329,2449,13,2,293.4,17.63
7330,2450,64,1,167.89,7.41
7331,2450,129,-4,360.1,11.14
7332,2451,99,5,223.4,74.58
7333,2452,111,4,387.99,2.8
7334,2453,9,2,216.23,17.37
7335,2453,108,2,355.09,78.48
7336,2453,83,3,309.96,55.49
7337,2453,17,5,196.4,2.69
7338,2453,103,3,386.89,8.14
7339,2454,53,5,286.26,19.42
7340,2454,88,3,792.43,19.39
7341,2454,122,4,277.55,0.11
7342,2454,103,4,325.48,0.78
7343,2454,62,4,656.51,39.56
7344,2455,12,4,587.64,89.65
7345,2455,62,1,556.71,15.17
7346,2455,24,5,270.11,3.76
7347,2455,112,5,934.65,65.09
7348,2455,114,5,98.72,8.77
7349,2456,39,3,243.35,15.57
7350,2456,107,3,943.8,19.15
7351,2456,45,5,398.41,4.64
7352,2456,36,1,809.78,75.59
7353,2456,84,1,555.63,2.47
7354,2457,64,3,162.53,3.11
7355,2457,97,2,559.51,5.16
7356,2458,96,5,329.33,1.92
7357,2458,131,2,541.52,2.27
7358,2458,25,5,50.82,6.03
7359,2459,125,5,608.47,65.38
7360,2460,8,4,823.11,3.11
7361,2460,109,2,1040.7,55.0
7362,2460,5,4,57.6,19.83
7363,2460,139,5,233.11,19.59
7364,2460,26,1,80.31,56.92
7365,2461,115,-3,1050.27,0.57
7366,2461,108,4,261.4,8.23
7367,2461,78,5,25.62,37.17
7368,2461,114,2,138.87,3.5
7369,2462,71,2,513.88,13.26
7370,2463,74,1,77.22,1.47
7371,2463,99,5,152.61,73.38
7372,2463,125,3,805.94,16.37
7373,2463,134,2,209.53,16.26
7374,2464,24,1,333.66,19.56
7375,2464,115,5,1196.3,1.35
7376,2464,27,4,432.41,3.37
7377,2464,69,2,283.89,68.79
7378,2464,32,4,29.58,14.39
7379,2465,87,5,1012.56,6.85
7380,2465,33,5,626.66,6.22
7381,2466,58,3,729.63,13.83
7382,2466,21,1,80.63,12.52
7383,2467,137,-1,148.66,34.21
7384,2467,131,2,579.93,51.44
7385,2467,59,1,510.32,13.29
7386,2467,21,5,92.69,10.21
7387,2467,45,1,540.51,1.6
7388,2468,116,1,151.95,75.3
7389,2468,107,4,599.12,12.74
7390,2468,72,5,454.06,2.96
7391,2468,46,1,665.61,50.98
7392,2468,114,-4,142.26,88.14
7393,2469,44,5,112.69,12.91
7394,2469,133,4,940.86,93.53
7395,2470,5,4,72.36,5.59
7396,2470,111,1,324.75,68.27
7397,2470,108,4,261.25,45.74
7398,2470,90,5,1149.86,5.18
7399,2470,15,1,392.62,8.55
7400,2471,139,5,188.63,71.45
7401,2472,30,2,571.18,93.49
7402,2472,130,3,309.42,58.18
7403,2473,142,4,139.05,37.22
7404,2473,120,1,409.92,57.35
7405,2473,103,4,375.41,13.97
7406,2473,27,3,441.28,17.83
7407,2474,87,3,668.57,41.82
7408,2474,85,4,599.35,13.57
7409,2474,124,2,394.25,48.51
7410,2474,43,5,707.75,94.24
7411,2474,146,2,379.43,13.96
7412,2475,12,5,671.54,62.47
7413,2476,135,1,20.49,32.63
7414,2476,47,4,732.04,1.13
7415,2476,70,2,27.57,14.36
7416,2476,134,5,136.47,7.2
7417,2476,111,4,375.06,6.44
7418,2477,71,5,406.66,19.22
7419,2477,101,1,201.35,4.66
7420,2477,140,3,560.33,0.72
7421,2478,85,5,780.65,18.81
7422,2479,127,5,178.08,69.27
7423,2479,139,4,212.85,7.11
7424,2479,58,3,920.24,89.04
7425,2479,55,4,371.77,12.18
7426,2480,80,1,147.72,1.26
7427,2480,47,3,574.25,40.54
7428,2480,122,5,467.33,5.51
7429,2480,82,1,751.51,6.68
7430,2481,107,4,987.33,6.62
7431,2481,135,5,22.1,17.26
7432,2481,73,1,955.04,3.24
7433,2481,148,5,615.93,2.73
7434,2482,73,1,569.57,13.44
7435,2482,50,1,150.73,69.04
7436,2482,113,5,348.42,82.68
7437,2482,27,3,430.05,11.35
7438,2482,81,2,190.81,16.36
7439,2483,2,4,934.7,9.03
7440,2484,76,4,855.66,15.89
7441,2484,17,5,230.62,2.86
7442,2485,70,4,29.72,14.7
7443,2485,100,5,685.46,14.01
7444,2485,113,4,424.1,80.37
7445,2485,54,5,934.28,7.87
7446,2486,137,3,154.15,7.74
7447,2486,128,3,131.83,3.86
7448,2487,22,3,310.53,6.27
7449,2488,121,3,115.66,20.55
7450,2488,71,1,530.22,7.72
7451,2488,82,5,544.86,19.56
7452,2488,105,5,1019.84,19.62
7453,2489,133,4,1055.67,19.5
7454,2490,121,5,166.83,15.16
7455,2491,132,5,900.62,93.24
7456,2492,6,2,159.84,1.45
7457,2492,139,2,249.04,9.32
7458,2492,66,2,1032.48,17.03
7459,2492,143,2,370.43,87.05
7460,2492,21,2,111.73,3.88
7461,2493,130,5,346.1,12.46
7462,2493,25,1,79.8,47.49
7463,2494,100,5,829.22,8.63
7464,2494,24,4,261.17,8.02
7465,2494,104,3,557.84,3.47
7466,2494,118,3,985.15,44.52
7467,2495,29,2,297.58,15.46
7468,2495,36,1,821.76,3.07
7469,2496,28,3,685.4,11.08
7470,2496,110,4,554.2,1.85
7471,2497,129,3,377.22,2.56
7472,2497,72,2,645.29,9.52
7473,2497,3,1,166.55,67.72
7474,2497,83,5,396.8,70.11
7475,2498,135,1,35.7,35.74
7476,2498,33,2,867.32,11.26
7477,2498,127,5,182.14,18.12
7478,2499,41,2,357.57,19.89
7479,2499,31,1,95.59,3.02
7480,2499,81,4,271.55,12.14
7481,2500,55,2,286.99,6.14
7482,2500,126,4,711.45,8.85
7483,2500,110,-3,708.02,6.81
7484,2500,120,5,612.07,3.74
7485,2500,59,1,452.19,8.12
7486,2501,103,3,458.48,31.54
7487,2501,112,1,684.35,8.02
7488,2501,67,1,65.14,17.21
7489,2501,124,3,322.52,72.75
7490,2502,2,1,704.92,88.4
7491,2502,14,5,637.13,0.03
7492,2502,20,4,548.95,2.94
7493,2502,67,2,56.15,99.71
7494,2503,54,1,1108.08,5.48
7495,2503,40,2,78.85,90.1
7496,2503,48,4,1000.79,19.69
7497,2504,135,2,31.87,15.85
7498,2504,124,3,332.4,2.24
7499,2504,14,3,395.44,9.9
7500,2505,34,4,167.07,6.32
7501,2505,74,3,123.69,33.2
7502,2505,6,3,141.15,4.95
7503,2506,47,3,590.68,89.1
7504,2506,25,2,63.23,32.33
7505,2506,78,1,32.17,1.01
7506,2506,143,2,408.92,19.45
7507,2506,31,4,83.38,3.14
7508,2507,35,1,214.49,19.81
7509,2507,78,3,28.78,10.74
7510,2507,59,4,366.12,18.54
7511,2507,72,3,528.62,96.16
7512,2508,20,2,543.35,9.29
7513,2509,123,2,15.77,9.71
7514,2509,71,3,377.11,1.42
7515,2509,24,3,283.12,60.28
7516,2510,10,4,46.28,15.2
7517,2510,139,3,286.08,9.63
7518,2510,14,4,370.7,8.39
7519,2511,47,1,583.32,11.66
7520,2512,59,3,304.93,8.29
7521,2512,86,1,532.98,7.84
7522,2512,55,1,367.28,0.07
7523,2513,132,3,614.52,14.3
7524,2513,141,1,462.5,78.17
7525,2514,86,3,637.06,18.54
7526,2515,24,3,198.15,9.43
7527,2515,70,4,38.42,16.12
7528,2515,17,1,223.19,62.4
7529,2515,14,4,369.41,2.19
7530,2516,95,4,533.76,2.15
7531,2516,76,2,598.07,53.32
7532,2516,99,4,208.04,60.83
7533,2516,71,5,386.63,11.27
7534,2516,25,5,65.22,18.69
7535,2517,89,2,662.99,86.22
7536,2517,126,2,695.64,93.16
7537,2517,10,1,57.07,11.91
7538,2517,15,5,389.75,6.53
7539,2518,24,1,322.64,49.57
7540,2518,50,5,191.6,15.01
7541,2518,98,-4,987.26,15.57
7542,2518,84,4,431.92,8.94
7543,2519,93,3,793.91,3.77
7544,2520,128,5,94.66,33.72
7545,2520,107,3,891.6,19.88
7546,2520,80,5,154.56,11.02
7547,2521,81,1,224.77,21.52
7548,2522,100,2,986.09,1.94
7549,2522,104,3,941.24,46.81
7550,2523,62,2,671.25,9.61
7551,2524,108,3,266.03,19.67
7552,2524,142,1,81.59,17.94
7553,2524,143,4,522.71,76.99
7554,2524,115,3,710.15,8.96
7555,2524,2,3,610.38,57.34
7556,2525,20,3,542.92,0.82
7557,2525,13,2,255.35,12.95
7558,2525,14,5,685.01,48.78
7559,2525,60,1,406.05,11.17
7560,2526,54,2,786.25,13.7
7561,2526,145,3,381.92,6.38
7562,2526,48,3,792.2,13.0
7563,2527,13,2,281.76,29.5
7564,2527,111,4,473.67,5.52
7565,2527,76,5,648.94,40.64
7566,2528,64,2,170.99,86.13
7567,2528,10,4,58.87,14.07
7568,2529,126,2,762.5,13.22
7569,2529,62,5,989.93,43.34
7570,2529,29,2,382.8,9.91
7571,2529,124,5,387.75,4.65
7572,2530,62,5,800.69,10.41
7573,2531,50,1,190.02,7.11
7574,2531,86,3,493.06,14.43
7575,2531,76,4,688.67,36.72
7576,2531,26,3,73.04,19.83
7577,2532,17,2,226.95,1.58
7578,2532,21,3,68.55,71.45
7579,2533,88,3,494.56,11.36
7580,2534,128,2,169.97,30.26
7581,2534,19,1,698.38,3.27
7582,2535,131,3,401.93,16.55
7583,2535,49,1,585.7,16.15
7584,2535,34,1,185.36,16.11
7585,2535,130,-5,300.45,14.69
7586,2536,115,3,1052.91,5.28
7587,2536,11,4,509.71,79.54
7588,2536,17,3,166.59,12.85
7589,2536,121,2,100.31,8.35
7590,2536,38,2,780.88,5.94
7591,2537,92,2,254.66,5.6
7592,2537,9,3,131.73,3.03
7593,2537,57,4,133.77,18.06
7594,2538,114,2,161.46,35.94
7595,2538,17,4,151.73,34.28
7596,2538,98,3,969.96,10.0
7597,2538,74,5,70.52,12.72
7598,2539,16,3,672.17,6.99
7599,2539,57,5,121.67,15.18
7600,2539,69,1,444.1,1.41
7601,2539,121,5,157.75,83.61
7602,2539,118,2,703.39,8.54
7603,2540,108,5,348.99,2.0
7604,2540,36,5,778.28,4.37
7605,2540,92,4,258.56,13.06
7606,2540,24,1,322.67,85.33
7607,2541,140,3,480.45,27.4
7608,2541,141,5,773.66,93.24
7609,2541,138,3,763.57,6.29
7610,2541,123,2,17.85,2.92
7611,2541,20,2,576.85,7.7
7612,2542,147,4,175.84,18.04
7613,2542,90,2,651.48,11.15
7614,2542,69,4,479.97,46.33
7615,2542,146,2,549.63,1.14
7616,2543,123,2,17.59,61.31
7617,2543,43,2,577.47,2.67
7618,2543,107,4,573.17,3.73
7619,2543,33,3,543.61,18.15
7620,2544,42,5,773.41,17.64
7621,2544,34,3,148.65,13.23
7622,2544,38,3,680.03,10.8
7623,2544,123,4,13.36,13.52
7624,2544,33,2,734.52,18.74
7625,2545,143,4,650.32,11.5
7626,2545,11,3,440.34,16.52
7627,2546,48,3,826.27,17.44
7628,2547,70,4,29.83,36.86
7629,2547,119,3,12.25,85.4
7630,2547,10,4,76.22,57.01
7631,2547,139,1,250.27,51.54
7632,2547,57,5,142.76,19.58
7633,2548,50,4,182.11,72.46
7634,2549,122,3,502.03,16.7
7635,2550,17,3,175.06,0.56
7636,2550,47,-2,536.13,15.91
7637,2551,122,2,381.62,1.12
7638,2551,105,2,691.6,16.76
7639,2552,129,2,336.18,10.22
7640,2552,54,4,834.53,95.97
7641,2552,104,3,771.62,10.41
7642,2553,101,1,371.56,18.23
7643,2553,36,-1,861.1,97.02
7644,2554,137,5,116.6,13.47
7645,2555,19,3,632.33,19.95
7646,2555,60,4,358.62,10.97
7647,2555,22,2,367.19,7.78
7648,2556,16,4,808.41,3.44
7649,2557,66,3,1025.43,11.05
7650,2557,32,5,30.58,9.65
7651,2557,121,1,113.37,10.44
7652,2557,109,3,767.16,23.69
7653,2558,137,4,134.35,23.46
7654,2558,61,3,769.61,14.78
7655,2559,66,3,709.72,59.94
7656,2559,31,2,75.86,12.8
7657,2559,92,4,317.41,17.07
7658,2559,23,2,517.13,24.21
7659,2559,51,2,418.02,15.07
7660,2560,17,3,232.1,2.93
7661,2560,105,4,962.61,13.21
7662,2560,67,2,45.84,2.35
7663,2560,38,1,1142.5,71.3
7664,2561,48,3,1048.83,14.54
7665,2561,96,1,332.48,16.16
7666,2561,104,4,936.56,89.21
7667,2561,62,1,618.12,10.26
7668,2561,21,2,78.32,5.13
7669,2562,53,4,235.42,3.55
7670,2562,22,3,461.08,7.26
7671,2563,87,1,1028.15,8.17
7672,2563,113,1,442.87,18.73
7673,2563,6,4,176.18,26.35
7674,2563,123,1,16.06,5.66
7675,2564,129,-5,251.33,12.71
7676,2564,48,3,637.06,59.64
7677,2564,2,3,631.45,12.49
7678,2565,131,5,600.27,3.66
7679,2565,121,2,148.77,8.79
7680,2566,142,3,96.25,14.66
7681,2567,128,2,156.37,10.67
7682,2568,41,3,400.45,19.93
7683,2569,144,5,199.25,75.95
7684,2569,148,5,497.7,77.01
7685,2569,64,1,102.76,17.74
7686,2570,34,1,156.63,0.09
7687,2571,13,2,266.09,7.8
7688,2572,108,2,310.12,2.1
7689,2572,121,5,170.73,6.08
7690,2572,113,3,383.37,10.84
7691,2573,77,3,182.59,57.53
7692,2573,125,2,563.05,15.59
7693,2573,22,2,269.44,12.69
7694,2573,126,5,684.86,11.73
7695,2574,41,2,226.75,15.75
7696,2574,100,5,663.36,80.57
7697,2575,38,5,714.25,52.18
7698,2575,18,4,508.99,62.53
7699,2575,116,4,107.64,6.83
7700,2576,103,4,471.98,16.78
7701,2576,122,5,456.22,12.89
7702,2576,60,1,413.41,5.78
7703,2576,16,1,988.04,10.98
7704,2576,49,2,400.28,19.1
7705,2577,112,3,937.79,18.48
7706,2577,119,2,17.84,0.79
7707,2577,87,3,845.54,13.03
7708,2577,141,1,776.62,14.41
7709,2577,122,4,457.2,14.41
7710,2578,14,2,640.13,10.23
7711,2578,142,4,114.81,87.47
7712,2578,148,3,561.77,7.4
7713,2578,111,5,341.23,14.5
7714,2578,70,2,47.8,1.03
7715,2579,39,3,244.75,56.67
7716,2579,128,4,128.33,9.07
7717,2579,33,2,806.06,7.13
7718,2579,67,3,63.34,13.83
7719,2580,87,2,1114.66,0.73
7720,2580,114,3,155.03,4.88
7721,2580,105,3,627.45,5.56
7722,2580,132,5,686.72,17.73
7723,2581,3,5,243.13,16.72
7724,2581,122,3,402.19,4.94
7725,2581,93,5,592.26,1.25
7726,2581,55,4,306.73,80.5
7727,2582,140,5,679.2,11.68
7728,2583,67,4,64.09,83.46
7729,2583,49,2,542.12,6.21
7730,2583,71,5,419.28,86.87
7731,2584,146,1,513.65,2.6
7732,2585,84,3,316.31,2.81
7733,2585,27,3,341.75,19.35
7734,2586,63,5,70.61,4.6
7735,2586,142,1,105.42,3.23
7736,2586,140,5,723.83,6.79
7737,2586,61,1,609.61,0.24
7738,2586,51,3,422.75,9.76
7739,2587,78,1,26.85,9.26
7740,2587,35,5,169.8,14.05
7741,2587,47,1,969.97,10.82
7742,2587,119,1,14.84,18.07
7743,2588,114,4,137.7,17.66
7744,2588,109,3,953.21,2.27
7745,2588,55,2,395.42,0.22
7746,2589,28,4,369.89,11.59
7747,2589,26,4,82.47,5.22
7748,2589,127,1,289.41,3.32
7749,2590,82,3,496.0,4.98
7750,2590,95,1,521.43,10.14
7751,2591,18,4,422.75,1.6
7752,2591,143,3,684.48,15.37
7753,2591,104,4,797.67,19.11
7754,2591,111,3,510.28,39.0
7755,2592,19,-2,698.54,11.4
7756,2592,10,2,42.54,15.38
7757,2592,90,5,988.33,4.65
7758,2592,52,3,278.44,66.63
7759,2592,80,2,160.21,17.06
7760,2593,64,5,145.16,87.12
7761,2593,58,2,728.57,17.44
7762,2593,97,4,860.06,14.61
7763,2594,52,4,287.77,3.86
7764,2594,136,2,186.99,49.22
7765,2594,109,3,632.73,6.41
7766,2594,29,4,515.19,7.33
7767,2595,19,2,996.24,12.6
7768,2595,30,4,406.77,5.94
7769,2596,85,5,641.35,4.41
7770,2597,44,5,85.05,46.63
7771,2597,42,3,1113.07,15.27
7772,2597,125,2,791.57,0.51
7773,2598,104,2,931.88,3.19
7774,2598,89,4,818.49,15.65
7775,2598,42,3,872.69,19.84
7776,2598,49,4,359.54,11.21
7777,2598,41,1,385.33,17.9
7778,2599,114,4,147.98,37.5
7779,2599,83,1,311.67,88.25
7780,2599,38,5,941.08,18.37
7781,2599,17,3,196.42,18.32
7782,2599,146,5,581.73,52.09
7783,2600,45,3,582.46,25.22
7784,2600,118,-3,724.68,0.18
7785,2600,149,1,86.9,5.55
7786,2600,148,1,404.01,41.82
7787,2600,127,5,169.31,8.55
7788,2601,4,-2,200.97,2.07
7789,2601,107,1,934.88,1.15
7790,2601,144,4,182.11,5.94
7791,2602,10,3,74.38,49.06
7792,2602,144,5,164.98,1.84
7793,2602,139,5,274.28,11.72
7794,2603,5,5,79.25,6.1
7795,2603,73,1,729.96,15.78
7796,2603,108,2,468.4,9.72
7797,2603,41,2,341.87,24.4
7798,2604,88,4,542.98,17.1
7799,2605,92,5,240.81,91.02
7800,2605,84,3,321.9,16.29
7801,2605,115,4,1020.88,25.13
7802,2605,91,4,266.18,0.05
7803,2605,81,2,314.82,14.45
7804,2606,3,5,236.72,1.18
7805,2606,59,4,282.38,2.78
7806,2606,40,1,64.26,5.74
7807,2606,36,4,896.78,13.83
7808,2607,119,4,11.22,9.41
7809,2607,87,3,712.77,6.69
7810,2607,49,4,366.21,71.97
7811,2607,36,3,869.14,60.2
7812,2608,76,5,782.55,11.63
7813,2608,48,1,873.87,18.19
7814,2608,55,3,340.43,15.44
7815,2608,142,4,145.35,5.03
7816,2609,9,2,135.47,3.2
7817,2610,74,2,93.95,4.88
7818,2610,21,2,105.9,22.4
7819,2610,18,4,669.74,16.11
7820,2610,101,3,282.71,10.39
7821,2611,38,1,972.68,5.43
7822,2611,57,4,157.66,48.61
7823,2611,19,-2,1003.87,89.69
7824,2611,8,3,665.11,18.18
7825,2612,47,2,933.06,14.64
7826,2612,63,-3,82.89,18.53
7827,2612,37,1,93.87,7.72
7828,2612,135,5,23.02,14.34
7829,2613,87,2,977.37,4.27
7830,2613,45,5,559.61,25.43
7831,2613,26,5,72.37,17.25
7832,2613,134,2,152.75,15.5
7833,2613,112,3,697.49,0.13
7834,2614,5,3,71.14,18.21
7835,2615,100,2,890.0,6.34
7836,2615,3,4,255.19,15.79
7837,2615,18,3,685.46,9.19
7838,2615,58,4,553.28,8.17
7839,2615,117,1,588.36,2.68
7840,2616,20,3,535.3,1.27
7841,2616,67,3,74.7,19.15
7842,2617,90,3,1053.62,17.14
7843,2617,134,4,190.23,70.61
7844,2617,21,4,105.62,18.03
7845,2617,53,2,301.29,26.1
7846,2618,127,3,160.11,18.3
7847,2618,128,5,103.23,14.99
7848,2618,105,1,665.22,8.58
7849,2619,37,1,90.04,5.17
7850,2619,117,3,710.92,12.17
7851,2620,143,1,408.65,11.21
7852,2620,61,2,784.6,16.92
7853,2621,68,2,236.28,3.86
7854,2622,116,2,100.11,1.48
7855,2622,135,4,27.38,17.5
7856,2622,81,2,274.43,15.39
7857,2622,21,4,90.14,34.23
7858,2622,77,5,262.73,15.36
7859,2623,78,1,25.8,16.79
7860,2623,3,-4,210.89,10.46
7861,2623,1,1,364.28,19.95
7862,2623,133,2,793.04,22.7
7863,2623,29,4,485.4,8.76
7864,2624,50,4,165.35,36.75
7865,2625,148,3,615.75,48.08
7866,2625,105,4,1079.89,11.04
7867,2626,118,5,1142.71,16.39
7868,2626,36,2,527.2,9.07
7869,2627,88,1,427.15,13.67
7870,2627,80,1,226.19,10.38
7871,2627,103,4,318.74,92.76
7872,2628,101,4,213.3,52.99
7873,2629,27,3,462.45,2.76
7874,2630,143,1,527.13,15.73
7875,2630,6,3,118.74,2.81
7876,2630,12,1,618.8,43.86
7877,2630,84,1,503.23,3.33
7878,2631,17,3,194.91,17.76
7879,2631,139,5,266.83,37.52
7880,2632,29,5,378.18,65.03
7881,2632,89,4,660.75,11.19
7882,2632,22,5,351.4,7.69
7883,2633,52,1,437.36,14.78
7884,2633,120,4,529.37,93.73
7885,2633,93,2,1118.39,6.08
7886,2633,99,4,252.99,18.43
7887,2634,7,5,282.81,13.23
7888,2634,32,3,32.14,14.64
7889,2634,14,3,537.91,16.77
7890,2634,85,4,757.36,13.91
7891,2634,30,2,505.34,97.44
7892,2635,138,1,724.14,0.72
7893,2635,47,1,951.76,67.02
7894,2636,43,1,636.49,8.74
7895,2636,104,4,841.72,14.5
7896,2636,26,2,96.09,4.8
7897,2636,25,3,76.9,1.64
7898,2636,138,4,618.22,76.98
7899,2637,37,2,66.27,19.09
7900,2638,76,4,683.0,18.14
7901,2638,25,-3,69.13,29.06
7902,2638,58,2,868.86,15.95
7903,2638,141,3,487.1,19.81
7904,2639,97,4,668.29,92.67
7905,2639,58,2,573.59,0.54
7906,2639,5,2,86.42,77.5
7907,2639,115,4,654.4,19.69
7908,2640,19,2,899.63,11.26
7909,2640,74,2,76.71,59.1
7910,2641,72,1,628.24,6.73
7911,2641,150,5,648.92,8.79
7912,2641,114,4,134.93,14.17
7913,2642,116,2,108.2,7.83
7914,2642,5,2,84.48,6.58
7915,2643,57,5,112.24,3.78
7916,2643,148,4,447.51,0.26
7917,2644,136,5,222.92,5.99
7918,2644,19,1,674.69,1.04
7919,2645,100,5,912.49,17.58
7920,2646,105,1,834.11,2.89
7921,2646,144,4,246.51,19.96
7922,2646,11,2,345.54,43.41
7923,2647,113,2,410.11,11.9
7924,2647,128,1,170.93,72.87
7925,2647,39,2,188.72,0.32
7926,2647,124,5,401.28,39.74
7927,2647,87,5,706.62,15.65
7928,2648,148,1,437.79,0.46
7929,2648,96,3,303.43,45.05
7930,2648,63,3,88.36,18.83
7931,2648,78,5,36.09,13.0
7932,2649,50,1,205.38,12.54
7933,2650,86,1,416.95,12.44
7934,2651,12,5,597.89,27.15
7935,2652,37,3,98.98,7.23
7936,2652,116,3,174.84,84.26
7937,2652,27,2,418.78,25.18
7938,2652,107,3,645.38,11.76
7939,2653,149,1,122.22,68.13
7940,2653,81,2,311.15,39.59
7941,2653,126,2,704.3,10.23
7942,2653,80,5,222.37,16.56
7943,2653,110,1,626.76,2.53
7944,2654,92,2,359.56,13.58
7945,2654,35,2,128.34,66.22
7946,2655,39,1,174.29,95.43
7947,2656,8,1,690.03,17.7
7948,2656,75,4,162.22,58.57
7949,2656,42,5,1009.0,15.09
7950,2656,107,1,697.76,18.79
7951,2656,147,5,141.47,10.7
7952,2657,23,5,430.92,88.77
7953,2657,112,2,1021.97,18.4
7954,2657,48,3,732.06,1.37
7955,2657,101,3,255.32,18.46
7956,2657,109,1,902.39,8.82
7957,2658,76,3,889.6,12.69
7958,2659,50,1,191.75,18.27
7959,2659,99,2,159.82,3.02
7960,2659,32,5,31.77,9.46
7961,2660,78,1,35.79,2.17
7962,2661,125,1,705.99,13.65
7963,2662,19,1,874.49,0.67
7964,2662,108,3,370.68,19.42
7965,2662,75,3,147.0,2.69
7966,2663,124,2,450.0,1.51
7967,2663,36,4,919.39,87.24
7968,2664,42,3,1035.3,6.0
7969,2664,70,5,28.79,4.38
7970,2664,135,3,28.9,4.47
7971,2664,64,5,109.99,10.97
7972,2665,129,4,314.51,8.78
7973,2666,111,2,399.17,8.13
7974,2666,144,2,180.97,8.85
7975,2666,35,1,138.38,5.57
7976,2667,109,2,607.43,16.33
7977,2667,128,5,113.01,5.51
7978,2668,120,3,489.66,11.99
7979,2668,47,4,659.87,28.52
7980,2668,128,2,145.17,7.95
7981,2669,145,1,257.92,11.33
7982,2669,111,5,474.69,13.17
7983,2670,148,3,437.43,13.93
7984,2671,21,3,70.21,2.06
7985,2671,68,4,225.34,84.96
7986,2671,10,3,46.08,16.85
7987,2671,117,4,697.9,3.81
7988,2672,84,2,335.08,6.75
7989,2673,34,4,159.23,16.22
7990,2673,112,2,897.97,6.9
7991,2674,43,5,706.51,0.22
7992,2674,115,3,1150.19,70.76
7993,2675,144,1,218.8,8.35
7994,2675,136,3,239.19,4.65
7995,2675,125,3,515.36,8.16
7996,2675,61,2,681.06,3.19
7997,2676,141,-5,587.1,18.16
7998,2676,46,3,627.53,14.69
7999,2676,106,5,106.62,19.22
8000,2676,63,4,87.58,1.05
8001,2676,32,5,31.29,9.71
8002,2677,117,3,825.96,17.36
8003,2678,138,5,740.39,46.12
8004,2678,68,1,228.84,6.55
8005,2678,49,3,479.73,18.59
8006,2678,123,2,10.45,8.82
8007,2679,68,4,239.91,0.72
8008,2679,141,2,498.06,6.9
8009,2679,143,5,581.83,13.86
8010,2680,17,5,149.91,21.46
8011,2680,123,4,13.52,12.64
8012,2680,23,2,350.51,10.85
8013,2680,10,5,73.1,11.62
8014,2680,141,4,619.5,1.89
8015,2681,37,4,97.75,5.62
8016,2681,60,5,489.54,17.76
8017,2681,27,4,334.92,17.99
8018,2681,26,5,79.23,19.88
8019,2681,105,5,1130.76,9.71
8020,2682,137,2,176.84,18.16
8021,2683,113,1,441.3,5.18
8022,2683,10,2,55.6,74.38
8023,2683,36,3,922.41,2.61
8024,2683,55,5,368.04,14.68
8025,2684,138,2,565.74,14.59
8026,2684,107,5,1024.43,19.16
8027,2685,82,5,489.0,18.11
8028,2685,27,3,431.81,2.03
8029,2685,31,5,58.0,1.4
8030,2685,137,5,131.66,10.99
8031,2686,60,1,497.96,8.2
8032,2686,84,4,547.38,2.07
8033,2686,122,5,341.41,3.89
8034,2687,89,2,625.18,8.44
8035,2687,74,3,80.23,60.14
8036,2687,2,3,838.74,70.33
8037,2688,145,2,307.17,67.69
8038,2688,112,4,815.29,5.44
8039,2689,113,4,347.16,44.4
8040,2690,115,5,1068.2,9.28
8041,2690,65,4,46.25,16.45
8042,2690,2,3,785.39,96.08
8043,2690,4,1,295.92,47.47
8044,2691,40,2,102.1,2.5
8045,2691,8,5,683.91,62.88
8046,2691,89,2,635.15,28.66
8047,2692,134,4,189.98,0.52
8048,2692,48,1,813.89,9.08
8049,2692,98,2,610.58,50.64
8050,2693,105,1,906.66,0.23
8051,2693,127,4,180.58,15.71
8052,2693,114,5,178.52,87.01
8053,2693,78,2,36.02,10.94
8054,2694,25,2,65.99,16.56
8055,2694,61,5,835.46,11.44
8056,2694,82,4,628.33,13.49
8057,2694,88,2,576.54,1.16
8058,2694,112,3,777.0,9.24
8059,2695,23,3,542.46,88.39
8060,2695,105,5,665.33,18.17
8061,2695,72,2,657.11,2.95
8062,2695,19,2,857.22,10.21
8063,2696,55,4,235.37,18.78
8064,2697,126,3,469.53,4.2
8065,2697,63,4,93.37,62.4
8066,2697,138,2,745.42,11.91
8067,2697,109,5,675.43,13.48
8068,2698,88,1,638.01,4.25
8069,2699,10,4,75.69,1.66
8070,2699,27,5,402.93,3.68
8071,2699,76,2,640.05,5.93
8072,2699,110,1,465.49,88.77
8073,2700,69,4,449.76,4.95
8074,2700,89,1,668.09,2.61
8075,2700,95,5,812.26,52.1
8076,2700,115,4,860.29,16.59
8077,2701,48,2,705.89,7.1
8078,2701,44,5,124.86,47.45
8079,2701,119,1,14.81,17.35
8080,2701,14,5,511.75,31.33
8081,2701,22,1,351.15,68.05
8082,2702,102,2,860.72,58.03
8083,2702,18,2,726.4,5.18
8084,2702,56,2,709.54,9.29
8085,2702,84,4,398.21,61.99
8086,2703,115,5,729.53,3.36
8087,2703,150,5,763.0,7.34
8088,2703,35,5,159.18,13.34
8089,2703,9,-4,115.33,1.71
8090,2703,23,5,546.47,1.89
8091,2704,8,5,503.54,13.55
8092,2704,61,1,668.89,7.11
8093,2704,83,4,402.94,12.79
8094,2705,112,3,947.05,10.8
8095,2705,5,4,103.13,12.05
8096,2706,127,2,211.33,2.28
8097,2706,136,5,237.75,10.55
8098,2707,17,4,159.66,66.02
8099,2707,148,1,469.58,54.36
8100,2708,70,2,28.63,47.18
8101,2709,6,3,161.71,9.7
8102,2710,48,-3,1066.5,7.3
8103,2711,140,5,596.4,1.14
8104,2712,48,3,754.02,80.27
8105,2712,68,3,285.6,4.21
8106,2712,37,1,105.41,3.98
8107,2713,37,2,69.86,39.99
8108,2714,62,4,976.02,0.29
8109,2715,124,2,249.32,10.27
8110,2715,68,1,324.51,12.8
8111,2715,77,5,202.38,9.61
8112,2716,87,2,1051.39,15.53
8113,2716,53,2,226.41,13.58
8114,2716,51,1,471.38,7.97
8115,2717,53,4,263.17,8.43
8116,2718,16,3,584.99,15.93
8117,2718,57,4,140.73,5.75
8118,2718,63,4,76.84,81.24
8119,2719,90,-3,1035.21,43.3
8120,2719,62,2,752.28,92.48
8121,2720,34,2,118.65,0.28
8122,2720,116,4,128.75,1.39
8123,2720,35,5,143.52,14.06
8124,2720,133,5,1112.73,7.04
8125,2721,143,3,559.43,10.48
8126,2721,146,4,361.5,0.75
8127,2721,92,5,225.39,5.96
8128,2721,98,1,635.65,20.39
8129,2722,24,2,300.3,12.93
8130,2722,63,2,76.67,3.8
8131,2723,51,5,578.39,16.98
8132,2723,1,3,265.4,69.49
8133,2724,92,4,200.06,4.46
8134,2724,101,1,248.65,5.63
8135,2724,55,2,207.93,35.22
8136,2725,34,-5,193.88,15.29
8137,2725,125,2,641.73,4.88
8138,2725,106,4,92.64,10.99
8139,2725,61,5,525.51,0.79
8140,2726,93,2,623.25,10.16
8141,2726,101,5,286.62,3.24
8142,2726,80,2,195.29,92.0
8143,2726,17,5,166.84,3.75
8144,2727,4,5,262.73,10.03
8145,2727,138,5,886.92,15.2
8146,2727,137,3,183.5,18.67
8147,2728,24,4,218.5,16.55
8148,2728,95,2,875.27,0.3
8149,2728,91,1,291.57,17.35
8150,2729,133,1,728.33,8.24
8151,2729,72,1,705.23,4.55
8152,2729,43,2,664.96,17.21
8153,2729,60,3,406.88,42.88
8154,2729,93,1,782.67,9.01
8155,2730,87,4,705.06,68.87
8156,2730,89,5,728.31,17.77
8157,2731,68,2,250.55,10.01
8158,2731,72,4,644.38,72.34
8159,2731,97,1,750.61,15.69
8160,2731,26,-5,97.61,0.47
8161,2731,116,4,167.6,42.89
8162,2732,131,2,639.62,10.17
8163,2732,14,5,671.75,54.24
8164,2732,38,1,818.56,12.71
8165,2733,100,1,688.01,3.49
8166,2733,85,4,846.96,76.59
8167,2733,68,5,213.38,9.48
8168,2734,81,5,233.12,17.0
8169,2734,37,5,78.29,14.39
8170,2735,95,4,712.65,13.2
8171,2735,150,5,664.57,17.85
8172,2735,75,5,175.09,2.62
8173,2735,143,1,534.2,18.56
8174,2736,56,4,555.24,14.17
8175,2736,123,4,15.83,38.54
8176,2737,29,5,332.47,9.66
8177,2737,60,1,478.32,3.52
8178,2737,107,2,1064.42,9.63
8179,2737,17,5,258.1,12.34
8180,2737,87,3,680.12,78.08
8181,2738,88,1,534.58,5.39
8182,2738,28,3,537.06,17.1
8183,2738,34,3,170.26,2.34
8184,2739,79,2,16.12,92.56
8185,2739,56,5,818.68,19.56
8186,2740,18,1,555.73,20.0
8187,2740,16,2,892.39,5.65
8188,2740,50,5,144.05,19.44
8189,2741,114,4,137.16,1.49
8190,2741,16,4,732.9,39.57
8191,2742,28,2,438.64,45.95
8192,2742,127,5,287.83,3.04
8193,2742,12,1,667.32,5.94
8194,2742,61,3,623.48,0.27
8195,2742,34,-2,171.83,9.63
8196,2743,145,3,367.91,77.52
8197,2744,70,5,45.87,9.8
8198,2744,51,5,697.56,6.9
8199,2744,24,4,288.92,40.76
8200,2744,90,5,1207.69,66.91
8201,2744,44,3,126.05,32.4
8202,2745,100,4,1131.12,13.19
8203,2745,2,3,800.99,16.07
8204,2745,107,4,1072.31,1.47
8205,2745,41,4,262.98,3.82
8206,2745,133,2,1215.11,14.14
8207,2746,14,5,622.64,80.13
8208,2746,112,5,1001.83,57.86
8209,2746,74,1,65.74,20.97
8210,2746,82,5,726.77,19.46
8211,2747,1,1,400.03,84.69
8212,2747,42,1,983.34,8.8
8213,2747,119,1,12.09,58.59
8214,2748,101,3,228.18,6.95
8215,2748,6,1,193.01,13.22
8216,2749,114,3,120.31,98.46
8217,2750,140,3,511.87,9.2
8218,2750,34,1,194.07,2.0
8219,2750,81,5,248.81,85.12
8220,2750,139,1,315.37,21.57
8221,2750,47,-5,811.04,7.04
8222,2751,104,5,735.23,17.23
8223,2751,32,1,41.66,19.89
8224,2751,66,2,947.6,18.17
8225,2751,2,1,569.36,10.51
8226,2752,30,1,573.74,19.54
8227,2752,98,3,758.73,52.09
8228,2753,99,5,151.13,12.69
8229,2753,66,-4,562.96,10.4
8230,2754,38,2,757.57,9.17
8231,2754,54,4,1112.7,0.74
8232,2755,34,5,142.97,61.67
8233,2755,82,4,678.25,14.55
8234,2755,8,5,847.6,2.46
8235,2755,17,5,213.06,10.05
8236,2755,140,2,389.23,70.32
8237,2756,34,5,152.0,8.79
8238,2756,86,5,651.59,8.01
8239,2757,111,5,511.2,18.36
8240,2758,1,1,406.76,12.96
8241,2759,53,-3,284.5,96.41
8242,2759,143,-3,588.31,67.03
8243,2759,139,5,221.78,5.87
8244,2760,85,1,849.67,10.41
8245,2760,102,4,775.9,52.17
8246,2761,48,5,841.23,70.04
8247,2761,92,2,317.06,5.22
8248,2762,49,2,415.56,0.43
8249,2762,110,1,406.35,18.42
8250,2762,14,5,551.22,74.6
8251,2762,67,2,64.81,98.31
8252,2763,128,2,115.48,1.51
8253,2763,80,5,161.82,2.85
8254,2763,60,2,525.49,17.42
8255,2764,42,5,1033.11,68.34
8256,2764,27,4,329.34,1.53
8257,2764,13,3,284.22,12.92
8258,2764,112,1,979.14,2.97
8259,2764,40,1,73.08,6.49
8260,2765,143,2,559.16,63.98
8261,2765,94,5,354.85,98.31
8262,2765,84,3,522.66,2.19
8263,2765,114,2,168.71,15.79
8264,2765,54,5,1016.31,16.81
8265,2766,42,4,937.26,10.07
8266,2766,4,4,231.38,81.76
8267,2766,121,2,128.87,4.02
8268,2766,16,5,929.27,53.15
8269,2767,140,1,516.91,10.85
8270,2767,127,1,232.02,96.29
8271,2767,137,3,214.06,3.05
8272,2768,51,1,749.72,16.57
8273,2768,29,3,352.66,7.31
8274,2768,55,3,354.92,97.26
8275,2768,6,4,165.21,1.22
8276,2769,9,5,152.25,6.39
8277,2769,59,-1,480.92,32.26
8278,2769,51,1,605.41,4.11
8279,2769,128,2,161.65,80.2
8280,2770,91,3,313.09,81.07
8281,2771,124,3,352.69,0.23
8282,2771,131,2,385.54,18.34
8283,2771,114,4,166.21,1.55
8284,2771,145,5,319.5,60.01
8285,2772,51,2,548.4,30.82
8286,2772,145,1,286.05,12.6
8287,2773,111,3,347.05,84.65
8288,2773,14,5,442.11,9.55
8289,2773,92,3,307.5,2.78
8290,2773,127,5,251.27,15.81
8291,2774,111,3,506.48,7.05
8292,2775,106,1,112.69,12.11
8293,2775,22,2,272.84,16.01
8294,2775,56,4,709.79,24.38
8295,2775,126,1,791.65,74.04
8296,2775,4,3,303.47,0.48
8297,2776,15,2,401.18,6.69
8298,2776,148,4,354.12,6.07
8299,2777,49,5,373.64,32.12
8300,2777,57,5,117.23,11.11
8301,2777,6,5,157.63,16.38
8302,2777,38,2,1150.97,2.9
8303,2777,13,1,190.23,11.89
8304,2778,45,3,666.58,4.84
8305,2778,2,5,808.65,12.18
8306,2778,82,4,589.99,15.27
8307,2778,12,-1,425.56,3.49
8308,2779,92,3,226.88,7.99
8309,2779,85,5,802.11,7.11
8310,2779,35,3,130.22,0.31
8311,2780,68,3,304.11,14.86
8312,2780,148,2,428.89,10.04
8313,2780,13,4,218.68,13.2
8314,2781,114,5,148.09,41.55
8315,2781,15,2,431.1,2.3
8316,2781,4,4,279.95,3.71
8317,2781,113,4,321.46,18.48
8318,2781,69,3,334.77,18.06
8319,2782,116,3,126.59,17.91
8320,2783,25,4,86.4,13.62
8321,2783,82,3,522.41,10.0
8322,2783,96,3,196.67,0.13
8323,2783,62,4,901.79,0.24
8324,2783,138,3,605.16,24.43
8325,2784,28,4,559.72,6.56
8326,2784,74,2,65.55,13.79
8327,2784,35,4,119.02,71.57
8328,2784,9,3,174.8,4.37
8329,2784,68,1,224.51,38.13
8330,2785,92,2,332.93,45.07
8331,2786,19,4,797.81,13.67
8332,2787,129,2,279.58,15.76
8333,2787,110,1,559.72,97.78
8334,2788,135,3,21.55,92.53
8335,2788,113,-3,346.46,7.45
8336,2789,103,2,362.98,1.45
8337,2789,134,1,129.54,0.14
8338,2789,58,5,970.11,13.95
8339,2790,148,5,393.62,12.93
8340,2791,117,4,740.38,12.67
8341,2792,102,4,828.18,5.66
8342,2792,112,3,621.22,7.2
8343,2792,32,4,52.61,19.37
8344,2792,40,2,79.41,4.31
8345,2793,30,3,496.81,27.47
8346,2793,130,2,257.86,0.7
8347,2793,4,3,350.39,1.68
8348,2793,25,3,64.54,2.86
8349,2793,47,3,680.33,27.98
8350,2794,18,2,620.55,31.91
8351,2794,46,5,743.47,58.22
8352,2795,58,1,783.62,21.83
8353,2795,50,1,190.86,14.55
8354,2795,116,4,107.67,15.58
8355,2795,9,1,121.73,15.02
8356,2796,76,3,819.36,18.91
8357,2796,47,2,806.68,0.52
8358,2796,41,1,340.79,14.59
8359,2796,62,1,666.98,6.17
8360,2797,38,1,984.08,47.88
8361,2797,113,3,306.23,5.81
8362,2797,69,5,323.15,7.8
8363,2797,134,5,128.52,69.03
8364,2798,139,3,196.49,16.59
8365,2798,103,5,552.43,0.83
8366,2798,39,1,315.74,9.8
8367,2799,6,4,133.43,4.93
8368,2799,75,4,186.17,49.96
8369,2799,128,4,152.89,7.99
8370,2800,32,3,42.55,5.18
8371,2800,109,4,611.49,18.34
8372,2801,126,1,607.27,17.48
8373,2801,66,5,817.28,63.16
8374,2801,17,2,170.74,27.26
8375,2801,104,5,775.16,35.4
8376,2802,109,3,1006.77,8.31
8377,2802,144,4,259.21,10.86
8378,2802,75,3,197.45,46.62
8379,2802,81,2,310.75,15.13
8380,2802,28,1,547.83,0.48
8381,2803,55,4,348.99,18.37
8382,2803,77,3,186.83,10.1
8383,2803,84,5,353.01,4.73
8384,2803,135,3,21.98,3.7
8385,2804,122,2,362.94,19.25
8386,2804,3,5,283.89,10.13
8387,2804,5,3,54.77,19.31
8388,2804,85,4,547.88,6.94
8389,2804,35,4,130.45,76.79
8390,2805,33,2,956.02,3.31
8391,2805,121,1,161.49,15.78
8392,2805,96,5,228.75,69.46
8393,2805,117,3,967.49,0.2
8394,2806,60,3,522.66,13.63
8395,2806,92,2,345.88,66.6
8396,2807,79,1,16.65,10.44
8397,2807,101,3,259.28,79.18
8398,2807,16,1,930.09,12.92
8399,2807,116,1,176.46,18.47
8400,2807,74,3,122.03,37.43
8401,2808,149,4,148.11,14.26
8402,2808,54,3,901.81,0.44
8403,2808,52,3,439.89,2.95
8404,2808,63,4,55.66,87.22
8405,2808,87,4,1060.66,0.04
8406,2809,73,3,571.99,10.84
8407,2810,61,5,633.68,2.98
8408,2810,111,2,571.59,17.99
8409,2810,29,1,304.12,10.5
8410,2810,131,5,444.01,18.79
8411,2811,35,1,222.35,11.53
8412,2811,22,4,300.97,10.73
8413,2811,21,4,123.37,5.05
8414,2812,108,4,386.65,79.87
8415,2812,12,2,506.85,11.99
8416,2812,26,2,107.0,10.46
8417,2812,120,4,633.21,17.85
8418,2813,105,5,832.46,1.11
8419,2813,65,3,29.31,15.65
8420,2814,102,3,853.35,5.5
8421,2814,122,4,367.95,97.22
8422,2815,7,3,310.87,48.78
8423,2815,113,3,287.27,9.42
8424,2816,133,5,1060.46,6.8
8425,2816,90,2,792.79,7.62
8426,2816,98,4,799.8,17.71
8427,2816,70,-5,36.88,36.31
8428,2817,128,3,146.28,11.31
8429,2818,122,2,323.0,2.44
8430,2818,68,5,299.44,92.1
8431,2819,6,5,192.27,9.55
8432,2819,62,5,566.83,2.07
8433,2819,119,4,14.37,4.7
8434,2819,88,4,788.18,95.93
8435,2820,129,2,267.0,32.5
8436,2820,72,1,689.47,3.59
8437,2820,135,1,29.87,12.11
8438,2820,27,5,274.31,5.43
8439,2820,31,4,57.43,14.28
8440,2821,102,3,874.21,6.77
8441,2821,14,4,392.79,3.62
8442,2821,15,5,268.18,1.45
8443,2821,125,5,846.57,9.02
8444,2821,141,5,471.4,6.06
8445,2822,67,2,63.51,6.38
8446,2822,1,3,395.19,18.78
8447,2823,67,1,64.26,5.77
8448,2823,105,2,870.83,28.47
8449,2824,150,4,662.38,8.39
8450,2825,106,2,79.57,16.15
8451,2826,52,3,372.79,37.36
8452,2827,116,2,119.32,8.18
8453,2827,145,2,310.77,19.51
8454,2828,17,3,171.72,71.58
8455,2828,120,2,609.34,0.98
8456,2828,86,2,488.9,16.97
8457,2828,79,4,15.68,18.32
8458,2828,143,4,679.98,49.38
8459,2829,90,3,1063.88,9.04
8460,2829,91,4,314.27,14.65
8461,2829,19,-4,806.23,2.0
8462,2829,59,4,527.22,12.99
8463,2829,120,2,528.98,30.09
8464,2830,85,3,509.0,54.04
8465,2830,126,1,781.03,41.74
8466,2830,48,2,1037.6,15.92
8467,2830,8,2,563.35,43.05
8468,2830,34,3,155.18,32.35
8469,2831,72,1,399.91,46.48
8470,2831,51,5,735.67,17.82
8471,2832,2,1,958.71,1.41
8472,2833,11,5,443.99,13.15
8473,2833,69,1,389.67,8.73
8474,2833,7,2,398.22,1.6
8475,2834,132,5,1010.04,37.58
8476,2834,38,3,1205.88,31.57
8477,2834,18,-4,717.54,19.54
8478,2835,88,1,659.42,9.89
8479,2836,99,2,184.48,22.29
8480,2836,135,2,33.46,23.23
8481,2836,23,5,468.34,4.16
8482,2837,103,4,356.96,44.47
8483,2837,63,2,74.44,17.84
8484,2837,71,4,525.85,0.11
8485,2837,123,2,15.43,4.68
8486,2837,43,1,412.1,13.29
8487,2838,74,4,104.61,7.32
8488,2838,3,2,219.43,14.14
8489,2838,111,2,476.0,4.06
8490,2839,84,3,465.31,7.24
8491,2839,86,5,383.02,3.65
8492,2839,112,2,589.33,96.07
8493,2839,75,3,132.03,30.06
8494,2840,109,5,714.31,74.94
8495,2840,52,3,265.75,8.13
8496,2840,6,3,151.49,6.63
8497,2840,12,5,403.81,5.03
8498,2841,135,3,28.85,18.24
8499,2841,129,3,265.79,17.51
8500,2842,80,1,139.31,11.61
8501,2842,44,1,151.12,0.37
8502,2842,132,4,860.89,18.65
8503,2842,37,1,68.71,8.64
8504,2843,97,2,851.04,40.28
8505,2843,78,5,30.28,50.0
8506,2843,35,5,205.78,11.61
8507,2844,129,2,363.76,2.57
8508,2844,82,2,776.34,15.47
8509,2844,111,1,413.56,11.87
8510,2845,18,1,430.9,6.14
8511,2845,81,1,196.91,9.8
8512,2845,118,5,1054.22,81.94
8513,2845,82,2,809.76,4.45
8514,2845,136,5,207.36,1.03
8515,2846,148,2,582.75,16.44
8516,2846,99,1,232.19,36.83
8517,2846,18,4,505.51,14.55
8518,2846,123,2,13.03,45.35
8519,2846,135,2,25.64,14.19
8520,2847,53,2,190.02,13.08
8521,2847,43,1,677.88,51.69
8522,2847,16,4,881.15,8.77
8523,2847,148,2,342.87,14.31
8524,2847,21,5,114.88,9.6
8525,2848,21,5,108.81,15.39
8526,2848,69,4,271.53,16.53
8527,2848,101,1,367.36,19.5
8528,2848,121,3,142.71,15.97
8529,2849,67,1,73.61,17.37
8530,2849,22,4,433.84,19.15
8531,2850,22,5,336.1,34.07
8532,2850,96,1,265.53,8.44
8533,2850,16,2,790.14,65.42
8534,2851,141,1,675.73,6.16
8535,2852,92,3,307.02,3.92
8536,2852,57,1,159.0,15.01
8537,2853,106,3,114.14,17.35
8538,2853,5,3,82.68,12.36
8539,2853,1,1,328.19,18.16
8540,2854,100,1,1099.89,1.71
8541,2855,2,2,984.07,35.48
8542,2855,58,2,825.06,5.19
8543,2856,111,2,422.17,17.65
8544,2856,86,1,682.34,50.83
8545,2857,81,2,317.59,62.1
8546,2857,150,3,652.19,5.25
8547,2857,98,1,824.71,13.96
8548,2858,150,-1,528.29,45.97
8549,2858,49,1,594.73,1.55
8550,2858,149,3,94.62,11.5
8551,2858,21,3,109.1,36.52
8552,2859,40,2,94.72,4.75
8553,2859,16,3,853.46,14.09
8554,2860,44,4,98.07,8.18
8555,2860,137,3,162.78,11.78
8556,2860,4,2,244.84,13.04
8557,2861,44,5,123.92,8.23
8558,2861,134,-2,186.45,14.44
8559,2861,111,1,320.1,8.06
8560,2862,74,5,75.31,17.95
8561,2862,70,2,34.32,15.83
8562,2863,17,2,210.46,2.25
8563,2863,124,1,373.36,3.37
8564,2863,138,4,625.28,16.9
8565,2863,47,2,642.15,97.95
8566,2864,54,1,1062.0,13.3
8567,2865,125,5,592.19,0.44
8568,2865,30,1,469.1,0.87
8569,2865,52,4,454.39,9.87
8570,2865,128,2,119.51,5.36
8571,2865,123,-1,16.48,60.44
8572,2866,84,3,371.91,50.44
8573,2867,89,5,673.65,14.66
8574,2868,36,3,530.98,16.36
8575,2868,96,3,275.07,9.96
8576,2868,57,5,113.83,8.14
8577,2868,45,2,498.64,10.2
8578,2869,79,2,14.6,42.3
8579,2869,7,-2,345.19,12.31
8580,2869,36,4,915.66,0.76
8581,2870,55,1,233.07,8.49
8582,2870,132,1,853.63,50.85
8583,2870,96,1,271.73,0.58
8584,2871,97,-4,583.78,10.95
8585,2871,52,5,318.08,7.24
8586,2871,81,5,273.23,4.45
8587,2872,63,2,93.04,71.96
8588,2872,50,4,179.67,5.8
8589,2872,44,2,132.18,3.21
8590,2873,128,5,89.86,7.55
8591,2873,23,5,392.18,8.13
8592,2873,46,5,984.74,11.95
8593,2874,129,1,342.48,71.57
8594,2874,92,4,380.01,15.98
8595,2874,81,4,170.78,18.51
8596,2874,29,3,366.86,2.08
8597,2875,23,5,406.57,6.3
8598,2875,72,1,463.86,3.4
8599,2875,46,5,637.4,1.7
8600,2876,28,5,371.06,30.27
8601,2877,44,3,115.62,0.7
8602,2877,139,1,176.53,14.01
8603,2877,27,3,298.35,2.86
8604,2878,75,4,149.56,5.81
8605,2878,70,2,42.84,18.7
8606,2879,92,3,206.74,7.67
8607,2879,128,-2,124.8,11.7
8608,2879,35,4,164.82,17.68
8609,2880,149,4,112.78,7.23
8610,2880,120,5,675.38,2.07
8611,2881,49,2,557.09,17.89
8612,2881,99,2,283.84,3.34
8613,2881,98,1,794.82,4.02
8614,2881,114,4,124.68,19.72
8615,2881,24,2,253.68,4.33
8616,2882,134,4,120.13,52.43
8617,2882,98,4,858.49,11.08
8618,2882,37,1,80.26,34.56
8619,2883,55,4,263.76,3.62
8620,2883,71,3,306.84,9.13
8621,2883,22,1,335.19,5.31
8622,2883,27,3,366.24,47.58
8623,2883,48,-4,571.46,14.92
8624,2884,123,2,11.54,3.53
8625,2884,131,2,455.23,17.38
8626,2884,115,3,731.53,4.24
8627,2885,149,4,138.97,1.92
8628,2885,16,4,676.74,56.51
8629,2885,81,3,300.86,8.65
8630,2885,73,-1,673.79,7.27
8631,2885,121,3,149.46,0.04
8632,2886,121,-3,152.65,0.39
8633,2886,9,4,178.89,35.96
8634,2886,115,2,1080.37,10.75
8635,2886,111,1,484.88,78.97
8636,2887,15,3,408.5,5.95
8637,2887,31,2,95.66,92.85
8638,2887,141,4,676.45,5.33
8639,2887,139,5,232.06,11.4
8640,2887,126,3,495.32,15.05
8641,2888,138,1,916.19,2.86
8642,2888,137,4,152.24,3.1
8643,2888,117,5,642.32,4.67
8644,2889,91,1,237.64,1.26
8645,2889,27,3,376.21,59.75
8646,2890,78,1,27.37,1.55
8647,2890,28,2,643.64,1.34
8648,2890,140,3,492.95,7.35
8649,2891,138,4,711.16,97.01
8650,2891,142,3,139.32,18.69
8651,2891,83,1,514.84,70.69
8652,2892,101,4,255.6,9.61
8653,2892,31,2,76.35,34.96
8654,2892,123,5,12.38,18.15
8655,2892,67,1,61.08,10.91
8656,2893,97,5,782.46,92.27
8657,2893,63,5,50.08,11.35
8658,2894,144,2,215.67,0.02
8659,2894,143,1,658.15,9.23
8660,2894,64,5,135.89,31.44
8661,2895,140,2,478.46,13.4
8662,2895,129,2,318.7,15.19
8663,2895,44,2,102.54,19.83
8664,2896,57,2,136.59,3.94
8665,2896,3,2,252.25,84.4
8666,2896,80,4,215.02,15.5
8667,2896,34,4,191.74,42.01
8668,2896,27,3,321.26,49.06
8669,2897,100,2,724.43,19.38
8670,2897,36,5,981.18,12.68
8671,2897,115,3,1060.16,0.85
8672,2898,135,4,28.42,2.13
8673,2898,52,4,281.95,14.74
8674,2898,86,4,512.16,36.22
8675,2898,101,-2,236.05,6.06
8676,2898,73,1,782.92,25.22
8677,2899,21,2,85.04,1.72
8678,2899,6,5,133.8,91.21
8679,2900,126,1,735.19,0.85
8680,2900,149,3,145.48,15.53
8681,2900,147,5,102.26,10.29
8682,2900,39,2,191.19,8.67
8683,2900,40,5,111.16,18.75
8684,2901,137,5,161.04,8.44
8685,2901,61,4,536.42,1.04
8686,2902,106,1,116.14,15.13
8687,2902,6,-4,164.31,19.04
8688,2902,87,3,641.0,9.04
8689,2902,4,4,199.99,7.91
8690,2902,61,3,783.24,7.5
8691,2903,89,3,635.55,56.35
8692,2903,12,2,662.08,4.33
8693,2904,147,5,163.29,1.23
8694,2904,59,5,307.24,2.39
8695,2904,4,3,249.84,17.47
8696,2905,46,4,847.26,2.27
8697,2905,138,1,575.75,0.05
8698,2905,117,4,794.68,19.94
8699,2906,89,5,658.64,7.33
8700,2907,22,1,258.62,63.93
8701,2907,2,5,603.7,6.2
8702,2907,59,1,384.58,10.02
8703,2907,52,4,448.37,15.11
8704,2907,77,4,246.92,19.57
8705,2908,88,2,664.43,10.91
8706,2908,64,1,136.41,16.92
8707,2908,114,4,104.0,68.06
8708,2908,38,2,844.36,15.98
8709,2908,139,2,185.88,19.46
8710,2909,140,2,581.66,3.37
8711,2910,67,4,40.62,18.43
8712,2911,64,3,144.82,16.23
8713,2911,54,2,1075.03,70.82
8714,2911,46,2,698.25,10.29
8715,2912,7,1,397.35,13.86
8716,2913,70,4,30.05,19.58
8717,2913,14,2,483.96,0.88
8718,2913,139,3,181.05,4.37
8719,2913,22,3,341.3,11.85
8720,2913,104,3,960.89,61.54
8721,2914,25,2,79.99,0.77
8722,2914,114,1,157.84,81.14
8723,2914,71,-4,344.78,41.82
8724,2914,95,2,852.44,18.95
8725,2915,97,2,819.46,10.86
8726,2915,39,4,266.94,18.85
8727,2916,52,5,337.47,11.27
8728,2916,120,-3,537.84,3.94
8729,2917,63,3,77.16,17.82
8730,2918,146,1,578.76,16.14
8731,2918,2,3,564.43,13.71
8732,2919,36,1,892.92,2.07
8733,2919,22,1,403.9,6.87
8734,2920,100,3,917.17,4.53
8735,2921,25,1,59.0,17.81
8736,2921,70,5,35.65,11.85
8737,2921,15,4,401.48,72.32
8738,2921,7,3,348.05,3.46
8739,2922,68,2,278.83,0.95
8740,2922,140,3,418.26,13.58
8741,2922,149,1,105.55,6.96
8742,2923,63,4,68.67,6.64
8743,2923,87,-3,810.52,17.66
8744,2923,77,5,205.61,13.63
8745,2923,29,4,337.97,30.05
8746,2924,51,-5,739.76,1.8
8747,2924,82,4,576.73,13.01
8748,2925,99,5,222.8,93.17
8749,2926,110,5,580.9,3.87
8750,2926,106,1,97.98,8.03
8751,2926,2,2,975.25,7.44
8752,2927,12,5,497.55,15.86
8753,2927,41,5,328.93,15.8
8754,2927,135,-1,28.27,0.65
8755,2927,114,5,145.89,6.66
8756,2927,101,1,335.43,19.52
8757,2928,6,4,166.57,3.18
8758,2929,70,4,34.76,9.08
8759,2929,37,5,108.09,35.35
8760,2929,48,2,822.02,1.86
8761,2929,5,4,104.19,60.8
8762,2929,132,4,707.56,7.42
8763,2930,119,1,14.12,82.18
8764,2930,122,1,504.43,8.78
8765,2930,69,1,353.2,10.18
8766,2930,143,5,658.93,9.41
8767,2931,46,4,883.0,16.85
8768,2931,79,5,19.91,80.42
8769,2931,27,4,446.99,2.44
8770,2931,119,3,17.69,9.45
8771,2931,129,2,279.43,16.77
8772,2932,145,3,261.69,1.32
8773,2932,36,3,821.7,1.3
8774,2932,93,1,906.84,6.91
8775,2932,125,5,756.15,2.12
8776,2932,110,3,734.19,32.71
8777,2933,98,5,807.27,2.18
8778,2933,95,3,546.0,10.27
8779,2933,68,5,261.49,8.23
8780,2933,140,4,425.0,9.04
8781,2933,54,2,745.51,0.91
8782,2934,90,2,1030.77,18.28
8783,2934,133,4,802.87,7.28
8784,2934,97,1,612.38,10.79
8785,2934,28,1,365.99,0.73
8786,2935,128,5,132.35,37.64
8787,2936,135,4,24.37,9.47
8788,2936,103,2,392.86,62.88
8789,2936,22,5,454.69,71.04
8790,2937,52,4,265.16,0.58
8791,2938,14,1,528.56,12.63
8792,2938,23,1,504.05,18.58
8793,2939,122,4,333.22,7.99
8794,2940,88,3,774.61,3.3
8795,2941,137,1,217.07,65.39
8796,2942,2,1,805.87,38.33
8797,2942,103,4,561.65,12.13
8798,2942,48,3,657.53,40.88
8799,2942,16,4,647.34,40.09
8800,2943,10,5,66.68,12.89
8801,2943,68,2,204.03,95.88
8802,2943,9,3,194.13,82.07
8803,2944,64,3,130.17,64.44
8804,2944,88,2,691.98,2.49
8805,2944,146,4,437.73,42.19
8806,2945,39,5,221.13,16.41
8807,2945,30,3,541.15,64.05
8808,2945,74,2,89.81,9.88
8809,2945,84,5,576.71,12.73
8810,2946,17,1,214.1,9.11
8811,2946,67,-1,70.04,3.79
8812,2946,30,3,577.86,63.67
8813,2946,94,4,438.63,76.19
8814,2946,85,2,691.62,0.72
8815,2947,8,5,775.96,16.45
8816,2947,25,2,60.97,75.19
8817,2947,110,2,540.65,3.11
8818,2947,23,4,390.17,11.73
8819,2948,72,1,643.41,11.2
8820,2948,71,5,331.54,33.4
8821,2948,1,5,398.45,14.51
8822,2949,3,4,291.41,82.21
8823,2949,130,5,365.2,56.07
8824,2950,86,4,462.01,8.35
8825,2950,63,3,61.97,12.93
8826,2950,78,-3,34.88,19.06
8827,2950,21,2,74.51,5.43
8828,2950,9,4,116.15,13.88
8829,2951,125,2,688.53,11.19
8830,2951,79,5,23.42,7.53
8831,2951,55,4,316.28,0.91
8832,2952,32,5,50.5,12.5
8833,2952,60,5,391.85,5.3
8834,2952,28,2,437.8,13.08
8835,2953,135,5,23.8,11.75
8836,2953,85,3,786.55,10.56
8837,2954,58,3,527.15,6.26
8838,2954,137,2,146.45,19.43
8839,2954,105,1,1076.11,3.86
8840,2954,140,1,711.48,65.97
8841,2955,84,2,337.77,15.96
8842,2955,26,5,131.53,8.48
8843,2955,119,1,15.84,14.75
8844,2955,45,3,614.1,3.67
8845,2956,19,2,975.24,1.67
8846,2956,76,2,822.88,19.98
8847,2956,104,2,859.84,0.21
8848,2956,26,4,122.58,15.03
8849,2956,120,3,567.35,12.2
8850,2957,116,2,110.5,3.51
8851,2958,8,5,747.94,4.23
8852,2958,119,2,13.95,18.34
8853,2958,42,2,1087.88,2.74
8854,2958,117,3,515.63,81.55
8855,2958,73,3,566.21,14.22
8856,2959,90,4,1123.35,12.16
8857,2959,15,4,439.36,6.86
8858,2959,51,2,554.69,1.67
8859,2960,23,2,546.0,0.64
8860,2960,134,2,157.23,4.32
8861,2960,140,2,463.45,11.73
8862,2961,114,2,107.73,13.74
8863,2961,72,-4,672.4,0.15
8864,2961,75,4,141.2,2.54
8865,2961,85,-4,457.62,4.62
8866,2961,25,5,72.23,18.17
8867,2962,45,5,562.58,50.81
8868,2963,1,1,420.9,7.54
8869,2963,89,4,558.55,11.92
8870,2963,69,4,359.06,7.73
8871,2963,33,1,696.27,1.26
8872,2964,60,5,328.54,0.18
8873,2964,66,1,585.01,11.42
8874,2964,33,3,936.06,13.73
8875,2965,95,2,897.67,11.23
8876,2965,56,2,621.1,47.99
8877,2965,66,3,934.94,32.27
8878,2965,44,5,111.66,18.57
8879,2966,42,5,846.89,1.7
8880,2966,10,5,57.86,4.01
8881,2966,26,5,125.53,17.42
8882,2967,63,5,85.93,16.94
8883,2967,94,1,428.39,26.56
8884,2967,143,5,413.16,70.75
8885,2968,89,-5,548.02,42.3
8886,2968,31,5,100.33,5.2
8887,2968,27,5,296.05,15.43
8888,2969,127,1,163.34,36.56
8889,2969,72,4,467.66,19.49
8890,2970,7,5,279.29,9.13
8891,2971,50,1,203.57,7.72
8892,2971,58,3,759.93,16.57
8893,2971,133,1,715.67,18.39
8894,2971,26,1,97.65,0.8
8895,2971,38,1,1204.36,3.8
8896,2972,83,1,468.41,17.91
8897,2972,2,2,675.77,18.25
8898,2972,145,1,363.16,3.13
8899,2972,49,4,606.74,79.31
8900,2973,46,3,801.38,15.03
8901,2973,83,1,408.57,18.66
8902,2973,145,3,306.65,8.58
8903,2973,88,5,656.74,4.02
8904,2974,81,1,286.44,99.03
8905,2974,5,2,74.14,40.53
8906,2974,28,4,496.0,15.66
8907,2974,79,2,21.4,68.32
8908,2975,89,4,676.08,2.38
8909,2975,80,1,171.32,11.32
8910,2975,51,3,587.15,11.41
8911,2975,84,3,426.56,94.12
8912,2976,103,3,410.18,4.53
8913,2976,83,1,317.64,19.98
8914,2976,147,5,180.85,16.46
8915,2976,21,2,119.27,11.29
8916,2977,98,5,605.52,4.34
8917,2977,83,1,345.74,16.12
8918,2977,77,3,161.14,87.42
8919,2978,75,1,112.51,49.22
8920,2979,127,2,230.66,4.31
8921,2979,103,1,501.91,21.86
8922,2979,33,2,790.34,3.56
8923,2979,69,1,461.63,8.0
8924,2979,8,1,689.71,18.09
8925,2980,93,2,976.39,6.58
8926,2981,59,1,330.63,85.61
8927,2981,114,2,148.67,3.32
8928,2981,138,5,828.32,8.23
8929,2981,98,3,748.17,18.96
8930,2982,3,1,239.72,5.03
8931,2982,14,5,494.62,13.73
8932,2983,134,5,189.19,13.67
8933,2983,39,1,331.34,13.1
8934,2983,140,1,656.22,84.9
8935,2984,126,1,660.01,41.05
8936,2984,62,4,881.75,46.91
8937,2984,40,2,118.88,17.18
8938,2985,130,4,215.86,42.9
8939,2985,33,5,852.12,7.39
8940,2985,16,1,587.77,17.64
8941,2985,76,4,801.41,6.97
8942,2985,134,2,201.19,67.07
8943,2986,108,4,408.93,11.26
8944,2986,135,5,31.98,3.56
8945,2986,12,-1,420.53,1.35
8946,2986,53,2,265.29,1.43
8947,2987,89,3,465.98,2.61
8948,2987,97,3,699.68,15.49
8949,2987,125,-5,553.03,0.55
8950,2987,55,5,392.81,9.9
8951,2988,55,4,336.14,16.1
8952,2988,56,1,558.9,14.66
8953,2988,91,2,249.91,3.46
8954,2988,108,3,367.61,2.58
8955,2988,120,1,538.87,54.0
8956,2989,130,5,371.62,8.2
8957,2989,105,5,954.9,37.24
8958,2989,34,5,150.12,19.65
8959,2989,33,1,942.21,11.43
8960,2989,5,4,90.08,17.74
8961,2990,18,2,510.68,98.59
8962,2990,119,4,12.01,13.14
8963,2990,68,4,336.19,0.16
8964,2991,92,5,341.43,99.65
8965,2991,5,2,76.69,6.99
8966,2992,101,3,361.28,8.17
8967,2992,9,2,198.92,12.44
8968,2992,64,2,170.61,82.3
8969,2992,10,1,63.96,12.69
8970,2992,117,4,618.2,4.37
8971,2993,149,2,110.39,8.73
8972,2993,128,4,148.53,9.34
8973,2994,102,5,1014.18,14.55
8974,2995,141,1,589.29,11.71
8975,2996,52,3,353.26,3.29
8976,2996,69,4,457.93,93.64
8977,2996,23,5,537.56,46.23
8978,2996,15,1,281.03,17.61
8979,2996,85,3,669.72,8.83
8980,2997,68,4,229.46,17.77
8981,2998,22,5,387.19,19.4
8982,2998,119,-2,12.77,11.12
8983,2998,81,1,303.87,3.34
8984,2998,3,2,184.67,85.07
8985,2999,1,1,248.3,1.43
8986,3000,147,2,175.17,12.23
