order_id,customer_id,order_date,status,region_code
1,207,2025-05-06 00:08:47,SHIPPED,NORTH
2,213,2026-01-17 13:03:02,DELIVERED,NORTH
3,,2024-10-09 03:07:59,CANCELLED,WEST
4,93,2026-03-29 11:25:19,DELIVERED,NORTH
5,237,2025-07-21 18:27:36,SHIPPED,WEST
6,179,10-06-2026,SHIPPED,EAST
7,119,2024-10-13 18:53:59,CANCELLED,NORTH
8,175,2025-04-13 06:40:54,DELIVERED,CENTRAL
9,96,2025-05-17 10:10:49,SHIPPED,WEST
10,468,2025-02-28 03:20:09,DELIVERED,WEST
11,171,2024-10-27 19:31:37,DELIVERED,SOUTH
12,495,2026-04-16 03:17:58,DELIVERED,CENTRAL
13,368,18-11-2025,DELIVERED,SOUTH
14,500,2024-10-27 17:18:25,DELIVERED,NORTH
15,322,2024-08-10 14:24:39,DELIVERED,CENTRAL
16,230,2026-01-03 06:48:13,DELIVERED,CENTRAL
17,255,2025-08-10 07:49:13,DELIVERED,WEST
18,572,2026-06-24 21:14:19,PLACED,SOUTH
19,481,2026-05-24 16:01:45,SHIPPED,WEST
20,339,05-03-2025,SHIPPED,WEST
21,241,2024-10-01 05:30:31,CANCELLED,WEST
22,511,2025-07-14 05:57:13,RETURNED,NORTH
23,423,2024-08-28 19:57:20,PLACED,NORTH
24,312,2026-06-23 08:52:11,SHIPPED,WEST
25,373,04-05-2026,SHIPPED,WEST
26,485,2026-02-08 15:28:28,DELIVERED,NORTH
27,228,2024-08-02 16:57:14,CANCELLED,EAST
28,383,2026-01-28 08:01:08,CANCELLED,WEST
29,420,2024-10-23 01:54:25,SHIPPED,NORTH
30,403,2025-01-15 10:52:46,DELIVERED,EAST
31,425,2024-09-06 02:49:46,CANCELLED,CENTRAL
32,462,2025-07-22 06:19:40,RETURNED,SOUTH
33,5,2025-09-16 22:42:28,DELIVERED,WEST
34,495,2026-07-19 23:31:19,RETURNED,SOUTH
35,178,2026-02-19 09:24:26,PLACED,CENTRAL
36,330,2025-08-27 13:17:37,DELIVERED,CENTRAL
37,255,2025-03-01 12:11:48,DELIVERED,EAST
38,137,2024-11-16 07:51:43,DELIVERED,CENTRAL
39,561,2026-05-31 12:45:05,DELIVERED,CENTRAL
40,206,2025-01-10 21:19:40,SHIPPED,EAST
41,136,2026-02-03 18:44:58,RETURNED,CENTRAL
42,331,2026-02-03 17:56:04,DELIVERED,WEST
43,428,2026-01-06 16:48:34,CANCELLED,EAST
44,433,20-04-2026,PLACED,WEST
45,58,2025-01-03 06:27:04,DELIVERED,EAST
46,150,14-05-2026,DELIVERED,SOUTH
47,34,2025-05-06 14:19:30,PLACED,CENTRAL
48,575,2025-05-30 01:22:22,DELIVERED,EAST
49,49,2026-07-21 14:55:43,DELIVERED,EAST
50,56,2024-08-11 01:41:22,SHIPPED,WEST
51,377,2026-03-10 12:13:40,DELIVERED,SOUTH
52,199,2025-03-17 11:52:12,RETURNED,NORTH
53,178,2026-02-22 22:52:29,DELIVERED,WEST
54,271,2024-11-10 00:36:57,CANCELLED,NORTH
55,159,2024-09-01 00:32:47,DELIVERED,NORTH
56,309,2025-08-17 00:31:56,DELIVERED,NORTH
57,326,2025-09-13 02:04:26,SHIPPED,NORTH
58,164,2025-06-20 01:31:13,DELIVERED,EAST
59,219,2025-12-29 05:27:03,DELIVERED,SOUTH
60,544,2025-08-04 19:58:46,CANCELLED,NORTH
61,355,2025-07-13 03:50:22,DELIVERED,CENTRAL
62,41,2026-01-13 03:40:46,DELIVERED,NORTH
63,554,2026-02-14 07:53:00,RETURNED,EAST
64,521,2025-07-13 01:46:57,SHIPPED,SOUTH
65,85,2024-10-14 12:45:27,RETURNED,CENTRAL
66,68,2025-01-11 17:15:05,DELIVERED,WEST
67,211,2025-09-22 16:27:54,CANCELLED,WEST
68,74,2026-03-04 03:03:14,PLACED,EAST
69,,26-09-2024,DELIVERED,CENTRAL
70,234,2026-07-09 14:01:14,DELIVERED,WEST
71,18,2025-05-30 12:50:27,DELIVERED,CENTRAL
72,600,2024-09-05 08:29:44,PLACED,CENTRAL
73,309,2025-11-15 03:12:24,DELIVERED,WEST
74,32,2025-08-04 03:46:14,SHIPPED,WEST
75,559,2025-03-18 02:47:49,PLACED,EAST
76,12,2025-10-04 22:26:19,PLACED,NORTH
77,,2025-11-07 10:27:11,DELIVERED,NORTH
78,353,2025-01-12 11:03:45,DELIVERED,CENTRAL
79,189,2025-01-19 11:47:09,SHIPPED,NORTH
80,581,24-05-2026,DELIVERED,CENTRAL
81,563,2024-09-26 19:30:49,PLACED,NORTH
82,595,2025-08-14 09:53:14,DELIVERED,SOUTH
83,72,2026-07-01 03:25:36,DELIVERED,EAST
84,314,2026-01-21 14:59:47,DELIVERED,EAST
85,439,09-12-2024,SHIPPED,SOUTH
86,447,2025-03-03 21:41:09,PLACED,EAST
87,474,2025-07-12 22:04:27,DELIVERED,CENTRAL
88,84,2026-05-16 20:09:31,CANCELLED,CENTRAL
89,79,17-02-2026,PLACED,CENTRAL
90,596,2025-10-24 15:29:34,DELIVERED,NORTH
91,557,2026-06-26 09:06:20,DELIVERED,SOUTH
92,229,2026-06-24 09:36:00,DELIVERED,EAST
93,514,2025-09-01 10:46:09,DELIVERED,NORTH
94,170,2026-03-12 03:20:39,DELIVERED,SOUTH
95,580,2025-12-26 04:21:17,PLACED,WEST
96,42,2025-01-17 23:05:02,SHIPPED,EAST
97,44,2026-01-02 07:20:20,RETURNED,EAST
98,466,16-06-2026,RETURNED,EAST
99,534,2025-12-06 02:32:40,CANCELLED,EAST
100,584,2024-12-14 00:47:43,DELIVERED,CENTRAL
101,80,2025-09-06 07:17:40,RETURNED,SOUTH
102,362,2026-04-27 18:23:50,DELIVERED,WEST
103,7,2025-08-25 18:55:09,DELIVERED,SOUTH
104,288,2025-01-12 06:57:52,SHIPPED,CENTRAL
105,122,2025-12-27 11:58:37,CANCELLED,NORTH
106,491,2025-08-08 01:36:06,SHIPPED,WEST
107,,2024-09-03 12:16:07,DELIVERED,SOUTH
108,41,2026-06-23 21:40:19,PLACED,EAST
109,530,2025-06-11 22:15:12,DELIVERED,NORTH
110,291,2024-10-06 14:28:04,DELIVERED,WEST
111,175,2025-01-18 09:14:16,DELIVERED,CENTRAL
112,187,2025-11-28 01:30:31,SHIPPED,EAST
113,71,2025-01-26 12:02:22,PLACED,NORTH
114,517,2026-01-14 13:32:27,PLACED,NORTH
115,40,2026-06-13 18:29:42,DELIVERED,NORTH
116,134,2026-07-02 14:12:52,CANCELLED,WEST
117,380,11-06-2026,DELIVERED,SOUTH
118,494,2026-04-06 06:22:58,DELIVERED,CENTRAL
119,138,2025-02-14 16:33:35,SHIPPED,NORTH
120,557,2025-06-14 09:43:36,PLACED,NORTH
121,121,08-09-2025,DELIVERED,EAST
122,110,2024-11-29 05:16:54,DELIVERED,EAST
123,434,2025-10-13 14:12:58,SHIPPED,WEST
124,424,2025-10-03 19:58:55,DELIVERED,EAST
125,496,2025-02-14 02:45:29,DELIVERED,WEST
126,122,2026-03-04 20:16:01,DELIVERED,SOUTH
127,521,2025-06-08 02:59:47,CANCELLED,CENTRAL
128,54,2024-12-03 20:22:25,DELIVERED,NORTH
129,483,2026-07-21 03:18:52,PLACED,EAST
130,82,17-11-2025,DELIVERED,WEST
131,534,2025-03-11 12:10:24,DELIVERED,SOUTH
132,450,2024-08-09 07:39:22,DELIVERED,CENTRAL
133,35,2026-04-01 22:03:47,DELIVERED,SOUTH
134,37,2025-05-07 10:02:22,PLACED,SOUTH
135,283,2026-03-29 14:09:21,DELIVERED,WEST
136,531,2024-08-12 22:27:09,PLACED,NORTH
137,573,2026-07-12 17:00:12,DELIVERED,EAST
138,200,2025-07-20 05:19:20,DELIVERED,EAST
139,519,2024-10-22 16:39:02,DELIVERED,EAST
140,526,2025-02-17 03:45:10,CANCELLED,CENTRAL
141,454,2025-05-20 21:17:09,DELIVERED,EAST
142,470,2026-01-12 09:50:44,DELIVERED,NORTH
143,265,2024-09-22 11:18:09,DELIVERED,SOUTH
144,236,2026-04-14 12:05:22,RETURNED,CENTRAL
145,270,2025-02-09 19:51:26,DELIVERED,EAST
146,183,2025-08-06 03:38:15,SHIPPED,CENTRAL
147,195,2025-08-23 14:01:18,SHIPPED,SOUTH
148,212,2025-01-26 00:44:17,SHIPPED,CENTRAL
149,110,2024-11-02 02:41:49,DELIVERED,WEST
150,555,2024-09-02 19:50:30,DELIVERED,EAST
151,589,2026-06-06 19:01:29,SHIPPED,CENTRAL
152,228,2026-03-06 16:10:15,PLACED,WEST
153,554,2024-08-26 07:00:42,DELIVERED,SOUTH
154,124,2026-01-25 08:13:19,DELIVERED,NORTH
155,,2025-01-11 16:42:33,PLACED,EAST
156,266,2024-12-24 08:46:27,SHIPPED,WEST
157,352,2025-05-12 05:19:14,DELIVERED,WEST
158,382,2025-05-11 13:32:48,SHIPPED,SOUTH
159,590,2026-01-15 20:11:20,PLACED,EAST
160,569,2025-07-02 17:08:29,SHIPPED,SOUTH
161,10,2024-12-16 04:11:53,PLACED,CENTRAL
162,324,2026-04-02 23:40:01,SHIPPED,CENTRAL
163,,2024-10-16 21:01:26,PLACED,EAST
164,99,2025-07-16 09:54:05,SHIPPED,EAST
165,264,25-04-2025,PLACED,CENTRAL
166,590,2025-12-18 18:22:14,SHIPPED,EAST
167,523,2025-08-14 15:32:31,DELIVERED,NORTH
168,294,2025-07-27 04:57:55,PLACED,SOUTH
169,346,2025-06-24 15:13:45,DELIVERED,NORTH
170,352,2025-01-25 06:17:26,DELIVERED,EAST
171,405,2025-02-27 16:25:51,DELIVERED,EAST
172,534,2025-07-16 17:59:20,SHIPPED,NORTH
173,241,2025-12-28 04:59:41,DELIVERED,NORTH
174,407,2024-10-20 00:13:58,RETURNED,WEST
175,27,2026-03-22 19:14:45,DELIVERED,NORTH
176,160,2024-10-05 11:40:33,CANCELLED,EAST
177,291,2025-07-11 05:06:32,PLACED,SOUTH
178,,2025-12-29 09:27:08,RETURNED,WEST
179,554,2026-07-28 03:00:29,DELIVERED,CENTRAL
180,468,2025-12-04 03:34:42,CANCELLED,WEST
181,547,2025-03-29 12:30:19,DELIVERED,SOUTH
182,453,2025-03-28 03:04:44,SHIPPED,EAST
183,,2025-09-11 11:19:18,CANCELLED,EAST
184,548,2024-08-07 11:02:31,DELIVERED,WEST
185,441,2026-04-12 19:08:29,SHIPPED,NORTH
186,194,2025-06-16 19:18:46,DELIVERED,SOUTH
187,400,2026-05-06 10:59:45,SHIPPED,WEST
188,530,2026-03-17 20:01:36,DELIVERED,EAST
189,545,2026-04-21 05:17:09,SHIPPED,NORTH
190,297,2024-10-25 17:11:29,DELIVERED,EAST
191,504,2024-12-24 20:38:56,SHIPPED,CENTRAL
192,,2024-10-19 10:30:57,PLACED,WEST
193,239,2024-10-10 01:23:37,DELIVERED,EAST
194,511,2025-05-16 11:20:36,DELIVERED,EAST
195,150,2024-09-13 12:37:49,DELIVERED,CENTRAL
196,197,2026-06-27 17:02:20,CANCELLED,NORTH
197,255,2025-05-26 21:09:09,DELIVERED,NORTH
198,97,2025-09-09 18:44:14,SHIPPED,WEST
199,320,2026-07-29 04:19:01,DELIVERED,NORTH
200,563,2025-09-09 14:46:09,DELIVERED,EAST
201,54,2026-06-02 19:44:44,RETURNED,SOUTH
202,333,2024-08-12 16:52:56,SHIPPED,NORTH
203,249,2024-08-07 22:27:52,DELIVERED,WEST
204,159,2025-05-16 11:22:22,SHIPPED,WEST
205,347,2026-07-25 00:16:44,DELIVERED,NORTH
206,158,2026-01-27 17:42:14,PLACED,WEST
207,572,2026-04-05 11:51:28,DELIVERED,WEST
208,22,2026-01-18 08:33:03,DELIVERED,EAST
209,497,2026-01-31 20:27:46,SHIPPED,WEST
210,192,2025-09-27 05:49:17,DELIVERED,EAST
211,568,03-12-2024,SHIPPED,EAST
212,555,2025-05-13 03:28:36,DELIVERED,CENTRAL
213,190,17-06-2026,CANCELLED,CENTRAL
214,65,2025-12-25 07:24:14,CANCELLED,SOUTH
215,510,2026-03-18 18:19:05,DELIVERED,EAST
216,330,2024-10-25 19:12:02,DELIVERED,NORTH
217,133,2024-12-17 18:04:06,SHIPPED,WEST
218,33,2025-10-18 12:26:18,DELIVERED,WEST
219,263,2024-09-08 03:01:20,DELIVERED,NORTH
220,,2026-07-17 09:20:26,DELIVERED,NORTH
221,63,2025-05-08 08:08:57,RETURNED,WEST
222,60,2026-05-02 17:49:03,DELIVERED,NORTH
223,80,2025-01-15 16:40:07,PLACED,SOUTH
224,195,2024-12-29 00:00:26,SHIPPED,SOUTH
225,572,2025-06-19 11:36:06,DELIVERED,CENTRAL
226,470,2026-01-28 16:29:20,CANCELLED,SOUTH
227,564,2025-06-08 21:34:05,DELIVERED,CENTRAL
228,454,2026-07-27 02:04:24,DELIVERED,EAST
229,423,2026-03-17 13:25:44,CANCELLED,EAST
230,577,2025-09-28 19:12:37,DELIVERED,EAST
231,464,2025-07-14 14:00:02,PLACED,NORTH
232,17,2025-09-07 00:56:16,CANCELLED,NORTH
233,228,2025-01-14 20:35:14,PLACED,EAST
234,524,2025-10-07 02:36:50,DELIVERED,NORTH
235,,2025-05-04 05:54:13,SHIPPED,CENTRAL
236,263,2026-04-22 23:31:10,DELIVERED,CENTRAL
237,80,2026-02-14 00:31:07,DELIVERED,WEST
238,591,2026-04-29 12:52:18,DELIVERED,EAST
239,,2026-04-20 20:34:17,PLACED,NORTH
240,343,2025-04-28 05:53:20,DELIVERED,NORTH
241,233,2026-03-04 17:44:25,DELIVERED,NORTH
242,392,2024-09-12 01:01:05,PLACED,CENTRAL
243,335,2025-08-26 05:26:41,SHIPPED,WEST
244,590,2025-08-28 00:50:13,DELIVERED,WEST
245,345,2024-10-04 02:45:08,DELIVERED,CENTRAL
246,88,2025-06-06 13:04:56,DELIVERED,SOUTH
247,493,2025-10-09 10:02:11,DELIVERED,CENTRAL
248,537,2025-02-08 06:21:18,SHIPPED,WEST
249,590,2024-10-09 14:09:55,DELIVERED,EAST
250,329,2025-04-25 14:24:35,PLACED,EAST
251,359,2025-11-22 15:11:30,CANCELLED,CENTRAL
252,46,2026-07-19 20:34:58,SHIPPED,EAST
253,88,2024-10-27 06:45:39,SHIPPED,CENTRAL
254,295,2024-08-11 16:00:25,CANCELLED,EAST
255,24,2025-04-15 18:37:49,DELIVERED,SOUTH
256,265,2025-10-01 06:22:28,DELIVERED,SOUTH
257,19,2025-05-20 12:27:25,DELIVERED,NORTH
258,62,2025-03-09 14:23:46,DELIVERED,EAST
259,9,2024-09-21 17:28:22,SHIPPED,EAST
260,20,2025-03-16 04:30:45,DELIVERED,SOUTH
261,521,2026-02-03 05:33:29,DELIVERED,CENTRAL
262,191,2025-01-02 11:18:08,DELIVERED,NORTH
263,,2026-07-18 08:21:39,DELIVERED,WEST
264,19,2025-04-27 08:26:45,DELIVERED,EAST
265,514,2025-03-03 06:44:37,DELIVERED,WEST
266,31,2025-10-06 00:49:09,SHIPPED,EAST
267,141,2024-10-08 04:37:03,DELIVERED,CENTRAL
268,233,2025-06-21 03:39:26,SHIPPED,EAST
269,338,2025-07-15 21:07:13,SHIPPED,SOUTH
270,208,2026-06-01 23:47:58,DELIVERED,CENTRAL
271,441,2026-07-08 01:01:37,PLACED,CENTRAL
272,326,2024-09-22 16:08:43,RETURNED,NORTH
273,150,16-02-2026,DELIVERED,WEST
274,311,2025-07-11 02:12:07,CANCELLED,EAST
275,193,2024-10-22 22:21:49,PLACED,CENTRAL
276,581,2025-11-19 15:15:19,SHIPPED,NORTH
277,489,2024-11-13 03:33:21,DELIVERED,EAST
278,397,2025-08-17 17:12:35,SHIPPED,SOUTH
279,,2026-03-17 20:02:13,RETURNED,WEST
280,208,2026-03-12 13:58:46,SHIPPED,WEST
281,502,2026-01-17 06:41:24,DELIVERED,SOUTH
282,43,2025-11-16 04:38:08,DELIVERED,EAST
283,586,2025-11-05 05:20:32,DELIVERED,NORTH
284,463,2025-07-21 21:14:28,PLACED,SOUTH
285,406,23-02-2026,DELIVERED,NORTH
286,451,2025-06-06 04:00:04,DELIVERED,EAST
287,433,2025-03-17 16:22:53,PLACED,CENTRAL
288,475,2026-05-07 14:20:10,PLACED,CENTRAL
289,600,2026-07-30 10:39:01,DELIVERED,WEST
290,462,2024-08-20 08:23:43,DELIVERED,SOUTH
291,93,2025-02-11 05:52:18,DELIVERED,SOUTH
292,127,2024-10-10 19:55:40,DELIVERED,EAST
293,394,2026-02-16 13:54:37,DELIVERED,SOUTH
294,390,2024-09-04 02:28:07,RETURNED,CENTRAL
295,154,2024-12-04 22:12:43,SHIPPED,NORTH
296,317,2026-02-19 03:12:05,DELIVERED,SOUTH
297,135,05-01-2025,DELIVERED,NORTH
298,511,2025-09-27 03:35:45,DELIVERED,WEST
299,488,2025-07-19 10:17:54,PLACED,CENTRAL
300,,2026-06-17 04:48:03,DELIVERED,CENTRAL
301,213,2024-09-07 23:54:45,PLACED,EAST
302,,26-05-2026,DELIVERED,CENTRAL
303,90,2024-09-08 02:00:39,RETURNED,SOUTH
304,587,2026-04-04 12:28:37,RETURNED,CENTRAL
305,37,2024-10-12 07:59:59,DELIVERED,WEST
306,438,2026-05-18 00:25:51,SHIPPED,SOUTH
307,282,2025-04-13 16:53:30,DELIVERED,SOUTH
308,112,2025-10-18 19:03:15,DELIVERED,NORTH
309,295,2025-06-28 16:51:22,DELIVERED,CENTRAL
310,363,2026-07-22 02:29:48,DELIVERED,CENTRAL
311,510,2025-08-18 12:56:54,CANCELLED,SOUTH
312,199,2024-08-02 05:28:13,DELIVERED,NORTH
313,213,2026-04-14 00:57:35,DELIVERED,NORTH
314,574,2026-04-19 01:44:24,PLACED,SOUTH
315,261,06-04-2026,DELIVERED,CENTRAL
316,7,2024-10-28 10:04:15,DELIVERED,CENTRAL
317,30,2026-05-09 06:24:05,DELIVERED,EAST
318,491,2026-07-13 14:31:01,PLACED,SOUTH
319,472,2026-06-24 21:10:20,CANCELLED,WEST
320,424,2026-07-22 15:15:31,CANCELLED,EAST
321,324,2025-10-06 05:15:11,SHIPPED,EAST
322,363,2024-09-21 10:18:01,SHIPPED,NORTH
323,385,2025-11-30 15:00:31,SHIPPED,CENTRAL
324,120,2026-06-03 13:11:40,DELIVERED,EAST
325,279,2025-06-18 11:05:16,CANCELLED,EAST
326,310,2025-01-15 21:08:21,SHIPPED,EAST
327,207,2026-07-11 10:08:59,DELIVERED,WEST
328,158,2024-12-26 17:48:09,DELIVERED,CENTRAL
329,336,2024-11-20 07:12:47,PLACED,CENTRAL
330,136,2025-01-07 08:57:53,DELIVERED,CENTRAL
331,319,26-07-2026,CANCELLED,NORTH
332,48,2024-10-20 01:58:33,DELIVERED,EAST
333,,2026-03-13 03:20:58,CANCELLED,EAST
334,294,2025-03-03 21:07:16,DELIVERED,NORTH
335,162,2025-03-01 12:57:40,RETURNED,CENTRAL
336,212,2025-09-26 09:28:05,DELIVERED,SOUTH
337,291,2025-10-20 21:40:54,PLACED,CENTRAL
338,554,11-07-2025,PLACED,NORTH
339,56,2024-10-06 21:23:07,SHIPPED,CENTRAL
340,457,2025-11-22 16:57:02,DELIVERED,SOUTH
341,547,2024-10-01 00:11:46,DELIVERED,WEST
342,96,2026-04-24 08:38:28,DELIVERED,NORTH
343,477,2025-08-01 11:36:39,SHIPPED,CENTRAL
344,373,2025-06-01 12:50:36,RETURNED,EAST
345,333,2025-07-19 01:48:31,PLACED,NORTH
346,473,2026-05-19 22:13:33,DELIVERED,CENTRAL
347,521,2024-10-19 22:47:43,DELIVERED,NORTH
348,73,2026-04-08 11:59:00,DELIVERED,CENTRAL
349,250,2025-09-30 14:30:36,DELIVERED,NORTH
350,442,2026-04-02 04:40:19,DELIVERED,EAST
351,242,2024-12-13 10:32:48,PLACED,CENTRAL
352,118,2025-11-03 22:43:15,DELIVERED,NORTH
353,181,2025-03-28 06:12:07,PLACED,NORTH
354,389,2025-04-12 07:19:55,DELIVERED,NORTH
355,143,2026-06-21 03:45:13,DELIVERED,NORTH
356,153,2025-07-18 20:03:18,DELIVERED,CENTRAL
357,211,2026-01-12 08:23:37,SHIPPED,EAST
358,446,2026-02-09 12:35:53,DELIVERED,NORTH
359,523,2025-06-10 22:47:09,CANCELLED,NORTH
360,563,11-09-2024,DELIVERED,EAST
361,289,04-06-2026,DELIVERED,CENTRAL
362,326,2026-02-04 20:25:21,DELIVERED,CENTRAL
363,178,2025-08-04 20:14:41,DELIVERED,EAST
364,158,2025-03-13 01:29:12,DELIVERED,SOUTH
365,,17-12-2025,DELIVERED,WEST
366,140,2024-10-05 18:14:27,CANCELLED,WEST
367,436,2025-11-28 02:11:37,DELIVERED,CENTRAL
368,394,2025-05-03 23:24:24,DELIVERED,NORTH
369,243,2026-02-05 03:03:55,DELIVERED,CENTRAL
370,35,2024-08-30 09:51:19,DELIVERED,NORTH
371,82,2024-11-19 08:42:09,DELIVERED,EAST
372,81,2025-09-11 12:04:39,PLACED,WEST
373,80,2026-01-14 08:03:50,DELIVERED,EAST
374,352,2025-09-20 13:44:34,DELIVERED,CENTRAL
375,588,2026-02-21 23:17:40,DELIVERED,EAST
376,37,2026-01-22 20:41:33,DELIVERED,CENTRAL
377,485,2025-10-24 01:19:51,PLACED,EAST
378,28,2025-03-11 18:37:52,PLACED,NORTH
379,285,2025-02-12 18:34:14,SHIPPED,EAST
380,,2024-10-26 15:25:53,RETURNED,SOUTH
381,379,2026-04-20 11:14:31,DELIVERED,SOUTH
382,541,01-06-2026,RETURNED,SOUTH
383,158,2026-05-13 14:15:38,RETURNED,WEST
384,451,2026-02-15 21:36:14,SHIPPED,EAST
385,271,2026-03-10 19:14:28,PLACED,WEST
386,309,2025-08-05 22:14:46,DELIVERED,CENTRAL
387,400,2025-08-04 14:59:27,DELIVERED,WEST
388,,2026-07-22 04:40:50,DELIVERED,EAST
389,43,2024-10-15 15:00:08,DELIVERED,WEST
390,280,2025-04-18 04:14:42,CANCELLED,EAST
391,401,2025-07-25 03:41:13,DELIVERED,CENTRAL
392,533,2025-04-20 01:42:53,RETURNED,EAST
393,9,08-05-2026,DELIVERED,CENTRAL
394,457,2025-05-01 00:44:27,SHIPPED,SOUTH
395,,2025-11-25 02:24:04,RETURNED,SOUTH
396,125,2026-02-01 23:28:35,PLACED,CENTRAL
397,580,2026-04-16 20:44:03,CANCELLED,SOUTH
398,479,2025-12-27 00:11:57,DELIVERED,EAST
399,332,2025-02-16 21:06:06,PLACED,NORTH
400,341,2024-09-16 15:34:27,CANCELLED,SOUTH
401,504,2026-07-23 06:06:11,DELIVERED,WEST
402,554,2026-03-21 01:44:35,DELIVERED,NORTH
403,266,20-10-2024,PLACED,EAST
404,20,2026-06-28 08:12:08,DELIVERED,NORTH
405,400,2025-02-23 22:44:09,DELIVERED,WEST
406,528,2026-02-01 14:43:31,DELIVERED,WEST
407,72,2025-09-24 12:43:44,DELIVERED,WEST
408,549,2026-07-28 06:26:58,DELIVERED,EAST
409,93,2025-05-11 18:43:03,RETURNED,NORTH
410,297,2025-12-17 03:43:43,DELIVERED,WEST
411,307,2026-01-23 12:11:09,PLACED,EAST
412,449,2026-02-23 03:26:10,PLACED,NORTH
413,245,2025-08-15 23:57:20,DELIVERED,EAST
414,461,13-08-2024,PLACED,NORTH
415,217,2026-04-19 21:30:12,DELIVERED,CENTRAL
416,594,2025-01-28 23:10:02,PLACED,SOUTH
417,20,2025-08-02 00:10:14,DELIVERED,SOUTH
418,134,2024-08-12 03:47:12,PLACED,EAST
419,100,2025-07-21 07:53:49,CANCELLED,NORTH
420,109,2024-10-28 16:27:48,DELIVERED,SOUTH
421,208,2025-06-28 01:09:27,CANCELLED,WEST
422,590,2025-09-29 00:01:48,CANCELLED,SOUTH
423,178,18-04-2025,SHIPPED,WEST
424,379,2025-10-04 20:16:04,SHIPPED,CENTRAL
425,,2024-10-17 15:32:08,DELIVERED,WEST
426,17,2026-06-15 05:26:04,PLACED,SOUTH
427,291,2025-06-20 06:56:41,DELIVERED,WEST
428,212,2024-11-20 03:21:03,DELIVERED,WEST
429,179,2025-11-18 05:15:10,DELIVERED,WEST
430,91,2025-12-01 03:41:59,DELIVERED,WEST
431,,2025-01-31 00:37:46,RETURNED,NORTH
432,553,2025-08-30 05:14:43,DELIVERED,SOUTH
433,199,2024-10-27 12:29:27,DELIVERED,WEST
434,164,2026-01-03 12:21:50,PLACED,EAST
435,446,2025-02-12 06:05:45,CANCELLED,WEST
436,,27-02-2026,DELIVERED,SOUTH
437,497,2025-09-04 22:30:03,CANCELLED,WEST
438,334,2025-06-22 11:57:41,DELIVERED,EAST
439,113,2025-04-11 07:32:43,SHIPPED,WEST
440,385,2026-06-24 08:15:02,DELIVERED,WEST
441,447,2024-11-21 13:54:04,DELIVERED,SOUTH
442,140,2025-07-22 12:53:44,DELIVERED,EAST
443,131,2024-08-25 22:17:11,PLACED,SOUTH
444,477,2025-07-23 04:31:50,DELIVERED,SOUTH
445,161,2026-04-06 06:13:19,RETURNED,SOUTH
446,567,2026-05-27 02:25:48,DELIVERED,CENTRAL
447,222,2025-11-03 11:52:00,DELIVERED,NORTH
448,253,2025-02-09 11:54:46,DELIVERED,CENTRAL
449,588,29-06-2026,RETURNED,NORTH
450,517,2024-08-27 02:43:57,DELIVERED,NORTH
451,247,2024-10-04 12:56:17,PLACED,WEST
452,136,2025-05-06 09:09:58,DELIVERED,NORTH
453,,2026-01-02 15:43:39,DELIVERED,CENTRAL
454,25,2025-07-20 06:50:49,PLACED,WEST
455,380,2025-11-30 20:36:11,DELIVERED,NORTH
456,341,17-09-2025,DELIVERED,EAST
457,556,2025-10-21 19:03:09,DELIVERED,NORTH
458,344,2026-02-23 11:34:30,DELIVERED,EAST
459,114,2025-05-25 10:47:54,DELIVERED,EAST
460,573,30-01-2026,DELIVERED,SOUTH
461,343,2025-02-02 08:26:09,DELIVERED,CENTRAL
462,215,2026-03-09 00:10:17,SHIPPED,EAST
463,516,2026-01-11 08:20:43,PLACED,EAST
464,498,2025-08-25 11:42:26,PLACED,CENTRAL
465,546,2026-06-30 14:59:08,DELIVERED,NORTH
466,469,2024-10-07 19:33:11,CANCELLED,EAST
467,79,2024-10-24 22:42:35,PLACED,SOUTH
468,210,2025-09-09 10:19:15,PLACED,WEST
469,555,2026-07-25 16:32:49,DELIVERED,WEST
470,22,2025-03-15 10:16:01,PLACED,SOUTH
471,533,2025-12-14 17:33:27,DELIVERED,EAST
472,543,2026-05-16 22:18:00,DELIVERED,CENTRAL
473,314,2024-12-12 09:24:43,SHIPPED,EAST
474,49,2024-11-24 05:13:37,DELIVERED,SOUTH
475,165,2026-02-04 21:08:26,SHIPPED,SOUTH
476,158,2024-12-04 06:00:20,PLACED,EAST
477,452,2025-02-19 06:20:31,SHIPPED,NORTH
478,353,2024-11-23 21:52:48,DELIVERED,SOUTH
479,125,16-07-2026,RETURNED,SOUTH
480,328,30-11-2024,DELIVERED,CENTRAL
481,303,2025-08-04 02:20:06,RETURNED,CENTRAL
482,579,2026-02-17 21:02:25,DELIVERED,NORTH
483,42,2024-11-17 07:02:18,PLACED,NORTH
484,226,2025-07-13 09:32:00,DELIVERED,CENTRAL
485,598,2025-09-13 21:26:17,RETURNED,EAST
486,86,2025-09-23 04:43:57,DELIVERED,NORTH
487,404,2024-12-30 00:48:41,DELIVERED,CENTRAL
488,370,2025-06-05 19:01:05,CANCELLED,EAST
489,13,2025-03-10 02:16:02,DELIVERED,WEST
490,90,2025-01-15 12:50:56,DELIVERED,WEST
491,296,2024-12-06 05:16:23,RETURNED,WEST
492,425,2024-11-17 09:43:48,DELIVERED,SOUTH
493,487,2026-06-05 19:51:12,DELIVERED,CENTRAL
494,91,2024-08-06 03:23:04,RETURNED,WEST
495,474,2026-02-03 15:57:49,RETURNED,SOUTH
496,391,2025-03-13 19:59:04,PLACED,EAST
497,312,2025-08-19 18:42:02,DELIVERED,NORTH
498,158,2025-02-21 00:39:16,DELIVERED,WEST
499,295,2025-06-21 00:21:57,RETURNED,SOUTH
500,,2026-03-17 23:23:00,RETURNED,NORTH
501,371,2025-10-26 07:51:03,DELIVERED,EAST
502,488,2026-01-22 05:39:59,DELIVERED,CENTRAL
503,,2025-02-18 14:07:25,PLACED,EAST
504,139,2025-05-05 14:08:52,SHIPPED,WEST
505,365,2024-09-07 20:06:41,DELIVERED,NORTH
506,188,2026-03-17 22:50:35,DELIVERED,CENTRAL
507,324,2026-05-05 05:04:44,DELIVERED,EAST
508,372,2024-10-14 10:27:51,DELIVERED,SOUTH
509,,2025-09-07 11:24:10,DELIVERED,WEST
510,167,2024-10-19 13:12:26,DELIVERED,SOUTH
511,573,2025-11-20 11:08:00,RETURNED,CENTRAL
512,117,2025-06-21 03:53:53,PLACED,SOUTH
513,492,2025-04-28 11:06:11,DELIVERED,WEST
514,536,2026-03-17 02:20:26,SHIPPED,EAST
515,,2026-04-25 16:45:43,PLACED,SOUTH
516,315,2024-11-06 08:35:05,RETURNED,WEST
517,115,30-09-2024,DELIVERED,WEST
518,,23-10-2024,DELIVERED,CENTRAL
519,122,2026-07-07 16:12:49,PLACED,NORTH
520,127,2026-07-16 15:52:16,DELIVERED,SOUTH
521,360,2024-08-23 17:25:46,CANCELLED,EAST
522,357,2025-05-01 13:32:41,DELIVERED,CENTRAL
523,584,2024-09-23 01:53:41,DELIVERED,NORTH
524,197,2025-03-07 22:11:29,DELIVERED,NORTH
525,102,2026-07-19 20:56:06,DELIVERED,WEST
526,190,2025-07-08 11:57:54,PLACED,EAST
527,435,2025-01-14 10:21:24,DELIVERED,EAST
528,113,2025-09-08 16:25:27,DELIVERED,EAST
529,42,2024-10-03 21:12:46,PLACED,EAST
530,320,2026-01-16 15:28:33,DELIVERED,CENTRAL
531,439,2024-12-25 15:12:25,CANCELLED,WEST
532,377,18-12-2024,DELIVERED,NORTH
533,536,2025-12-25 12:13:45,PLACED,WEST
534,105,2026-02-27 21:17:49,RETURNED,NORTH
535,204,2025-04-21 00:33:05,CANCELLED,WEST
536,435,2026-02-15 06:43:01,DELIVERED,CENTRAL
537,410,2025-05-04 14:08:05,DELIVERED,WEST
538,524,2025-03-05 14:53:53,DELIVERED,NORTH
539,510,2025-01-27 06:49:48,PLACED,NORTH
540,70,2025-08-22 21:54:27,RETURNED,WEST
541,335,2024-11-27 15:13:03,DELIVERED,NORTH
542,533,2026-03-20 04:34:52,DELIVERED,EAST
543,503,2025-08-28 02:03:22,DELIVERED,CENTRAL
544,33,2025-07-01 07:21:24,PLACED,WEST
545,386,2025-07-10 17:50:40,PLACED,CENTRAL
546,311,2026-06-19 04:00:27,DELIVERED,SOUTH
547,399,2025-08-14 14:49:06,DELIVERED,WEST
548,553,2025-10-19 10:46:18,DELIVERED,SOUTH
549,401,2025-02-21 13:57:49,RETURNED,CENTRAL
550,292,06-04-2025,DELIVERED,SOUTH
551,358,2026-04-21 19:10:10,PLACED,EAST
552,439,2025-04-26 01:55:56,DELIVERED,NORTH
553,254,2025-01-30 05:40:21,DELIVERED,NORTH
554,118,2025-04-20 05:12:47,DELIVERED,NORTH
555,433,2025-10-16 05:12:30,DELIVERED,NORTH
556,23,2025-04-03 20:15:17,DELIVERED,CENTRAL
557,501,2024-10-17 17:11:30,SHIPPED,WEST
558,348,2024-12-08 10:09:23,DELIVERED,WEST
559,78,2026-05-15 17:49:39,SHIPPED,EAST
560,,2025-10-20 11:12:02,SHIPPED,NORTH
561,593,2024-10-13 13:57:45,SHIPPED,CENTRAL
562,487,2025-06-28 17:49:51,DELIVERED,EAST
563,308,2025-07-03 06:02:10,DELIVERED,WEST
564,528,2025-07-19 00:47:36,DELIVERED,NORTH
565,529,2026-06-02 02:04:35,DELIVERED,WEST
566,546,2026-04-21 07:36:46,DELIVERED,WEST
567,62,2025-09-10 15:48:38,DELIVERED,SOUTH
568,308,2026-05-18 15:34:28,DELIVERED,NORTH
569,423,2025-02-24 08:01:28,DELIVERED,EAST
570,242,2025-06-12 05:53:22,PLACED,NORTH
571,318,2025-07-27 12:33:50,RETURNED,WEST
572,38,2025-01-04 21:22:33,PLACED,EAST
573,285,2025-12-25 14:30:43,DELIVERED,NORTH
574,498,31-03-2026,CANCELLED,NORTH
575,306,05-06-2026,RETURNED,EAST
576,93,2025-06-05 06:39:35,DELIVERED,SOUTH
577,585,2026-02-22 11:42:25,PLACED,CENTRAL
578,538,2025-02-12 14:02:32,PLACED,CENTRAL
579,321,2025-04-13 18:20:03,DELIVERED,SOUTH
580,224,2024-11-21 01:32:06,SHIPPED,EAST
581,261,2026-06-02 05:37:14,DELIVERED,EAST
582,116,2025-04-03 19:48:00,DELIVERED,SOUTH
583,149,2025-05-09 22:46:24,DELIVERED,EAST
584,,2026-07-05 02:41:58,CANCELLED,NORTH
585,246,2025-02-13 11:56:34,DELIVERED,EAST
586,125,2025-09-20 11:27:28,CANCELLED,WEST
587,,2025-06-02 05:35:43,RETURNED,EAST
588,242,2025-03-20 00:21:53,CANCELLED,WEST
589,417,06-04-2026,CANCELLED,WEST
590,423,2026-07-21 15:09:35,DELIVERED,NORTH
591,268,29-08-2025,DELIVERED,CENTRAL
592,465,22-01-2026,PLACED,SOUTH
593,140,2024-08-03 09:20:13,DELIVERED,EAST
594,114,2024-12-01 14:01:24,DELIVERED,SOUTH
595,421,2026-04-08 15:55:23,DELIVERED,SOUTH
596,336,2026-04-14 00:17:40,PLACED,EAST
597,387,2026-05-11 07:32:42,SHIPPED,NORTH
598,235,2026-07-06 08:48:43,DELIVERED,EAST
599,173,2024-09-08 16:01:18,DELIVERED,EAST
600,377,2024-12-11 03:19:13,PLACED,CENTRAL
601,465,2026-05-05 13:11:47,PLACED,SOUTH
602,273,2025-03-12 16:00:00,DELIVERED,WEST
603,221,2026-05-03 02:07:49,DELIVERED,WEST
604,150,2024-08-23 08:22:11,SHIPPED,CENTRAL
605,255,2025-05-15 02:32:48,DELIVERED,NORTH
606,,2024-11-12 11:07:11,RETURNED,WEST
607,393,2026-02-02 06:31:27,DELIVERED,NORTH
608,61,2024-09-10 11:26:58,SHIPPED,EAST
609,47,2024-08-05 03:56:09,DELIVERED,EAST
610,380,2024-11-11 17:05:58,DELIVERED,CENTRAL
611,174,2025-08-27 06:31:10,DELIVERED,WEST
612,325,2026-02-03 16:07:24,PLACED,NORTH
613,131,2025-08-23 17:57:37,CANCELLED,EAST
614,290,2026-07-03 05:16:30,DELIVERED,EAST
615,447,2026-06-25 08:36:31,DELIVERED,WEST
616,155,2025-10-06 14:31:38,DELIVERED,WEST
617,153,2024-09-12 09:12:20,PLACED,EAST
618,479,2025-07-05 23:38:32,CANCELLED,WEST
619,,2025-05-04 22:00:59,DELIVERED,WEST
620,152,2024-11-05 01:04:55,SHIPPED,EAST
621,173,2026-03-06 11:49:56,SHIPPED,CENTRAL
622,5,2025-09-13 13:38:16,SHIPPED,NORTH
623,511,2026-01-08 18:29:21,DELIVERED,EAST
624,125,2025-06-03 03:51:27,RETURNED,NORTH
625,158,2024-08-23 10:15:35,CANCELLED,WEST
626,276,2025-11-05 12:46:12,DELIVERED,NORTH
627,464,2025-04-10 08:51:47,RETURNED,CENTRAL
628,50,2026-04-15 14:07:24,DELIVERED,NORTH
629,561,2025-11-11 19:31:40,DELIVERED,SOUTH
630,409,09-10-2024,SHIPPED,WEST
631,292,2025-12-16 16:05:09,DELIVERED,NORTH
632,443,2026-02-23 13:58:13,DELIVERED,CENTRAL
633,99,2026-05-09 06:35:23,SHIPPED,WEST
634,488,2025-02-25 12:49:07,DELIVERED,WEST
635,191,2025-07-04 04:19:15,PLACED,CENTRAL
636,475,2026-01-08 09:45:22,DELIVERED,SOUTH
637,540,2025-12-02 23:50:28,PLACED,WEST
638,490,2025-03-22 07:44:10,PLACED,EAST
639,536,2025-06-29 05:29:55,PLACED,NORTH
640,526,2024-10-23 14:24:32,DELIVERED,WEST
641,583,2026-04-24 08:09:06,SHIPPED,NORTH
642,17,2024-10-28 11:54:41,DELIVERED,SOUTH
643,47,2024-10-04 16:38:55,DELIVERED,EAST
644,466,2026-03-12 06:06:24,DELIVERED,EAST
645,192,2025-01-11 22:35:58,DELIVERED,CENTRAL
646,109,2025-07-03 22:35:52,PLACED,NORTH
647,,2025-12-23 09:00:58,DELIVERED,CENTRAL
648,311,2025-11-24 09:39:50,DELIVERED,WEST
649,90,2024-11-06 03:50:13,SHIPPED,NORTH
650,193,30-05-2026,DELIVERED,SOUTH
651,447,2026-05-17 01:41:23,DELIVERED,SOUTH
652,475,2024-11-24 02:00:28,PLACED,SOUTH
653,456,2025-08-12 17:55:42,CANCELLED,CENTRAL
654,302,2025-10-17 06:57:11,DELIVERED,EAST
655,,2025-12-03 15:41:30,DELIVERED,WEST
656,593,2025-11-06 19:15:15,RETURNED,NORTH
657,498,2025-09-03 17:38:39,DELIVERED,WEST
658,63,15-09-2025,DELIVERED,CENTRAL
659,428,2026-06-22 14:46:55,DELIVERED,EAST
660,447,2024-08-17 03:52:09,DELIVERED,WEST
661,238,2025-08-30 07:01:11,RETURNED,EAST
662,480,2024-11-10 20:58:22,DELIVERED,WEST
663,369,2026-04-11 06:00:21,RETURNED,SOUTH
664,290,2026-01-19 11:32:07,DELIVERED,SOUTH
665,161,2025-11-14 11:58:47,DELIVERED,WEST
666,215,07-10-2025,PLACED,EAST
667,163,2024-12-14 16:55:11,CANCELLED,NORTH
668,346,2025-07-01 11:20:50,SHIPPED,CENTRAL
669,265,2025-04-22 08:06:11,DELIVERED,CENTRAL
670,155,2026-05-25 20:40:51,DELIVERED,NORTH
671,449,2026-04-13 14:11:42,CANCELLED,NORTH
672,105,2026-05-02 17:12:26,DELIVERED,SOUTH
673,211,2026-07-09 14:00:20,DELIVERED,WEST
674,511,2026-02-20 23:45:25,SHIPPED,EAST
675,142,2024-11-04 12:34:40,DELIVERED,WEST
676,7,2025-02-07 13:01:22,DELIVERED,EAST
677,88,2025-02-23 14:53:26,DELIVERED,EAST
678,252,2024-11-26 18:14:16,DELIVERED,SOUTH
679,440,2025-06-18 02:30:36,CANCELLED,CENTRAL
680,371,2024-08-24 02:49:16,DELIVERED,CENTRAL
681,87,2025-04-20 18:26:12,RETURNED,SOUTH
682,403,13-03-2026,RETURNED,SOUTH
683,60,2025-12-04 14:01:05,DELIVERED,CENTRAL
684,430,2025-06-09 05:52:32,DELIVERED,EAST
685,322,2026-07-08 05:17:29,CANCELLED,CENTRAL
686,151,2026-01-26 22:26:46,DELIVERED,CENTRAL
687,453,2026-01-24 17:48:04,CANCELLED,WEST
688,309,05-10-2024,DELIVERED,SOUTH
689,554,2025-03-09 12:47:56,DELIVERED,EAST
690,164,19-08-2024,DELIVERED,CENTRAL
691,312,2026-02-16 07:06:50,DELIVERED,NORTH
692,266,2025-11-30 23:55:55,PLACED,NORTH
693,587,24-02-2026,DELIVERED,SOUTH
694,596,2025-10-14 07:29:47,RETURNED,CENTRAL
695,240,2025-04-30 02:45:27,DELIVERED,CENTRAL
696,387,2025-09-08 15:17:18,PLACED,CENTRAL
697,370,2025-07-19 20:56:40,DELIVERED,WEST
698,64,2025-06-27 00:27:45,DELIVERED,WEST
699,539,2025-06-09 19:52:23,DELIVERED,WEST
700,599,2025-08-23 10:48:53,RETURNED,WEST
701,427,2026-05-02 20:57:56,DELIVERED,WEST
702,133,2026-01-30 05:17:31,DELIVERED,SOUTH
703,34,2026-03-03 19:41:59,DELIVERED,NORTH
704,419,2024-10-25 16:48:54,DELIVERED,NORTH
705,121,2025-05-16 12:39:12,DELIVERED,EAST
706,147,2024-11-19 09:40:40,DELIVERED,EAST
707,221,2024-12-21 04:48:18,DELIVERED,NORTH
708,70,08-06-2026,DELIVERED,EAST
709,346,2026-03-30 21:24:27,CANCELLED,CENTRAL
710,142,2025-08-28 01:28:49,DELIVERED,WEST
711,334,2024-10-09 08:57:06,DELIVERED,WEST
712,405,2025-04-21 07:22:42,RETURNED,WEST
713,91,2026-06-04 14:32:40,PLACED,EAST
714,127,2025-12-14 03:25:49,SHIPPED,CENTRAL
715,55,2025-10-17 22:07:32,DELIVERED,CENTRAL
716,124,2025-12-25 06:45:05,SHIPPED,NORTH
717,211,2025-02-07 12:28:31,CANCELLED,CENTRAL
718,547,2025-11-15 08:35:37,DELIVERED,WEST
719,24,2025-04-22 01:14:58,DELIVERED,CENTRAL
720,264,2024-10-10 16:49:50,PLACED,SOUTH
721,188,2025-02-15 11:52:53,SHIPPED,WEST
722,61,2025-11-21 06:39:07,SHIPPED,NORTH
723,102,2025-04-06 14:00:19,CANCELLED,EAST
724,124,2024-09-10 07:04:41,DELIVERED,CENTRAL
725,521,2026-03-08 09:33:56,RETURNED,EAST
726,476,2025-10-04 14:55:27,DELIVERED,WEST
727,20,2025-02-26 01:30:04,DELIVERED,NORTH
728,569,2025-12-20 01:47:21,DELIVERED,WEST
729,513,2025-01-06 00:42:41,PLACED,CENTRAL
730,252,2025-09-22 12:23:25,RETURNED,CENTRAL
731,2,2026-04-24 04:46:36,CANCELLED,EAST
732,172,01-08-2024,RETURNED,EAST
733,390,2025-04-30 22:54:17,SHIPPED,CENTRAL
734,166,2026-02-26 03:22:07,PLACED,NORTH
735,126,2026-05-08 01:36:24,DELIVERED,EAST
736,216,2025-11-18 03:31:31,CANCELLED,EAST
737,464,2025-03-01 01:20:01,RETURNED,EAST
738,337,2024-08-13 07:55:27,PLACED,NORTH
739,5,02-07-2026,SHIPPED,CENTRAL
740,501,2026-03-16 05:22:56,PLACED,NORTH
741,456,2026-01-05 03:34:19,RETURNED,WEST
742,367,2025-05-28 09:33:42,DELIVERED,NORTH
743,380,2026-07-29 04:55:29,PLACED,NORTH
744,367,2024-12-27 18:02:11,DELIVERED,EAST
745,227,2025-01-29 22:53:04,RETURNED,NORTH
746,215,2024-08-06 13:00:48,CANCELLED,WEST
747,285,2025-10-17 00:50:04,SHIPPED,SOUTH
748,580,2026-01-05 02:15:37,DELIVERED,NORTH
749,67,2024-11-07 23:29:03,DELIVERED,SOUTH
750,281,2024-12-28 00:22:19,PLACED,CENTRAL
751,574,2026-06-17 22:12:47,RETURNED,NORTH
752,331,2025-07-02 23:16:56,DELIVERED,NORTH
753,478,2025-08-20 22:10:56,DELIVERED,SOUTH
754,,2026-07-15 08:03:29,DELIVERED,NORTH
755,343,2024-10-03 13:01:42,CANCELLED,SOUTH
756,434,2024-09-27 19:40:08,SHIPPED,EAST
757,100,2024-08-22 15:35:08,CANCELLED,CENTRAL
758,343,2026-05-15 20:11:49,PLACED,SOUTH
759,56,2026-05-01 04:21:50,DELIVERED,NORTH
760,450,2026-03-17 11:49:47,DELIVERED,NORTH
761,63,14-07-2026,DELIVERED,NORTH
762,64,2026-07-15 21:33:36,PLACED,CENTRAL
763,68,2024-10-19 02:12:13,DELIVERED,EAST
764,412,2024-10-14 10:24:19,DELIVERED,CENTRAL
765,11,2025-07-19 04:11:53,DELIVERED,CENTRAL
766,348,2025-12-19 14:03:17,DELIVERED,WEST
767,198,2024-10-23 21:23:19,DELIVERED,NORTH
768,199,2026-07-04 10:40:42,DELIVERED,EAST
769,493,2026-02-14 19:57:08,SHIPPED,SOUTH
770,62,2024-11-08 04:08:30,DELIVERED,EAST
771,555,2026-03-26 08:17:13,DELIVERED,CENTRAL
772,378,2024-08-07 06:39:23,DELIVERED,SOUTH
773,520,2026-04-29 06:41:33,CANCELLED,WEST
774,206,2025-12-11 12:48:24,DELIVERED,EAST
775,488,2026-01-22 15:40:02,DELIVERED,EAST
776,580,2025-04-18 17:09:53,DELIVERED,SOUTH
777,44,2025-08-21 04:49:04,PLACED,SOUTH
778,478,2025-11-28 14:42:43,DELIVERED,EAST
779,385,2025-01-07 11:22:27,CANCELLED,NORTH
780,76,05-05-2025,PLACED,EAST
781,600,2026-07-10 22:07:28,PLACED,NORTH
782,291,2024-12-14 06:19:41,SHIPPED,SOUTH
783,568,2025-02-08 01:06:22,PLACED,EAST
784,22,2026-05-08 19:16:18,DELIVERED,NORTH
785,216,2025-03-25 22:57:40,DELIVERED,EAST
786,540,2026-04-13 14:51:54,CANCELLED,NORTH
787,134,2026-04-10 09:58:29,DELIVERED,EAST
788,440,2025-12-08 02:33:50,PLACED,CENTRAL
789,549,2025-03-17 11:57:49,DELIVERED,NORTH
790,287,2026-06-09 23:07:52,DELIVERED,CENTRAL
791,215,2026-02-16 21:49:39,DELIVERED,CENTRAL
792,521,2025-05-29 11:00:13,DELIVERED,CENTRAL
793,532,2025-07-27 14:34:09,DELIVERED,CENTRAL
794,507,2025-08-03 23:29:31,DELIVERED,CENTRAL
795,213,2025-01-18 12:15:59,DELIVERED,SOUTH
796,314,2025-06-27 03:00:00,DELIVERED,EAST
797,87,2024-11-13 08:05:54,SHIPPED,CENTRAL
798,598,2024-09-01 22:57:34,DELIVERED,WEST
799,443,2025-06-14 15:25:56,DELIVERED,EAST
800,184,2025-07-10 01:40:13,DELIVERED,EAST
801,302,2026-05-17 11:15:56,DELIVERED,NORTH
802,234,2024-10-16 10:28:43,DELIVERED,CENTRAL
803,202,2026-01-07 08:54:45,DELIVERED,EAST
804,142,2026-05-27 02:20:25,DELIVERED,EAST
805,,2025-03-21 14:36:10,DELIVERED,WEST
806,594,2026-03-12 14:31:44,DELIVERED,CENTRAL
807,153,2026-06-04 05:27:28,SHIPPED,SOUTH
808,529,2025-10-30 22:32:27,DELIVERED,WEST
809,88,2025-04-01 04:08:16,DELIVERED,WEST
810,461,2026-05-25 12:01:51,DELIVERED,CENTRAL
811,313,25-02-2026,CANCELLED,EAST
812,430,2025-06-27 15:59:01,DELIVERED,CENTRAL
813,24,2025-10-15 20:24:36,RETURNED,SOUTH
814,339,2025-10-16 07:50:44,DELIVERED,CENTRAL
815,401,2025-05-24 04:17:35,DELIVERED,CENTRAL
816,487,2024-10-24 09:09:56,RETURNED,EAST
817,107,2026-01-07 04:46:41,PLACED,CENTRAL
818,192,02-01-2025,RETURNED,EAST
819,299,2025-12-26 07:16:26,DELIVERED,EAST
820,176,2025-04-11 19:28:22,DELIVERED,SOUTH
821,133,2025-09-21 16:12:32,DELIVERED,WEST
822,212,2024-11-09 22:06:47,DELIVERED,WEST
823,589,2026-07-31 11:06:15,SHIPPED,WEST
824,8,2024-11-19 19:58:17,CANCELLED,CENTRAL
825,539,2025-04-13 10:58:52,CANCELLED,WEST
826,41,2026-02-24 16:05:42,DELIVERED,WEST
827,305,2025-05-31 18:27:10,CANCELLED,SOUTH
828,184,2026-07-01 00:33:23,DELIVERED,WEST
829,188,2026-01-25 13:23:40,DELIVERED,NORTH
830,162,2025-03-01 15:33:34,DELIVERED,NORTH
831,223,2026-07-07 20:04:32,RETURNED,CENTRAL
832,378,2024-09-29 10:41:25,DELIVERED,EAST
833,169,2025-02-13 07:54:40,PLACED,NORTH
834,473,2025-05-24 01:15:17,DELIVERED,SOUTH
835,11,2025-02-11 15:37:46,RETURNED,EAST
836,476,2025-08-12 12:34:01,PLACED,SOUTH
837,449,2024-11-17 22:33:24,SHIPPED,SOUTH
838,19,2025-11-15 11:05:12,SHIPPED,CENTRAL
839,173,2024-09-30 06:17:41,PLACED,EAST
840,367,2024-12-17 05:02:46,PLACED,CENTRAL
841,49,2026-05-12 17:30:41,DELIVERED,NORTH
842,316,11-07-2025,PLACED,WEST
843,256,2025-05-18 23:53:00,SHIPPED,NORTH
844,15,2025-04-19 20:18:34,DELIVERED,NORTH
845,99,2026-04-11 23:44:35,DELIVERED,SOUTH
846,,2025-09-03 01:41:39,DELIVERED,CENTRAL
847,213,2026-07-27 17:07:28,RETURNED,NORTH
848,109,2025-05-04 23:03:52,PLACED,EAST
849,,2025-01-13 06:16:54,PLACED,EAST
850,378,04-09-2024,SHIPPED,EAST
851,512,2024-10-19 01:56:34,DELIVERED,CENTRAL
852,98,2025-11-09 22:20:02,DELIVERED,WEST
853,137,2025-04-15 21:47:46,DELIVERED,EAST
854,494,2024-09-22 10:32:33,DELIVERED,CENTRAL
855,524,2025-12-11 13:29:58,DELIVERED,NORTH
856,128,2025-03-28 21:21:20,DELIVERED,SOUTH
857,62,2024-11-15 20:13:12,SHIPPED,SOUTH
858,39,2025-02-01 21:50:02,DELIVERED,WEST
859,337,2024-11-13 06:55:06,DELIVERED,NORTH
860,425,2025-12-17 08:27:39,DELIVERED,SOUTH
861,340,2025-04-24 04:55:14,DELIVERED,SOUTH
862,228,2025-11-16 07:07:10,DELIVERED,SOUTH
863,7,2024-09-20 04:32:45,PLACED,SOUTH
864,145,2026-07-30 18:42:17,PLACED,CENTRAL
865,210,2025-01-31 13:08:24,DELIVERED,WEST
866,203,2025-02-07 05:43:55,DELIVERED,EAST
867,460,2025-12-07 16:30:47,CANCELLED,WEST
868,369,2025-06-06 07:48:54,DELIVERED,WEST
869,444,2026-03-14 13:28:31,RETURNED,WEST
870,,2025-05-24 06:10:16,PLACED,EAST
871,157,2025-10-04 09:54:38,SHIPPED,WEST
872,291,2025-05-19 09:14:41,DELIVERED,EAST
873,481,2024-12-31 00:24:21,SHIPPED,NORTH
874,384,2025-08-17 17:21:40,DELIVERED,WEST
875,383,2025-05-26 06:58:35,DELIVERED,CENTRAL
876,40,2026-07-17 19:55:47,RETURNED,SOUTH
877,447,2025-02-15 06:21:42,DELIVERED,EAST
878,501,2025-12-07 04:52:49,DELIVERED,WEST
879,253,2025-02-05 05:47:05,RETURNED,EAST
880,29,2026-01-24 17:48:34,PLACED,CENTRAL
881,151,2025-02-14 12:16:21,DELIVERED,SOUTH
882,,2026-03-22 19:57:47,DELIVERED,WEST
883,83,2025-09-07 18:13:51,CANCELLED,SOUTH
884,259,2026-01-20 08:46:21,RETURNED,WEST
885,422,2026-03-08 10:54:46,DELIVERED,NORTH
886,587,2026-03-27 06:34:18,CANCELLED,EAST
887,408,2026-01-25 22:28:19,RETURNED,WEST
888,,2024-09-24 05:56:23,DELIVERED,WEST
889,442,2024-12-11 12:51:11,SHIPPED,SOUTH
890,187,2025-08-26 09:23:57,DELIVERED,SOUTH
891,61,2026-03-06 11:26:33,DELIVERED,EAST
892,419,2025-07-09 07:48:39,DELIVERED,SOUTH
893,88,2025-05-21 09:22:13,PLACED,NORTH
894,490,2025-08-12 20:40:41,PLACED,NORTH
895,8,2025-12-30 18:30:22,RETURNED,NORTH
896,8,2025-05-19 18:55:05,RETURNED,EAST
897,485,2026-03-11 21:51:20,DELIVERED,EAST
898,352,2025-04-02 20:11:51,RETURNED,WEST
899,59,2025-05-04 12:51:57,CANCELLED,NORTH
900,412,2026-02-15 07:05:02,RETURNED,NORTH
901,544,2025-03-06 01:39:08,DELIVERED,SOUTH
902,487,2025-09-04 22:41:33,SHIPPED,EAST
903,,2025-05-07 18:43:09,RETURNED,EAST
904,240,2025-11-15 06:52:56,DELIVERED,NORTH
905,488,2025-12-25 08:19:42,RETURNED,WEST
906,200,2026-02-04 23:33:37,DELIVERED,CENTRAL
907,517,2024-08-25 15:47:01,DELIVERED,EAST
908,562,2026-06-11 11:11:19,CANCELLED,NORTH
909,554,2025-02-04 02:43:53,SHIPPED,NORTH
910,30,2024-12-03 11:00:07,DELIVERED,WEST
911,226,2026-02-10 14:23:36,DELIVERED,NORTH
912,548,2025-12-06 02:11:39,PLACED,EAST
913,590,2026-03-19 05:33:51,PLACED,EAST
914,391,2025-12-21 21:56:44,DELIVERED,WEST
915,229,2025-02-18 05:51:40,PLACED,NORTH
916,193,2026-03-02 08:40:51,DELIVERED,SOUTH
917,390,2025-10-23 02:30:33,DELIVERED,CENTRAL
918,398,2025-06-26 02:18:44,DELIVERED,SOUTH
919,228,2024-10-22 18:54:20,DELIVERED,WEST
920,304,2026-05-13 06:50:58,DELIVERED,SOUTH
921,150,2026-03-04 06:12:23,CANCELLED,NORTH
922,317,2025-08-26 05:00:16,PLACED,CENTRAL
923,221,2025-08-20 11:56:40,RETURNED,NORTH
924,342,2024-11-27 14:34:33,SHIPPED,SOUTH
925,54,2026-07-19 00:54:34,SHIPPED,WEST
926,307,2026-04-26 00:55:40,CANCELLED,NORTH
927,346,2025-06-25 02:48:18,RETURNED,WEST
928,541,2026-02-16 11:41:15,DELIVERED,SOUTH
929,562,2025-06-02 20:27:02,DELIVERED,CENTRAL
930,56,2026-05-23 01:36:04,DELIVERED,SOUTH
931,453,2026-01-23 13:33:04,CANCELLED,SOUTH
932,201,2026-02-23 03:20:15,DELIVERED,CENTRAL
933,152,2025-05-20 11:30:31,DELIVERED,SOUTH
934,99,2025-05-04 04:33:48,SHIPPED,NORTH
935,528,2025-12-18 22:42:05,DELIVERED,SOUTH
936,414,07-02-2025,SHIPPED,WEST
937,177,2025-12-21 01:01:02,DELIVERED,NORTH
938,392,2025-03-02 18:23:55,DELIVERED,NORTH
939,85,2024-11-03 19:12:21,DELIVERED,CENTRAL
940,587,2025-10-19 18:36:26,DELIVERED,NORTH
941,186,2025-05-26 05:31:51,DELIVERED,WEST
942,129,2024-10-17 05:43:09,DELIVERED,CENTRAL
943,21,2025-06-02 20:53:58,DELIVERED,CENTRAL
944,532,2026-05-13 05:29:38,DELIVERED,NORTH
945,213,2025-12-25 12:51:55,SHIPPED,CENTRAL
946,6,2025-10-05 20:45:47,DELIVERED,NORTH
947,212,2025-12-20 22:06:02,DELIVERED,NORTH
948,128,2025-08-29 03:17:18,RETURNED,SOUTH
949,1,2025-02-09 21:20:19,RETURNED,CENTRAL
950,301,2025-12-25 23:35:16,PLACED,WEST
951,536,2026-07-09 10:13:42,DELIVERED,CENTRAL
952,102,2025-12-28 16:04:33,SHIPPED,SOUTH
953,221,2024-11-13 05:49:06,SHIPPED,EAST
954,433,2024-09-27 18:09:52,SHIPPED,SOUTH
955,86,2025-02-14 10:14:50,RETURNED,SOUTH
956,73,2025-12-03 00:00:06,RETURNED,SOUTH
957,578,2025-12-24 13:17:47,DELIVERED,SOUTH
958,158,2025-04-03 17:23:02,DELIVERED,NORTH
959,254,2024-09-30 05:09:47,DELIVERED,CENTRAL
960,338,2025-12-11 05:46:24,RETURNED,EAST
961,232,01-03-2025,DELIVERED,SOUTH
962,108,2026-03-31 23:12:43,SHIPPED,EAST
963,502,2024-10-14 05:00:18,DELIVERED,EAST
964,102,28-06-2026,DELIVERED,WEST
965,545,2025-10-03 11:54:20,CANCELLED,WEST
966,266,2024-08-08 09:02:44,DELIVERED,SOUTH
967,582,2026-02-23 05:16:00,RETURNED,EAST
968,256,2026-01-09 18:50:53,DELIVERED,SOUTH
969,363,2026-04-13 04:32:20,SHIPPED,WEST
970,235,2025-03-26 01:06:21,PLACED,EAST
971,321,2026-05-19 12:31:12,PLACED,SOUTH
972,170,21-10-2025,DELIVERED,CENTRAL
973,11,2025-06-26 07:37:39,RETURNED,SOUTH
974,528,2026-01-15 03:35:49,CANCELLED,NORTH
975,195,2026-07-09 12:09:11,PLACED,WEST
976,354,2025-02-06 16:42:25,DELIVERED,CENTRAL
977,44,2025-11-15 18:15:48,SHIPPED,CENTRAL
978,180,2024-09-28 08:22:57,PLACED,EAST
979,433,2025-08-20 20:56:09,DELIVERED,NORTH
980,256,2026-05-09 00:30:14,DELIVERED,NORTH
981,495,2025-03-17 00:04:34,PLACED,CENTRAL
982,313,2026-07-23 15:50:49,DELIVERED,NORTH
983,500,2024-09-14 15:49:00,DELIVERED,EAST
984,110,2024-08-05 00:05:06,DELIVERED,WEST
985,104,2025-07-01 14:45:54,PLACED,CENTRAL
986,421,2024-11-05 04:35:39,PLACED,EAST
987,405,2025-05-18 17:38:03,DELIVERED,SOUTH
988,276,2024-10-24 10:13:17,DELIVERED,WEST
989,363,2026-03-04 06:47:14,DELIVERED,SOUTH
990,292,2024-09-01 06:25:55,DELIVERED,EAST
991,165,2025-12-31 10:57:28,DELIVERED,EAST
992,501,2025-10-02 07:02:54,DELIVERED,SOUTH
993,410,2025-08-25 19:19:19,DELIVERED,WEST
994,111,08-04-2026,SHIPPED,CENTRAL
995,,2026-01-14 14:50:34,DELIVERED,EAST
996,9,2025-07-04 08:28:13,SHIPPED,NORTH
997,254,2025-11-23 17:08:37,DELIVERED,SOUTH
998,118,2026-06-03 05:14:12,DELIVERED,WEST
999,106,2026-01-27 14:17:21,DELIVERED,SOUTH
1000,153,2025-01-26 04:01:52,DELIVERED,EAST
1001,150,28-06-2025,SHIPPED,NORTH
1002,538,2025-03-27 00:33:59,RETURNED,SOUTH
1003,491,2024-09-17 15:38:30,DELIVERED,EAST
1004,373,2025-03-06 21:56:30,DELIVERED,SOUTH
1005,49,20-12-2024,PLACED,EAST
1006,484,2025-03-06 14:32:55,PLACED,SOUTH
1007,504,2025-05-10 09:38:44,PLACED,NORTH
1008,134,2025-04-15 06:14:03,CANCELLED,CENTRAL
1009,381,2025-02-02 01:20:35,SHIPPED,WEST
1010,109,2024-11-10 08:25:27,DELIVERED,NORTH
1011,196,2024-12-28 20:25:45,RETURNED,NORTH
1012,352,2025-03-23 03:55:39,RETURNED,SOUTH
1013,158,2024-09-04 00:41:53,DELIVERED,EAST
1014,574,2025-04-27 18:52:41,DELIVERED,NORTH
1015,70,2025-08-11 00:25:43,RETURNED,CENTRAL
1016,171,2025-11-09 09:02:01,RETURNED,EAST
1017,,14-10-2025,RETURNED,SOUTH
1018,408,2025-08-20 11:57:05,CANCELLED,NORTH
1019,522,2025-05-26 09:04:58,DELIVERED,CENTRAL
1020,189,2024-08-03 19:07:08,SHIPPED,NORTH
1021,526,2025-07-20 18:02:07,DELIVERED,EAST
1022,226,2025-03-19 04:37:10,DELIVERED,SOUTH
1023,547,2025-02-02 00:40:57,DELIVERED,EAST
1024,277,2026-06-10 09:02:10,DELIVERED,SOUTH
1025,216,2025-09-20 05:34:18,DELIVERED,CENTRAL
1026,333,2024-10-04 15:49:14,CANCELLED,EAST
1027,419,2026-06-29 18:11:32,DELIVERED,NORTH
1028,11,2026-05-02 23:12:06,DELIVERED,EAST
1029,17,2025-09-22 09:39:04,CANCELLED,CENTRAL
1030,392,2025-12-21 20:10:34,DELIVERED,CENTRAL
1031,453,2025-01-19 09:00:35,SHIPPED,WEST
1032,238,2026-02-18 20:40:47,DELIVERED,WEST
1033,186,2025-07-23 19:39:08,CANCELLED,SOUTH
1034,185,2025-12-16 23:28:22,DELIVERED,SOUTH
1035,193,2024-09-23 22:43:07,DELIVERED,WEST
1036,413,2024-10-17 20:29:36,PLACED,NORTH
1037,387,26-05-2025,CANCELLED,NORTH
1038,86,2025-02-24 21:28:42,DELIVERED,NORTH
1039,10,2026-04-07 21:37:30,DELIVERED,EAST
1040,88,2025-01-05 03:32:55,DELIVERED,WEST
1041,315,2025-04-15 16:23:09,SHIPPED,CENTRAL
1042,557,04-11-2024,PLACED,CENTRAL
1043,524,2026-06-20 12:45:13,PLACED,SOUTH
1044,,2025-06-28 18:22:53,DELIVERED,EAST
1045,394,2026-01-16 10:15:05,CANCELLED,NORTH
1046,113,2025-01-22 09:24:07,RETURNED,EAST
1047,342,2024-10-31 22:13:19,RETURNED,NORTH
1048,155,2024-12-17 07:25:26,DELIVERED,SOUTH
1049,154,2026-06-25 16:55:04,DELIVERED,EAST
1050,107,2025-02-27 13:32:41,DELIVERED,EAST
1051,79,05-04-2026,RETURNED,SOUTH
1052,151,2025-04-06 18:00:16,DELIVERED,WEST
1053,116,2025-10-23 19:46:19,DELIVERED,SOUTH
1054,131,2024-12-20 06:20:45,DELIVERED,WEST
1055,424,2025-11-11 09:18:16,DELIVERED,SOUTH
1056,563,2025-08-22 02:39:30,DELIVERED,CENTRAL
1057,394,2024-10-04 22:44:50,DELIVERED,CENTRAL
1058,225,2026-01-29 02:36:33,DELIVERED,SOUTH
1059,18,2025-05-09 11:35:47,RETURNED,NORTH
1060,358,2025-05-08 06:53:26,CANCELLED,SOUTH
1061,148,2026-05-11 18:13:55,RETURNED,WEST
1062,230,2024-09-13 09:24:41,PLACED,SOUTH
1063,27,2026-01-23 16:39:52,DELIVERED,NORTH
1064,76,2025-08-06 08:41:29,CANCELLED,NORTH
1065,145,2024-10-01 08:32:30,PLACED,WEST
1066,187,2025-07-31 21:02:57,DELIVERED,EAST
1067,346,2025-07-11 20:16:06,DELIVERED,EAST
1068,62,2026-06-16 09:57:34,DELIVERED,SOUTH
1069,12,2025-06-04 21:15:28,DELIVERED,WEST
1070,265,2026-07-15 22:12:07,DELIVERED,SOUTH
1071,161,2025-02-28 03:14:01,DELIVERED,SOUTH
1072,411,24-11-2025,DELIVERED,CENTRAL
1073,80,2026-04-27 05:45:35,DELIVERED,WEST
1074,169,2024-09-12 11:09:12,DELIVERED,SOUTH
1075,107,2024-09-30 10:27:25,DELIVERED,EAST
1076,,2025-03-08 04:43:06,PLACED,SOUTH
1077,317,2024-12-24 19:47:53,DELIVERED,NORTH
1078,88,2025-10-17 19:51:31,DELIVERED,WEST
1079,,2025-04-02 08:12:06,DELIVERED,EAST
1080,408,2025-08-24 12:42:13,DELIVERED,EAST
1081,100,2025-04-15 08:13:07,DELIVERED,NORTH
1082,154,2024-08-19 09:31:34,DELIVERED,CENTRAL
1083,39,2025-03-14 08:13:02,DELIVERED,NORTH
1084,96,2026-02-10 01:06:56,SHIPPED,SOUTH
1085,165,2025-08-25 14:52:22,DELIVERED,CENTRAL
1086,350,2025-07-14 13:38:08,DELIVERED,EAST
1087,442,2024-09-01 01:53:40,DELIVERED,WEST
1088,77,2024-11-27 08:58:05,RETURNED,NORTH
1089,147,2026-03-19 05:11:24,DELIVERED,NORTH
1090,466,2025-04-01 16:08:25,SHIPPED,NORTH
1091,373,2025-05-02 11:15:57,SHIPPED,WEST
1092,485,2025-02-15 20:40:34,DELIVERED,SOUTH
1093,583,15-08-2025,CANCELLED,WEST
1094,133,2025-07-09 09:37:24,CANCELLED,EAST
1095,424,2025-08-28 23:27:01,CANCELLED,NORTH
1096,59,2026-02-27 14:02:04,DELIVERED,CENTRAL
1097,,2026-05-25 14:11:13,DELIVERED,CENTRAL
1098,75,2025-01-21 05:58:38,DELIVERED,NORTH
1099,480,2025-12-13 00:46:43,CANCELLED,NORTH
1100,111,2026-07-14 14:42:01,DELIVERED,WEST
1101,337,2024-09-20 01:50:11,RETURNED,WEST
1102,488,2024-10-28 19:11:57,PLACED,SOUTH
1103,150,2025-12-11 06:29:54,DELIVERED,CENTRAL
1104,64,2026-07-29 08:52:24,DELIVERED,WEST
1105,217,06-06-2026,DELIVERED,WEST
1106,181,2024-10-04 22:15:16,SHIPPED,NORTH
1107,463,2026-06-08 18:00:23,SHIPPED,EAST
1108,56,2024-10-11 19:13:47,DELIVERED,EAST
1109,358,2025-06-22 12:36:37,DELIVERED,SOUTH
1110,448,2025-05-03 11:56:42,DELIVERED,NORTH
1111,204,2024-09-30 10:27:34,DELIVERED,SOUTH
1112,325,2024-08-12 00:27:38,DELIVERED,SOUTH
1113,325,2024-10-28 05:47:08,DELIVERED,EAST
1114,4,2025-07-16 23:01:40,CANCELLED,WEST
1115,593,15-10-2024,DELIVERED,SOUTH
1116,560,2026-03-25 11:34:17,DELIVERED,EAST
1117,196,2026-01-10 21:11:19,PLACED,EAST
1118,,2026-06-28 10:51:32,CANCELLED,NORTH
1119,467,2025-06-18 14:31:15,DELIVERED,CENTRAL
1120,344,2024-10-28 01:33:22,DELIVERED,EAST
1121,167,2025-09-26 13:50:00,SHIPPED,WEST
1122,102,2024-10-08 01:21:30,PLACED,NORTH
1123,422,2024-10-20 12:38:51,DELIVERED,CENTRAL
1124,455,2025-08-26 23:20:19,PLACED,EAST
1125,217,2025-01-21 02:46:21,DELIVERED,NORTH
1126,481,2024-11-05 15:44:24,DELIVERED,WEST
1127,406,2024-08-06 21:46:11,DELIVERED,CENTRAL
1128,271,2025-03-27 18:17:22,DELIVERED,WEST
1129,5,2026-07-01 04:42:23,PLACED,NORTH
1130,384,2026-05-16 01:04:54,CANCELLED,CENTRAL
1131,175,2025-10-19 10:20:49,SHIPPED,WEST
1132,403,06-05-2026,RETURNED,WEST
1133,400,2026-02-17 13:00:16,RETURNED,CENTRAL
1134,237,2024-10-17 08:16:01,PLACED,NORTH
1135,402,2026-05-17 19:13:54,RETURNED,CENTRAL
1136,331,2025-01-06 06:24:35,PLACED,NORTH
1137,157,2024-08-22 14:34:16,DELIVERED,NORTH
1138,26,2026-02-28 14:12:48,RETURNED,EAST
1139,228,2025-03-19 15:02:12,CANCELLED,WEST
1140,53,2025-03-02 13:42:57,PLACED,NORTH
1141,594,2026-06-05 08:54:54,DELIVERED,CENTRAL
1142,146,2025-03-08 09:29:33,SHIPPED,NORTH
1143,371,2026-07-10 22:19:03,DELIVERED,WEST
1144,424,2024-09-27 03:33:19,DELIVERED,SOUTH
1145,385,2026-06-23 01:27:43,RETURNED,SOUTH
1146,11,2026-07-03 21:02:11,DELIVERED,CENTRAL
1147,121,2025-04-24 06:26:59,DELIVERED,CENTRAL
1148,6,2024-12-02 00:34:16,SHIPPED,NORTH
1149,31,21-09-2025,DELIVERED,SOUTH
1150,374,2024-10-29 03:48:42,PLACED,SOUTH
1151,130,2025-02-24 20:14:56,SHIPPED,NORTH
1152,565,2025-12-20 08:45:14,DELIVERED,WEST
1153,410,2026-07-18 09:48:53,SHIPPED,EAST
1154,106,2025-10-28 07:59:31,DELIVERED,SOUTH
1155,500,2025-07-03 16:29:51,DELIVERED,EAST
1156,111,2025-11-15 16:48:41,SHIPPED,EAST
1157,66,2025-07-16 01:29:10,PLACED,CENTRAL
1158,420,2025-03-16 22:44:36,CANCELLED,CENTRAL
1159,31,2024-10-29 01:13:48,DELIVERED,SOUTH
1160,75,2025-01-15 03:19:24,DELIVERED,EAST
1161,327,17-01-2026,DELIVERED,WEST
1162,330,2026-06-30 01:48:07,PLACED,EAST
1163,540,2025-01-16 21:48:43,SHIPPED,CENTRAL
1164,77,2025-10-20 19:10:24,DELIVERED,WEST
1165,328,2025-01-01 21:47:29,CANCELLED,WEST
1166,,2025-03-02 03:28:29,PLACED,SOUTH
1167,393,2025-01-31 15:13:26,SHIPPED,CENTRAL
1168,473,2025-03-09 20:57:47,RETURNED,NORTH
1169,541,2024-08-31 09:15:15,PLACED,WEST
1170,426,2026-02-13 18:25:32,DELIVERED,EAST
1171,570,2026-03-25 15:50:27,DELIVERED,WEST
1172,466,2025-08-19 04:27:40,RETURNED,NORTH
1173,106,2024-08-23 17:58:16,CANCELLED,SOUTH
1174,331,2026-06-01 01:27:01,DELIVERED,SOUTH
1175,378,2026-04-26 22:05:39,RETURNED,NORTH
1176,45,26-10-2024,DELIVERED,EAST
1177,389,2025-02-26 15:31:31,RETURNED,CENTRAL
1178,130,2025-04-06 00:47:33,DELIVERED,WEST
1179,126,2025-09-10 06:22:49,DELIVERED,WEST
1180,330,2026-03-24 03:07:39,SHIPPED,EAST
1181,85,2025-05-02 04:34:39,CANCELLED,SOUTH
1182,77,20-08-2025,PLACED,SOUTH
1183,395,2024-12-24 23:02:05,DELIVERED,CENTRAL
1184,527,2026-05-29 18:49:57,RETURNED,WEST
1185,517,2024-10-22 01:39:14,SHIPPED,EAST
1186,464,2026-06-06 02:03:37,SHIPPED,WEST
1187,285,2025-06-25 15:02:36,DELIVERED,CENTRAL
1188,151,2025-07-25 00:48:27,DELIVERED,SOUTH
1189,,2025-07-24 22:48:26,PLACED,CENTRAL
1190,272,2024-10-31 21:45:36,PLACED,WEST
1191,407,2025-08-26 01:30:26,DELIVERED,WEST
1192,101,2024-09-08 03:55:53,DELIVERED,WEST
1193,194,2025-06-09 18:43:29,SHIPPED,CENTRAL
1194,444,2024-10-24 19:20:51,DELIVERED,NORTH
1195,55,27-06-2026,SHIPPED,NORTH
1196,283,2025-01-23 21:36:49,DELIVERED,WEST
1197,104,2025-01-18 19:00:53,CANCELLED,EAST
1198,176,2026-04-03 07:01:30,DELIVERED,CENTRAL
1199,4,2024-10-13 04:48:31,RETURNED,CENTRAL
1200,313,2026-05-25 04:56:37,SHIPPED,EAST
1201,171,2024-12-24 12:21:10,DELIVERED,NORTH
1202,439,17-04-2025,RETURNED,NORTH
1203,10,2025-11-05 09:03:31,DELIVERED,NORTH
1204,254,2025-08-03 01:18:38,CANCELLED,CENTRAL
1205,298,2026-05-11 20:13:15,DELIVERED,SOUTH
1206,103,2025-03-25 14:11:52,DELIVERED,WEST
1207,559,2025-02-16 21:09:22,SHIPPED,WEST
1208,,2025-05-01 21:25:55,DELIVERED,CENTRAL
1209,496,2024-10-27 14:01:07,DELIVERED,NORTH
1210,421,2026-05-28 01:56:46,RETURNED,EAST
1211,251,2025-10-23 14:56:59,RETURNED,EAST
1212,92,2024-12-29 13:28:43,DELIVERED,NORTH
1213,558,2026-06-30 10:42:05,RETURNED,CENTRAL
1214,358,2026-06-21 17:25:29,DELIVERED,EAST
1215,43,2025-10-25 02:58:36,DELIVERED,CENTRAL
1216,466,2025-10-15 03:21:11,DELIVERED,EAST
1217,9,2025-08-23 12:40:25,PLACED,SOUTH
1218,297,2025-11-28 12:23:02,SHIPPED,WEST
1219,302,2024-08-13 02:39:48,SHIPPED,CENTRAL
1220,501,26-03-2025,DELIVERED,NORTH
1221,,2024-11-15 23:15:51,SHIPPED,CENTRAL
1222,575,2024-11-29 10:05:57,DELIVERED,SOUTH
1223,202,2025-07-02 14:00:37,PLACED,SOUTH
1224,,2026-07-26 15:09:52,CANCELLED,WEST
1225,101,2026-06-25 15:21:13,DELIVERED,EAST
1226,447,2026-01-10 08:02:45,CANCELLED,SOUTH
1227,205,2025-02-11 04:43:08,DELIVERED,EAST
1228,305,2025-10-15 03:24:10,DELIVERED,SOUTH
1229,448,2024-10-14 14:21:29,DELIVERED,EAST
1230,367,2025-07-30 19:12:54,DELIVERED,WEST
1231,573,2024-08-21 12:32:38,DELIVERED,SOUTH
1232,310,2026-04-03 23:53:05,DELIVERED,SOUTH
1233,580,2026-06-13 19:28:32,DELIVERED,WEST
1234,7,2025-07-26 11:21:46,CANCELLED,WEST
1235,87,2024-09-12 11:32:48,RETURNED,NORTH
1236,100,2026-05-01 10:04:28,DELIVERED,EAST
1237,125,2026-02-27 03:24:57,DELIVERED,NORTH
1238,529,2024-11-20 23:11:10,RETURNED,SOUTH
1239,159,2025-03-22 17:02:14,DELIVERED,NORTH
1240,206,29-10-2024,SHIPPED,NORTH
1241,254,2025-01-06 16:18:35,PLACED,CENTRAL
1242,57,2026-07-21 06:43:10,DELIVERED,SOUTH
1243,560,2025-02-19 03:48:46,DELIVERED,CENTRAL
1244,150,08-12-2025,PLACED,SOUTH
1245,560,2025-01-03 14:48:50,SHIPPED,NORTH
1246,505,2025-05-13 07:42:10,DELIVERED,NORTH
1247,436,24-11-2024,DELIVERED,CENTRAL
1248,595,24-03-2025,DELIVERED,CENTRAL
1249,364,2024-11-17 04:48:21,DELIVERED,EAST
1250,,2024-12-01 23:11:48,CANCELLED,CENTRAL
1251,538,2025-05-31 09:45:54,SHIPPED,SOUTH
1252,577,2025-04-21 12:50:38,CANCELLED,SOUTH
1253,311,2026-07-19 06:51:28,RETURNED,WEST
1254,484,2025-11-14 13:42:34,DELIVERED,CENTRAL
1255,539,2025-02-18 08:19:23,DELIVERED,CENTRAL
1256,414,22-09-2024,CANCELLED,SOUTH
1257,109,2025-08-23 22:07:21,DELIVERED,SOUTH
1258,243,2024-10-21 21:23:28,SHIPPED,WEST
1259,431,18-07-2026,DELIVERED,NORTH
1260,,06-03-2026,DELIVERED,CENTRAL
1261,31,2026-07-19 08:14:08,PLACED,WEST
1262,588,2025-10-07 05:19:10,SHIPPED,WEST
1263,231,2025-01-04 06:30:16,DELIVERED,CENTRAL
1264,197,2024-10-06 19:29:50,DELIVERED,NORTH
1265,144,25-06-2026,DELIVERED,CENTRAL
1266,74,2025-04-22 15:19:09,DELIVERED,CENTRAL
1267,213,2025-10-18 00:28:07,DELIVERED,EAST
1268,573,2026-05-25 20:55:54,PLACED,WEST
1269,73,17-10-2025,DELIVERED,EAST
1270,511,27-01-2025,DELIVERED,NORTH
1271,297,2026-07-18 08:25:15,DELIVERED,EAST
1272,162,12-03-2025,DELIVERED,CENTRAL
1273,513,2025-03-31 12:33:46,PLACED,NORTH
1274,270,21-12-2025,DELIVERED,EAST
1275,61,2024-11-17 04:31:41,CANCELLED,EAST
1276,64,2025-01-31 00:13:22,CANCELLED,CENTRAL
1277,37,2025-04-26 15:01:43,RETURNED,CENTRAL
1278,83,2026-06-21 08:32:47,RETURNED,EAST
1279,107,2024-08-28 15:38:01,SHIPPED,EAST
1280,311,2026-03-31 00:59:44,RETURNED,NORTH
1281,27,2026-03-24 21:11:45,SHIPPED,CENTRAL
1282,19,2025-10-04 03:16:16,DELIVERED,WEST
1283,441,2026-01-27 17:53:02,PLACED,WEST
1284,377,2025-05-01 05:49:26,DELIVERED,NORTH
1285,95,01-11-2025,DELIVERED,CENTRAL
1286,16,2026-06-10 06:40:05,CANCELLED,NORTH
1287,450,2024-12-19 06:30:23,DELIVERED,CENTRAL
1288,251,2025-03-16 02:58:05,DELIVERED,NORTH
1289,79,2025-02-11 08:02:40,SHIPPED,EAST
1290,226,2025-07-11 12:13:08,RETURNED,CENTRAL
1291,251,2025-09-14 05:05:14,DELIVERED,CENTRAL
1292,56,2025-04-27 05:45:11,DELIVERED,CENTRAL
1293,81,2025-01-06 02:32:20,CANCELLED,CENTRAL
1294,567,2025-01-11 17:01:50,DELIVERED,SOUTH
1295,,2025-01-30 14:40:45,DELIVERED,WEST
1296,22,2025-08-23 12:18:34,SHIPPED,CENTRAL
1297,87,2024-09-16 09:15:44,DELIVERED,WEST
1298,,2025-05-25 03:57:38,PLACED,SOUTH
1299,442,18-09-2025,DELIVERED,CENTRAL
1300,27,2026-07-08 20:38:10,CANCELLED,EAST
1301,222,12-03-2026,DELIVERED,CENTRAL
1302,438,2026-03-31 20:57:27,DELIVERED,NORTH
1303,567,2025-05-29 10:54:18,RETURNED,EAST
1304,548,2025-07-27 00:18:48,DELIVERED,CENTRAL
1305,391,2025-07-29 23:42:31,RETURNED,SOUTH
1306,288,2026-04-14 01:25:04,SHIPPED,SOUTH
1307,303,2025-04-20 04:03:32,PLACED,EAST
1308,257,2026-03-31 17:28:59,DELIVERED,NORTH
1309,583,2025-12-27 05:45:58,SHIPPED,SOUTH
1310,18,08-07-2025,PLACED,EAST
1311,570,2025-01-17 04:52:42,DELIVERED,NORTH
1312,565,2025-04-01 21:52:43,DELIVERED,EAST
1313,283,2025-02-18 14:11:28,PLACED,SOUTH
1314,51,2025-01-28 17:19:44,PLACED,CENTRAL
1315,594,04-04-2025,DELIVERED,NORTH
1316,266,16-02-2025,CANCELLED,EAST
1317,46,2025-11-10 11:36:03,PLACED,CENTRAL
1318,524,2024-09-30 03:46:36,DELIVERED,EAST
1319,426,2024-09-25 10:51:54,CANCELLED,SOUTH
1320,,2025-11-15 10:40:48,DELIVERED,WEST
1321,384,2025-08-01 14:12:17,SHIPPED,NORTH
1322,46,2025-03-14 22:15:31,RETURNED,NORTH
1323,217,2026-04-20 14:50:58,DELIVERED,CENTRAL
1324,353,2025-01-14 21:26:35,DELIVERED,SOUTH
1325,81,2024-09-30 01:11:22,RETURNED,CENTRAL
1326,589,2025-12-03 14:05:52,DELIVERED,NORTH
1327,541,12-04-2026,DELIVERED,CENTRAL
1328,325,2025-02-26 01:55:46,DELIVERED,SOUTH
1329,371,2025-01-27 08:06:52,DELIVERED,NORTH
1330,456,2026-02-21 04:21:03,DELIVERED,NORTH
1331,518,2024-09-29 09:00:54,DELIVERED,CENTRAL
1332,429,2025-01-26 11:05:54,CANCELLED,SOUTH
1333,251,2026-03-27 02:02:41,DELIVERED,SOUTH
1334,294,2025-04-23 07:21:35,PLACED,WEST
1335,152,2025-10-22 09:38:14,CANCELLED,SOUTH
1336,465,2024-08-13 01:10:09,DELIVERED,CENTRAL
1337,482,2026-02-28 23:48:07,CANCELLED,WEST
1338,,2024-12-08 15:54:20,PLACED,CENTRAL
1339,433,2025-05-03 05:53:38,DELIVERED,SOUTH
1340,122,2025-04-19 14:33:41,CANCELLED,CENTRAL
1341,111,12-02-2026,DELIVERED,EAST
1342,419,2025-12-03 23:33:38,CANCELLED,EAST
1343,138,2026-02-21 16:22:15,DELIVERED,CENTRAL
1344,8,2025-11-05 00:38:06,DELIVERED,WEST
1345,450,2024-12-16 06:20:30,DELIVERED,NORTH
1346,506,22-04-2025,DELIVERED,CENTRAL
1347,437,2025-03-10 13:34:46,DELIVERED,SOUTH
1348,43,2026-04-25 05:49:14,CANCELLED,SOUTH
1349,285,2025-10-21 17:20:45,DELIVERED,EAST
1350,122,2025-03-12 13:47:07,DELIVERED,SOUTH
1351,266,2025-11-14 19:49:52,RETURNED,EAST
1352,212,2025-10-03 21:04:21,DELIVERED,NORTH
1353,41,2026-06-23 18:48:56,DELIVERED,NORTH
1354,27,2025-05-15 00:44:07,RETURNED,CENTRAL
1355,456,2025-09-09 14:09:57,DELIVERED,NORTH
1356,123,2025-07-12 04:18:38,DELIVERED,NORTH
1357,286,2026-02-20 06:38:29,RETURNED,NORTH
1358,228,16-02-2026,SHIPPED,EAST
1359,526,2026-01-05 00:30:24,DELIVERED,EAST
1360,40,2025-07-03 14:44:40,DELIVERED,CENTRAL
1361,572,2025-12-27 12:21:51,DELIVERED,NORTH
1362,386,2026-06-09 09:23:54,DELIVERED,EAST
1363,497,2026-04-25 03:36:54,DELIVERED,SOUTH
1364,91,2025-09-06 00:38:44,DELIVERED,NORTH
1365,503,2025-10-08 04:58:27,DELIVERED,NORTH
1366,270,2025-11-20 10:11:55,DELIVERED,EAST
1367,185,2026-06-13 21:02:57,SHIPPED,EAST
1368,502,2026-04-11 20:25:30,DELIVERED,CENTRAL
1369,99,2025-01-18 01:09:39,CANCELLED,EAST
1370,458,2025-04-10 17:50:26,DELIVERED,SOUTH
1371,327,2025-12-27 02:42:58,DELIVERED,SOUTH
1372,496,2026-05-15 12:59:14,DELIVERED,WEST
1373,30,2025-03-14 23:19:57,SHIPPED,WEST
1374,331,2025-02-20 04:40:31,DELIVERED,WEST
1375,267,10-07-2026,DELIVERED,SOUTH
1376,47,2025-03-28 15:03:19,SHIPPED,SOUTH
1377,113,2025-11-20 08:48:52,PLACED,CENTRAL
1378,,12-02-2026,DELIVERED,EAST
1379,567,2024-09-19 07:04:09,DELIVERED,EAST
1380,161,2026-05-14 00:13:50,CANCELLED,SOUTH
1381,166,2026-07-09 07:49:00,DELIVERED,CENTRAL
1382,14,2024-08-29 00:29:10,DELIVERED,CENTRAL
1383,408,2026-04-07 15:42:40,SHIPPED,EAST
1384,,2025-12-04 13:02:52,SHIPPED,EAST
1385,387,2025-12-22 23:13:45,CANCELLED,EAST
1386,79,2024-09-27 09:24:50,DELIVERED,WEST
1387,,2026-02-28 20:02:10,DELIVERED,SOUTH
1388,401,2024-12-29 21:43:03,CANCELLED,EAST
1389,24,2025-03-23 16:33:30,SHIPPED,EAST
1390,591,2025-08-02 03:32:22,DELIVERED,SOUTH
1391,575,2025-03-05 08:41:44,RETURNED,CENTRAL
1392,392,2024-08-14 08:51:53,DELIVERED,EAST
1393,111,2025-07-18 06:55:49,RETURNED,WEST
1394,458,2025-05-15 05:58:29,PLACED,EAST
1395,86,2024-10-14 02:10:49,SHIPPED,WEST
1396,86,2024-11-18 18:35:33,CANCELLED,CENTRAL
1397,581,2026-03-14 18:16:07,DELIVERED,EAST
1398,346,2026-05-11 00:54:57,DELIVERED,CENTRAL
1399,6,2025-02-25 06:34:59,DELIVERED,WEST
1400,321,2025-12-20 10:19:18,DELIVERED,WEST
1401,84,2026-07-17 12:58:45,DELIVERED,WEST
1402,14,2024-12-04 21:38:04,PLACED,SOUTH
1403,117,2024-08-31 08:10:02,DELIVERED,CENTRAL
1404,561,2025-06-21 18:49:53,SHIPPED,WEST
1405,278,2025-09-10 19:44:06,CANCELLED,CENTRAL
1406,145,2025-03-14 09:39:36,SHIPPED,CENTRAL
1407,381,2025-09-08 09:56:27,DELIVERED,SOUTH
1408,139,2024-12-06 13:37:19,CANCELLED,NORTH
1409,184,2024-11-25 18:42:35,RETURNED,NORTH
1410,193,2025-01-02 18:37:04,DELIVERED,EAST
1411,480,2025-11-05 17:26:03,DELIVERED,CENTRAL
1412,354,02-12-2025,SHIPPED,EAST
1413,437,2025-10-28 23:16:49,DELIVERED,WEST
1414,575,2025-09-25 05:17:15,SHIPPED,CENTRAL
1415,222,2025-03-06 11:18:31,DELIVERED,SOUTH
1416,393,2025-04-14 10:37:55,CANCELLED,CENTRAL
1417,485,2025-01-10 13:45:35,DELIVERED,SOUTH
1418,151,2024-11-20 07:55:37,CANCELLED,EAST
1419,54,2024-11-15 09:23:51,DELIVERED,WEST
1420,513,2026-03-14 07:33:55,DELIVERED,WEST
1421,486,2025-05-03 17:31:25,DELIVERED,CENTRAL
1422,220,2024-12-08 00:37:56,CANCELLED,SOUTH
1423,574,2025-07-10 00:53:36,DELIVERED,NORTH
1424,446,2025-12-20 11:52:41,PLACED,EAST
1425,355,2026-02-17 20:03:57,DELIVERED,SOUTH
1426,184,2026-07-26 19:58:04,PLACED,WEST
1427,200,2024-08-05 08:39:45,DELIVERED,EAST
1428,515,17-07-2026,SHIPPED,EAST
1429,408,2024-09-04 02:40:45,DELIVERED,EAST
1430,586,02-05-2026,DELIVERED,WEST
1431,466,2025-08-16 19:51:48,DELIVERED,CENTRAL
1432,40,15-05-2025,CANCELLED,SOUTH
1433,182,2026-06-08 10:59:56,PLACED,NORTH
1434,64,2025-04-02 01:47:38,DELIVERED,SOUTH
1435,18,2025-04-16 09:19:29,CANCELLED,EAST
1436,174,2026-07-05 11:55:58,DELIVERED,EAST
1437,413,2025-06-20 09:51:43,DELIVERED,NORTH
1438,514,2024-11-23 13:51:33,PLACED,WEST
1439,,2025-11-16 15:48:11,DELIVERED,SOUTH
1440,4,2025-03-30 16:31:37,DELIVERED,EAST
1441,89,2025-10-14 18:31:59,PLACED,NORTH
1442,89,2024-12-23 04:55:57,DELIVERED,NORTH
1443,11,2025-01-16 22:58:32,DELIVERED,SOUTH
1444,196,2026-03-04 12:42:10,PLACED,NORTH
1445,294,2024-12-17 06:14:08,DELIVERED,WEST
1446,193,2025-02-28 21:20:59,SHIPPED,EAST
1447,451,2025-02-22 11:28:44,DELIVERED,EAST
1448,536,2025-07-16 06:30:53,DELIVERED,SOUTH
1449,,2026-05-11 08:23:12,SHIPPED,CENTRAL
1450,445,2025-04-27 11:05:09,DELIVERED,EAST
1451,516,2025-10-03 10:46:41,DELIVERED,NORTH
1452,216,2025-02-17 13:27:18,SHIPPED,NORTH
1453,191,2025-08-05 02:33:11,DELIVERED,EAST
1454,35,2025-04-08 09:27:01,DELIVERED,NORTH
1455,487,2025-04-17 23:29:34,RETURNED,SOUTH
1456,314,2024-12-05 09:47:55,SHIPPED,NORTH
1457,468,2025-11-05 01:02:07,DELIVERED,WEST
1458,250,2025-02-13 04:20:05,DELIVERED,WEST
1459,308,2024-09-01 04:03:29,CANCELLED,CENTRAL
1460,437,2026-03-25 05:45:22,DELIVERED,CENTRAL
1461,,2025-09-02 20:10:52,DELIVERED,CENTRAL
1462,537,2025-01-02 03:36:08,DELIVERED,SOUTH
1463,342,2026-04-05 11:59:57,RETURNED,EAST
1464,145,2026-04-15 12:50:58,DELIVERED,WEST
1465,,2024-11-23 13:25:54,SHIPPED,EAST
1466,242,2026-05-29 05:50:46,PLACED,SOUTH
1467,569,2026-05-19 20:24:05,PLACED,SOUTH
1468,483,2025-10-02 01:33:24,DELIVERED,WEST
1469,475,2026-01-31 12:58:17,RETURNED,WEST
1470,137,2025-06-07 14:22:11,CANCELLED,WEST
1471,547,2024-09-25 15:46:46,DELIVERED,CENTRAL
1472,,2026-06-19 20:33:33,DELIVERED,EAST
1473,514,02-05-2026,DELIVERED,WEST
1474,236,2024-11-16 05:59:45,PLACED,EAST
1475,348,2025-05-26 07:31:08,DELIVERED,EAST
1476,493,2024-08-28 01:12:57,RETURNED,SOUTH
1477,530,2026-05-10 23:13:15,CANCELLED,EAST
1478,104,2025-12-23 10:16:36,CANCELLED,NORTH
1479,132,2025-10-21 08:51:10,DELIVERED,NORTH
1480,412,2025-06-25 03:10:13,DELIVERED,EAST
1481,119,2025-11-12 20:35:29,RETURNED,CENTRAL
1482,485,2026-02-05 01:04:46,DELIVERED,EAST
1483,184,2025-06-26 09:08:48,DELIVERED,NORTH
1484,346,2026-07-27 14:19:22,SHIPPED,CENTRAL
1485,466,04-07-2025,SHIPPED,NORTH
1486,472,13-05-2025,DELIVERED,EAST
1487,346,2026-01-07 06:50:33,CANCELLED,CENTRAL
1488,301,2025-05-05 04:49:31,DELIVERED,EAST
1489,115,2025-05-05 11:31:11,DELIVERED,WEST
1490,87,2025-09-20 12:50:49,DELIVERED,WEST
1491,282,2025-04-26 06:28:00,DELIVERED,SOUTH
1492,537,2025-10-17 00:12:05,PLACED,EAST
1493,,2025-11-17 07:10:20,DELIVERED,NORTH
1494,81,2025-04-20 08:32:24,DELIVERED,WEST
1495,189,2026-03-04 00:44:47,DELIVERED,NORTH
1496,444,2024-10-30 10:19:38,DELIVERED,EAST
1497,553,2026-05-26 12:15:20,DELIVERED,NORTH
1498,485,2025-01-15 03:47:29,DELIVERED,SOUTH
1499,47,2025-11-13 14:58:53,SHIPPED,EAST
1500,417,08-01-2025,DELIVERED,SOUTH
1501,474,2025-11-09 07:39:01,DELIVERED,NORTH
1502,19,2026-02-02 16:52:35,PLACED,EAST
1503,472,2025-10-31 15:30:51,DELIVERED,CENTRAL
1504,572,2024-08-10 18:16:12,DELIVERED,WEST
1505,511,2025-01-11 14:33:56,SHIPPED,WEST
1506,34,2025-12-27 04:18:45,RETURNED,WEST
1507,354,2024-10-04 12:56:49,RETURNED,EAST
1508,323,2025-07-17 16:33:17,PLACED,CENTRAL
1509,361,2025-10-13 18:21:29,RETURNED,NORTH
1510,291,2025-10-07 04:47:01,RETURNED,WEST
1511,135,2025-05-21 22:25:29,CANCELLED,NORTH
1512,217,2024-10-25 22:20:39,SHIPPED,SOUTH
1513,411,2025-10-02 06:03:16,DELIVERED,WEST
1514,286,2025-04-06 02:06:45,DELIVERED,EAST
1515,546,2025-06-01 14:38:29,DELIVERED,WEST
1516,461,2024-11-30 22:05:30,SHIPPED,EAST
1517,,2026-05-07 13:49:44,DELIVERED,SOUTH
1518,101,2025-05-25 18:13:32,DELIVERED,WEST
1519,30,2025-11-24 16:41:03,DELIVERED,CENTRAL
1520,585,2026-02-20 16:13:40,PLACED,CENTRAL
1521,583,2025-11-29 20:04:27,PLACED,EAST
1522,,2025-11-11 01:50:17,DELIVERED,CENTRAL
1523,198,2026-05-23 10:54:31,DELIVERED,SOUTH
1524,205,2025-04-08 16:00:54,PLACED,NORTH
1525,473,2025-07-23 15:58:35,DELIVERED,SOUTH
1526,473,2025-08-24 12:40:56,CANCELLED,EAST
1527,164,2025-02-07 04:35:08,RETURNED,NORTH
1528,417,2026-06-05 11:13:13,DELIVERED,WEST
1529,428,2025-02-18 23:17:47,DELIVERED,CENTRAL
1530,547,07-02-2026,DELIVERED,NORTH
1531,408,2026-05-06 08:46:31,DELIVERED,EAST
1532,524,2025-12-02 18:24:33,DELIVERED,NORTH
1533,269,2026-03-12 17:02:00,DELIVERED,NORTH
1534,376,2025-06-17 16:53:03,PLACED,SOUTH
1535,216,2025-02-22 10:46:51,DELIVERED,NORTH
1536,504,2026-03-08 11:39:46,SHIPPED,EAST
1537,339,2026-04-04 13:42:51,SHIPPED,EAST
1538,144,2024-11-23 23:22:00,PLACED,EAST
1539,299,2025-03-27 04:36:27,SHIPPED,EAST
1540,451,2026-01-05 22:49:29,DELIVERED,SOUTH
1541,300,2026-05-30 07:40:21,DELIVERED,NORTH
1542,598,2025-03-24 07:31:11,PLACED,EAST
1543,530,2025-06-12 05:29:32,RETURNED,EAST
1544,514,2025-04-02 02:54:23,DELIVERED,WEST
1545,538,2025-08-10 10:06:34,CANCELLED,NORTH
1546,67,2025-04-23 22:11:00,SHIPPED,SOUTH
1547,123,2025-12-18 20:48:57,DELIVERED,CENTRAL
1548,13,2026-05-15 10:18:31,CANCELLED,CENTRAL
1549,208,2025-05-10 09:15:20,DELIVERED,NORTH
1550,520,2024-09-22 04:39:23,RETURNED,CENTRAL
1551,58,2025-07-13 21:50:23,SHIPPED,EAST
1552,188,2026-01-18 16:55:18,CANCELLED,SOUTH
1553,468,16-12-2024,DELIVERED,CENTRAL
1554,195,2026-02-21 14:23:49,PLACED,SOUTH
1555,63,2025-01-09 08:24:21,DELIVERED,CENTRAL
1556,101,2025-09-22 01:10:06,PLACED,NORTH
1557,120,2025-07-10 05:34:37,SHIPPED,CENTRAL
1558,499,2025-03-21 23:40:39,DELIVERED,NORTH
1559,454,2026-03-27 19:42:33,DELIVERED,CENTRAL
1560,1,2025-02-12 12:55:07,DELIVERED,WEST
1561,337,2025-08-30 00:37:35,SHIPPED,EAST
1562,545,2025-02-10 10:06:23,DELIVERED,CENTRAL
1563,451,2024-10-26 13:57:08,RETURNED,WEST
1564,,2026-06-25 21:34:17,DELIVERED,SOUTH
1565,443,2026-01-05 17:11:07,RETURNED,WEST
1566,552,2026-05-01 21:35:11,DELIVERED,SOUTH
1567,514,2025-03-26 04:46:01,DELIVERED,NORTH
1568,216,2025-10-18 12:22:06,DELIVERED,SOUTH
1569,176,2026-05-25 01:05:29,DELIVERED,EAST
1570,486,2025-12-21 13:56:53,DELIVERED,EAST
1571,270,2025-08-02 14:22:33,CANCELLED,EAST
1572,342,2026-02-16 10:50:58,DELIVERED,WEST
1573,577,2025-06-02 16:09:30,PLACED,WEST
1574,419,2025-05-02 15:48:16,PLACED,WEST
1575,20,2026-04-28 18:33:44,SHIPPED,EAST
1576,383,2024-08-19 09:24:30,DELIVERED,EAST
1577,205,2026-04-12 10:00:15,DELIVERED,EAST
1578,249,2024-12-03 14:24:26,DELIVERED,CENTRAL
1579,48,2026-03-30 19:08:39,DELIVERED,WEST
1580,385,2024-09-16 01:44:44,DELIVERED,EAST
1581,449,2026-07-19 09:15:55,DELIVERED,NORTH
1582,424,2026-05-03 06:15:54,SHIPPED,EAST
1583,576,2024-10-08 08:32:06,DELIVERED,CENTRAL
1584,267,2025-10-07 09:09:48,SHIPPED,NORTH
1585,70,2026-06-08 07:29:47,DELIVERED,EAST
1586,370,2026-07-05 00:21:07,DELIVERED,SOUTH
1587,480,2025-01-24 20:18:19,DELIVERED,EAST
1588,24,2024-11-17 22:49:16,DELIVERED,WEST
1589,50,2026-05-08 23:32:07,RETURNED,CENTRAL
1590,580,2025-07-06 14:07:39,RETURNED,EAST
1591,504,2025-03-08 12:54:40,DELIVERED,NORTH
1592,572,2026-03-30 07:13:08,SHIPPED,CENTRAL
1593,90,2025-10-20 18:44:30,DELIVERED,SOUTH
1594,442,2026-04-28 04:04:20,DELIVERED,SOUTH
1595,75,2024-12-20 02:38:43,DELIVERED,CENTRAL
1596,443,22-06-2026,DELIVERED,NORTH
1597,400,15-08-2024,DELIVERED,SOUTH
1598,229,2025-10-28 21:34:01,DELIVERED,WEST
1599,206,2026-03-22 00:29:41,RETURNED,CENTRAL
1600,152,2025-01-08 02:48:21,PLACED,CENTRAL
1601,41,2026-03-29 10:14:51,DELIVERED,NORTH
1602,323,2026-07-23 03:51:05,SHIPPED,EAST
1603,278,2025-01-28 23:02:25,SHIPPED,EAST
1604,,2026-06-13 16:21:01,DELIVERED,WEST
1605,,2026-06-05 19:58:59,DELIVERED,WEST
1606,,2025-07-07 15:06:21,SHIPPED,WEST
1607,128,2024-10-12 02:52:59,DELIVERED,CENTRAL
1608,125,2024-12-05 12:21:32,PLACED,WEST
1609,367,2026-03-06 07:05:46,DELIVERED,SOUTH
1610,520,2025-05-07 12:14:53,DELIVERED,WEST
1611,,2025-05-23 04:15:23,DELIVERED,NORTH
1612,318,12-05-2026,RETURNED,EAST
1613,87,2025-12-19 04:56:35,DELIVERED,WEST
1614,,2025-03-02 09:04:47,CANCELLED,NORTH
1615,255,2024-12-16 18:11:59,PLACED,SOUTH
1616,482,16-03-2026,DELIVERED,SOUTH
1617,301,2025-05-16 17:03:55,CANCELLED,WEST
1618,532,2024-11-26 13:56:13,CANCELLED,SOUTH
1619,113,2026-04-03 22:28:52,DELIVERED,EAST
1620,383,2026-07-08 00:37:52,DELIVERED,NORTH
1621,340,2024-08-23 03:13:13,PLACED,SOUTH
1622,48,2025-09-24 00:32:29,DELIVERED,CENTRAL
1623,103,2024-08-12 14:28:23,SHIPPED,WEST
1624,116,2025-08-05 11:29:33,DELIVERED,CENTRAL
1625,1,2025-03-30 21:29:32,CANCELLED,EAST
1626,553,2025-05-11 22:57:21,DELIVERED,NORTH
1627,585,2024-12-31 11:03:24,DELIVERED,SOUTH
1628,85,2026-03-01 05:58:37,DELIVERED,CENTRAL
1629,232,2025-02-11 16:50:26,DELIVERED,EAST
1630,474,2026-01-02 03:03:56,DELIVERED,EAST
1631,135,2025-04-12 17:19:10,DELIVERED,CENTRAL
1632,36,2026-03-04 22:32:11,DELIVERED,NORTH
1633,187,2024-08-12 02:58:35,PLACED,SOUTH
1634,331,2024-08-10 02:20:13,DELIVERED,EAST
1635,592,2025-06-12 01:59:30,SHIPPED,CENTRAL
1636,451,2024-10-31 12:18:27,DELIVERED,CENTRAL
1637,346,2026-06-25 05:54:22,DELIVERED,WEST
1638,468,2025-12-29 03:50:24,CANCELLED,CENTRAL
1639,375,2025-06-28 06:48:24,RETURNED,SOUTH
1640,469,2026-05-07 17:46:28,DELIVERED,EAST
1641,356,2025-03-27 11:27:41,DELIVERED,NORTH
1642,517,2024-12-20 20:08:29,RETURNED,CENTRAL
1643,228,26-03-2026,DELIVERED,EAST
1644,156,2025-10-12 04:53:58,DELIVERED,CENTRAL
1645,236,2026-01-21 19:24:26,DELIVERED,EAST
1646,170,2025-12-07 03:31:50,DELIVERED,SOUTH
1647,435,2026-05-29 15:46:55,PLACED,WEST
1648,535,2025-06-24 04:55:57,DELIVERED,SOUTH
1649,308,01-08-2024,DELIVERED,EAST
1650,69,2024-09-15 23:58:56,PLACED,WEST
1651,249,2025-05-31 21:12:35,DELIVERED,WEST
1652,255,2026-05-11 01:01:13,SHIPPED,EAST
1653,412,2024-11-04 21:40:26,DELIVERED,SOUTH
1654,146,2026-01-05 03:25:33,DELIVERED,NORTH
1655,537,2024-10-19 16:49:48,DELIVERED,SOUTH
1656,306,2026-05-01 15:40:17,DELIVERED,WEST
1657,350,2026-06-11 19:34:18,RETURNED,WEST
1658,262,2024-10-27 15:26:41,DELIVERED,SOUTH
1659,499,2026-03-13 02:42:37,DELIVERED,NORTH
1660,372,2025-02-04 10:01:11,DELIVERED,WEST
1661,108,2026-06-03 23:53:10,CANCELLED,EAST
1662,521,2025-04-13 09:49:45,CANCELLED,EAST
1663,104,2026-02-05 21:03:56,SHIPPED,WEST
1664,445,2025-12-31 00:12:51,RETURNED,WEST
1665,580,2025-05-19 21:50:10,CANCELLED,WEST
1666,,2024-10-23 17:29:39,DELIVERED,NORTH
1667,121,2026-03-17 10:33:50,DELIVERED,CENTRAL
1668,404,2026-02-09 21:52:38,DELIVERED,WEST
1669,588,2026-06-02 15:09:09,RETURNED,WEST
1670,27,2025-01-15 19:16:07,PLACED,EAST
1671,423,15-04-2026,DELIVERED,EAST
1672,353,2025-05-01 16:48:37,SHIPPED,WEST
1673,333,2025-07-22 21:33:08,DELIVERED,SOUTH
1674,561,2025-12-17 12:56:38,DELIVERED,EAST
1675,177,2026-05-19 02:43:09,PLACED,EAST
1676,234,2025-04-03 20:37:26,PLACED,NORTH
1677,321,2025-11-26 23:11:13,SHIPPED,WEST
1678,498,2025-04-30 07:32:38,DELIVERED,EAST
1679,173,08-04-2025,SHIPPED,EAST
1680,574,2025-03-19 01:38:13,DELIVERED,WEST
1681,78,2025-01-02 06:32:16,DELIVERED,WEST
1682,150,2026-02-08 01:07:17,DELIVERED,SOUTH
1683,107,2026-05-19 08:07:06,CANCELLED,EAST
1684,85,2025-04-09 12:44:45,DELIVERED,NORTH
1685,159,2026-01-01 11:29:57,PLACED,SOUTH
1686,225,2025-02-07 13:41:16,DELIVERED,SOUTH
1687,304,2025-02-06 06:31:41,CANCELLED,WEST
1688,425,2025-10-07 02:36:00,DELIVERED,WEST
1689,532,2025-10-26 04:40:44,DELIVERED,WEST
1690,373,2026-04-17 00:56:51,DELIVERED,EAST
1691,241,2025-04-06 16:06:59,PLACED,SOUTH
1692,253,2026-04-10 22:15:31,PLACED,CENTRAL
1693,549,2025-04-01 11:46:47,CANCELLED,SOUTH
1694,568,2026-04-30 17:59:40,DELIVERED,CENTRAL
1695,472,2025-11-24 15:22:43,DELIVERED,NORTH
1696,176,2024-08-18 04:15:24,DELIVERED,NORTH
1697,489,2026-06-05 20:48:36,PLACED,EAST
1698,283,2025-10-17 12:58:38,CANCELLED,NORTH
1699,503,2025-07-01 15:15:13,RETURNED,WEST
1700,463,2025-03-29 15:33:42,DELIVERED,EAST
1701,521,2025-06-13 05:40:37,DELIVERED,CENTRAL
1702,7,17-11-2025,DELIVERED,CENTRAL
1703,73,20-11-2025,DELIVERED,SOUTH
1704,255,2025-11-11 05:14:50,RETURNED,SOUTH
1705,,2026-07-23 10:34:29,PLACED,NORTH
1706,414,2025-10-20 20:11:21,DELIVERED,WEST
1707,486,2024-11-16 14:00:15,SHIPPED,EAST
1708,441,2026-06-14 18:57:02,PLACED,EAST
1709,233,2025-04-30 18:51:18,DELIVERED,EAST
1710,97,2025-09-11 21:35:37,CANCELLED,NORTH
1711,61,2026-01-13 06:38:18,SHIPPED,CENTRAL
1712,,2025-04-11 21:06:20,PLACED,CENTRAL
1713,72,2024-12-12 21:38:15,DELIVERED,SOUTH
1714,354,2024-10-15 07:34:23,RETURNED,CENTRAL
1715,182,2026-06-24 09:35:08,CANCELLED,SOUTH
1716,456,2024-08-24 13:36:34,RETURNED,NORTH
1717,320,2026-07-28 06:16:09,DELIVERED,SOUTH
1718,172,2026-07-01 05:30:53,SHIPPED,SOUTH
1719,346,2026-07-30 10:11:58,DELIVERED,WEST
1720,120,2026-01-02 09:33:58,DELIVERED,EAST
1721,503,2024-12-25 06:54:55,PLACED,NORTH
1722,492,2026-04-22 20:24:31,DELIVERED,CENTRAL
1723,533,2024-10-10 15:29:44,DELIVERED,CENTRAL
1724,545,2025-09-10 04:41:10,DELIVERED,SOUTH
1725,139,2025-07-14 21:32:46,SHIPPED,WEST
1726,387,2024-10-03 23:50:24,DELIVERED,EAST
1727,399,2025-03-26 14:20:39,DELIVERED,EAST
1728,57,2025-09-14 18:14:49,SHIPPED,NORTH
1729,585,2025-09-26 14:17:01,DELIVERED,NORTH
1730,49,2025-03-24 07:19:16,DELIVERED,CENTRAL
1731,445,2026-02-25 15:23:06,CANCELLED,CENTRAL
1732,46,2026-07-09 07:58:19,DELIVERED,SOUTH
1733,328,2024-09-26 16:08:16,DELIVERED,CENTRAL
1734,16,2024-09-05 03:13:14,SHIPPED,NORTH
1735,5,2026-07-04 11:09:34,CANCELLED,EAST
1736,400,2026-05-05 00:25:22,RETURNED,WEST
1737,,2024-11-19 00:54:33,DELIVERED,EAST
1738,433,2026-01-11 11:29:43,CANCELLED,EAST
1739,280,2025-06-14 20:06:15,DELIVERED,WEST
1740,195,2026-04-27 08:51:02,SHIPPED,NORTH
1741,405,2024-09-02 11:11:46,DELIVERED,SOUTH
1742,118,2024-10-29 12:56:42,DELIVERED,NORTH
1743,336,2024-12-08 23:56:31,SHIPPED,WEST
1744,294,2025-03-10 03:16:57,SHIPPED,NORTH
1745,207,2024-10-07 04:32:02,DELIVERED,SOUTH
1746,37,2025-07-31 05:59:30,PLACED,NORTH
1747,189,2024-10-04 22:33:59,CANCELLED,SOUTH
1748,380,2025-07-07 06:56:07,DELIVERED,NORTH
1749,516,2026-03-19 14:00:17,DELIVERED,EAST
1750,,2024-08-12 00:54:53,DELIVERED,EAST
1751,359,2025-07-25 20:57:52,DELIVERED,WEST
1752,299,28-08-2025,SHIPPED,SOUTH
1753,450,2024-08-20 15:48:23,PLACED,SOUTH
1754,295,2025-10-07 12:29:41,DELIVERED,EAST
1755,67,2025-06-15 09:32:25,PLACED,SOUTH
1756,330,15-05-2025,RETURNED,SOUTH
1757,,2024-08-03 15:46:16,CANCELLED,CENTRAL
1758,230,2026-03-15 23:59:42,DELIVERED,NORTH
1759,,2026-05-03 00:26:36,RETURNED,WEST
1760,397,2025-07-16 06:28:43,SHIPPED,WEST
1761,354,2025-12-08 12:54:10,RETURNED,SOUTH
1762,369,2025-01-21 20:40:37,DELIVERED,SOUTH
1763,398,2025-02-16 18:45:34,DELIVERED,NORTH
1764,308,20-11-2024,DELIVERED,CENTRAL
1765,412,2024-11-06 02:37:13,DELIVERED,WEST
1766,428,2025-07-24 17:51:43,DELIVERED,WEST
1767,346,2025-04-11 05:17:06,PLACED,CENTRAL
1768,223,2026-02-05 11:38:16,SHIPPED,CENTRAL
1769,475,2025-09-30 19:17:29,DELIVERED,EAST
1770,219,2025-06-02 02:52:25,PLACED,WEST
1771,423,2024-09-09 12:34:42,DELIVERED,SOUTH
1772,530,2025-07-02 09:02:01,DELIVERED,SOUTH
1773,177,2025-03-01 07:03:13,DELIVERED,SOUTH
1774,589,2026-03-31 06:54:23,SHIPPED,EAST
1775,134,2026-03-16 08:16:19,DELIVERED,CENTRAL
1776,37,2026-01-08 05:05:03,PLACED,NORTH
1777,,2026-06-01 17:29:28,DELIVERED,NORTH
1778,366,2025-01-05 16:19:33,RETURNED,EAST
1779,372,2025-11-28 01:52:50,DELIVERED,WEST
1780,180,2025-03-14 01:09:52,CANCELLED,SOUTH
1781,156,2024-12-05 19:19:34,DELIVERED,CENTRAL
1782,576,2025-10-04 00:00:48,DELIVERED,EAST
1783,256,2024-10-28 01:11:30,PLACED,WEST
1784,41,2024-11-14 07:44:37,DELIVERED,WEST
1785,21,2025-10-30 07:06:03,CANCELLED,WEST
1786,187,2025-07-14 10:53:57,RETURNED,CENTRAL
1787,348,2024-10-06 00:42:38,PLACED,SOUTH
1788,404,2026-07-14 01:43:11,RETURNED,SOUTH
1789,329,2025-03-16 01:47:20,RETURNED,NORTH
1790,507,2024-08-13 09:25:57,DELIVERED,SOUTH
1791,259,2024-12-28 03:34:15,RETURNED,NORTH
1792,171,2024-09-10 09:33:23,DELIVERED,EAST
1793,444,20-04-2025,DELIVERED,WEST
1794,341,03-10-2025,CANCELLED,CENTRAL
1795,,20-10-2025,DELIVERED,WEST
1796,37,2026-01-23 01:06:46,DELIVERED,EAST
1797,525,2026-05-26 00:45:15,DELIVERED,EAST
1798,355,2026-02-10 13:18:52,SHIPPED,EAST
1799,461,2026-07-15 15:13:41,CANCELLED,EAST
1800,117,2024-08-18 20:53:24,CANCELLED,NORTH
1801,182,18-05-2025,DELIVERED,SOUTH
1802,78,2024-08-08 11:48:01,DELIVERED,EAST
1803,73,2024-11-30 08:35:43,RETURNED,WEST
1804,339,2026-04-03 14:33:20,DELIVERED,NORTH
1805,205,2026-07-15 00:48:02,PLACED,NORTH
1806,94,2024-08-03 23:36:14,DELIVERED,SOUTH
1807,,2024-10-01 16:20:46,DELIVERED,SOUTH
1808,203,2026-02-02 02:30:22,DELIVERED,SOUTH
1809,63,2025-07-10 17:06:08,PLACED,SOUTH
1810,270,2024-11-20 18:21:20,DELIVERED,SOUTH
1811,78,2024-12-25 04:16:28,DELIVERED,SOUTH
1812,304,2025-11-11 05:46:43,DELIVERED,SOUTH
1813,354,2026-02-23 05:39:14,PLACED,EAST
1814,166,20-09-2024,DELIVERED,NORTH
1815,441,2024-10-02 02:24:21,CANCELLED,WEST
1816,,2026-03-02 02:10:26,DELIVERED,EAST
1817,68,2025-10-17 02:40:41,CANCELLED,WEST
1818,492,2025-05-15 17:33:55,DELIVERED,EAST
1819,195,2025-01-25 04:18:32,PLACED,EAST
1820,473,2025-04-09 22:39:12,CANCELLED,WEST
1821,476,2025-07-18 05:10:45,DELIVERED,WEST
1822,26,2026-06-10 08:38:35,DELIVERED,SOUTH
1823,15,2025-07-04 09:27:13,DELIVERED,SOUTH
1824,189,2025-01-16 13:03:26,DELIVERED,SOUTH
1825,203,2024-08-17 20:09:25,SHIPPED,CENTRAL
1826,195,2025-08-13 21:39:55,DELIVERED,WEST
1827,164,2025-08-14 12:42:57,PLACED,NORTH
1828,332,2026-01-31 09:14:35,SHIPPED,SOUTH
1829,507,2026-04-17 04:36:02,DELIVERED,EAST
1830,347,2025-12-03 16:36:29,DELIVERED,CENTRAL
1831,133,2025-09-16 09:08:38,DELIVERED,SOUTH
1832,485,19-09-2024,DELIVERED,SOUTH
1833,335,2026-01-17 14:30:08,CANCELLED,EAST
1834,488,2026-04-04 03:07:46,DELIVERED,EAST
1835,131,2025-04-07 23:23:50,DELIVERED,SOUTH
1836,243,2026-04-24 17:25:08,DELIVERED,WEST
1837,321,2025-09-01 20:59:36,DELIVERED,SOUTH
1838,84,2025-09-16 01:39:57,DELIVERED,EAST
1839,399,2026-03-27 20:24:20,DELIVERED,SOUTH
1840,61,2025-08-03 23:16:58,DELIVERED,EAST
1841,495,2025-10-11 10:09:47,SHIPPED,EAST
1842,322,2025-11-13 17:44:56,SHIPPED,SOUTH
1843,124,2025-03-18 14:44:53,DELIVERED,SOUTH
1844,517,2025-03-08 09:21:58,DELIVERED,NORTH
1845,210,2024-11-20 21:27:56,PLACED,WEST
1846,477,2026-03-26 13:54:08,PLACED,WEST
1847,455,2026-03-13 02:44:54,RETURNED,WEST
1848,465,2025-03-10 04:21:46,PLACED,NORTH
1849,335,2025-10-04 04:44:48,PLACED,WEST
1850,445,2025-12-16 00:25:59,SHIPPED,CENTRAL
1851,36,2025-12-13 21:57:52,DELIVERED,CENTRAL
1852,,02-09-2025,DELIVERED,SOUTH
1853,70,2024-11-17 16:08:17,DELIVERED,SOUTH
1854,369,2025-05-05 08:28:22,DELIVERED,NORTH
1855,559,2024-09-18 06:34:06,DELIVERED,WEST
1856,562,2026-05-02 02:57:37,SHIPPED,SOUTH
1857,268,2025-01-24 14:58:17,DELIVERED,CENTRAL
1858,,2025-12-13 08:34:20,SHIPPED,NORTH
1859,,2026-03-13 03:58:55,SHIPPED,SOUTH
1860,331,2025-05-28 23:59:40,DELIVERED,NORTH
1861,297,18-08-2025,DELIVERED,WEST
1862,42,2025-01-03 10:35:21,SHIPPED,CENTRAL
1863,358,2026-01-28 02:57:05,CANCELLED,CENTRAL
1864,169,2025-06-05 11:59:58,DELIVERED,CENTRAL
1865,570,2025-05-18 17:28:06,SHIPPED,SOUTH
1866,263,2025-04-17 19:15:58,CANCELLED,WEST
1867,293,17-07-2025,DELIVERED,CENTRAL
1868,210,2024-12-22 13:31:08,DELIVERED,NORTH
1869,211,2025-01-03 10:55:44,DELIVERED,EAST
1870,220,2026-06-20 16:23:38,DELIVERED,WEST
1871,236,2025-10-15 06:47:10,CANCELLED,SOUTH
1872,318,2024-08-10 14:24:48,SHIPPED,EAST
1873,398,2026-02-11 05:12:00,RETURNED,CENTRAL
1874,504,2025-08-08 23:07:17,SHIPPED,SOUTH
1875,110,18-06-2026,PLACED,NORTH
1876,281,24-07-2026,DELIVERED,CENTRAL
1877,100,2024-09-11 14:01:03,DELIVERED,WEST
1878,382,2024-09-29 02:35:51,DELIVERED,EAST
1879,123,2025-03-23 14:37:20,DELIVERED,SOUTH
1880,32,2026-06-15 17:48:19,DELIVERED,NORTH
1881,241,2025-07-20 14:22:26,DELIVERED,CENTRAL
1882,24,2026-01-28 22:34:18,PLACED,SOUTH
1883,408,2026-01-09 15:11:42,PLACED,WEST
1884,423,2024-12-14 22:39:47,DELIVERED,NORTH
1885,288,2026-02-03 09:31:39,DELIVERED,EAST
1886,,2025-02-28 05:44:50,SHIPPED,WEST
1887,46,2026-06-10 11:36:34,CANCELLED,CENTRAL
1888,501,2026-04-08 03:16:29,CANCELLED,NORTH
1889,91,2025-11-08 12:26:34,CANCELLED,CENTRAL
1890,381,2026-02-16 01:19:23,PLACED,EAST
1891,595,2025-06-09 01:42:25,RETURNED,EAST
1892,507,2026-01-07 20:09:37,DELIVERED,WEST
1893,260,2026-06-19 05:21:07,RETURNED,WEST
1894,553,2026-06-01 09:06:56,CANCELLED,EAST
1895,149,2025-11-09 02:18:07,DELIVERED,SOUTH
1896,588,2024-11-17 08:51:55,DELIVERED,WEST
1897,430,2026-06-16 01:52:01,DELIVERED,NORTH
1898,590,2024-08-04 03:19:13,DELIVERED,SOUTH
1899,343,2025-08-15 22:58:33,DELIVERED,EAST
1900,405,2025-09-11 07:40:57,DELIVERED,CENTRAL
1901,418,2026-01-17 05:32:19,PLACED,WEST
1902,193,08-02-2026,DELIVERED,CENTRAL
1903,508,2024-11-21 02:58:56,DELIVERED,EAST
1904,416,2025-03-24 05:40:29,DELIVERED,NORTH
1905,196,19-08-2024,SHIPPED,SOUTH
1906,74,2024-09-22 01:22:40,RETURNED,WEST
1907,413,2024-08-09 05:00:36,DELIVERED,WEST
1908,312,2025-06-29 20:15:50,RETURNED,CENTRAL
1909,504,2024-08-25 11:32:19,DELIVERED,EAST
1910,393,2026-03-08 19:24:28,PLACED,CENTRAL
1911,360,2026-01-14 22:29:42,PLACED,NORTH
1912,89,2025-08-04 20:15:06,PLACED,SOUTH
1913,97,2025-07-20 03:57:54,DELIVERED,CENTRAL
1914,36,2025-04-08 18:46:47,DELIVERED,WEST
1915,421,13-10-2024,PLACED,NORTH
1916,456,2024-09-23 16:06:36,DELIVERED,CENTRAL
1917,549,2025-12-21 17:53:39,SHIPPED,NORTH
1918,503,2024-12-14 02:04:44,SHIPPED,SOUTH
1919,,2025-11-10 21:41:43,PLACED,SOUTH
1920,79,2025-01-02 15:55:23,SHIPPED,WEST
1921,181,2026-03-23 23:44:52,DELIVERED,SOUTH
1922,598,2026-05-19 17:58:42,DELIVERED,NORTH
1923,143,2024-11-11 12:38:23,RETURNED,CENTRAL
1924,,2025-08-21 08:49:31,DELIVERED,NORTH
1925,378,2025-12-07 02:07:34,DELIVERED,NORTH
1926,571,2026-01-28 07:07:07,PLACED,EAST
1927,367,2025-08-04 15:39:39,RETURNED,SOUTH
1928,166,2024-10-07 02:11:37,DELIVERED,WEST
1929,560,2025-05-17 23:07:50,DELIVERED,SOUTH
1930,119,09-10-2025,SHIPPED,EAST
1931,401,2024-08-09 16:39:51,DELIVERED,NORTH
1932,273,2025-10-29 19:52:08,DELIVERED,SOUTH
1933,250,2026-05-31 10:28:47,SHIPPED,WEST
1934,220,2024-10-16 22:22:12,DELIVERED,CENTRAL
1935,73,2024-11-22 11:43:56,CANCELLED,SOUTH
1936,70,2025-08-07 00:45:25,RETURNED,CENTRAL
1937,424,2026-05-15 06:27:54,RETURNED,EAST
1938,443,2024-09-03 07:52:47,DELIVERED,NORTH
1939,383,2025-05-31 12:35:48,CANCELLED,SOUTH
1940,131,2025-08-08 08:01:34,DELIVERED,WEST
1941,162,2025-02-04 10:54:53,SHIPPED,NORTH
1942,32,21-06-2025,PLACED,SOUTH
1943,41,2025-05-15 00:22:23,SHIPPED,EAST
1944,549,2025-11-14 03:31:58,DELIVERED,WEST
1945,396,2026-03-12 07:17:21,DELIVERED,CENTRAL
1946,588,2024-11-15 14:50:55,PLACED,WEST
1947,546,2025-09-06 13:32:00,PLACED,EAST
1948,296,2025-11-05 17:02:58,DELIVERED,EAST
1949,580,2024-12-27 13:28:02,DELIVERED,EAST
1950,422,2025-03-05 08:01:44,DELIVERED,SOUTH
1951,143,2026-04-16 02:55:11,SHIPPED,EAST
1952,567,2025-04-07 10:31:47,DELIVERED,CENTRAL
1953,299,2025-12-10 00:16:49,DELIVERED,EAST
1954,509,2025-05-19 06:28:51,DELIVERED,EAST
1955,471,2025-09-22 10:01:21,SHIPPED,NORTH
1956,386,2026-04-24 13:33:12,DELIVERED,NORTH
1957,261,2026-07-22 15:33:07,RETURNED,CENTRAL
1958,284,2025-09-01 23:56:15,SHIPPED,NORTH
1959,502,2025-11-06 08:40:12,DELIVERED,EAST
1960,186,2024-11-04 11:19:53,CANCELLED,NORTH
1961,,2024-09-24 14:06:49,DELIVERED,EAST
1962,99,2026-07-21 01:11:23,DELIVERED,NORTH
1963,581,16-09-2024,DELIVERED,CENTRAL
1964,292,2025-06-30 20:06:07,SHIPPED,CENTRAL
1965,274,2026-07-22 16:24:22,CANCELLED,SOUTH
1966,,2025-10-28 16:47:10,SHIPPED,WEST
1967,18,2024-12-03 13:59:38,DELIVERED,EAST
1968,128,2024-10-14 07:40:21,DELIVERED,SOUTH
1969,170,2026-06-24 17:56:41,SHIPPED,NORTH
1970,,2026-01-04 07:21:32,DELIVERED,CENTRAL
1971,457,2025-01-13 17:50:13,CANCELLED,WEST
1972,454,2024-11-25 19:23:22,DELIVERED,CENTRAL
1973,24,2025-09-25 09:54:13,SHIPPED,WEST
1974,537,2025-04-23 20:43:28,DELIVERED,CENTRAL
1975,453,2025-11-15 02:59:05,PLACED,NORTH
1976,387,2024-12-09 18:51:41,SHIPPED,EAST
1977,281,2025-02-10 05:19:40,CANCELLED,WEST
1978,481,2024-08-19 20:32:13,DELIVERED,NORTH
1979,23,2025-05-30 01:03:35,DELIVERED,NORTH
1980,457,2026-07-08 04:29:36,DELIVERED,EAST
1981,376,2026-07-10 01:25:49,DELIVERED,SOUTH
1982,600,2025-12-14 23:50:17,DELIVERED,SOUTH
1983,391,11-05-2025,SHIPPED,SOUTH
1984,567,2024-09-08 21:16:50,DELIVERED,EAST
1985,301,2024-11-19 00:14:59,SHIPPED,SOUTH
1986,320,2024-12-08 10:11:09,SHIPPED,NORTH
1987,587,2025-12-22 11:02:12,CANCELLED,SOUTH
1988,482,2025-06-25 18:12:46,SHIPPED,SOUTH
1989,79,2024-09-22 08:05:36,SHIPPED,SOUTH
1990,474,2025-10-04 20:50:39,DELIVERED,SOUTH
1991,192,2025-02-07 19:11:00,DELIVERED,SOUTH
1992,526,24-04-2026,DELIVERED,NORTH
1993,172,2024-09-07 13:12:22,CANCELLED,SOUTH
1994,377,2025-10-20 17:36:34,DELIVERED,WEST
1995,113,2026-02-06 03:17:36,DELIVERED,NORTH
1996,387,14-11-2024,DELIVERED,WEST
1997,405,2025-10-02 10:37:44,DELIVERED,CENTRAL
1998,533,2025-05-02 21:50:08,DELIVERED,WEST
1999,537,2026-07-29 16:31:28,DELIVERED,WEST
2000,38,08-01-2025,RETURNED,EAST
2001,423,2025-05-25 03:39:51,DELIVERED,EAST
2002,17,2025-01-15 10:31:26,DELIVERED,SOUTH
2003,144,2025-12-18 03:33:58,DELIVERED,SOUTH
2004,,2025-01-24 08:55:09,SHIPPED,WEST
2005,477,2025-05-16 14:30:47,DELIVERED,WEST
2006,252,2024-11-22 01:00:54,RETURNED,EAST
2007,359,2025-07-28 05:53:42,CANCELLED,WEST
2008,302,2025-05-03 13:28:25,DELIVERED,NORTH
2009,491,2024-09-22 15:03:25,SHIPPED,CENTRAL
2010,104,2024-11-22 08:30:02,DELIVERED,NORTH
2011,,2025-01-17 20:44:52,DELIVERED,WEST
2012,472,2025-04-27 11:09:52,SHIPPED,NORTH
2013,600,2024-11-04 18:26:14,DELIVERED,WEST
2014,38,2025-12-31 13:06:19,DELIVERED,CENTRAL
2015,158,2026-07-26 15:24:12,DELIVERED,WEST
2016,274,2024-11-20 19:27:00,RETURNED,NORTH
2017,283,2025-06-03 08:08:16,PLACED,NORTH
2018,200,2025-06-21 23:05:29,DELIVERED,SOUTH
2019,582,2025-02-15 04:18:04,SHIPPED,NORTH
2020,39,2025-02-23 05:25:19,DELIVERED,SOUTH
2021,170,2026-07-20 07:55:39,PLACED,WEST
2022,351,2025-11-23 01:57:16,DELIVERED,WEST
2023,265,2025-10-23 04:52:10,CANCELLED,EAST
2024,335,2025-09-14 02:34:13,DELIVERED,CENTRAL
2025,286,2026-04-19 04:27:05,CANCELLED,SOUTH
2026,445,2025-08-11 11:09:14,RETURNED,EAST
2027,415,2024-09-09 20:03:03,DELIVERED,EAST
2028,152,2025-10-06 02:12:44,DELIVERED,SOUTH
2029,157,2026-07-21 06:51:13,DELIVERED,EAST
2030,410,2025-06-22 16:09:38,SHIPPED,SOUTH
2031,493,2026-07-23 02:48:50,DELIVERED,NORTH
2032,443,2024-11-28 15:37:28,RETURNED,EAST
2033,122,2025-03-28 05:40:27,CANCELLED,WEST
2034,406,2025-11-01 01:00:14,DELIVERED,SOUTH
2035,169,2025-04-19 01:34:06,DELIVERED,WEST
2036,104,2024-10-03 18:21:33,DELIVERED,SOUTH
2037,505,2026-06-28 09:29:13,RETURNED,SOUTH
2038,3,2025-08-01 23:57:23,PLACED,EAST
2039,366,2025-12-31 08:13:31,PLACED,EAST
2040,40,2025-10-27 17:21:47,PLACED,NORTH
2041,197,2026-04-06 06:08:32,DELIVERED,WEST
2042,299,2025-11-22 00:32:29,PLACED,CENTRAL
2043,67,2025-07-26 02:34:41,SHIPPED,CENTRAL
2044,230,2026-01-18 04:29:16,DELIVERED,EAST
2045,485,2026-04-22 08:32:32,RETURNED,EAST
2046,411,2025-06-21 15:31:04,SHIPPED,EAST
2047,216,2025-02-03 22:37:27,DELIVERED,NORTH
2048,121,2024-11-23 16:57:15,DELIVERED,SOUTH
2049,290,2026-03-22 08:40:34,DELIVERED,SOUTH
2050,446,2025-06-15 08:43:39,DELIVERED,CENTRAL
2051,310,2026-07-30 03:04:38,CANCELLED,NORTH
2052,401,2024-12-27 17:36:22,PLACED,EAST
2053,510,2025-07-27 00:20:23,DELIVERED,EAST
2054,335,2026-03-02 21:02:58,DELIVERED,EAST
2055,581,2026-06-06 07:11:17,PLACED,SOUTH
2056,426,2024-10-12 09:40:42,RETURNED,SOUTH
2057,,2024-11-18 00:08:44,DELIVERED,EAST
2058,185,21-06-2025,PLACED,EAST
2059,382,19-04-2025,DELIVERED,CENTRAL
2060,152,2025-04-16 06:34:59,CANCELLED,CENTRAL
2061,401,2026-06-22 23:05:30,DELIVERED,CENTRAL
2062,41,2025-07-20 08:55:45,DELIVERED,EAST
2063,468,2024-09-04 13:47:41,PLACED,CENTRAL
2064,65,2025-08-04 13:38:54,DELIVERED,WEST
2065,586,2025-01-27 09:07:52,CANCELLED,SOUTH
2066,308,2026-06-24 11:00:37,PLACED,SOUTH
2067,594,2025-02-14 09:32:55,PLACED,SOUTH
2068,,2026-05-01 02:00:10,DELIVERED,WEST
2069,,2024-09-29 02:42:47,SHIPPED,CENTRAL
2070,17,2025-08-25 17:19:55,DELIVERED,EAST
2071,53,2025-08-21 17:57:30,SHIPPED,CENTRAL
2072,119,2026-05-27 06:42:54,RETURNED,CENTRAL
2073,182,2025-09-28 08:42:55,PLACED,WEST
2074,252,08-08-2025,PLACED,EAST
2075,300,2026-01-04 19:27:44,SHIPPED,WEST
2076,168,2025-05-08 17:32:11,RETURNED,EAST
2077,562,10-12-2025,RETURNED,NORTH
2078,4,03-02-2025,DELIVERED,EAST
2079,117,2026-03-18 02:46:29,PLACED,CENTRAL
2080,126,2025-08-09 18:59:55,SHIPPED,NORTH
2081,95,2025-05-02 08:52:26,CANCELLED,CENTRAL
2082,19,2026-07-09 12:46:41,CANCELLED,NORTH
2083,167,2024-11-22 06:09:00,DELIVERED,CENTRAL
2084,360,2024-08-24 03:18:33,DELIVERED,WEST
2085,525,2026-03-26 15:07:08,SHIPPED,SOUTH
2086,496,2026-03-24 18:24:08,DELIVERED,SOUTH
2087,507,2025-10-07 23:45:57,DELIVERED,EAST
2088,43,2024-08-29 06:09:45,PLACED,EAST
2089,,2025-12-30 04:40:24,DELIVERED,WEST
2090,8,2025-04-02 19:11:52,PLACED,NORTH
2091,575,2026-03-19 01:36:28,PLACED,WEST
2092,565,2026-02-15 19:49:31,PLACED,NORTH
2093,325,2025-02-08 02:28:22,CANCELLED,EAST
2094,,22-10-2024,DELIVERED,SOUTH
2095,389,2024-11-27 20:48:43,CANCELLED,NORTH
2096,373,2024-09-28 08:10:58,DELIVERED,WEST
2097,,2025-03-10 11:40:42,DELIVERED,SOUTH
2098,103,2025-05-09 14:05:21,RETURNED,EAST
2099,127,2024-12-20 20:15:50,DELIVERED,NORTH
2100,284,2025-03-30 22:34:00,DELIVERED,CENTRAL
2101,82,2026-04-23 08:53:37,RETURNED,CENTRAL
2102,566,2025-12-25 00:08:22,CANCELLED,NORTH
2103,431,2024-10-12 05:02:21,SHIPPED,NORTH
2104,97,31-10-2025,CANCELLED,NORTH
2105,370,2025-06-12 08:10:39,SHIPPED,CENTRAL
2106,254,2024-10-03 16:45:22,SHIPPED,CENTRAL
2107,107,2025-12-03 23:41:20,DELIVERED,SOUTH
2108,522,2025-02-02 07:34:31,PLACED,CENTRAL
2109,591,2026-04-10 05:33:17,CANCELLED,WEST
2110,61,2025-06-30 18:37:10,DELIVERED,SOUTH
2111,300,2025-04-25 09:37:05,RETURNED,WEST
2112,295,2025-02-26 05:14:19,CANCELLED,NORTH
2113,262,2025-12-17 13:53:20,PLACED,NORTH
2114,196,2026-03-04 01:05:35,PLACED,SOUTH
2115,595,2024-11-02 04:32:15,SHIPPED,NORTH
2116,256,02-03-2026,PLACED,WEST
2117,224,2025-03-03 19:14:53,DELIVERED,SOUTH
2118,15,2025-06-18 01:30:40,SHIPPED,SOUTH
2119,127,2026-06-06 19:37:37,RETURNED,WEST
2120,282,2025-07-11 09:47:40,CANCELLED,SOUTH
2121,362,2024-12-25 00:35:12,CANCELLED,SOUTH
2122,281,06-07-2025,PLACED,WEST
2123,62,2026-03-05 05:46:34,SHIPPED,WEST
2124,295,2024-11-18 06:47:53,SHIPPED,NORTH
2125,543,2024-09-20 17:11:15,DELIVERED,SOUTH
2126,283,2026-05-15 00:49:01,DELIVERED,SOUTH
2127,449,2026-07-04 18:48:59,DELIVERED,WEST
2128,565,2025-08-31 21:27:14,PLACED,EAST
2129,535,2025-02-14 22:01:28,SHIPPED,CENTRAL
2130,414,16-08-2024,RETURNED,NORTH
2131,290,2025-02-12 19:27:41,DELIVERED,CENTRAL
2132,589,2026-04-13 14:20:23,RETURNED,WEST
2133,4,2024-11-24 19:21:23,DELIVERED,CENTRAL
2134,350,2024-08-02 03:13:33,SHIPPED,EAST
2135,436,2025-02-12 02:06:19,SHIPPED,SOUTH
2136,579,2025-10-13 02:07:56,DELIVERED,CENTRAL
2137,251,10-04-2025,DELIVERED,WEST
2138,546,2025-04-16 23:34:13,DELIVERED,CENTRAL
2139,,2024-09-29 05:44:37,CANCELLED,SOUTH
2140,45,2025-01-07 04:43:09,DELIVERED,NORTH
2141,562,2025-07-09 18:04:38,SHIPPED,SOUTH
2142,100,2024-08-29 10:34:09,RETURNED,WEST
2143,288,2025-12-13 10:44:49,DELIVERED,SOUTH
2144,243,2025-11-19 04:17:40,CANCELLED,CENTRAL
2145,247,2024-09-04 07:23:55,SHIPPED,SOUTH
2146,7,2026-07-21 10:08:43,CANCELLED,SOUTH
2147,339,2024-10-17 17:52:44,DELIVERED,CENTRAL
2148,438,2026-01-23 21:26:49,DELIVERED,WEST
2149,169,2024-08-21 21:26:26,RETURNED,CENTRAL
2150,,2025-03-02 19:10:47,CANCELLED,SOUTH
2151,184,2024-12-31 03:01:17,SHIPPED,EAST
2152,461,2025-01-23 05:57:29,PLACED,SOUTH
2153,307,2026-05-11 08:48:02,SHIPPED,NORTH
2154,163,2025-08-03 22:58:05,SHIPPED,NORTH
2155,431,2024-10-24 07:02:30,SHIPPED,NORTH
2156,112,2025-07-04 13:52:31,CANCELLED,EAST
2157,569,2026-06-18 11:45:35,RETURNED,CENTRAL
2158,600,2025-04-14 08:33:52,SHIPPED,CENTRAL
2159,581,2025-01-15 10:50:37,DELIVERED,CENTRAL
2160,456,2025-03-05 20:12:23,DELIVERED,NORTH
2161,303,2025-05-19 16:18:51,DELIVERED,NORTH
2162,119,2026-04-11 17:44:01,RETURNED,SOUTH
2163,547,2026-05-28 18:54:54,DELIVERED,CENTRAL
2164,139,2024-09-11 00:51:15,DELIVERED,SOUTH
2165,247,07-07-2026,CANCELLED,CENTRAL
2166,248,2025-09-23 15:44:31,DELIVERED,CENTRAL
2167,268,2025-04-15 22:20:33,CANCELLED,NORTH
2168,211,2024-11-17 12:25:42,SHIPPED,NORTH
2169,453,2024-09-25 11:38:57,DELIVERED,NORTH
2170,330,2025-07-24 23:47:02,SHIPPED,EAST
2171,,18-03-2026,PLACED,NORTH
2172,32,2024-10-04 23:02:49,DELIVERED,CENTRAL
2173,195,2025-08-09 10:23:11,PLACED,CENTRAL
2174,59,2026-04-04 15:25:34,RETURNED,NORTH
2175,362,2025-03-31 23:50:07,PLACED,CENTRAL
2176,300,2025-02-19 13:44:24,DELIVERED,SOUTH
2177,591,2025-09-24 10:34:42,DELIVERED,NORTH
2178,296,2025-08-25 11:03:39,PLACED,WEST
2179,520,2025-07-04 15:12:26,PLACED,NORTH
2180,,2025-02-19 22:42:39,DELIVERED,EAST
2181,529,2025-03-02 15:51:00,DELIVERED,CENTRAL
2182,423,2024-11-24 22:39:05,DELIVERED,EAST
2183,51,2025-05-12 10:39:40,SHIPPED,CENTRAL
2184,43,2025-10-04 04:09:14,DELIVERED,NORTH
2185,247,2025-06-15 14:22:26,DELIVERED,WEST
2186,18,2026-03-23 21:57:16,DELIVERED,CENTRAL
2187,67,2024-09-17 03:44:57,PLACED,NORTH
2188,259,2026-05-11 11:37:50,CANCELLED,CENTRAL
2189,268,2025-11-29 21:37:36,RETURNED,SOUTH
2190,486,2025-08-23 03:43:46,SHIPPED,SOUTH
2191,193,2025-09-15 08:37:22,DELIVERED,SOUTH
2192,68,2024-11-18 21:46:08,DELIVERED,EAST
2193,535,2025-10-18 20:02:55,DELIVERED,EAST
2194,163,2024-08-17 02:03:02,DELIVERED,SOUTH
2195,542,2025-07-01 16:21:14,DELIVERED,EAST
2196,42,2026-05-01 11:52:43,RETURNED,WEST
2197,383,2026-03-12 11:46:08,CANCELLED,SOUTH
2198,235,2026-02-12 02:43:40,DELIVERED,SOUTH
2199,24,2026-01-02 08:48:26,DELIVERED,WEST
2200,298,2025-09-03 10:38:34,CANCELLED,CENTRAL
2201,24,2026-03-23 15:48:39,PLACED,SOUTH
2202,513,2025-09-07 22:08:35,RETURNED,EAST
2203,138,2025-07-28 16:57:16,DELIVERED,EAST
2204,,2026-01-16 11:23:30,RETURNED,EAST
2205,222,2025-01-10 06:52:16,CANCELLED,SOUTH
2206,264,2025-10-31 00:44:20,DELIVERED,WEST
2207,145,2026-04-18 23:57:34,PLACED,CENTRAL
2208,478,2026-02-12 05:06:23,PLACED,NORTH
2209,204,2025-02-04 06:21:40,DELIVERED,SOUTH
2210,138,2025-06-11 13:38:41,RETURNED,NORTH
2211,36,13-02-2026,PLACED,CENTRAL
2212,509,2026-03-13 01:34:11,RETURNED,NORTH
2213,513,2026-05-29 17:20:03,DELIVERED,CENTRAL
2214,11,2026-07-09 23:47:41,CANCELLED,NORTH
2215,343,2026-03-28 18:46:17,DELIVERED,CENTRAL
2216,14,2025-02-06 19:40:55,DELIVERED,WEST
2217,291,2026-05-02 06:35:41,PLACED,WEST
2218,219,2025-06-01 06:57:43,DELIVERED,SOUTH
2219,79,2025-03-30 17:42:27,CANCELLED,CENTRAL
2220,589,2025-03-11 19:00:49,SHIPPED,SOUTH
2221,489,2025-04-24 09:03:24,DELIVERED,WEST
2222,162,2025-01-15 10:48:24,DELIVERED,NORTH
2223,282,2025-04-18 08:25:05,PLACED,EAST
2224,302,2024-11-10 00:21:12,DELIVERED,NORTH
2225,22,2026-03-28 07:18:53,SHIPPED,WEST
2226,48,2025-09-08 09:11:07,PLACED,SOUTH
2227,19,31-07-2026,SHIPPED,NORTH
2228,209,2025-05-08 15:31:55,CANCELLED,NORTH
2229,28,2025-05-28 00:51:28,DELIVERED,EAST
2230,218,2024-10-17 15:07:25,DELIVERED,EAST
2231,365,2024-09-10 10:19:15,DELIVERED,SOUTH
2232,112,2025-08-13 00:15:11,DELIVERED,CENTRAL
2233,147,2025-11-26 11:36:34,DELIVERED,EAST
2234,42,2024-10-29 23:12:03,CANCELLED,NORTH
2235,459,2026-03-30 00:47:19,SHIPPED,WEST
2236,564,2026-02-24 04:18:09,PLACED,NORTH
2237,384,2025-11-21 07:16:10,PLACED,EAST
2238,19,2025-11-14 10:43:54,DELIVERED,CENTRAL
2239,67,2026-04-16 22:20:46,DELIVERED,NORTH
2240,464,2025-02-15 06:05:35,SHIPPED,CENTRAL
2241,431,2026-03-19 10:59:27,CANCELLED,EAST
2242,468,2024-10-09 15:17:03,SHIPPED,CENTRAL
2243,594,2025-05-26 08:07:16,DELIVERED,SOUTH
2244,106,17-03-2025,DELIVERED,EAST
2245,200,2024-12-15 00:32:29,PLACED,SOUTH
2246,145,2026-03-26 22:41:55,DELIVERED,CENTRAL
2247,57,2025-06-13 18:17:56,PLACED,CENTRAL
2248,408,2025-12-11 06:55:43,DELIVERED,NORTH
2249,179,2026-03-05 23:31:38,DELIVERED,SOUTH
2250,226,2025-04-11 00:56:37,DELIVERED,EAST
2251,533,2024-11-16 14:15:25,DELIVERED,NORTH
2252,292,06-05-2026,DELIVERED,WEST
2253,121,2024-11-19 15:34:38,DELIVERED,WEST
2254,563,2026-04-17 22:33:22,PLACED,CENTRAL
2255,558,2026-01-08 11:53:03,DELIVERED,NORTH
2256,392,2025-10-19 23:52:39,DELIVERED,NORTH
2257,222,2024-08-12 14:22:23,CANCELLED,NORTH
2258,150,2026-03-19 08:25:40,DELIVERED,CENTRAL
2259,124,2025-02-12 16:19:32,DELIVERED,WEST
2260,247,2025-10-31 09:52:00,DELIVERED,CENTRAL
2261,42,26-05-2026,RETURNED,WEST
2262,2,2024-08-06 01:25:02,DELIVERED,CENTRAL
2263,399,2024-09-18 15:02:27,PLACED,WEST
2264,77,2024-10-03 01:56:26,CANCELLED,EAST
2265,27,2024-09-07 05:13:18,DELIVERED,NORTH
2266,286,2024-10-02 05:15:17,DELIVERED,EAST
2267,418,2026-03-24 21:57:42,DELIVERED,SOUTH
2268,454,2025-12-12 17:06:44,PLACED,EAST
2269,287,26-02-2025,DELIVERED,WEST
2270,401,05-12-2024,RETURNED,SOUTH
2271,422,2026-01-04 11:40:50,PLACED,NORTH
2272,95,2026-03-03 07:53:39,DELIVERED,WEST
2273,49,2024-12-04 00:43:55,RETURNED,NORTH
2274,270,2024-08-18 15:48:44,DELIVERED,CENTRAL
2275,200,2025-01-02 03:10:32,SHIPPED,SOUTH
2276,322,2025-05-05 23:20:48,SHIPPED,EAST
2277,411,2024-10-24 10:33:45,RETURNED,WEST
2278,,2026-05-22 20:40:32,RETURNED,NORTH
2279,168,2024-08-01 08:39:28,SHIPPED,WEST
2280,526,2026-01-03 02:51:41,DELIVERED,CENTRAL
2281,354,2025-05-20 00:47:45,SHIPPED,NORTH
2282,559,2025-03-19 11:24:49,DELIVERED,SOUTH
2283,331,2024-09-07 02:47:19,DELIVERED,CENTRAL
2284,,2026-04-27 22:35:00,SHIPPED,NORTH
2285,210,2026-01-12 18:18:36,PLACED,WEST
2286,146,2026-07-04 23:13:13,DELIVERED,CENTRAL
2287,192,28-09-2024,SHIPPED,NORTH
2288,550,2026-05-05 14:24:52,DELIVERED,EAST
2289,430,2024-12-12 07:13:17,DELIVERED,WEST
2290,449,2025-01-29 15:33:01,CANCELLED,SOUTH
2291,553,2025-02-05 18:23:46,CANCELLED,SOUTH
2292,327,14-06-2025,SHIPPED,WEST
2293,24,2025-08-18 18:56:38,DELIVERED,WEST
2294,122,2025-07-19 07:13:37,PLACED,WEST
2295,415,2025-09-07 13:23:25,PLACED,NORTH
2296,3,2025-05-20 03:19:33,PLACED,SOUTH
2297,358,2025-04-12 16:19:25,PLACED,WEST
2298,375,2024-08-12 12:29:28,DELIVERED,WEST
2299,272,2025-06-11 12:31:46,DELIVERED,CENTRAL
2300,179,2024-09-26 12:13:09,PLACED,CENTRAL
2301,468,2026-03-10 09:31:50,PLACED,CENTRAL
2302,275,2025-01-30 16:48:12,DELIVERED,EAST
2303,17,2024-12-01 23:36:53,RETURNED,EAST
2304,236,2025-12-28 10:25:11,DELIVERED,CENTRAL
2305,257,2025-08-30 01:53:55,DELIVERED,EAST
2306,346,2026-05-20 05:06:34,DELIVERED,NORTH
2307,291,2025-04-27 08:26:09,DELIVERED,WEST
2308,37,2026-01-23 00:57:55,PLACED,SOUTH
2309,558,2025-06-08 23:21:38,DELIVERED,CENTRAL
2310,192,2024-08-21 08:44:12,DELIVERED,WEST
2311,66,2026-02-10 18:45:02,RETURNED,WEST
2312,505,2025-05-26 15:07:20,CANCELLED,CENTRAL
2313,518,2025-08-22 04:57:57,SHIPPED,SOUTH
2314,591,2024-12-31 08:34:04,DELIVERED,CENTRAL
2315,537,2024-08-01 12:12:11,SHIPPED,SOUTH
2316,276,17-06-2026,CANCELLED,EAST
2317,400,2025-05-23 21:13:16,DELIVERED,WEST
2318,32,2026-01-05 17:50:20,SHIPPED,CENTRAL
2319,351,2026-05-25 03:24:31,SHIPPED,CENTRAL
2320,404,2024-12-31 07:42:14,CANCELLED,CENTRAL
2321,253,2025-12-06 09:39:58,DELIVERED,CENTRAL
2322,401,2026-05-07 22:04:11,CANCELLED,SOUTH
2323,587,2026-07-27 21:01:10,DELIVERED,EAST
2324,336,2024-12-23 22:30:34,DELIVERED,WEST
2325,352,2025-05-30 04:54:44,DELIVERED,WEST
2326,227,2026-06-06 10:55:28,DELIVERED,CENTRAL
2327,379,2024-10-19 09:31:56,RETURNED,CENTRAL
2328,401,2025-05-14 18:58:21,RETURNED,WEST
2329,396,2026-05-23 07:25:38,PLACED,EAST
2330,295,2026-05-03 16:32:31,PLACED,EAST
2331,123,2026-06-13 18:26:49,DELIVERED,CENTRAL
2332,116,2026-07-11 19:57:55,DELIVERED,NORTH
2333,342,2025-10-27 00:50:12,DELIVERED,NORTH
2334,216,2025-06-03 10:35:10,DELIVERED,WEST
2335,336,2025-01-05 03:05:34,DELIVERED,EAST
2336,220,2026-04-28 00:01:41,DELIVERED,CENTRAL
2337,437,2025-07-14 10:46:37,PLACED,CENTRAL
2338,154,2026-01-24 11:22:08,CANCELLED,EAST
2339,90,2024-08-28 08:01:47,SHIPPED,WEST
2340,125,2026-01-23 15:51:02,DELIVERED,NORTH
2341,135,2026-03-12 13:45:35,SHIPPED,SOUTH
2342,527,2025-09-14 03:56:54,DELIVERED,WEST
2343,141,2026-07-28 08:54:23,CANCELLED,WEST
2344,333,2026-06-03 02:46:08,DELIVERED,WEST
2345,287,2025-03-20 23:14:33,PLACED,EAST
2346,287,2025-09-25 11:29:07,DELIVERED,WEST
2347,325,2026-04-04 18:04:23,DELIVERED,SOUTH
2348,312,2025-11-21 04:55:13,RETURNED,WEST
2349,27,2024-11-14 17:33:32,PLACED,NORTH
2350,,2026-04-15 15:18:27,DELIVERED,CENTRAL
2351,238,2024-09-26 12:07:26,PLACED,NORTH
2352,325,2024-09-23 18:46:30,DELIVERED,WEST
2353,,2025-01-06 12:32:13,DELIVERED,SOUTH
2354,291,2025-03-24 13:13:17,DELIVERED,CENTRAL
2355,503,2024-11-20 21:42:13,CANCELLED,SOUTH
2356,452,2026-02-10 17:51:24,DELIVERED,SOUTH
2357,133,2025-05-12 12:13:01,RETURNED,SOUTH
2358,295,2025-01-10 10:51:13,PLACED,SOUTH
2359,178,2026-02-01 13:58:56,CANCELLED,SOUTH
2360,65,2024-11-07 02:19:02,PLACED,NORTH
2361,95,2024-09-15 19:33:02,PLACED,NORTH
2362,426,2025-02-20 19:18:39,SHIPPED,CENTRAL
2363,25,2025-09-18 14:45:50,DELIVERED,CENTRAL
2364,467,2024-12-16 10:25:20,CANCELLED,WEST
2365,267,2026-03-04 01:51:24,DELIVERED,EAST
2366,389,2024-11-29 04:50:27,RETURNED,EAST
2367,93,2025-09-01 20:23:28,CANCELLED,WEST
2368,568,2025-02-04 06:13:25,DELIVERED,CENTRAL
2369,451,2024-11-02 22:17:39,SHIPPED,WEST
2370,204,2025-07-11 00:13:22,DELIVERED,CENTRAL
2371,191,2026-05-13 18:51:40,DELIVERED,SOUTH
2372,581,2026-07-08 12:56:49,DELIVERED,SOUTH
2373,438,2026-04-13 21:57:04,CANCELLED,NORTH
2374,242,2025-10-04 15:12:35,SHIPPED,SOUTH
2375,373,2026-01-28 14:59:40,DELIVERED,CENTRAL
2376,570,2026-07-31 21:12:19,DELIVERED,WEST
2377,475,2026-02-24 12:49:05,DELIVERED,SOUTH
2378,297,2025-02-08 22:56:09,DELIVERED,EAST
2379,592,2026-04-22 17:43:34,DELIVERED,NORTH
2380,458,2025-11-12 20:03:28,CANCELLED,WEST
2381,,2025-10-18 13:01:01,PLACED,NORTH
2382,480,2026-03-14 02:41:06,DELIVERED,NORTH
2383,335,2024-11-16 09:38:22,DELIVERED,CENTRAL
2384,153,2024-08-22 19:25:07,DELIVERED,NORTH
2385,374,2025-06-05 11:04:16,DELIVERED,NORTH
2386,178,2024-08-30 05:58:45,SHIPPED,CENTRAL
2387,477,2025-09-07 19:51:07,CANCELLED,WEST
2388,216,2026-01-21 12:24:51,DELIVERED,EAST
2389,366,2024-12-22 10:14:28,DELIVERED,NORTH
2390,42,04-01-2025,RETURNED,SOUTH
2391,84,2026-04-25 18:36:01,DELIVERED,EAST
2392,69,2025-04-27 10:27:03,SHIPPED,SOUTH
2393,585,2026-06-29 21:59:40,PLACED,SOUTH
2394,172,2026-03-29 05:43:23,RETURNED,EAST
2395,95,2025-03-24 04:25:37,SHIPPED,CENTRAL
2396,202,10-07-2026,DELIVERED,WEST
2397,512,2024-10-12 04:19:34,PLACED,WEST
2398,,2024-11-26 05:34:16,PLACED,SOUTH
2399,472,2025-06-15 13:01:57,DELIVERED,NORTH
2400,92,2024-10-30 01:09:52,DELIVERED,SOUTH
2401,43,2024-11-02 22:47:52,PLACED,SOUTH
2402,542,2026-03-14 06:31:54,SHIPPED,CENTRAL
2403,220,2024-08-29 18:09:33,SHIPPED,WEST
2404,550,2024-08-11 09:57:47,DELIVERED,EAST
2405,107,2024-11-25 05:20:18,SHIPPED,NORTH
2406,24,2026-04-06 11:37:43,DELIVERED,CENTRAL
2407,346,30-05-2026,DELIVERED,SOUTH
2408,294,2025-05-19 17:15:41,CANCELLED,CENTRAL
2409,376,2025-04-29 20:00:46,CANCELLED,NORTH
2410,2,2026-04-18 13:02:19,DELIVERED,CENTRAL
2411,132,2026-03-29 05:41:34,DELIVERED,NORTH
2412,235,2025-07-19 10:13:15,SHIPPED,WEST
2413,563,2025-04-11 16:59:28,DELIVERED,SOUTH
2414,28,2025-02-18 10:46:11,CANCELLED,SOUTH
2415,,2025-08-10 06:22:50,DELIVERED,EAST
2416,491,2025-01-27 06:33:01,SHIPPED,SOUTH
2417,63,2025-07-11 04:15:15,RETURNED,WEST
2418,23,2025-06-17 06:35:45,PLACED,EAST
2419,110,2025-04-23 22:37:05,RETURNED,SOUTH
2420,8,2025-01-20 07:20:22,CANCELLED,NORTH
2421,128,2024-08-14 02:17:44,RETURNED,WEST
2422,578,2026-07-12 02:02:43,DELIVERED,WEST
2423,316,27-11-2025,DELIVERED,EAST
2424,436,2026-05-18 04:04:43,SHIPPED,WEST
2425,141,2026-05-12 22:31:37,DELIVERED,NORTH
2426,569,2024-09-16 03:16:04,DELIVERED,CENTRAL
2427,213,2024-08-21 16:42:23,DELIVERED,WEST
2428,103,2025-07-16 00:02:22,DELIVERED,NORTH
2429,434,06-09-2025,PLACED,NORTH
2430,376,2025-07-14 18:52:26,DELIVERED,NORTH
2431,63,2025-07-26 23:26:01,DELIVERED,WEST
2432,253,2024-09-11 20:27:12,SHIPPED,NORTH
2433,295,2025-05-08 11:47:08,RETURNED,WEST
2434,411,2024-12-14 21:52:31,SHIPPED,NORTH
2435,187,2025-04-29 00:35:35,DELIVERED,EAST
2436,440,2025-11-07 01:13:59,PLACED,NORTH
2437,342,2025-01-02 12:58:21,CANCELLED,SOUTH
2438,161,2026-05-01 22:06:14,RETURNED,EAST
2439,404,2025-07-06 06:42:25,PLACED,CENTRAL
2440,247,2026-05-08 05:14:26,CANCELLED,NORTH
2441,,2025-02-23 14:40:51,DELIVERED,EAST
2442,26,10-03-2026,PLACED,WEST
2443,479,2024-11-05 13:33:23,PLACED,EAST
2444,557,2026-03-20 17:38:27,PLACED,CENTRAL
2445,277,20-10-2025,SHIPPED,NORTH
2446,177,2024-09-02 20:28:18,DELIVERED,NORTH
2447,305,2025-12-16 05:12:01,CANCELLED,WEST
2448,542,2025-08-18 18:54:47,DELIVERED,SOUTH
2449,450,2026-01-15 04:13:41,DELIVERED,CENTRAL
2450,300,2024-10-19 06:27:03,DELIVERED,NORTH
2451,497,2025-03-11 15:38:13,DELIVERED,CENTRAL
2452,239,2026-05-08 09:24:19,DELIVERED,SOUTH
2453,528,2026-01-03 04:42:00,SHIPPED,CENTRAL
2454,457,19-04-2026,DELIVERED,EAST
2455,442,2026-05-21 18:07:52,DELIVERED,NORTH
2456,53,2025-09-05 10:56:40,RETURNED,SOUTH
2457,421,2024-09-12 15:49:44,DELIVERED,NORTH
2458,266,2024-10-13 20:22:59,RETURNED,CENTRAL
2459,86,2025-01-30 16:38:45,DELIVERED,CENTRAL
2460,517,2026-06-19 08:40:54,DELIVERED,SOUTH
2461,86,2025-07-12 05:16:31,DELIVERED,CENTRAL
2462,297,2026-07-22 15:30:30,PLACED,NORTH
2463,409,2026-06-26 12:25:02,DELIVERED,SOUTH
2464,463,2026-06-15 15:41:40,DELIVERED,SOUTH
2465,451,2025-08-29 16:19:52,RETURNED,CENTRAL
2466,27,2025-02-18 13:26:35,DELIVERED,EAST
2467,96,2026-05-06 18:09:00,CANCELLED,WEST
2468,307,2025-11-06 16:17:14,DELIVERED,NORTH
2469,524,2026-06-24 01:15:23,CANCELLED,EAST
2470,434,2025-10-09 17:21:26,SHIPPED,WEST
2471,489,2025-12-30 04:43:58,SHIPPED,CENTRAL
2472,121,2025-02-17 21:36:44,PLACED,CENTRAL
2473,364,28-06-2025,CANCELLED,SOUTH
2474,291,2026-01-06 15:51:29,DELIVERED,CENTRAL
2475,387,2025-05-02 23:49:55,RETURNED,CENTRAL
2476,408,2024-12-20 03:36:15,PLACED,CENTRAL
2477,290,2026-05-11 15:08:33,DELIVERED,SOUTH
2478,440,2024-08-20 21:36:38,DELIVERED,SOUTH
2479,12,2024-11-27 19:10:50,PLACED,SOUTH
2480,365,2025-10-25 11:56:06,CANCELLED,WEST
2481,560,06-11-2024,RETURNED,SOUTH
2482,410,2025-09-18 18:18:42,SHIPPED,NORTH
2483,141,2025-02-17 19:22:40,SHIPPED,CENTRAL
2484,590,2024-09-22 22:24:19,DELIVERED,NORTH
2485,76,2025-01-14 13:40:16,PLACED,SOUTH
2486,168,2026-04-30 11:51:36,DELIVERED,NORTH
2487,487,2026-02-11 00:26:59,PLACED,SOUTH
2488,45,2026-07-15 07:17:48,DELIVERED,NORTH
2489,23,2026-07-08 19:48:41,RETURNED,EAST
2490,508,2024-11-21 08:22:12,DELIVERED,WEST
2491,33,2026-06-10 02:40:50,SHIPPED,NORTH
2492,427,2025-06-09 07:01:48,DELIVERED,WEST
2493,67,2026-03-23 22:34:37,DELIVERED,CENTRAL
2494,560,03-12-2025,DELIVERED,NORTH
2495,473,2026-05-10 06:21:31,PLACED,NORTH
2496,424,2025-09-06 13:02:56,PLACED,SOUTH
2497,190,2026-07-15 21:34:39,DELIVERED,EAST
2498,552,2025-11-23 13:17:39,SHIPPED,CENTRAL
2499,563,2025-07-09 00:39:22,DELIVERED,CENTRAL
2500,93,2025-04-12 05:48:37,SHIPPED,EAST
2501,51,2024-10-25 22:35:26,PLACED,CENTRAL
2502,60,2026-05-19 04:33:28,DELIVERED,EAST
2503,391,2026-06-22 15:01:42,DELIVERED,NORTH
2504,433,2026-01-13 07:40:54,SHIPPED,CENTRAL
2505,569,2026-04-20 04:57:49,DELIVERED,SOUTH
2506,129,2024-10-17 16:17:24,SHIPPED,EAST
2507,389,13-08-2025,PLACED,CENTRAL
2508,140,2025-03-21 00:25:15,DELIVERED,SOUTH
2509,,2026-07-16 23:31:16,DELIVERED,EAST
2510,571,2025-11-20 10:25:37,DELIVERED,NORTH
2511,447,2025-02-20 14:28:20,CANCELLED,EAST
2512,373,2025-08-16 14:48:29,DELIVERED,NORTH
2513,316,2026-03-20 12:39:29,SHIPPED,CENTRAL
2514,30,2025-06-27 05:23:51,CANCELLED,EAST
2515,415,2026-06-12 07:41:30,PLACED,SOUTH
2516,345,2026-01-27 04:06:04,PLACED,EAST
2517,356,2025-01-25 19:02:40,PLACED,WEST
2518,192,2024-10-31 23:24:08,SHIPPED,WEST
2519,490,2026-01-22 00:09:31,DELIVERED,SOUTH
2520,69,31-05-2025,PLACED,EAST
2521,103,2024-10-11 16:35:58,RETURNED,CENTRAL
2522,258,2025-09-19 07:27:45,DELIVERED,NORTH
2523,,2026-07-04 11:55:56,PLACED,WEST
2524,406,2025-08-09 18:13:29,RETURNED,SOUTH
2525,82,2024-12-13 06:53:14,CANCELLED,EAST
2526,14,2026-07-25 02:49:30,DELIVERED,WEST
2527,169,2025-12-10 00:15:21,PLACED,NORTH
2528,55,2025-01-06 08:48:09,SHIPPED,WEST
2529,441,2025-04-26 12:40:24,DELIVERED,CENTRAL
2530,,2025-10-05 09:18:53,CANCELLED,SOUTH
2531,272,2025-09-04 06:42:01,PLACED,CENTRAL
2532,239,2025-08-27 01:13:29,SHIPPED,EAST
2533,,2026-01-07 22:12:34,SHIPPED,EAST
2534,479,2025-04-20 22:49:41,CANCELLED,NORTH
2535,199,2024-11-28 17:49:19,RETURNED,EAST
2536,504,2026-01-12 20:36:34,DELIVERED,NORTH
2537,408,2026-03-17 12:55:26,DELIVERED,SOUTH
2538,32,2024-12-27 20:12:27,DELIVERED,WEST
2539,75,2026-06-29 07:04:21,DELIVERED,CENTRAL
2540,69,2025-11-15 06:27:47,RETURNED,NORTH
2541,200,2024-08-26 18:53:43,RETURNED,SOUTH
2542,559,2025-08-26 17:22:11,SHIPPED,SOUTH
2543,236,2026-06-16 08:49:50,PLACED,NORTH
2544,406,2025-07-09 04:17:25,SHIPPED,NORTH
2545,354,2024-12-12 18:58:20,SHIPPED,EAST
2546,438,2024-09-11 13:04:25,SHIPPED,CENTRAL
2547,68,2025-08-05 00:43:08,SHIPPED,CENTRAL
2548,329,2025-02-04 03:08:26,PLACED,CENTRAL
2549,515,2025-09-03 01:32:58,CANCELLED,WEST
2550,582,2025-10-24 22:33:24,DELIVERED,CENTRAL
2551,63,2025-03-26 17:39:08,DELIVERED,CENTRAL
2552,491,2024-10-21 06:53:39,DELIVERED,SOUTH
2553,239,2024-08-29 07:05:21,CANCELLED,CENTRAL
2554,391,2026-02-03 20:10:09,SHIPPED,SOUTH
2555,232,2025-11-04 03:00:14,DELIVERED,SOUTH
2556,106,2024-11-26 05:52:20,RETURNED,CENTRAL
2557,402,2026-07-16 13:07:20,RETURNED,CENTRAL
2558,177,2025-09-06 15:05:25,RETURNED,CENTRAL
2559,218,2024-12-09 07:42:23,PLACED,NORTH
2560,,2025-01-26 15:52:23,PLACED,NORTH
2561,396,2025-07-25 07:25:31,PLACED,NORTH
2562,572,2026-07-16 05:39:40,DELIVERED,WEST
2563,561,2024-10-04 22:37:46,SHIPPED,WEST
2564,296,2024-09-17 22:23:30,SHIPPED,CENTRAL
2565,327,2025-12-18 18:33:36,RETURNED,CENTRAL
2566,49,2026-04-03 15:14:54,DELIVERED,CENTRAL
2567,200,2025-04-02 13:27:00,CANCELLED,CENTRAL
2568,101,28-08-2024,DELIVERED,NORTH
2569,414,2026-07-13 11:27:52,DELIVERED,EAST
2570,389,2025-07-06 20:14:28,DELIVERED,NORTH
2571,400,2025-06-24 20:10:30,PLACED,WEST
2572,307,2026-06-05 19:26:30,PLACED,SOUTH
2573,2,2026-04-20 09:47:27,DELIVERED,WEST
2574,276,2026-03-23 23:03:46,PLACED,CENTRAL
2575,,2026-03-24 09:52:06,SHIPPED,WEST
2576,302,2025-10-05 06:34:59,DELIVERED,CENTRAL
2577,415,2024-12-02 17:40:18,DELIVERED,NORTH
2578,553,2025-07-03 16:04:32,DELIVERED,CENTRAL
2579,542,2026-01-12 19:47:28,DELIVERED,CENTRAL
2580,32,2025-05-16 03:51:43,DELIVERED,EAST
2581,80,2025-10-17 05:26:51,DELIVERED,CENTRAL
2582,23,2024-10-07 13:20:25,CANCELLED,EAST
2583,535,2025-10-23 09:52:47,CANCELLED,WEST
2584,,2024-10-01 02:18:56,PLACED,CENTRAL
2585,143,2024-09-26 13:49:46,DELIVERED,CENTRAL
2586,121,2025-07-24 17:39:32,SHIPPED,NORTH
2587,142,2025-08-15 06:09:25,DELIVERED,NORTH
2588,565,2024-11-21 08:32:07,DELIVERED,CENTRAL
2589,142,2025-07-05 10:49:41,SHIPPED,CENTRAL
2590,343,2025-09-02 20:35:56,DELIVERED,EAST
2591,376,2025-02-23 22:04:31,PLACED,CENTRAL
2592,301,2025-05-17 14:23:53,CANCELLED,EAST
2593,518,07-11-2024,DELIVERED,SOUTH
2594,376,2025-08-21 23:43:31,DELIVERED,NORTH
2595,51,2024-09-19 05:17:23,SHIPPED,EAST
2596,55,2025-07-23 19:03:24,CANCELLED,EAST
2597,482,2024-12-16 23:10:33,RETURNED,CENTRAL
2598,287,04-08-2024,DELIVERED,CENTRAL
2599,269,2026-02-08 23:16:46,PLACED,WEST
2600,556,2026-07-19 20:15:42,DELIVERED,NORTH
2601,61,2026-04-03 17:42:59,DELIVERED,NORTH
2602,589,2025-05-16 18:52:56,DELIVERED,WEST
2603,112,2026-04-27 00:35:31,DELIVERED,WEST
2604,45,2026-03-01 18:42:28,RETURNED,WEST
2605,584,2024-11-14 18:17:10,PLACED,NORTH
2606,322,11-01-2026,RETURNED,EAST
2607,89,2026-06-13 09:14:51,DELIVERED,CENTRAL
2608,301,2025-01-24 07:38:56,PLACED,CENTRAL
2609,424,2025-11-04 16:08:58,SHIPPED,WEST
2610,264,2025-03-05 17:28:08,DELIVERED,WEST
2611,91,2025-11-28 23:45:25,DELIVERED,SOUTH
2612,208,2026-04-18 02:03:54,DELIVERED,SOUTH
2613,73,2024-08-28 14:10:19,PLACED,EAST
2614,413,2025-01-20 06:15:39,PLACED,EAST
2615,369,2025-07-07 02:07:22,DELIVERED,SOUTH
2616,156,2025-06-23 17:59:06,DELIVERED,EAST
2617,446,2024-08-31 05:28:48,DELIVERED,CENTRAL
2618,258,2026-06-24 01:21:52,DELIVERED,SOUTH
2619,182,2025-04-04 22:26:55,DELIVERED,EAST
2620,142,24-09-2025,DELIVERED,WEST
2621,284,30-01-2026,DELIVERED,CENTRAL
2622,82,2025-05-10 21:35:29,SHIPPED,CENTRAL
2623,10,05-11-2025,RETURNED,EAST
2624,506,2025-12-02 12:22:01,DELIVERED,CENTRAL
2625,240,2024-10-17 11:05:58,RETURNED,WEST
2626,398,2024-10-13 14:21:21,DELIVERED,SOUTH
2627,303,2026-01-29 22:29:10,DELIVERED,NORTH
2628,182,2024-12-09 15:17:25,DELIVERED,CENTRAL
2629,240,2025-04-02 18:23:37,RETURNED,NORTH
2630,1,2026-06-25 14:08:42,PLACED,WEST
2631,580,2025-05-05 13:22:56,PLACED,SOUTH
2632,52,2024-10-01 07:32:47,DELIVERED,SOUTH
2633,356,2026-04-12 18:49:18,DELIVERED,EAST
2634,348,2024-08-25 20:20:54,PLACED,WEST
2635,454,2026-01-29 22:57:00,PLACED,CENTRAL
2636,363,2026-02-02 03:36:46,DELIVERED,NORTH
2637,68,07-09-2024,DELIVERED,CENTRAL
2638,312,2026-03-24 07:10:47,SHIPPED,CENTRAL
2639,285,2025-04-28 11:06:04,PLACED,SOUTH
2640,519,2025-11-19 00:34:40,DELIVERED,NORTH
2641,308,2025-11-30 21:32:09,PLACED,SOUTH
2642,345,2026-06-15 21:42:43,CANCELLED,CENTRAL
2643,250,2026-07-08 06:37:42,DELIVERED,SOUTH
2644,,29-05-2025,PLACED,WEST
2645,592,2024-08-11 03:14:11,DELIVERED,WEST
2646,561,15-09-2024,DELIVERED,WEST
2647,46,2026-03-28 12:27:00,SHIPPED,WEST
2648,129,2026-02-08 15:26:39,SHIPPED,SOUTH
2649,296,2025-03-27 06:21:37,RETURNED,EAST
2650,22,2024-08-03 03:48:21,DELIVERED,SOUTH
2651,9,2025-01-17 07:11:04,DELIVERED,NORTH
2652,218,2025-05-22 18:04:29,PLACED,WEST
2653,109,2025-07-23 19:26:09,SHIPPED,NORTH
2654,587,2026-01-28 14:44:14,SHIPPED,SOUTH
2655,98,24-09-2024,DELIVERED,CENTRAL
2656,,2026-06-27 04:34:20,CANCELLED,NORTH
2657,6,2025-12-08 22:23:39,DELIVERED,WEST
2658,249,2024-08-11 19:56:39,RETURNED,NORTH
2659,455,2025-01-18 20:03:15,DELIVERED,NORTH
2660,343,2026-07-19 07:50:23,DELIVERED,CENTRAL
2661,557,2025-07-17 10:00:03,DELIVERED,SOUTH
2662,434,2025-03-31 02:13:37,PLACED,SOUTH
2663,184,12-04-2026,DELIVERED,WEST
2664,534,23-12-2024,DELIVERED,WEST
2665,130,2024-08-01 20:27:23,PLACED,EAST
2666,232,2026-02-06 08:13:30,PLACED,SOUTH
2667,173,2024-10-16 21:01:16,DELIVERED,SOUTH
2668,538,2026-04-03 06:04:07,DELIVERED,WEST
2669,375,2025-10-14 06:29:34,PLACED,NORTH
2670,217,2025-09-20 23:00:46,DELIVERED,NORTH
2671,321,2025-10-16 22:27:49,DELIVERED,WEST
2672,97,2025-05-24 11:46:18,PLACED,NORTH
2673,348,2026-07-14 09:14:52,DELIVERED,CENTRAL
2674,69,2025-09-30 05:55:57,DELIVERED,SOUTH
2675,596,2025-08-08 12:14:25,CANCELLED,EAST
2676,319,04-06-2026,PLACED,CENTRAL
2677,489,05-12-2024,SHIPPED,SOUTH
2678,550,2024-11-08 00:02:31,CANCELLED,SOUTH
2679,160,2024-09-15 22:48:52,SHIPPED,WEST
2680,217,2026-02-19 21:28:47,DELIVERED,CENTRAL
2681,68,2025-06-24 08:35:13,RETURNED,CENTRAL
2682,201,27-01-2026,PLACED,NORTH
2683,213,2024-09-09 09:15:34,DELIVERED,SOUTH
2684,135,2024-11-10 10:16:17,DELIVERED,SOUTH
2685,106,2025-02-06 06:53:00,SHIPPED,SOUTH
2686,428,2025-04-18 13:31:24,DELIVERED,WEST
2687,59,2025-04-25 12:43:17,DELIVERED,WEST
2688,365,2025-06-06 01:05:20,PLACED,CENTRAL
2689,73,14-01-2026,SHIPPED,CENTRAL
2690,76,2025-07-31 19:24:13,CANCELLED,NORTH
2691,163,2025-10-27 02:01:03,DELIVERED,NORTH
2692,30,2025-02-21 19:10:37,RETURNED,CENTRAL
2693,69,2025-11-25 15:17:31,SHIPPED,CENTRAL
2694,208,2026-07-31 06:06:11,DELIVERED,CENTRAL
2695,416,2025-10-07 18:35:19,RETURNED,WEST
2696,403,2025-07-24 16:25:38,CANCELLED,NORTH
2697,404,2026-07-24 05:52:32,DELIVERED,WEST
2698,62,2025-03-24 11:59:45,DELIVERED,EAST
2699,38,2025-07-09 12:22:29,DELIVERED,SOUTH
2700,194,2026-02-09 03:03:48,DELIVERED,NORTH
2701,386,2024-12-08 22:13:43,PLACED,SOUTH
2702,445,2026-06-17 02:52:06,PLACED,SOUTH
2703,421,2025-12-30 21:09:33,CANCELLED,EAST
2704,569,2026-01-23 03:41:11,DELIVERED,NORTH
2705,526,2025-12-08 04:13:41,PLACED,WEST
2706,101,2026-02-26 16:50:03,DELIVERED,SOUTH
2707,87,2025-12-25 02:17:19,DELIVERED,EAST
2708,574,2025-04-21 04:21:03,CANCELLED,EAST
2709,192,2026-06-22 11:28:45,PLACED,CENTRAL
2710,252,2025-02-19 12:35:02,RETURNED,NORTH
2711,247,30-09-2024,CANCELLED,CENTRAL
2712,29,2025-05-18 09:17:37,SHIPPED,WEST
2713,400,2026-07-13 14:02:33,DELIVERED,WEST
2714,465,2025-06-08 18:12:09,CANCELLED,EAST
2715,344,2025-01-02 20:29:42,SHIPPED,EAST
2716,278,2025-06-02 06:33:46,DELIVERED,CENTRAL
2717,66,2025-07-01 16:42:27,SHIPPED,NORTH
2718,293,15-05-2025,DELIVERED,NORTH
2719,314,2025-08-30 14:39:21,DELIVERED,WEST
2720,331,2026-04-03 21:55:58,DELIVERED,WEST
2721,458,2024-12-20 03:34:41,RETURNED,NORTH
2722,283,2024-11-15 04:26:16,DELIVERED,CENTRAL
2723,273,2024-12-20 01:07:56,RETURNED,EAST
2724,272,2025-12-19 09:16:39,SHIPPED,SOUTH
2725,120,2025-03-22 18:59:55,CANCELLED,SOUTH
2726,58,2025-07-18 16:54:01,SHIPPED,WEST
2727,19,2024-08-24 07:00:38,DELIVERED,NORTH
2728,544,2026-05-01 10:17:20,SHIPPED,NORTH
2729,563,2025-07-13 21:51:49,RETURNED,EAST
2730,215,2025-05-09 18:06:53,DELIVERED,SOUTH
2731,518,2026-04-12 10:40:22,SHIPPED,WEST
2732,,2025-08-22 04:51:15,RETURNED,NORTH
2733,421,2026-04-11 18:18:31,DELIVERED,SOUTH
2734,456,2025-07-26 11:12:01,DELIVERED,WEST
2735,417,2024-12-25 06:10:17,PLACED,EAST
2736,48,2026-07-20 11:15:24,DELIVERED,SOUTH
2737,550,18-09-2024,RETURNED,EAST
2738,47,29-08-2024,SHIPPED,SOUTH
2739,68,2025-03-29 03:41:47,DELIVERED,SOUTH
2740,28,2025-11-13 07:23:23,RETURNED,NORTH
2741,223,2026-03-16 16:32:26,CANCELLED,NORTH
2742,169,07-07-2026,PLACED,WEST
2743,360,2026-02-02 20:12:34,DELIVERED,SOUTH
2744,28,2025-11-10 18:12:14,DELIVERED,WEST
2745,353,2024-11-08 06:44:49,RETURNED,EAST
2746,219,2026-07-08 11:08:24,SHIPPED,WEST
2747,195,2026-06-26 02:18:41,DELIVERED,NORTH
2748,486,2026-01-19 20:42:48,CANCELLED,SOUTH
2749,231,2024-11-09 08:30:43,DELIVERED,CENTRAL
2750,36,2025-07-31 16:54:19,RETURNED,CENTRAL
2751,47,2025-09-02 06:07:52,DELIVERED,NORTH
2752,163,2026-05-07 11:56:19,DELIVERED,NORTH
2753,,2024-11-05 20:13:39,PLACED,CENTRAL
2754,572,2026-01-09 10:33:55,RETURNED,NORTH
2755,505,2025-12-31 11:15:10,DELIVERED,EAST
2756,265,2026-03-29 08:09:00,SHIPPED,WEST
2757,135,2024-11-21 17:45:58,RETURNED,SOUTH
2758,157,2024-11-19 00:15:23,RETURNED,CENTRAL
2759,,2024-10-22 10:25:02,SHIPPED,SOUTH
2760,580,2024-11-28 20:02:36,DELIVERED,SOUTH
2761,363,11-06-2025,SHIPPED,CENTRAL
2762,346,2025-01-11 22:30:34,PLACED,WEST
2763,491,2026-06-03 11:19:19,PLACED,NORTH
2764,279,2025-06-05 05:15:22,DELIVERED,NORTH
2765,7,2025-08-13 03:37:18,SHIPPED,CENTRAL
2766,125,2025-12-21 08:33:07,PLACED,NORTH
2767,395,2024-12-14 13:11:28,PLACED,EAST
2768,235,2025-10-18 10:32:39,DELIVERED,EAST
2769,322,2026-02-19 09:27:42,DELIVERED,EAST
2770,583,2024-09-26 11:37:35,RETURNED,NORTH
2771,439,2026-02-11 12:51:15,PLACED,EAST
2772,279,2024-08-14 03:10:08,DELIVERED,CENTRAL
2773,217,2025-11-02 23:49:10,DELIVERED,EAST
2774,62,2025-08-06 14:54:50,CANCELLED,NORTH
2775,446,2024-12-01 22:50:45,PLACED,WEST
2776,92,2024-11-25 06:04:20,RETURNED,CENTRAL
2777,441,2026-07-05 15:53:18,DELIVERED,CENTRAL
2778,465,12-06-2025,RETURNED,WEST
2779,169,2025-06-28 03:58:19,DELIVERED,NORTH
2780,190,2024-11-11 09:53:31,DELIVERED,NORTH
2781,348,2026-01-23 04:10:52,DELIVERED,CENTRAL
2782,558,2025-06-23 12:00:53,CANCELLED,SOUTH
2783,586,2026-07-01 03:15:07,DELIVERED,SOUTH
2784,94,2025-12-03 07:24:13,DELIVERED,SOUTH
2785,,2025-09-03 01:35:02,DELIVERED,EAST
2786,128,21-11-2024,PLACED,NORTH
2787,25,2026-03-25 15:30:40,CANCELLED,EAST
2788,577,2025-12-11 04:01:41,RETURNED,WEST
2789,,08-09-2024,DELIVERED,CENTRAL
2790,314,2025-03-29 03:39:36,DELIVERED,WEST
2791,587,2025-07-14 20:04:59,RETURNED,NORTH
2792,207,2025-05-27 13:09:57,DELIVERED,NORTH
2793,339,26-08-2024,SHIPPED,EAST
2794,482,02-01-2025,DELIVERED,EAST
2795,191,2025-07-27 17:06:02,PLACED,CENTRAL
2796,141,2025-10-17 04:42:11,SHIPPED,SOUTH
2797,,2025-05-16 03:13:40,DELIVERED,SOUTH
2798,113,2024-12-04 10:48:06,DELIVERED,SOUTH
2799,241,2024-09-30 20:47:40,DELIVERED,CENTRAL
2800,574,2026-05-15 19:58:52,DELIVERED,WEST
2801,289,2025-06-18 12:32:26,SHIPPED,EAST
2802,300,2026-03-02 21:56:25,DELIVERED,NORTH
2803,313,2025-11-19 08:15:33,DELIVERED,CENTRAL
2804,249,2026-05-10 14:50:56,CANCELLED,EAST
2805,292,2025-01-23 20:40:50,SHIPPED,WEST
2806,539,2026-03-13 14:05:57,DELIVERED,CENTRAL
2807,230,2024-09-07 02:01:01,DELIVERED,SOUTH
2808,489,2026-02-13 23:52:32,RETURNED,CENTRAL
2809,535,2025-10-27 13:08:20,SHIPPED,SOUTH
2810,9,2026-06-26 13:23:54,DELIVERED,NORTH
2811,118,2026-05-31 07:24:53,PLACED,EAST
2812,532,2025-04-28 02:29:10,DELIVERED,WEST
2813,484,2026-04-14 15:39:34,CANCELLED,SOUTH
2814,,08-08-2024,SHIPPED,WEST
2815,391,23-07-2026,DELIVERED,SOUTH
2816,29,2024-11-18 20:32:31,CANCELLED,NORTH
2817,118,2025-01-06 11:35:03,DELIVERED,WEST
2818,542,2026-02-01 03:02:23,SHIPPED,CENTRAL
2819,483,2024-08-02 19:11:19,DELIVERED,NORTH
2820,224,2024-09-23 10:13:58,DELIVERED,EAST
2821,336,2025-06-05 00:12:17,PLACED,SOUTH
2822,564,16-05-2025,SHIPPED,SOUTH
2823,418,2024-12-01 09:20:32,DELIVERED,NORTH
2824,200,2025-03-29 19:19:44,SHIPPED,WEST
2825,111,2024-08-15 12:54:07,DELIVERED,CENTRAL
2826,406,2026-03-30 22:55:43,CANCELLED,NORTH
2827,322,2026-02-04 01:26:42,PLACED,EAST
2828,597,2024-09-08 22:21:40,CANCELLED,NORTH
2829,499,2025-07-07 07:47:08,PLACED,EAST
2830,39,2025-03-23 15:30:58,DELIVERED,SOUTH
2831,376,2024-09-06 10:52:11,CANCELLED,CENTRAL
2832,433,2025-05-31 13:50:59,DELIVERED,EAST
2833,164,2025-01-02 13:04:32,DELIVERED,SOUTH
2834,240,2024-08-08 05:43:26,PLACED,WEST
2835,111,2025-01-15 09:42:01,PLACED,NORTH
2836,260,2025-06-14 03:06:17,PLACED,NORTH
2837,439,2026-04-01 10:00:59,RETURNED,NORTH
2838,438,2024-11-19 06:58:06,DELIVERED,EAST
2839,323,2025-02-10 11:59:52,PLACED,EAST
2840,216,13-09-2024,RETURNED,SOUTH
2841,570,2026-03-21 18:03:25,DELIVERED,SOUTH
2842,,2025-02-27 09:04:12,RETURNED,SOUTH
2843,,2025-09-24 13:45:18,PLACED,CENTRAL
2844,17,2024-10-10 13:52:59,SHIPPED,SOUTH
2845,136,16-03-2025,DELIVERED,WEST
2846,424,2026-07-13 16:55:03,DELIVERED,CENTRAL
2847,105,2026-05-08 23:57:23,DELIVERED,WEST
2848,267,2025-06-18 12:01:39,DELIVERED,CENTRAL
2849,188,2026-07-20 23:32:24,DELIVERED,CENTRAL
2850,452,2024-11-28 16:22:27,DELIVERED,SOUTH
2851,66,2024-12-18 17:10:56,DELIVERED,CENTRAL
2852,352,2025-05-27 06:05:27,DELIVERED,EAST
2853,151,2025-02-09 03:58:17,DELIVERED,WEST
2854,79,2026-04-10 01:13:58,PLACED,NORTH
2855,123,2025-09-17 08:59:19,DELIVERED,SOUTH
2856,567,2025-06-20 01:28:19,DELIVERED,NORTH
2857,76,2025-07-19 22:54:07,CANCELLED,WEST
2858,37,2026-04-12 18:38:15,SHIPPED,SOUTH
2859,258,2026-01-22 09:23:30,DELIVERED,NORTH
2860,177,2024-12-15 07:36:39,DELIVERED,WEST
2861,256,2025-01-19 02:54:50,SHIPPED,NORTH
2862,297,2024-11-25 05:44:37,DELIVERED,WEST
2863,267,2025-11-03 02:57:04,DELIVERED,SOUTH
2864,2,2026-01-20 18:27:09,SHIPPED,EAST
2865,454,2026-06-13 08:21:45,PLACED,CENTRAL
2866,512,2025-08-31 00:31:01,RETURNED,NORTH
2867,22,2026-04-17 19:50:20,CANCELLED,CENTRAL
2868,520,2026-01-14 13:17:47,DELIVERED,EAST
2869,459,2025-08-21 21:40:45,DELIVERED,SOUTH
2870,215,2024-12-03 05:50:21,DELIVERED,EAST
2871,275,2024-12-22 16:23:55,DELIVERED,EAST
2872,164,2026-07-10 09:49:00,SHIPPED,WEST
2873,409,2025-04-29 07:13:53,PLACED,CENTRAL
2874,378,2025-10-19 19:59:16,SHIPPED,CENTRAL
2875,74,2025-04-08 13:19:58,RETURNED,WEST
2876,156,2025-11-03 08:43:33,DELIVERED,CENTRAL
2877,447,2025-02-06 19:16:13,DELIVERED,SOUTH
2878,177,2026-05-05 02:12:39,SHIPPED,SOUTH
2879,,20-05-2025,DELIVERED,CENTRAL
2880,565,2025-04-21 19:23:38,SHIPPED,NORTH
2881,552,2026-03-14 12:42:16,PLACED,CENTRAL
2882,230,2026-01-30 02:27:16,PLACED,NORTH
2883,156,2024-10-13 07:01:13,SHIPPED,NORTH
2884,304,2025-09-02 04:28:29,CANCELLED,EAST
2885,446,2025-09-27 02:27:12,DELIVERED,WEST
2886,9,2024-10-20 18:20:59,PLACED,EAST
2887,551,2024-09-15 10:17:19,RETURNED,SOUTH
2888,1,2024-09-03 01:45:11,SHIPPED,CENTRAL
2889,510,2025-07-10 12:01:43,DELIVERED,EAST
2890,398,2025-12-09 09:33:48,RETURNED,WEST
2891,122,2025-11-06 18:23:34,PLACED,EAST
2892,115,2025-11-18 04:49:28,RETURNED,SOUTH
2893,198,21-12-2024,DELIVERED,NORTH
2894,260,2025-09-18 03:17:19,RETURNED,EAST
2895,524,2026-07-14 06:48:02,DELIVERED,NORTH
2896,458,2024-11-28 04:02:06,DELIVERED,CENTRAL
2897,285,2025-10-21 21:37:26,PLACED,SOUTH
2898,204,2024-10-26 03:12:27,PLACED,SOUTH
2899,433,15-06-2025,DELIVERED,SOUTH
2900,64,2024-08-05 04:20:23,SHIPPED,SOUTH
2901,199,2025-09-27 12:22:11,CANCELLED,NORTH
2902,48,2025-04-11 16:57:48,SHIPPED,CENTRAL
2903,564,03-02-2026,DELIVERED,SOUTH
2904,176,2025-12-26 15:00:27,DELIVERED,NORTH
2905,408,2025-09-19 18:08:36,SHIPPED,WEST
2906,250,2026-05-29 06:26:59,CANCELLED,SOUTH
2907,514,2025-11-17 08:17:46,DELIVERED,SOUTH
2908,496,2025-06-13 12:31:08,PLACED,EAST
2909,556,2026-07-11 04:30:12,CANCELLED,WEST
2910,466,2024-10-21 08:46:19,DELIVERED,NORTH
2911,,2024-09-27 18:38:52,DELIVERED,SOUTH
2912,232,2026-02-08 19:54:53,PLACED,CENTRAL
2913,230,2025-04-29 07:56:19,DELIVERED,CENTRAL
2914,65,2025-09-15 09:15:02,DELIVERED,NORTH
2915,494,2025-08-18 22:20:29,DELIVERED,WEST
2916,380,2026-05-04 04:50:28,PLACED,CENTRAL
2917,273,2025-02-09 03:10:01,DELIVERED,WEST
2918,420,2024-10-30 16:54:58,DELIVERED,NORTH
2919,430,2025-10-25 03:41:44,DELIVERED,CENTRAL
2920,359,2025-12-27 05:06:28,DELIVERED,NORTH
2921,155,2026-01-27 20:49:06,DELIVERED,WEST
2922,175,2025-11-19 01:42:47,DELIVERED,NORTH
2923,459,2025-01-06 13:26:44,DELIVERED,CENTRAL
2924,167,2025-04-24 17:58:22,DELIVERED,WEST
2925,10,2026-03-17 09:55:22,SHIPPED,SOUTH
2926,24,2025-07-12 16:22:01,DELIVERED,CENTRAL
2927,312,2024-09-18 21:05:02,DELIVERED,WEST
2928,576,2024-08-03 23:43:03,DELIVERED,EAST
2929,510,2025-02-14 23:52:07,DELIVERED,CENTRAL
2930,283,2024-09-28 11:05:47,SHIPPED,CENTRAL
2931,310,2024-10-27 09:58:57,SHIPPED,WEST
2932,352,2025-01-08 04:55:32,DELIVERED,CENTRAL
2933,390,2025-03-16 13:18:22,DELIVERED,EAST
2934,11,2026-04-08 10:11:57,DELIVERED,CENTRAL
2935,11,2025-04-11 17:30:52,PLACED,NORTH
2936,143,23-07-2025,DELIVERED,CENTRAL
2937,63,2024-08-15 01:00:06,SHIPPED,CENTRAL
2938,368,2025-09-08 23:03:30,SHIPPED,CENTRAL
2939,587,2025-10-06 12:06:00,DELIVERED,NORTH
2940,313,2025-12-31 21:15:24,DELIVERED,CENTRAL
2941,486,2025-02-20 10:23:02,DELIVERED,NORTH
2942,426,2026-06-04 05:58:19,PLACED,WEST
2943,14,06-09-2024,PLACED,EAST
2944,413,2024-10-19 02:06:33,CANCELLED,CENTRAL
2945,209,2024-08-14 10:15:37,RETURNED,WEST
2946,572,2025-02-19 18:29:48,SHIPPED,WEST
2947,302,2025-07-02 12:56:13,PLACED,WEST
2948,20,2025-12-21 16:30:12,DELIVERED,WEST
2949,36,2024-08-25 06:10:10,DELIVERED,WEST
2950,126,2024-09-06 23:25:47,RETURNED,EAST
2951,259,2024-11-11 03:50:07,RETURNED,WEST
2952,352,2025-06-24 17:31:18,RETURNED,EAST
2953,40,2025-05-21 11:15:29,DELIVERED,NORTH
2954,353,2025-11-18 19:07:09,CANCELLED,SOUTH
2955,436,2026-03-20 14:45:53,RETURNED,SOUTH
2956,9,2025-04-15 16:55:29,RETURNED,EAST
2957,31,2025-02-17 21:01:20,DELIVERED,WEST
2958,296,2026-01-14 20:22:20,DELIVERED,SOUTH
2959,335,2024-12-11 14:29:50,CANCELLED,SOUTH
2960,321,2024-08-05 17:50:09,PLACED,SOUTH
2961,357,2025-01-17 10:49:21,DELIVERED,CENTRAL
2962,256,2025-06-03 07:53:46,SHIPPED,NORTH
2963,70,2026-07-23 19:19:39,DELIVERED,SOUTH
2964,475,2025-08-20 05:00:33,DELIVERED,CENTRAL
2965,253,2025-11-23 14:45:50,DELIVERED,EAST
2966,176,2024-12-19 13:03:09,DELIVERED,EAST
2967,321,2024-10-18 18:17:30,RETURNED,EAST
2968,87,15-07-2025,DELIVERED,NORTH
2969,49,2025-05-10 03:53:45,PLACED,WEST
2970,276,2025-08-02 07:33:29,DELIVERED,SOUTH
2971,145,2025-03-20 02:58:42,DELIVERED,EAST
2972,473,2024-11-01 11:51:30,DELIVERED,CENTRAL
2973,267,2025-03-13 18:31:35,DELIVERED,NORTH
2974,501,2025-09-01 13:15:02,SHIPPED,NORTH
2975,432,2024-10-04 13:57:05,PLACED,SOUTH
2976,534,2026-07-15 09:02:24,SHIPPED,NORTH
2977,519,2025-09-20 12:09:05,CANCELLED,CENTRAL
2978,179,2025-08-08 18:20:20,SHIPPED,EAST
2979,446,2024-12-21 21:09:36,PLACED,SOUTH
2980,314,2025-06-14 08:44:19,DELIVERED,EAST
2981,495,2026-04-23 19:54:18,DELIVERED,NORTH
2982,110,2025-05-04 16:48:11,DELIVERED,EAST
2983,391,2025-08-21 16:37:27,DELIVERED,WEST
2984,408,2025-11-01 08:57:56,RETURNED,SOUTH
2985,406,2024-11-15 01:30:30,DELIVERED,WEST
2986,441,2025-02-20 11:54:20,DELIVERED,CENTRAL
2987,600,06-04-2026,PLACED,NORTH
2988,568,2025-04-22 07:21:34,DELIVERED,CENTRAL
2989,349,2024-12-06 04:04:14,PLACED,CENTRAL
2990,535,2025-03-14 15:29:14,SHIPPED,EAST
2991,527,2026-03-27 02:37:02,DELIVERED,CENTRAL
2992,597,2025-05-15 22:34:31,DELIVERED,EAST
2993,503,2025-04-13 05:25:30,DELIVERED,CENTRAL
2994,531,2026-02-28 05:58:02,DELIVERED,SOUTH
2995,452,2026-03-02 19:23:36,DELIVERED,CENTRAL
2996,76,2026-04-29 21:56:21,DELIVERED,SOUTH
2997,463,2026-06-30 01:14:14,PLACED,EAST
2998,542,2025-03-21 10:24:00,SHIPPED,EAST
2999,273,2026-04-10 08:14:22,DELIVERED,SOUTH
3000,401,2025-09-11 12:19:30,SHIPPED,SOUTH
