order_id,customer_id,order_date,status,region_code,customer_id_missing_flag
1,207,2025-05-06 00:08:47,SHIPPED,NORTH,False
2,213,2026-01-17 13:03:02,DELIVERED,NORTH,False
3,,2024-10-09 03:07:59,CANCELLED,WEST,True
4,93,2026-03-29 11:25:19,DELIVERED,NORTH,False
5,237,2025-07-21 18:27:36,SHIPPED,WEST,False
6,179,2026-06-10 00:00:00,SHIPPED,EAST,False
7,119,2024-10-13 18:53:59,CANCELLED,NORTH,False
8,175,2025-04-13 06:40:54,DELIVERED,CENTRAL,False
9,96,2025-05-17 10:10:49,SHIPPED,WEST,False
10,468,2025-02-28 03:20:09,DELIVERED,WEST,False
11,171,2024-10-27 19:31:37,DELIVERED,SOUTH,False
12,495,2026-04-16 03:17:58,DELIVERED,CENTRAL,False
13,368,2025-11-18 00:00:00,DELIVERED,SOUTH,False
14,500,2024-10-27 17:18:25,DELIVERED,NORTH,False
15,322,2024-08-10 14:24:39,DELIVERED,CENTRAL,False
16,230,2026-01-03 06:48:13,DELIVERED,CENTRAL,False
17,255,2025-08-10 07:49:13,DELIVERED,WEST,False
18,572,2026-06-24 21:14:19,PLACED,SOUTH,False
19,481,2026-05-24 16:01:45,SHIPPED,WEST,False
20,339,2025-03-05 00:00:00,SHIPPED,WEST,False
21,241,2024-10-01 05:30:31,CANCELLED,WEST,False
22,511,2025-07-14 05:57:13,RETURNED,NORTH,False
23,423,2024-08-28 19:57:20,PLACED,NORTH,False
24,312,2026-06-23 08:52:11,SHIPPED,WEST,False
25,373,2026-05-04 00:00:00,SHIPPED,WEST,False
26,485,2026-02-08 15:28:28,DELIVERED,NORTH,False
27,228,2024-08-02 16:57:14,CANCELLED,EAST,False
28,383,2026-01-28 08:01:08,CANCELLED,WEST,False
29,420,2024-10-23 01:54:25,SHIPPED,NORTH,False
30,403,2025-01-15 10:52:46,DELIVERED,EAST,False
31,425,2024-09-06 02:49:46,CANCELLED,CENTRAL,False
32,462,2025-07-22 06:19:40,RETURNED,SOUTH,False
33,5,2025-09-16 22:42:28,DELIVERED,WEST,False
34,495,2026-07-19 23:31:19,RETURNED,SOUTH,False
35,178,2026-02-19 09:24:26,PLACED,CENTRAL,False
36,330,2025-08-27 13:17:37,DELIVERED,CENTRAL,False
37,255,2025-03-01 12:11:48,DELIVERED,EAST,False
38,137,2024-11-16 07:51:43,DELIVERED,CENTRAL,False
39,561,2026-05-31 12:45:05,DELIVERED,CENTRAL,False
40,206,2025-01-10 21:19:40,SHIPPED,EAST,False
41,136,2026-02-03 18:44:58,RETURNED,CENTRAL,False
42,331,2026-02-03 17:56:04,DELIVERED,WEST,False
43,428,2026-01-06 16:48:34,CANCELLED,EAST,False
44,433,2026-04-20 00:00:00,PLACED,WEST,False
45,58,2025-01-03 06:27:04,DELIVERED,EAST,False
46,150,2026-05-14 00:00:00,DELIVERED,SOUTH,False
47,34,2025-05-06 14:19:30,PLACED,CENTRAL,False
48,575,2025-05-30 01:22:22,DELIVERED,EAST,False
49,49,2026-07-21 14:55:43,DELIVERED,EAST,False
50,56,2024-08-11 01:41:22,SHIPPED,WEST,False
51,377,2026-03-10 12:13:40,DELIVERED,SOUTH,False
52,199,2025-03-17 11:52:12,RETURNED,NORTH,False
53,178,2026-02-22 22:52:29,DELIVERED,WEST,False
54,271,2024-11-10 00:36:57,CANCELLED,NORTH,False
55,159,2024-09-01 00:32:47,DELIVERED,NORTH,False
56,309,2025-08-17 00:31:56,DELIVERED,NORTH,False
57,326,2025-09-13 02:04:26,SHIPPED,NORTH,False
58,164,2025-06-20 01:31:13,DELIVERED,EAST,False
59,219,2025-12-29 05:27:03,DELIVERED,SOUTH,False
60,544,2025-08-04 19:58:46,CANCELLED,NORTH,False
61,355,2025-07-13 03:50:22,DELIVERED,CENTRAL,False
62,41,2026-01-13 03:40:46,DELIVERED,NORTH,False
63,554,2026-02-14 07:53:00,RETURNED,EAST,False
64,521,2025-07-13 01:46:57,SHIPPED,SOUTH,False
65,85,2024-10-14 12:45:27,RETURNED,CENTRAL,False
66,68,2025-01-11 17:15:05,DELIVERED,WEST,False
67,211,2025-09-22 16:27:54,CANCELLED,WEST,False
68,74,2026-03-04 03:03:14,PLACED,EAST,False
69,,2024-09-26 00:00:00,DELIVERED,CENTRAL,True
70,234,2026-07-09 14:01:14,DELIVERED,WEST,False
71,18,2025-05-30 12:50:27,DELIVERED,CENTRAL,False
72,600,2024-09-05 08:29:44,PLACED,CENTRAL,False
73,309,2025-11-15 03:12:24,DELIVERED,WEST,False
74,32,2025-08-04 03:46:14,SHIPPED,WEST,False
75,559,2025-03-18 02:47:49,PLACED,EAST,False
76,12,2025-10-04 22:26:19,PLACED,NORTH,False
77,,2025-11-07 10:27:11,DELIVERED,NORTH,True
78,353,2025-01-12 11:03:45,DELIVERED,CENTRAL,False
79,189,2025-01-19 11:47:09,SHIPPED,NORTH,False
80,581,2026-05-24 00:00:00,DELIVERED,CENTRAL,False
81,563,2024-09-26 19:30:49,PLACED,NORTH,False
82,595,2025-08-14 09:53:14,DELIVERED,SOUTH,False
83,72,2026-07-01 03:25:36,DELIVERED,EAST,False
84,314,2026-01-21 14:59:47,DELIVERED,EAST,False
85,439,2024-12-09 00:00:00,SHIPPED,SOUTH,False
86,447,2025-03-03 21:41:09,PLACED,EAST,False
87,474,2025-07-12 22:04:27,DELIVERED,CENTRAL,False
88,84,2026-05-16 20:09:31,CANCELLED,CENTRAL,False
89,79,2026-02-17 00:00:00,PLACED,CENTRAL,False
90,596,2025-10-24 15:29:34,DELIVERED,NORTH,False
91,557,2026-06-26 09:06:20,DELIVERED,SOUTH,False
92,229,2026-06-24 09:36:00,DELIVERED,EAST,False
93,514,2025-09-01 10:46:09,DELIVERED,NORTH,False
94,170,2026-03-12 03:20:39,DELIVERED,SOUTH,False
95,580,2025-12-26 04:21:17,PLACED,WEST,False
96,42,2025-01-17 23:05:02,SHIPPED,EAST,False
97,44,2026-01-02 07:20:20,RETURNED,EAST,False
98,466,2026-06-16 00:00:00,RETURNED,EAST,False
99,534,2025-12-06 02:32:40,CANCELLED,EAST,False
100,584,2024-12-14 00:47:43,DELIVERED,CENTRAL,False
101,80,2025-09-06 07:17:40,RETURNED,SOUTH,False
102,362,2026-04-27 18:23:50,DELIVERED,WEST,False
103,7,2025-08-25 18:55:09,DELIVERED,SOUTH,False
104,288,2025-01-12 06:57:52,SHIPPED,CENTRAL,False
105,122,2025-12-27 11:58:37,CANCELLED,NORTH,False
106,491,2025-08-08 01:36:06,SHIPPED,WEST,False
107,,2024-09-03 12:16:07,DELIVERED,SOUTH,True
108,41,2026-06-23 21:40:19,PLACED,EAST,False
109,530,2025-06-11 22:15:12,DELIVERED,NORTH,False
110,291,2024-10-06 14:28:04,DELIVERED,WEST,False
111,175,2025-01-18 09:14:16,DELIVERED,CENTRAL,False
112,187,2025-11-28 01:30:31,SHIPPED,EAST,False
113,71,2025-01-26 12:02:22,PLACED,NORTH,False
114,517,2026-01-14 13:32:27,PLACED,NORTH,False
115,40,2026-06-13 18:29:42,DELIVERED,NORTH,False
116,134,2026-07-02 14:12:52,CANCELLED,WEST,False
117,380,2026-06-11 00:00:00,DELIVERED,SOUTH,False
118,494,2026-04-06 06:22:58,DELIVERED,CENTRAL,False
119,138,2025-02-14 16:33:35,SHIPPED,NORTH,False
120,557,2025-06-14 09:43:36,PLACED,NORTH,False
121,121,2025-09-08 00:00:00,DELIVERED,EAST,False
122,110,2024-11-29 05:16:54,DELIVERED,EAST,False
123,434,2025-10-13 14:12:58,SHIPPED,WEST,False
124,424,2025-10-03 19:58:55,DELIVERED,EAST,False
125,496,2025-02-14 02:45:29,DELIVERED,WEST,False
126,122,2026-03-04 20:16:01,DELIVERED,SOUTH,False
127,521,2025-06-08 02:59:47,CANCELLED,CENTRAL,False
128,54,2024-12-03 20:22:25,DELIVERED,NORTH,False
129,483,2026-07-21 03:18:52,PLACED,EAST,False
130,82,2025-11-17 00:00:00,DELIVERED,WEST,False
131,534,2025-03-11 12:10:24,DELIVERED,SOUTH,False
132,450,2024-08-09 07:39:22,DELIVERED,CENTRAL,False
133,35,2026-04-01 22:03:47,DELIVERED,SOUTH,False
134,37,2025-05-07 10:02:22,PLACED,SOUTH,False
135,283,2026-03-29 14:09:21,DELIVERED,WEST,False
136,531,2024-08-12 22:27:09,PLACED,NORTH,False
137,573,2026-07-12 17:00:12,DELIVERED,EAST,False
138,200,2025-07-20 05:19:20,DELIVERED,EAST,False
139,519,2024-10-22 16:39:02,DELIVERED,EAST,False
140,526,2025-02-17 03:45:10,CANCELLED,CENTRAL,False
141,454,2025-05-20 21:17:09,DELIVERED,EAST,False
142,470,2026-01-12 09:50:44,DELIVERED,NORTH,False
143,265,2024-09-22 11:18:09,DELIVERED,SOUTH,False
144,236,2026-04-14 12:05:22,RETURNED,CENTRAL,False
145,270,2025-02-09 19:51:26,DELIVERED,EAST,False
146,183,2025-08-06 03:38:15,SHIPPED,CENTRAL,False
147,195,2025-08-23 14:01:18,SHIPPED,SOUTH,False
148,212,2025-01-26 00:44:17,SHIPPED,CENTRAL,False
149,110,2024-11-02 02:41:49,DELIVERED,WEST,False
150,555,2024-09-02 19:50:30,DELIVERED,EAST,False
151,589,2026-06-06 19:01:29,SHIPPED,CENTRAL,False
152,228,2026-03-06 16:10:15,PLACED,WEST,False
153,554,2024-08-26 07:00:42,DELIVERED,SOUTH,False
154,124,2026-01-25 08:13:19,DELIVERED,NORTH,False
155,,2025-01-11 16:42:33,PLACED,EAST,True
156,266,2024-12-24 08:46:27,SHIPPED,WEST,False
157,352,2025-05-12 05:19:14,DELIVERED,WEST,False
158,382,2025-05-11 13:32:48,SHIPPED,SOUTH,False
159,590,2026-01-15 20:11:20,PLACED,EAST,False
160,569,2025-07-02 17:08:29,SHIPPED,SOUTH,False
161,10,2024-12-16 04:11:53,PLACED,CENTRAL,False
162,324,2026-04-02 23:40:01,SHIPPED,CENTRAL,False
163,,2024-10-16 21:01:26,PLACED,EAST,True
164,99,2025-07-16 09:54:05,SHIPPED,EAST,False
165,264,2025-04-25 00:00:00,PLACED,CENTRAL,False
166,590,2025-12-18 18:22:14,SHIPPED,EAST,False
167,523,2025-08-14 15:32:31,DELIVERED,NORTH,False
168,294,2025-07-27 04:57:55,PLACED,SOUTH,False
169,346,2025-06-24 15:13:45,DELIVERED,NORTH,False
170,352,2025-01-25 06:17:26,DELIVERED,EAST,False
171,405,2025-02-27 16:25:51,DELIVERED,EAST,False
172,534,2025-07-16 17:59:20,SHIPPED,NORTH,False
173,241,2025-12-28 04:59:41,DELIVERED,NORTH,False
174,407,2024-10-20 00:13:58,RETURNED,WEST,False
175,27,2026-03-22 19:14:45,DELIVERED,NORTH,False
176,160,2024-10-05 11:40:33,CANCELLED,EAST,False
177,291,2025-07-11 05:06:32,PLACED,SOUTH,False
178,,2025-12-29 09:27:08,RETURNED,WEST,True
179,554,2026-07-28 03:00:29,DELIVERED,CENTRAL,False
180,468,2025-12-04 03:34:42,CANCELLED,WEST,False
181,547,2025-03-29 12:30:19,DELIVERED,SOUTH,False
182,453,2025-03-28 03:04:44,SHIPPED,EAST,False
183,,2025-09-11 11:19:18,CANCELLED,EAST,True
184,548,2024-08-07 11:02:31,DELIVERED,WEST,False
185,441,2026-04-12 19:08:29,SHIPPED,NORTH,False
186,194,2025-06-16 19:18:46,DELIVERED,SOUTH,False
187,400,2026-05-06 10:59:45,SHIPPED,WEST,False
188,530,2026-03-17 20:01:36,DELIVERED,EAST,False
189,545,2026-04-21 05:17:09,SHIPPED,NORTH,False
190,297,2024-10-25 17:11:29,DELIVERED,EAST,False
191,504,2024-12-24 20:38:56,SHIPPED,CENTRAL,False
192,,2024-10-19 10:30:57,PLACED,WEST,True
193,239,2024-10-10 01:23:37,DELIVERED,EAST,False
194,511,2025-05-16 11:20:36,DELIVERED,EAST,False
195,150,2024-09-13 12:37:49,DELIVERED,CENTRAL,False
196,197,2026-06-27 17:02:20,CANCELLED,NORTH,False
197,255,2025-05-26 21:09:09,DELIVERED,NORTH,False
198,97,2025-09-09 18:44:14,SHIPPED,WEST,False
199,320,2026-07-29 04:19:01,DELIVERED,NORTH,False
200,563,2025-09-09 14:46:09,DELIVERED,EAST,False
201,54,2026-06-02 19:44:44,RETURNED,SOUTH,False
202,333,2024-08-12 16:52:56,SHIPPED,NORTH,False
203,249,2024-08-07 22:27:52,DELIVERED,WEST,False
204,159,2025-05-16 11:22:22,SHIPPED,WEST,False
205,347,2026-07-25 00:16:44,DELIVERED,NORTH,False
206,158,2026-01-27 17:42:14,PLACED,WEST,False
207,572,2026-04-05 11:51:28,DELIVERED,WEST,False
208,22,2026-01-18 08:33:03,DELIVERED,EAST,False
209,497,2026-01-31 20:27:46,SHIPPED,WEST,False
210,192,2025-09-27 05:49:17,DELIVERED,EAST,False
211,568,2024-12-03 00:00:00,SHIPPED,EAST,False
212,555,2025-05-13 03:28:36,DELIVERED,CENTRAL,False
213,190,2026-06-17 00:00:00,CANCELLED,CENTRAL,False
214,65,2025-12-25 07:24:14,CANCELLED,SOUTH,False
215,510,2026-03-18 18:19:05,DELIVERED,EAST,False
216,330,2024-10-25 19:12:02,DELIVERED,NORTH,False
217,133,2024-12-17 18:04:06,SHIPPED,WEST,False
218,33,2025-10-18 12:26:18,DELIVERED,WEST,False
219,263,2024-09-08 03:01:20,DELIVERED,NORTH,False
220,,2026-07-17 09:20:26,DELIVERED,NORTH,True
221,63,2025-05-08 08:08:57,RETURNED,WEST,False
222,60,2026-05-02 17:49:03,DELIVERED,NORTH,False
223,80,2025-01-15 16:40:07,PLACED,SOUTH,False
224,195,2024-12-29 00:00:26,SHIPPED,SOUTH,False
225,572,2025-06-19 11:36:06,DELIVERED,CENTRAL,False
226,470,2026-01-28 16:29:20,CANCELLED,SOUTH,False
227,564,2025-06-08 21:34:05,DELIVERED,CENTRAL,False
228,454,2026-07-27 02:04:24,DELIVERED,EAST,False
229,423,2026-03-17 13:25:44,CANCELLED,EAST,False
230,577,2025-09-28 19:12:37,DELIVERED,EAST,False
231,464,2025-07-14 14:00:02,PLACED,NORTH,False
232,17,2025-09-07 00:56:16,CANCELLED,NORTH,False
233,228,2025-01-14 20:35:14,PLACED,EAST,False
234,524,2025-10-07 02:36:50,DELIVERED,NORTH,False
235,,2025-05-04 05:54:13,SHIPPED,CENTRAL,True
236,263,2026-04-22 23:31:10,DELIVERED,CENTRAL,False
237,80,2026-02-14 00:31:07,DELIVERED,WEST,False
238,591,2026-04-29 12:52:18,DELIVERED,EAST,False
239,,2026-04-20 20:34:17,PLACED,NORTH,True
240,343,2025-04-28 05:53:20,DELIVERED,NORTH,False
241,233,2026-03-04 17:44:25,DELIVERED,NORTH,False
242,392,2024-09-12 01:01:05,PLACED,CENTRAL,False
243,335,2025-08-26 05:26:41,SHIPPED,WEST,False
244,590,2025-08-28 00:50:13,DELIVERED,WEST,False
245,345,2024-10-04 02:45:08,DELIVERED,CENTRAL,False
246,88,2025-06-06 13:04:56,DELIVERED,SOUTH,False
247,493,2025-10-09 10:02:11,DELIVERED,CENTRAL,False
248,537,2025-02-08 06:21:18,SHIPPED,WEST,False
249,590,2024-10-09 14:09:55,DELIVERED,EAST,False
250,329,2025-04-25 14:24:35,PLACED,EAST,False
251,359,2025-11-22 15:11:30,CANCELLED,CENTRAL,False
252,46,2026-07-19 20:34:58,SHIPPED,EAST,False
253,88,2024-10-27 06:45:39,SHIPPED,CENTRAL,False
254,295,2024-08-11 16:00:25,CANCELLED,EAST,False
255,24,2025-04-15 18:37:49,DELIVERED,SOUTH,False
256,265,2025-10-01 06:22:28,DELIVERED,SOUTH,False
257,19,2025-05-20 12:27:25,DELIVERED,NORTH,False
258,62,2025-03-09 14:23:46,DELIVERED,EAST,False
259,9,2024-09-21 17:28:22,SHIPPED,EAST,False
260,20,2025-03-16 04:30:45,DELIVERED,SOUTH,False
261,521,2026-02-03 05:33:29,DELIVERED,CENTRAL,False
262,191,2025-01-02 11:18:08,DELIVERED,NORTH,False
263,,2026-07-18 08:21:39,DELIVERED,WEST,True
264,19,2025-04-27 08:26:45,DELIVERED,EAST,False
265,514,2025-03-03 06:44:37,DELIVERED,WEST,False
266,31,2025-10-06 00:49:09,SHIPPED,EAST,False
267,141,2024-10-08 04:37:03,DELIVERED,CENTRAL,False
268,233,2025-06-21 03:39:26,SHIPPED,EAST,False
269,338,2025-07-15 21:07:13,SHIPPED,SOUTH,False
270,208,2026-06-01 23:47:58,DELIVERED,CENTRAL,False
271,441,2026-07-08 01:01:37,PLACED,CENTRAL,False
272,326,2024-09-22 16:08:43,RETURNED,NORTH,False
273,150,2026-02-16 00:00:00,DELIVERED,WEST,False
274,311,2025-07-11 02:12:07,CANCELLED,EAST,False
275,193,2024-10-22 22:21:49,PLACED,CENTRAL,False
276,581,2025-11-19 15:15:19,SHIPPED,NORTH,False
277,489,2024-11-13 03:33:21,DELIVERED,EAST,False
278,397,2025-08-17 17:12:35,SHIPPED,SOUTH,False
279,,2026-03-17 20:02:13,RETURNED,WEST,True
280,208,2026-03-12 13:58:46,SHIPPED,WEST,False
281,502,2026-01-17 06:41:24,DELIVERED,SOUTH,False
282,43,2025-11-16 04:38:08,DELIVERED,EAST,False
283,586,2025-11-05 05:20:32,DELIVERED,NORTH,False
284,463,2025-07-21 21:14:28,PLACED,SOUTH,False
285,406,2026-02-23 00:00:00,DELIVERED,NORTH,False
286,451,2025-06-06 04:00:04,DELIVERED,EAST,False
287,433,2025-03-17 16:22:53,PLACED,CENTRAL,False
288,475,2026-05-07 14:20:10,PLACED,CENTRAL,False
289,600,2026-07-30 10:39:01,DELIVERED,WEST,False
290,462,2024-08-20 08:23:43,DELIVERED,SOUTH,False
291,93,2025-02-11 05:52:18,DELIVERED,SOUTH,False
292,127,2024-10-10 19:55:40,DELIVERED,EAST,False
293,394,2026-02-16 13:54:37,DELIVERED,SOUTH,False
294,390,2024-09-04 02:28:07,RETURNED,CENTRAL,False
295,154,2024-12-04 22:12:43,SHIPPED,NORTH,False
296,317,2026-02-19 03:12:05,DELIVERED,SOUTH,False
297,135,2025-01-05 00:00:00,DELIVERED,NORTH,False
298,511,2025-09-27 03:35:45,DELIVERED,WEST,False
299,488,2025-07-19 10:17:54,PLACED,CENTRAL,False
300,,2026-06-17 04:48:03,DELIVERED,CENTRAL,True
301,213,2024-09-07 23:54:45,PLACED,EAST,False
302,,2026-05-26 00:00:00,DELIVERED,CENTRAL,True
303,90,2024-09-08 02:00:39,RETURNED,SOUTH,False
304,587,2026-04-04 12:28:37,RETURNED,CENTRAL,False
305,37,2024-10-12 07:59:59,DELIVERED,WEST,False
306,438,2026-05-18 00:25:51,SHIPPED,SOUTH,False
307,282,2025-04-13 16:53:30,DELIVERED,SOUTH,False
308,112,2025-10-18 19:03:15,DELIVERED,NORTH,False
309,295,2025-06-28 16:51:22,DELIVERED,CENTRAL,False
310,363,2026-07-22 02:29:48,DELIVERED,CENTRAL,False
311,510,2025-08-18 12:56:54,CANCELLED,SOUTH,False
312,199,2024-08-02 05:28:13,DELIVERED,NORTH,False
313,213,2026-04-14 00:57:35,DELIVERED,NORTH,False
314,574,2026-04-19 01:44:24,PLACED,SOUTH,False
315,261,2026-04-06 00:00:00,DELIVERED,CENTRAL,False
316,7,2024-10-28 10:04:15,DELIVERED,CENTRAL,False
317,30,2026-05-09 06:24:05,DELIVERED,EAST,False
318,491,2026-07-13 14:31:01,PLACED,SOUTH,False
319,472,2026-06-24 21:10:20,CANCELLED,WEST,False
320,424,2026-07-22 15:15:31,CANCELLED,EAST,False
321,324,2025-10-06 05:15:11,SHIPPED,EAST,False
322,363,2024-09-21 10:18:01,SHIPPED,NORTH,False
323,385,2025-11-30 15:00:31,SHIPPED,CENTRAL,False
324,120,2026-06-03 13:11:40,DELIVERED,EAST,False
325,279,2025-06-18 11:05:16,CANCELLED,EAST,False
326,310,2025-01-15 21:08:21,SHIPPED,EAST,False
327,207,2026-07-11 10:08:59,DELIVERED,WEST,False
328,158,2024-12-26 17:48:09,DELIVERED,CENTRAL,False
329,336,2024-11-20 07:12:47,PLACED,CENTRAL,False
330,136,2025-01-07 08:57:53,DELIVERED,CENTRAL,False
331,319,2026-07-26 00:00:00,CANCELLED,NORTH,False
332,48,2024-10-20 01:58:33,DELIVERED,EAST,False
333,,2026-03-13 03:20:58,CANCELLED,EAST,True
334,294,2025-03-03 21:07:16,DELIVERED,NORTH,False
335,162,2025-03-01 12:57:40,RETURNED,CENTRAL,False
336,212,2025-09-26 09:28:05,DELIVERED,SOUTH,False
337,291,2025-10-20 21:40:54,PLACED,CENTRAL,False
338,554,2025-07-11 00:00:00,PLACED,NORTH,False
339,56,2024-10-06 21:23:07,SHIPPED,CENTRAL,False
340,457,2025-11-22 16:57:02,DELIVERED,SOUTH,False
341,547,2024-10-01 00:11:46,DELIVERED,WEST,False
342,96,2026-04-24 08:38:28,DELIVERED,NORTH,False
343,477,2025-08-01 11:36:39,SHIPPED,CENTRAL,False
344,373,2025-06-01 12:50:36,RETURNED,EAST,False
345,333,2025-07-19 01:48:31,PLACED,NORTH,False
346,473,2026-05-19 22:13:33,DELIVERED,CENTRAL,False
347,521,2024-10-19 22:47:43,DELIVERED,NORTH,False
348,73,2026-04-08 11:59:00,DELIVERED,CENTRAL,False
349,250,2025-09-30 14:30:36,DELIVERED,NORTH,False
350,442,2026-04-02 04:40:19,DELIVERED,EAST,False
351,242,2024-12-13 10:32:48,PLACED,CENTRAL,False
352,118,2025-11-03 22:43:15,DELIVERED,NORTH,False
353,181,2025-03-28 06:12:07,PLACED,NORTH,False
354,389,2025-04-12 07:19:55,DELIVERED,NORTH,False
355,143,2026-06-21 03:45:13,DELIVERED,NORTH,False
356,153,2025-07-18 20:03:18,DELIVERED,CENTRAL,False
357,211,2026-01-12 08:23:37,SHIPPED,EAST,False
358,446,2026-02-09 12:35:53,DELIVERED,NORTH,False
359,523,2025-06-10 22:47:09,CANCELLED,NORTH,False
360,563,2024-09-11 00:00:00,DELIVERED,EAST,False
361,289,2026-06-04 00:00:00,DELIVERED,CENTRAL,False
362,326,2026-02-04 20:25:21,DELIVERED,CENTRAL,False
363,178,2025-08-04 20:14:41,DELIVERED,EAST,False
364,158,2025-03-13 01:29:12,DELIVERED,SOUTH,False
365,,2025-12-17 00:00:00,DELIVERED,WEST,True
366,140,2024-10-05 18:14:27,CANCELLED,WEST,False
367,436,2025-11-28 02:11:37,DELIVERED,CENTRAL,False
368,394,2025-05-03 23:24:24,DELIVERED,NORTH,False
369,243,2026-02-05 03:03:55,DELIVERED,CENTRAL,False
370,35,2024-08-30 09:51:19,DELIVERED,NORTH,False
371,82,2024-11-19 08:42:09,DELIVERED,EAST,False
372,81,2025-09-11 12:04:39,PLACED,WEST,False
373,80,2026-01-14 08:03:50,DELIVERED,EAST,False
374,352,2025-09-20 13:44:34,DELIVERED,CENTRAL,False
375,588,2026-02-21 23:17:40,DELIVERED,EAST,False
376,37,2026-01-22 20:41:33,DELIVERED,CENTRAL,False
377,485,2025-10-24 01:19:51,PLACED,EAST,False
378,28,2025-03-11 18:37:52,PLACED,NORTH,False
379,285,2025-02-12 18:34:14,SHIPPED,EAST,False
380,,2024-10-26 15:25:53,RETURNED,SOUTH,True
381,379,2026-04-20 11:14:31,DELIVERED,SOUTH,False
382,541,2026-06-01 00:00:00,RETURNED,SOUTH,False
383,158,2026-05-13 14:15:38,RETURNED,WEST,False
384,451,2026-02-15 21:36:14,SHIPPED,EAST,False
385,271,2026-03-10 19:14:28,PLACED,WEST,False
386,309,2025-08-05 22:14:46,DELIVERED,CENTRAL,False
387,400,2025-08-04 14:59:27,DELIVERED,WEST,False
388,,2026-07-22 04:40:50,DELIVERED,EAST,True
389,43,2024-10-15 15:00:08,DELIVERED,WEST,False
390,280,2025-04-18 04:14:42,CANCELLED,EAST,False
391,401,2025-07-25 03:41:13,DELIVERED,CENTRAL,False
392,533,2025-04-20 01:42:53,RETURNED,EAST,False
393,9,2026-05-08 00:00:00,DELIVERED,CENTRAL,False
394,457,2025-05-01 00:44:27,SHIPPED,SOUTH,False
395,,2025-11-25 02:24:04,RETURNED,SOUTH,True
396,125,2026-02-01 23:28:35,PLACED,CENTRAL,False
397,580,2026-04-16 20:44:03,CANCELLED,SOUTH,False
398,479,2025-12-27 00:11:57,DELIVERED,EAST,False
399,332,2025-02-16 21:06:06,PLACED,NORTH,False
400,341,2024-09-16 15:34:27,CANCELLED,SOUTH,False
401,504,2026-07-23 06:06:11,DELIVERED,WEST,False
402,554,2026-03-21 01:44:35,DELIVERED,NORTH,False
403,266,2024-10-20 00:00:00,PLACED,EAST,False
404,20,2026-06-28 08:12:08,DELIVERED,NORTH,False
405,400,2025-02-23 22:44:09,DELIVERED,WEST,False
406,528,2026-02-01 14:43:31,DELIVERED,WEST,False
407,72,2025-09-24 12:43:44,DELIVERED,WEST,False
408,549,2026-07-28 06:26:58,DELIVERED,EAST,False
409,93,2025-05-11 18:43:03,RETURNED,NORTH,False
410,297,2025-12-17 03:43:43,DELIVERED,WEST,False
411,307,2026-01-23 12:11:09,PLACED,EAST,False
412,449,2026-02-23 03:26:10,PLACED,NORTH,False
413,245,2025-08-15 23:57:20,DELIVERED,EAST,False
414,461,2024-08-13 00:00:00,PLACED,NORTH,False
415,217,2026-04-19 21:30:12,DELIVERED,CENTRAL,False
416,594,2025-01-28 23:10:02,PLACED,SOUTH,False
417,20,2025-08-02 00:10:14,DELIVERED,SOUTH,False
418,134,2024-08-12 03:47:12,PLACED,EAST,False
419,100,2025-07-21 07:53:49,CANCELLED,NORTH,False
420,109,2024-10-28 16:27:48,DELIVERED,SOUTH,False
421,208,2025-06-28 01:09:27,CANCELLED,WEST,False
422,590,2025-09-29 00:01:48,CANCELLED,SOUTH,False
423,178,2025-04-18 00:00:00,SHIPPED,WEST,False
424,379,2025-10-04 20:16:04,SHIPPED,CENTRAL,False
425,,2024-10-17 15:32:08,DELIVERED,WEST,True
426,17,2026-06-15 05:26:04,PLACED,SOUTH,False
427,291,2025-06-20 06:56:41,DELIVERED,WEST,False
428,212,2024-11-20 03:21:03,DELIVERED,WEST,False
429,179,2025-11-18 05:15:10,DELIVERED,WEST,False
430,91,2025-12-01 03:41:59,DELIVERED,WEST,False
431,,2025-01-31 00:37:46,RETURNED,NORTH,True
432,553,2025-08-30 05:14:43,DELIVERED,SOUTH,False
433,199,2024-10-27 12:29:27,DELIVERED,WEST,False
434,164,2026-01-03 12:21:50,PLACED,EAST,False
435,446,2025-02-12 06:05:45,CANCELLED,WEST,False
436,,2026-02-27 00:00:00,DELIVERED,SOUTH,True
437,497,2025-09-04 22:30:03,CANCELLED,WEST,False
438,334,2025-06-22 11:57:41,DELIVERED,EAST,False
439,113,2025-04-11 07:32:43,SHIPPED,WEST,False
440,385,2026-06-24 08:15:02,DELIVERED,WEST,False
441,447,2024-11-21 13:54:04,DELIVERED,SOUTH,False
442,140,2025-07-22 12:53:44,DELIVERED,EAST,False
443,131,2024-08-25 22:17:11,PLACED,SOUTH,False
444,477,2025-07-23 04:31:50,DELIVERED,SOUTH,False
445,161,2026-04-06 06:13:19,RETURNED,SOUTH,False
446,567,2026-05-27 02:25:48,DELIVERED,CENTRAL,False
447,222,2025-11-03 11:52:00,DELIVERED,NORTH,False
448,253,2025-02-09 11:54:46,DELIVERED,CENTRAL,False
449,588,2026-06-29 00:00:00,RETURNED,NORTH,False
450,517,2024-08-27 02:43:57,DELIVERED,NORTH,False
451,247,2024-10-04 12:56:17,PLACED,WEST,False
452,136,2025-05-06 09:09:58,DELIVERED,NORTH,False
453,,2026-01-02 15:43:39,DELIVERED,CENTRAL,True
454,25,2025-07-20 06:50:49,PLACED,WEST,False
455,380,2025-11-30 20:36:11,DELIVERED,NORTH,False
456,341,2025-09-17 00:00:00,DELIVERED,EAST,False
457,556,2025-10-21 19:03:09,DELIVERED,NORTH,False
458,344,2026-02-23 11:34:30,DELIVERED,EAST,False
459,114,2025-05-25 10:47:54,DELIVERED,EAST,False
460,573,2026-01-30 00:00:00,DELIVERED,SOUTH,False
461,343,2025-02-02 08:26:09,DELIVERED,CENTRAL,False
462,215,2026-03-09 00:10:17,SHIPPED,EAST,False
463,516,2026-01-11 08:20:43,PLACED,EAST,False
464,498,2025-08-25 11:42:26,PLACED,CENTRAL,False
465,546,2026-06-30 14:59:08,DELIVERED,NORTH,False
466,469,2024-10-07 19:33:11,CANCELLED,EAST,False
467,79,2024-10-24 22:42:35,PLACED,SOUTH,False
468,210,2025-09-09 10:19:15,PLACED,WEST,False
469,555,2026-07-25 16:32:49,DELIVERED,WEST,False
470,22,2025-03-15 10:16:01,PLACED,SOUTH,False
471,533,2025-12-14 17:33:27,DELIVERED,EAST,False
472,543,2026-05-16 22:18:00,DELIVERED,CENTRAL,False
473,314,2024-12-12 09:24:43,SHIPPED,EAST,False
474,49,2024-11-24 05:13:37,DELIVERED,SOUTH,False
475,165,2026-02-04 21:08:26,SHIPPED,SOUTH,False
476,158,2024-12-04 06:00:20,PLACED,EAST,False
477,452,2025-02-19 06:20:31,SHIPPED,NORTH,False
478,353,2024-11-23 21:52:48,DELIVERED,SOUTH,False
479,125,2026-07-16 00:00:00,RETURNED,SOUTH,False
480,328,2024-11-30 00:00:00,DELIVERED,CENTRAL,False
481,303,2025-08-04 02:20:06,RETURNED,CENTRAL,False
482,579,2026-02-17 21:02:25,DELIVERED,NORTH,False
483,42,2024-11-17 07:02:18,PLACED,NORTH,False
484,226,2025-07-13 09:32:00,DELIVERED,CENTRAL,False
485,598,2025-09-13 21:26:17,RETURNED,EAST,False
486,86,2025-09-23 04:43:57,DELIVERED,NORTH,False
487,404,2024-12-30 00:48:41,DELIVERED,CENTRAL,False
488,370,2025-06-05 19:01:05,CANCELLED,EAST,False
489,13,2025-03-10 02:16:02,DELIVERED,WEST,False
490,90,2025-01-15 12:50:56,DELIVERED,WEST,False
491,296,2024-12-06 05:16:23,RETURNED,WEST,False
492,425,2024-11-17 09:43:48,DELIVERED,SOUTH,False
493,487,2026-06-05 19:51:12,DELIVERED,CENTRAL,False
494,91,2024-08-06 03:23:04,RETURNED,WEST,False
495,474,2026-02-03 15:57:49,RETURNED,SOUTH,False
496,391,2025-03-13 19:59:04,PLACED,EAST,False
497,312,2025-08-19 18:42:02,DELIVERED,NORTH,False
498,158,2025-02-21 00:39:16,DELIVERED,WEST,False
499,295,2025-06-21 00:21:57,RETURNED,SOUTH,False
500,,2026-03-17 23:23:00,RETURNED,NORTH,True
501,371,2025-10-26 07:51:03,DELIVERED,EAST,False
502,488,2026-01-22 05:39:59,DELIVERED,CENTRAL,False
503,,2025-02-18 14:07:25,PLACED,EAST,True
504,139,2025-05-05 14:08:52,SHIPPED,WEST,False
505,365,2024-09-07 20:06:41,DELIVERED,NORTH,False
506,188,2026-03-17 22:50:35,DELIVERED,CENTRAL,False
507,324,2026-05-05 05:04:44,DELIVERED,EAST,False
508,372,2024-10-14 10:27:51,DELIVERED,SOUTH,False
509,,2025-09-07 11:24:10,DELIVERED,WEST,True
510,167,2024-10-19 13:12:26,DELIVERED,SOUTH,False
511,573,2025-11-20 11:08:00,RETURNED,CENTRAL,False
512,117,2025-06-21 03:53:53,PLACED,SOUTH,False
513,492,2025-04-28 11:06:11,DELIVERED,WEST,False
514,536,2026-03-17 02:20:26,SHIPPED,EAST,False
515,,2026-04-25 16:45:43,PLACED,SOUTH,True
516,315,2024-11-06 08:35:05,RETURNED,WEST,False
517,115,2024-09-30 00:00:00,DELIVERED,WEST,False
518,,2024-10-23 00:00:00,DELIVERED,CENTRAL,True
519,122,2026-07-07 16:12:49,PLACED,NORTH,False
520,127,2026-07-16 15:52:16,DELIVERED,SOUTH,False
521,360,2024-08-23 17:25:46,CANCELLED,EAST,False
522,357,2025-05-01 13:32:41,DELIVERED,CENTRAL,False
523,584,2024-09-23 01:53:41,DELIVERED,NORTH,False
524,197,2025-03-07 22:11:29,DELIVERED,NORTH,False
525,102,2026-07-19 20:56:06,DELIVERED,WEST,False
526,190,2025-07-08 11:57:54,PLACED,EAST,False
527,435,2025-01-14 10:21:24,DELIVERED,EAST,False
528,113,2025-09-08 16:25:27,DELIVERED,EAST,False
529,42,2024-10-03 21:12:46,PLACED,EAST,False
530,320,2026-01-16 15:28:33,DELIVERED,CENTRAL,False
531,439,2024-12-25 15:12:25,CANCELLED,WEST,False
532,377,2024-12-18 00:00:00,DELIVERED,NORTH,False
533,536,2025-12-25 12:13:45,PLACED,WEST,False
534,105,2026-02-27 21:17:49,RETURNED,NORTH,False
535,204,2025-04-21 00:33:05,CANCELLED,WEST,False
536,435,2026-02-15 06:43:01,DELIVERED,CENTRAL,False
537,410,2025-05-04 14:08:05,DELIVERED,WEST,False
538,524,2025-03-05 14:53:53,DELIVERED,NORTH,False
539,510,2025-01-27 06:49:48,PLACED,NORTH,False
540,70,2025-08-22 21:54:27,RETURNED,WEST,False
541,335,2024-11-27 15:13:03,DELIVERED,NORTH,False
542,533,2026-03-20 04:34:52,DELIVERED,EAST,False
543,503,2025-08-28 02:03:22,DELIVERED,CENTRAL,False
544,33,2025-07-01 07:21:24,PLACED,WEST,False
545,386,2025-07-10 17:50:40,PLACED,CENTRAL,False
546,311,2026-06-19 04:00:27,DELIVERED,SOUTH,False
547,399,2025-08-14 14:49:06,DELIVERED,WEST,False
548,553,2025-10-19 10:46:18,DELIVERED,SOUTH,False
549,401,2025-02-21 13:57:49,RETURNED,CENTRAL,False
550,292,2025-04-06 00:00:00,DELIVERED,SOUTH,False
551,358,2026-04-21 19:10:10,PLACED,EAST,False
552,439,2025-04-26 01:55:56,DELIVERED,NORTH,False
553,254,2025-01-30 05:40:21,DELIVERED,NORTH,False
554,118,2025-04-20 05:12:47,DELIVERED,NORTH,False
555,433,2025-10-16 05:12:30,DELIVERED,NORTH,False
556,23,2025-04-03 20:15:17,DELIVERED,CENTRAL,False
557,501,2024-10-17 17:11:30,SHIPPED,WEST,False
558,348,2024-12-08 10:09:23,DELIVERED,WEST,False
559,78,2026-05-15 17:49:39,SHIPPED,EAST,False
560,,2025-10-20 11:12:02,SHIPPED,NORTH,True
561,593,2024-10-13 13:57:45,SHIPPED,CENTRAL,False
562,487,2025-06-28 17:49:51,DELIVERED,EAST,False
563,308,2025-07-03 06:02:10,DELIVERED,WEST,False
564,528,2025-07-19 00:47:36,DELIVERED,NORTH,False
565,529,2026-06-02 02:04:35,DELIVERED,WEST,False
566,546,2026-04-21 07:36:46,DELIVERED,WEST,False
567,62,2025-09-10 15:48:38,DELIVERED,SOUTH,False
568,308,2026-05-18 15:34:28,DELIVERED,NORTH,False
569,423,2025-02-24 08:01:28,DELIVERED,EAST,False
570,242,2025-06-12 05:53:22,PLACED,NORTH,False
571,318,2025-07-27 12:33:50,RETURNED,WEST,False
572,38,2025-01-04 21:22:33,PLACED,EAST,False
573,285,2025-12-25 14:30:43,DELIVERED,NORTH,False
574,498,2026-03-31 00:00:00,CANCELLED,NORTH,False
575,306,2026-06-05 00:00:00,RETURNED,EAST,False
576,93,2025-06-05 06:39:35,DELIVERED,SOUTH,False
577,585,2026-02-22 11:42:25,PLACED,CENTRAL,False
578,538,2025-02-12 14:02:32,PLACED,CENTRAL,False
579,321,2025-04-13 18:20:03,DELIVERED,SOUTH,False
580,224,2024-11-21 01:32:06,SHIPPED,EAST,False
581,261,2026-06-02 05:37:14,DELIVERED,EAST,False
582,116,2025-04-03 19:48:00,DELIVERED,SOUTH,False
583,149,2025-05-09 22:46:24,DELIVERED,EAST,False
584,,2026-07-05 02:41:58,CANCELLED,NORTH,True
585,246,2025-02-13 11:56:34,DELIVERED,EAST,False
586,125,2025-09-20 11:27:28,CANCELLED,WEST,False
587,,2025-06-02 05:35:43,RETURNED,EAST,True
588,242,2025-03-20 00:21:53,CANCELLED,WEST,False
589,417,2026-04-06 00:00:00,CANCELLED,WEST,False
590,423,2026-07-21 15:09:35,DELIVERED,NORTH,False
591,268,2025-08-29 00:00:00,DELIVERED,CENTRAL,False
592,465,2026-01-22 00:00:00,PLACED,SOUTH,False
593,140,2024-08-03 09:20:13,DELIVERED,EAST,False
594,114,2024-12-01 14:01:24,DELIVERED,SOUTH,False
595,421,2026-04-08 15:55:23,DELIVERED,SOUTH,False
596,336,2026-04-14 00:17:40,PLACED,EAST,False
597,387,2026-05-11 07:32:42,SHIPPED,NORTH,False
598,235,2026-07-06 08:48:43,DELIVERED,EAST,False
599,173,2024-09-08 16:01:18,DELIVERED,EAST,False
600,377,2024-12-11 03:19:13,PLACED,CENTRAL,False
601,465,2026-05-05 13:11:47,PLACED,SOUTH,False
602,273,2025-03-12 16:00:00,DELIVERED,WEST,False
603,221,2026-05-03 02:07:49,DELIVERED,WEST,False
604,150,2024-08-23 08:22:11,SHIPPED,CENTRAL,False
605,255,2025-05-15 02:32:48,DELIVERED,NORTH,False
606,,2024-11-12 11:07:11,RETURNED,WEST,True
607,393,2026-02-02 06:31:27,DELIVERED,NORTH,False
608,61,2024-09-10 11:26:58,SHIPPED,EAST,False
609,47,2024-08-05 03:56:09,DELIVERED,EAST,False
610,380,2024-11-11 17:05:58,DELIVERED,CENTRAL,False
611,174,2025-08-27 06:31:10,DELIVERED,WEST,False
612,325,2026-02-03 16:07:24,PLACED,NORTH,False
613,131,2025-08-23 17:57:37,CANCELLED,EAST,False
614,290,2026-07-03 05:16:30,DELIVERED,EAST,False
615,447,2026-06-25 08:36:31,DELIVERED,WEST,False
616,155,2025-10-06 14:31:38,DELIVERED,WEST,False
617,153,2024-09-12 09:12:20,PLACED,EAST,False
618,479,2025-07-05 23:38:32,CANCELLED,WEST,False
619,,2025-05-04 22:00:59,DELIVERED,WEST,True
620,152,2024-11-05 01:04:55,SHIPPED,EAST,False
621,173,2026-03-06 11:49:56,SHIPPED,CENTRAL,False
622,5,2025-09-13 13:38:16,SHIPPED,NORTH,False
623,511,2026-01-08 18:29:21,DELIVERED,EAST,False
624,125,2025-06-03 03:51:27,RETURNED,NORTH,False
625,158,2024-08-23 10:15:35,CANCELLED,WEST,False
626,276,2025-11-05 12:46:12,DELIVERED,NORTH,False
627,464,2025-04-10 08:51:47,RETURNED,CENTRAL,False
628,50,2026-04-15 14:07:24,DELIVERED,NORTH,False
629,561,2025-11-11 19:31:40,DELIVERED,SOUTH,False
630,409,2024-10-09 00:00:00,SHIPPED,WEST,False
631,292,2025-12-16 16:05:09,DELIVERED,NORTH,False
632,443,2026-02-23 13:58:13,DELIVERED,CENTRAL,False
633,99,2026-05-09 06:35:23,SHIPPED,WEST,False
634,488,2025-02-25 12:49:07,DELIVERED,WEST,False
635,191,2025-07-04 04:19:15,PLACED,CENTRAL,False
636,475,2026-01-08 09:45:22,DELIVERED,SOUTH,False
637,540,2025-12-02 23:50:28,PLACED,WEST,False
638,490,2025-03-22 07:44:10,PLACED,EAST,False
639,536,2025-06-29 05:29:55,PLACED,NORTH,False
640,526,2024-10-23 14:24:32,DELIVERED,WEST,False
641,583,2026-04-24 08:09:06,SHIPPED,NORTH,False
642,17,2024-10-28 11:54:41,DELIVERED,SOUTH,False
643,47,2024-10-04 16:38:55,DELIVERED,EAST,False
644,466,2026-03-12 06:06:24,DELIVERED,EAST,False
645,192,2025-01-11 22:35:58,DELIVERED,CENTRAL,False
646,109,2025-07-03 22:35:52,PLACED,NORTH,False
647,,2025-12-23 09:00:58,DELIVERED,CENTRAL,True
648,311,2025-11-24 09:39:50,DELIVERED,WEST,False
649,90,2024-11-06 03:50:13,SHIPPED,NORTH,False
650,193,2026-05-30 00:00:00,DELIVERED,SOUTH,False
651,447,2026-05-17 01:41:23,DELIVERED,SOUTH,False
652,475,2024-11-24 02:00:28,PLACED,SOUTH,False
653,456,2025-08-12 17:55:42,CANCELLED,CENTRAL,False
654,302,2025-10-17 06:57:11,DELIVERED,EAST,False
655,,2025-12-03 15:41:30,DELIVERED,WEST,True
656,593,2025-11-06 19:15:15,RETURNED,NORTH,False
657,498,2025-09-03 17:38:39,DELIVERED,WEST,False
658,63,2025-09-15 00:00:00,DELIVERED,CENTRAL,False
659,428,2026-06-22 14:46:55,DELIVERED,EAST,False
660,447,2024-08-17 03:52:09,DELIVERED,WEST,False
661,238,2025-08-30 07:01:11,RETURNED,EAST,False
662,480,2024-11-10 20:58:22,DELIVERED,WEST,False
663,369,2026-04-11 06:00:21,RETURNED,SOUTH,False
664,290,2026-01-19 11:32:07,DELIVERED,SOUTH,False
665,161,2025-11-14 11:58:47,DELIVERED,WEST,False
666,215,2025-10-07 00:00:00,PLACED,EAST,False
667,163,2024-12-14 16:55:11,CANCELLED,NORTH,False
668,346,2025-07-01 11:20:50,SHIPPED,CENTRAL,False
669,265,2025-04-22 08:06:11,DELIVERED,CENTRAL,False
670,155,2026-05-25 20:40:51,DELIVERED,NORTH,False
671,449,2026-04-13 14:11:42,CANCELLED,NORTH,False
672,105,2026-05-02 17:12:26,DELIVERED,SOUTH,False
673,211,2026-07-09 14:00:20,DELIVERED,WEST,False
674,511,2026-02-20 23:45:25,SHIPPED,EAST,False
675,142,2024-11-04 12:34:40,DELIVERED,WEST,False
676,7,2025-02-07 13:01:22,DELIVERED,EAST,False
677,88,2025-02-23 14:53:26,DELIVERED,EAST,False
678,252,2024-11-26 18:14:16,DELIVERED,SOUTH,False
679,440,2025-06-18 02:30:36,CANCELLED,CENTRAL,False
680,371,2024-08-24 02:49:16,DELIVERED,CENTRAL,False
681,87,2025-04-20 18:26:12,RETURNED,SOUTH,False
682,403,2026-03-13 00:00:00,RETURNED,SOUTH,False
683,60,2025-12-04 14:01:05,DELIVERED,CENTRAL,False
684,430,2025-06-09 05:52:32,DELIVERED,EAST,False
685,322,2026-07-08 05:17:29,CANCELLED,CENTRAL,False
686,151,2026-01-26 22:26:46,DELIVERED,CENTRAL,False
687,453,2026-01-24 17:48:04,CANCELLED,WEST,False
688,309,2024-10-05 00:00:00,DELIVERED,SOUTH,False
689,554,2025-03-09 12:47:56,DELIVERED,EAST,False
690,164,2024-08-19 00:00:00,DELIVERED,CENTRAL,False
691,312,2026-02-16 07:06:50,DELIVERED,NORTH,False
692,266,2025-11-30 23:55:55,PLACED,NORTH,False
693,587,2026-02-24 00:00:00,DELIVERED,SOUTH,False
694,596,2025-10-14 07:29:47,RETURNED,CENTRAL,False
695,240,2025-04-30 02:45:27,DELIVERED,CENTRAL,False
696,387,2025-09-08 15:17:18,PLACED,CENTRAL,False
697,370,2025-07-19 20:56:40,DELIVERED,WEST,False
698,64,2025-06-27 00:27:45,DELIVERED,WEST,False
699,539,2025-06-09 19:52:23,DELIVERED,WEST,False
700,599,2025-08-23 10:48:53,RETURNED,WEST,False
701,427,2026-05-02 20:57:56,DELIVERED,WEST,False
702,133,2026-01-30 05:17:31,DELIVERED,SOUTH,False
703,34,2026-03-03 19:41:59,DELIVERED,NORTH,False
704,419,2024-10-25 16:48:54,DELIVERED,NORTH,False
705,121,2025-05-16 12:39:12,DELIVERED,EAST,False
706,147,2024-11-19 09:40:40,DELIVERED,EAST,False
707,221,2024-12-21 04:48:18,DELIVERED,NORTH,False
708,70,2026-06-08 00:00:00,DELIVERED,EAST,False
709,346,2026-03-30 21:24:27,CANCELLED,CENTRAL,False
710,142,2025-08-28 01:28:49,DELIVERED,WEST,False
711,334,2024-10-09 08:57:06,DELIVERED,WEST,False
712,405,2025-04-21 07:22:42,RETURNED,WEST,False
713,91,2026-06-04 14:32:40,PLACED,EAST,False
714,127,2025-12-14 03:25:49,SHIPPED,CENTRAL,False
715,55,2025-10-17 22:07:32,DELIVERED,CENTRAL,False
716,124,2025-12-25 06:45:05,SHIPPED,NORTH,False
717,211,2025-02-07 12:28:31,CANCELLED,CENTRAL,False
718,547,2025-11-15 08:35:37,DELIVERED,WEST,False
719,24,2025-04-22 01:14:58,DELIVERED,CENTRAL,False
720,264,2024-10-10 16:49:50,PLACED,SOUTH,False
721,188,2025-02-15 11:52:53,SHIPPED,WEST,False
722,61,2025-11-21 06:39:07,SHIPPED,NORTH,False
723,102,2025-04-06 14:00:19,CANCELLED,EAST,False
724,124,2024-09-10 07:04:41,DELIVERED,CENTRAL,False
725,521,2026-03-08 09:33:56,RETURNED,EAST,False
726,476,2025-10-04 14:55:27,DELIVERED,WEST,False
727,20,2025-02-26 01:30:04,DELIVERED,NORTH,False
728,569,2025-12-20 01:47:21,DELIVERED,WEST,False
729,513,2025-01-06 00:42:41,PLACED,CENTRAL,False
730,252,2025-09-22 12:23:25,RETURNED,CENTRAL,False
731,2,2026-04-24 04:46:36,CANCELLED,EAST,False
732,172,2024-08-01 00:00:00,RETURNED,EAST,False
733,390,2025-04-30 22:54:17,SHIPPED,CENTRAL,False
734,166,2026-02-26 03:22:07,PLACED,NORTH,False
735,126,2026-05-08 01:36:24,DELIVERED,EAST,False
736,216,2025-11-18 03:31:31,CANCELLED,EAST,False
737,464,2025-03-01 01:20:01,RETURNED,EAST,False
738,337,2024-08-13 07:55:27,PLACED,NORTH,False
739,5,2026-07-02 00:00:00,SHIPPED,CENTRAL,False
740,501,2026-03-16 05:22:56,PLACED,NORTH,False
741,456,2026-01-05 03:34:19,RETURNED,WEST,False
742,367,2025-05-28 09:33:42,DELIVERED,NORTH,False
743,380,2026-07-29 04:55:29,PLACED,NORTH,False
744,367,2024-12-27 18:02:11,DELIVERED,EAST,False
745,227,2025-01-29 22:53:04,RETURNED,NORTH,False
746,215,2024-08-06 13:00:48,CANCELLED,WEST,False
747,285,2025-10-17 00:50:04,SHIPPED,SOUTH,False
748,580,2026-01-05 02:15:37,DELIVERED,NORTH,False
749,67,2024-11-07 23:29:03,DELIVERED,SOUTH,False
750,281,2024-12-28 00:22:19,PLACED,CENTRAL,False
751,574,2026-06-17 22:12:47,RETURNED,NORTH,False
752,331,2025-07-02 23:16:56,DELIVERED,NORTH,False
753,478,2025-08-20 22:10:56,DELIVERED,SOUTH,False
754,,2026-07-15 08:03:29,DELIVERED,NORTH,True
755,343,2024-10-03 13:01:42,CANCELLED,SOUTH,False
756,434,2024-09-27 19:40:08,SHIPPED,EAST,False
757,100,2024-08-22 15:35:08,CANCELLED,CENTRAL,False
758,343,2026-05-15 20:11:49,PLACED,SOUTH,False
759,56,2026-05-01 04:21:50,DELIVERED,NORTH,False
760,450,2026-03-17 11:49:47,DELIVERED,NORTH,False
761,63,2026-07-14 00:00:00,DELIVERED,NORTH,False
762,64,2026-07-15 21:33:36,PLACED,CENTRAL,False
763,68,2024-10-19 02:12:13,DELIVERED,EAST,False
764,412,2024-10-14 10:24:19,DELIVERED,CENTRAL,False
765,11,2025-07-19 04:11:53,DELIVERED,CENTRAL,False
766,348,2025-12-19 14:03:17,DELIVERED,WEST,False
767,198,2024-10-23 21:23:19,DELIVERED,NORTH,False
768,199,2026-07-04 10:40:42,DELIVERED,EAST,False
769,493,2026-02-14 19:57:08,SHIPPED,SOUTH,False
770,62,2024-11-08 04:08:30,DELIVERED,EAST,False
771,555,2026-03-26 08:17:13,DELIVERED,CENTRAL,False
772,378,2024-08-07 06:39:23,DELIVERED,SOUTH,False
773,520,2026-04-29 06:41:33,CANCELLED,WEST,False
774,206,2025-12-11 12:48:24,DELIVERED,EAST,False
775,488,2026-01-22 15:40:02,DELIVERED,EAST,False
776,580,2025-04-18 17:09:53,DELIVERED,SOUTH,False
777,44,2025-08-21 04:49:04,PLACED,SOUTH,False
778,478,2025-11-28 14:42:43,DELIVERED,EAST,False
779,385,2025-01-07 11:22:27,CANCELLED,NORTH,False
780,76,2025-05-05 00:00:00,PLACED,EAST,False
781,600,2026-07-10 22:07:28,PLACED,NORTH,False
782,291,2024-12-14 06:19:41,SHIPPED,SOUTH,False
783,568,2025-02-08 01:06:22,PLACED,EAST,False
784,22,2026-05-08 19:16:18,DELIVERED,NORTH,False
785,216,2025-03-25 22:57:40,DELIVERED,EAST,False
786,540,2026-04-13 14:51:54,CANCELLED,NORTH,False
787,134,2026-04-10 09:58:29,DELIVERED,EAST,False
788,440,2025-12-08 02:33:50,PLACED,CENTRAL,False
789,549,2025-03-17 11:57:49,DELIVERED,NORTH,False
790,287,2026-06-09 23:07:52,DELIVERED,CENTRAL,False
791,215,2026-02-16 21:49:39,DELIVERED,CENTRAL,False
792,521,2025-05-29 11:00:13,DELIVERED,CENTRAL,False
793,532,2025-07-27 14:34:09,DELIVERED,CENTRAL,False
794,507,2025-08-03 23:29:31,DELIVERED,CENTRAL,False
795,213,2025-01-18 12:15:59,DELIVERED,SOUTH,False
796,314,2025-06-27 03:00:00,DELIVERED,EAST,False
797,87,2024-11-13 08:05:54,SHIPPED,CENTRAL,False
798,598,2024-09-01 22:57:34,DELIVERED,WEST,False
799,443,2025-06-14 15:25:56,DELIVERED,EAST,False
800,184,2025-07-10 01:40:13,DELIVERED,EAST,False
801,302,2026-05-17 11:15:56,DELIVERED,NORTH,False
802,234,2024-10-16 10:28:43,DELIVERED,CENTRAL,False
803,202,2026-01-07 08:54:45,DELIVERED,EAST,False
804,142,2026-05-27 02:20:25,DELIVERED,EAST,False
805,,2025-03-21 14:36:10,DELIVERED,WEST,True
806,594,2026-03-12 14:31:44,DELIVERED,CENTRAL,False
807,153,2026-06-04 05:27:28,SHIPPED,SOUTH,False
808,529,2025-10-30 22:32:27,DELIVERED,WEST,False
809,88,2025-04-01 04:08:16,DELIVERED,WEST,False
810,461,2026-05-25 12:01:51,DELIVERED,CENTRAL,False
811,313,2026-02-25 00:00:00,CANCELLED,EAST,False
812,430,2025-06-27 15:59:01,DELIVERED,CENTRAL,False
813,24,2025-10-15 20:24:36,RETURNED,SOUTH,False
814,339,2025-10-16 07:50:44,DELIVERED,CENTRAL,False
815,401,2025-05-24 04:17:35,DELIVERED,CENTRAL,False
816,487,2024-10-24 09:09:56,RETURNED,EAST,False
817,107,2026-01-07 04:46:41,PLACED,CENTRAL,False
818,192,2025-01-02 00:00:00,RETURNED,EAST,False
819,299,2025-12-26 07:16:26,DELIVERED,EAST,False
820,176,2025-04-11 19:28:22,DELIVERED,SOUTH,False
821,133,2025-09-21 16:12:32,DELIVERED,WEST,False
822,212,2024-11-09 22:06:47,DELIVERED,WEST,False
823,589,2026-07-31 11:06:15,SHIPPED,WEST,False
824,8,2024-11-19 19:58:17,CANCELLED,CENTRAL,False
825,539,2025-04-13 10:58:52,CANCELLED,WEST,False
826,41,2026-02-24 16:05:42,DELIVERED,WEST,False
827,305,2025-05-31 18:27:10,CANCELLED,SOUTH,False
828,184,2026-07-01 00:33:23,DELIVERED,WEST,False
829,188,2026-01-25 13:23:40,DELIVERED,NORTH,False
830,162,2025-03-01 15:33:34,DELIVERED,NORTH,False
831,223,2026-07-07 20:04:32,RETURNED,CENTRAL,False
832,378,2024-09-29 10:41:25,DELIVERED,EAST,False
833,169,2025-02-13 07:54:40,PLACED,NORTH,False
834,473,2025-05-24 01:15:17,DELIVERED,SOUTH,False
835,11,2025-02-11 15:37:46,RETURNED,EAST,False
836,476,2025-08-12 12:34:01,PLACED,SOUTH,False
837,449,2024-11-17 22:33:24,SHIPPED,SOUTH,False
838,19,2025-11-15 11:05:12,SHIPPED,CENTRAL,False
839,173,2024-09-30 06:17:41,PLACED,EAST,False
840,367,2024-12-17 05:02:46,PLACED,CENTRAL,False
841,49,2026-05-12 17:30:41,DELIVERED,NORTH,False
842,316,2025-07-11 00:00:00,PLACED,WEST,False
843,256,2025-05-18 23:53:00,SHIPPED,NORTH,False
844,15,2025-04-19 20:18:34,DELIVERED,NORTH,False
845,99,2026-04-11 23:44:35,DELIVERED,SOUTH,False
846,,2025-09-03 01:41:39,DELIVERED,CENTRAL,True
847,213,2026-07-27 17:07:28,RETURNED,NORTH,False
848,109,2025-05-04 23:03:52,PLACED,EAST,False
849,,2025-01-13 06:16:54,PLACED,EAST,True
850,378,2024-09-04 00:00:00,SHIPPED,EAST,False
851,512,2024-10-19 01:56:34,DELIVERED,CENTRAL,False
852,98,2025-11-09 22:20:02,DELIVERED,WEST,False
853,137,2025-04-15 21:47:46,DELIVERED,EAST,False
854,494,2024-09-22 10:32:33,DELIVERED,CENTRAL,False
855,524,2025-12-11 13:29:58,DELIVERED,NORTH,False
856,128,2025-03-28 21:21:20,DELIVERED,SOUTH,False
857,62,2024-11-15 20:13:12,SHIPPED,SOUTH,False
858,39,2025-02-01 21:50:02,DELIVERED,WEST,False
859,337,2024-11-13 06:55:06,DELIVERED,NORTH,False
860,425,2025-12-17 08:27:39,DELIVERED,SOUTH,False
861,340,2025-04-24 04:55:14,DELIVERED,SOUTH,False
862,228,2025-11-16 07:07:10,DELIVERED,SOUTH,False
863,7,2024-09-20 04:32:45,PLACED,SOUTH,False
864,145,2026-07-30 18:42:17,PLACED,CENTRAL,False
865,210,2025-01-31 13:08:24,DELIVERED,WEST,False
866,203,2025-02-07 05:43:55,DELIVERED,EAST,False
867,460,2025-12-07 16:30:47,CANCELLED,WEST,False
868,369,2025-06-06 07:48:54,DELIVERED,WEST,False
869,444,2026-03-14 13:28:31,RETURNED,WEST,False
870,,2025-05-24 06:10:16,PLACED,EAST,True
871,157,2025-10-04 09:54:38,SHIPPED,WEST,False
872,291,2025-05-19 09:14:41,DELIVERED,EAST,False
873,481,2024-12-31 00:24:21,SHIPPED,NORTH,False
874,384,2025-08-17 17:21:40,DELIVERED,WEST,False
875,383,2025-05-26 06:58:35,DELIVERED,CENTRAL,False
876,40,2026-07-17 19:55:47,RETURNED,SOUTH,False
877,447,2025-02-15 06:21:42,DELIVERED,EAST,False
878,501,2025-12-07 04:52:49,DELIVERED,WEST,False
879,253,2025-02-05 05:47:05,RETURNED,EAST,False
880,29,2026-01-24 17:48:34,PLACED,CENTRAL,False
881,151,2025-02-14 12:16:21,DELIVERED,SOUTH,False
882,,2026-03-22 19:57:47,DELIVERED,WEST,True
883,83,2025-09-07 18:13:51,CANCELLED,SOUTH,False
884,259,2026-01-20 08:46:21,RETURNED,WEST,False
885,422,2026-03-08 10:54:46,DELIVERED,NORTH,False
886,587,2026-03-27 06:34:18,CANCELLED,EAST,False
887,408,2026-01-25 22:28:19,RETURNED,WEST,False
888,,2024-09-24 05:56:23,DELIVERED,WEST,True
889,442,2024-12-11 12:51:11,SHIPPED,SOUTH,False
890,187,2025-08-26 09:23:57,DELIVERED,SOUTH,False
891,61,2026-03-06 11:26:33,DELIVERED,EAST,False
892,419,2025-07-09 07:48:39,DELIVERED,SOUTH,False
893,88,2025-05-21 09:22:13,PLACED,NORTH,False
894,490,2025-08-12 20:40:41,PLACED,NORTH,False
895,8,2025-12-30 18:30:22,RETURNED,NORTH,False
896,8,2025-05-19 18:55:05,RETURNED,EAST,False
897,485,2026-03-11 21:51:20,DELIVERED,EAST,False
898,352,2025-04-02 20:11:51,RETURNED,WEST,False
899,59,2025-05-04 12:51:57,CANCELLED,NORTH,False
900,412,2026-02-15 07:05:02,RETURNED,NORTH,False
901,544,2025-03-06 01:39:08,DELIVERED,SOUTH,False
902,487,2025-09-04 22:41:33,SHIPPED,EAST,False
903,,2025-05-07 18:43:09,RETURNED,EAST,True
904,240,2025-11-15 06:52:56,DELIVERED,NORTH,False
905,488,2025-12-25 08:19:42,RETURNED,WEST,False
906,200,2026-02-04 23:33:37,DELIVERED,CENTRAL,False
907,517,2024-08-25 15:47:01,DELIVERED,EAST,False
908,562,2026-06-11 11:11:19,CANCELLED,NORTH,False
909,554,2025-02-04 02:43:53,SHIPPED,NORTH,False
910,30,2024-12-03 11:00:07,DELIVERED,WEST,False
911,226,2026-02-10 14:23:36,DELIVERED,NORTH,False
912,548,2025-12-06 02:11:39,PLACED,EAST,False
913,590,2026-03-19 05:33:51,PLACED,EAST,False
914,391,2025-12-21 21:56:44,DELIVERED,WEST,False
915,229,2025-02-18 05:51:40,PLACED,NORTH,False
916,193,2026-03-02 08:40:51,DELIVERED,SOUTH,False
917,390,2025-10-23 02:30:33,DELIVERED,CENTRAL,False
918,398,2025-06-26 02:18:44,DELIVERED,SOUTH,False
919,228,2024-10-22 18:54:20,DELIVERED,WEST,False
920,304,2026-05-13 06:50:58,DELIVERED,SOUTH,False
921,150,2026-03-04 06:12:23,CANCELLED,NORTH,False
922,317,2025-08-26 05:00:16,PLACED,CENTRAL,False
923,221,2025-08-20 11:56:40,RETURNED,NORTH,False
924,342,2024-11-27 14:34:33,SHIPPED,SOUTH,False
925,54,2026-07-19 00:54:34,SHIPPED,WEST,False
926,307,2026-04-26 00:55:40,CANCELLED,NORTH,False
927,346,2025-06-25 02:48:18,RETURNED,WEST,False
928,541,2026-02-16 11:41:15,DELIVERED,SOUTH,False
929,562,2025-06-02 20:27:02,DELIVERED,CENTRAL,False
930,56,2026-05-23 01:36:04,DELIVERED,SOUTH,False
931,453,2026-01-23 13:33:04,CANCELLED,SOUTH,False
932,201,2026-02-23 03:20:15,DELIVERED,CENTRAL,False
933,152,2025-05-20 11:30:31,DELIVERED,SOUTH,False
934,99,2025-05-04 04:33:48,SHIPPED,NORTH,False
935,528,2025-12-18 22:42:05,DELIVERED,SOUTH,False
936,414,2025-02-07 00:00:00,SHIPPED,WEST,False
937,177,2025-12-21 01:01:02,DELIVERED,NORTH,False
938,392,2025-03-02 18:23:55,DELIVERED,NORTH,False
939,85,2024-11-03 19:12:21,DELIVERED,CENTRAL,False
940,587,2025-10-19 18:36:26,DELIVERED,NORTH,False
941,186,2025-05-26 05:31:51,DELIVERED,WEST,False
942,129,2024-10-17 05:43:09,DELIVERED,CENTRAL,False
943,21,2025-06-02 20:53:58,DELIVERED,CENTRAL,False
944,532,2026-05-13 05:29:38,DELIVERED,NORTH,False
945,213,2025-12-25 12:51:55,SHIPPED,CENTRAL,False
946,6,2025-10-05 20:45:47,DELIVERED,NORTH,False
947,212,2025-12-20 22:06:02,DELIVERED,NORTH,False
948,128,2025-08-29 03:17:18,RETURNED,SOUTH,False
949,1,2025-02-09 21:20:19,RETURNED,CENTRAL,False
950,301,2025-12-25 23:35:16,PLACED,WEST,False
951,536,2026-07-09 10:13:42,DELIVERED,CENTRAL,False
952,102,2025-12-28 16:04:33,SHIPPED,SOUTH,False
953,221,2024-11-13 05:49:06,SHIPPED,EAST,False
954,433,2024-09-27 18:09:52,SHIPPED,SOUTH,False
955,86,2025-02-14 10:14:50,RETURNED,SOUTH,False
956,73,2025-12-03 00:00:06,RETURNED,SOUTH,False
957,578,2025-12-24 13:17:47,DELIVERED,SOUTH,False
958,158,2025-04-03 17:23:02,DELIVERED,NORTH,False
959,254,2024-09-30 05:09:47,DELIVERED,CENTRAL,False
960,338,2025-12-11 05:46:24,RETURNED,EAST,False
961,232,2025-03-01 00:00:00,DELIVERED,SOUTH,False
962,108,2026-03-31 23:12:43,SHIPPED,EAST,False
963,502,2024-10-14 05:00:18,DELIVERED,EAST,False
964,102,2026-06-28 00:00:00,DELIVERED,WEST,False
965,545,2025-10-03 11:54:20,CANCELLED,WEST,False
966,266,2024-08-08 09:02:44,DELIVERED,SOUTH,False
967,582,2026-02-23 05:16:00,RETURNED,EAST,False
968,256,2026-01-09 18:50:53,DELIVERED,SOUTH,False
969,363,2026-04-13 04:32:20,SHIPPED,WEST,False
970,235,2025-03-26 01:06:21,PLACED,EAST,False
971,321,2026-05-19 12:31:12,PLACED,SOUTH,False
972,170,2025-10-21 00:00:00,DELIVERED,CENTRAL,False
973,11,2025-06-26 07:37:39,RETURNED,SOUTH,False
974,528,2026-01-15 03:35:49,CANCELLED,NORTH,False
975,195,2026-07-09 12:09:11,PLACED,WEST,False
976,354,2025-02-06 16:42:25,DELIVERED,CENTRAL,False
977,44,2025-11-15 18:15:48,SHIPPED,CENTRAL,False
978,180,2024-09-28 08:22:57,PLACED,EAST,False
979,433,2025-08-20 20:56:09,DELIVERED,NORTH,False
980,256,2026-05-09 00:30:14,DELIVERED,NORTH,False
981,495,2025-03-17 00:04:34,PLACED,CENTRAL,False
982,313,2026-07-23 15:50:49,DELIVERED,NORTH,False
983,500,2024-09-14 15:49:00,DELIVERED,EAST,False
984,110,2024-08-05 00:05:06,DELIVERED,WEST,False
985,104,2025-07-01 14:45:54,PLACED,CENTRAL,False
986,421,2024-11-05 04:35:39,PLACED,EAST,False
987,405,2025-05-18 17:38:03,DELIVERED,SOUTH,False
988,276,2024-10-24 10:13:17,DELIVERED,WEST,False
989,363,2026-03-04 06:47:14,DELIVERED,SOUTH,False
990,292,2024-09-01 06:25:55,DELIVERED,EAST,False
991,165,2025-12-31 10:57:28,DELIVERED,EAST,False
992,501,2025-10-02 07:02:54,DELIVERED,SOUTH,False
993,410,2025-08-25 19:19:19,DELIVERED,WEST,False
994,111,2026-04-08 00:00:00,SHIPPED,CENTRAL,False
995,,2026-01-14 14:50:34,DELIVERED,EAST,True
996,9,2025-07-04 08:28:13,SHIPPED,NORTH,False
997,254,2025-11-23 17:08:37,DELIVERED,SOUTH,False
998,118,2026-06-03 05:14:12,DELIVERED,WEST,False
999,106,2026-01-27 14:17:21,DELIVERED,SOUTH,False
1000,153,2025-01-26 04:01:52,DELIVERED,EAST,False
1001,150,2025-06-28 00:00:00,SHIPPED,NORTH,False
1002,538,2025-03-27 00:33:59,RETURNED,SOUTH,False
1003,491,2024-09-17 15:38:30,DELIVERED,EAST,False
1004,373,2025-03-06 21:56:30,DELIVERED,SOUTH,False
1005,49,2024-12-20 00:00:00,PLACED,EAST,False
1006,484,2025-03-06 14:32:55,PLACED,SOUTH,False
1007,504,2025-05-10 09:38:44,PLACED,NORTH,False
1008,134,2025-04-15 06:14:03,CANCELLED,CENTRAL,False
1009,381,2025-02-02 01:20:35,SHIPPED,WEST,False
1010,109,2024-11-10 08:25:27,DELIVERED,NORTH,False
1011,196,2024-12-28 20:25:45,RETURNED,NORTH,False
1012,352,2025-03-23 03:55:39,RETURNED,SOUTH,False
1013,158,2024-09-04 00:41:53,DELIVERED,EAST,False
1014,574,2025-04-27 18:52:41,DELIVERED,NORTH,False
1015,70,2025-08-11 00:25:43,RETURNED,CENTRAL,False
1016,171,2025-11-09 09:02:01,RETURNED,EAST,False
1017,,2025-10-14 00:00:00,RETURNED,SOUTH,True
1018,408,2025-08-20 11:57:05,CANCELLED,NORTH,False
1019,522,2025-05-26 09:04:58,DELIVERED,CENTRAL,False
1020,189,2024-08-03 19:07:08,SHIPPED,NORTH,False
1021,526,2025-07-20 18:02:07,DELIVERED,EAST,False
1022,226,2025-03-19 04:37:10,DELIVERED,SOUTH,False
1023,547,2025-02-02 00:40:57,DELIVERED,EAST,False
1024,277,2026-06-10 09:02:10,DELIVERED,SOUTH,False
1025,216,2025-09-20 05:34:18,DELIVERED,CENTRAL,False
1026,333,2024-10-04 15:49:14,CANCELLED,EAST,False
1027,419,2026-06-29 18:11:32,DELIVERED,NORTH,False
1028,11,2026-05-02 23:12:06,DELIVERED,EAST,False
1029,17,2025-09-22 09:39:04,CANCELLED,CENTRAL,False
1030,392,2025-12-21 20:10:34,DELIVERED,CENTRAL,False
1031,453,2025-01-19 09:00:35,SHIPPED,WEST,False
1032,238,2026-02-18 20:40:47,DELIVERED,WEST,False
1033,186,2025-07-23 19:39:08,CANCELLED,SOUTH,False
1034,185,2025-12-16 23:28:22,DELIVERED,SOUTH,False
1035,193,2024-09-23 22:43:07,DELIVERED,WEST,False
1036,413,2024-10-17 20:29:36,PLACED,NORTH,False
1037,387,2025-05-26 00:00:00,CANCELLED,NORTH,False
1038,86,2025-02-24 21:28:42,DELIVERED,NORTH,False
1039,10,2026-04-07 21:37:30,DELIVERED,EAST,False
1040,88,2025-01-05 03:32:55,DELIVERED,WEST,False
1041,315,2025-04-15 16:23:09,SHIPPED,CENTRAL,False
1042,557,2024-11-04 00:00:00,PLACED,CENTRAL,False
1043,524,2026-06-20 12:45:13,PLACED,SOUTH,False
1044,,2025-06-28 18:22:53,DELIVERED,EAST,True
1045,394,2026-01-16 10:15:05,CANCELLED,NORTH,False
1046,113,2025-01-22 09:24:07,RETURNED,EAST,False
1047,342,2024-10-31 22:13:19,RETURNED,NORTH,False
1048,155,2024-12-17 07:25:26,DELIVERED,SOUTH,False
1049,154,2026-06-25 16:55:04,DELIVERED,EAST,False
1050,107,2025-02-27 13:32:41,DELIVERED,EAST,False
1051,79,2026-04-05 00:00:00,RETURNED,SOUTH,False
1052,151,2025-04-06 18:00:16,DELIVERED,WEST,False
1053,116,2025-10-23 19:46:19,DELIVERED,SOUTH,False
1054,131,2024-12-20 06:20:45,DELIVERED,WEST,False
1055,424,2025-11-11 09:18:16,DELIVERED,SOUTH,False
1056,563,2025-08-22 02:39:30,DELIVERED,CENTRAL,False
1057,394,2024-10-04 22:44:50,DELIVERED,CENTRAL,False
1058,225,2026-01-29 02:36:33,DELIVERED,SOUTH,False
1059,18,2025-05-09 11:35:47,RETURNED,NORTH,False
1060,358,2025-05-08 06:53:26,CANCELLED,SOUTH,False
1061,148,2026-05-11 18:13:55,RETURNED,WEST,False
1062,230,2024-09-13 09:24:41,PLACED,SOUTH,False
1063,27,2026-01-23 16:39:52,DELIVERED,NORTH,False
1064,76,2025-08-06 08:41:29,CANCELLED,NORTH,False
1065,145,2024-10-01 08:32:30,PLACED,WEST,False
1066,187,2025-07-31 21:02:57,DELIVERED,EAST,False
1067,346,2025-07-11 20:16:06,DELIVERED,EAST,False
1068,62,2026-06-16 09:57:34,DELIVERED,SOUTH,False
1069,12,2025-06-04 21:15:28,DELIVERED,WEST,False
1070,265,2026-07-15 22:12:07,DELIVERED,SOUTH,False
1071,161,2025-02-28 03:14:01,DELIVERED,SOUTH,False
1072,411,2025-11-24 00:00:00,DELIVERED,CENTRAL,False
1073,80,2026-04-27 05:45:35,DELIVERED,WEST,False
1074,169,2024-09-12 11:09:12,DELIVERED,SOUTH,False
1075,107,2024-09-30 10:27:25,DELIVERED,EAST,False
1076,,2025-03-08 04:43:06,PLACED,SOUTH,True
1077,317,2024-12-24 19:47:53,DELIVERED,NORTH,False
1078,88,2025-10-17 19:51:31,DELIVERED,WEST,False
1079,,2025-04-02 08:12:06,DELIVERED,EAST,True
1080,408,2025-08-24 12:42:13,DELIVERED,EAST,False
1081,100,2025-04-15 08:13:07,DELIVERED,NORTH,False
1082,154,2024-08-19 09:31:34,DELIVERED,CENTRAL,False
1083,39,2025-03-14 08:13:02,DELIVERED,NORTH,False
1084,96,2026-02-10 01:06:56,SHIPPED,SOUTH,False
1085,165,2025-08-25 14:52:22,DELIVERED,CENTRAL,False
1086,350,2025-07-14 13:38:08,DELIVERED,EAST,False
1087,442,2024-09-01 01:53:40,DELIVERED,WEST,False
1088,77,2024-11-27 08:58:05,RETURNED,NORTH,False
1089,147,2026-03-19 05:11:24,DELIVERED,NORTH,False
1090,466,2025-04-01 16:08:25,SHIPPED,NORTH,False
1091,373,2025-05-02 11:15:57,SHIPPED,WEST,False
1092,485,2025-02-15 20:40:34,DELIVERED,SOUTH,False
1093,583,2025-08-15 00:00:00,CANCELLED,WEST,False
1094,133,2025-07-09 09:37:24,CANCELLED,EAST,False
1095,424,2025-08-28 23:27:01,CANCELLED,NORTH,False
1096,59,2026-02-27 14:02:04,DELIVERED,CENTRAL,False
1097,,2026-05-25 14:11:13,DELIVERED,CENTRAL,True
1098,75,2025-01-21 05:58:38,DELIVERED,NORTH,False
1099,480,2025-12-13 00:46:43,CANCELLED,NORTH,False
1100,111,2026-07-14 14:42:01,DELIVERED,WEST,False
1101,337,2024-09-20 01:50:11,RETURNED,WEST,False
1102,488,2024-10-28 19:11:57,PLACED,SOUTH,False
1103,150,2025-12-11 06:29:54,DELIVERED,CENTRAL,False
1104,64,2026-07-29 08:52:24,DELIVERED,WEST,False
1105,217,2026-06-06 00:00:00,DELIVERED,WEST,False
1106,181,2024-10-04 22:15:16,SHIPPED,NORTH,False
1107,463,2026-06-08 18:00:23,SHIPPED,EAST,False
1108,56,2024-10-11 19:13:47,DELIVERED,EAST,False
1109,358,2025-06-22 12:36:37,DELIVERED,SOUTH,False
1110,448,2025-05-03 11:56:42,DELIVERED,NORTH,False
1111,204,2024-09-30 10:27:34,DELIVERED,SOUTH,False
1112,325,2024-08-12 00:27:38,DELIVERED,SOUTH,False
1113,325,2024-10-28 05:47:08,DELIVERED,EAST,False
1114,4,2025-07-16 23:01:40,CANCELLED,WEST,False
1115,593,2024-10-15 00:00:00,DELIVERED,SOUTH,False
1116,560,2026-03-25 11:34:17,DELIVERED,EAST,False
1117,196,2026-01-10 21:11:19,PLACED,EAST,False
1118,,2026-06-28 10:51:32,CANCELLED,NORTH,True
1119,467,2025-06-18 14:31:15,DELIVERED,CENTRAL,False
1120,344,2024-10-28 01:33:22,DELIVERED,EAST,False
1121,167,2025-09-26 13:50:00,SHIPPED,WEST,False
1122,102,2024-10-08 01:21:30,PLACED,NORTH,False
1123,422,2024-10-20 12:38:51,DELIVERED,CENTRAL,False
1124,455,2025-08-26 23:20:19,PLACED,EAST,False
1125,217,2025-01-21 02:46:21,DELIVERED,NORTH,False
1126,481,2024-11-05 15:44:24,DELIVERED,WEST,False
1127,406,2024-08-06 21:46:11,DELIVERED,CENTRAL,False
1128,271,2025-03-27 18:17:22,DELIVERED,WEST,False
1129,5,2026-07-01 04:42:23,PLACED,NORTH,False
1130,384,2026-05-16 01:04:54,CANCELLED,CENTRAL,False
1131,175,2025-10-19 10:20:49,SHIPPED,WEST,False
1132,403,2026-05-06 00:00:00,RETURNED,WEST,False
1133,400,2026-02-17 13:00:16,RETURNED,CENTRAL,False
1134,237,2024-10-17 08:16:01,PLACED,NORTH,False
1135,402,2026-05-17 19:13:54,RETURNED,CENTRAL,False
1136,331,2025-01-06 06:24:35,PLACED,NORTH,False
1137,157,2024-08-22 14:34:16,DELIVERED,NORTH,False
1138,26,2026-02-28 14:12:48,RETURNED,EAST,False
1139,228,2025-03-19 15:02:12,CANCELLED,WEST,False
1140,53,2025-03-02 13:42:57,PLACED,NORTH,False
1141,594,2026-06-05 08:54:54,DELIVERED,CENTRAL,False
1142,146,2025-03-08 09:29:33,SHIPPED,NORTH,False
1143,371,2026-07-10 22:19:03,DELIVERED,WEST,False
1144,424,2024-09-27 03:33:19,DELIVERED,SOUTH,False
1145,385,2026-06-23 01:27:43,RETURNED,SOUTH,False
1146,11,2026-07-03 21:02:11,DELIVERED,CENTRAL,False
1147,121,2025-04-24 06:26:59,DELIVERED,CENTRAL,False
1148,6,2024-12-02 00:34:16,SHIPPED,NORTH,False
1149,31,2025-09-21 00:00:00,DELIVERED,SOUTH,False
1150,374,2024-10-29 03:48:42,PLACED,SOUTH,False
1151,130,2025-02-24 20:14:56,SHIPPED,NORTH,False
1152,565,2025-12-20 08:45:14,DELIVERED,WEST,False
1153,410,2026-07-18 09:48:53,SHIPPED,EAST,False
1154,106,2025-10-28 07:59:31,DELIVERED,SOUTH,False
1155,500,2025-07-03 16:29:51,DELIVERED,EAST,False
1156,111,2025-11-15 16:48:41,SHIPPED,EAST,False
1157,66,2025-07-16 01:29:10,PLACED,CENTRAL,False
1158,420,2025-03-16 22:44:36,CANCELLED,CENTRAL,False
1159,31,2024-10-29 01:13:48,DELIVERED,SOUTH,False
1160,75,2025-01-15 03:19:24,DELIVERED,EAST,False
1161,327,2026-01-17 00:00:00,DELIVERED,WEST,False
1162,330,2026-06-30 01:48:07,PLACED,EAST,False
1163,540,2025-01-16 21:48:43,SHIPPED,CENTRAL,False
1164,77,2025-10-20 19:10:24,DELIVERED,WEST,False
1165,328,2025-01-01 21:47:29,CANCELLED,WEST,False
1166,,2025-03-02 03:28:29,PLACED,SOUTH,True
1167,393,2025-01-31 15:13:26,SHIPPED,CENTRAL,False
1168,473,2025-03-09 20:57:47,RETURNED,NORTH,False
1169,541,2024-08-31 09:15:15,PLACED,WEST,False
1170,426,2026-02-13 18:25:32,DELIVERED,EAST,False
1171,570,2026-03-25 15:50:27,DELIVERED,WEST,False
1172,466,2025-08-19 04:27:40,RETURNED,NORTH,False
1173,106,2024-08-23 17:58:16,CANCELLED,SOUTH,False
1174,331,2026-06-01 01:27:01,DELIVERED,SOUTH,False
1175,378,2026-04-26 22:05:39,RETURNED,NORTH,False
1176,45,2024-10-26 00:00:00,DELIVERED,EAST,False
1177,389,2025-02-26 15:31:31,RETURNED,CENTRAL,False
1178,130,2025-04-06 00:47:33,DELIVERED,WEST,False
1179,126,2025-09-10 06:22:49,DELIVERED,WEST,False
1180,330,2026-03-24 03:07:39,SHIPPED,EAST,False
1181,85,2025-05-02 04:34:39,CANCELLED,SOUTH,False
1182,77,2025-08-20 00:00:00,PLACED,SOUTH,False
1183,395,2024-12-24 23:02:05,DELIVERED,CENTRAL,False
1184,527,2026-05-29 18:49:57,RETURNED,WEST,False
1185,517,2024-10-22 01:39:14,SHIPPED,EAST,False
1186,464,2026-06-06 02:03:37,SHIPPED,WEST,False
1187,285,2025-06-25 15:02:36,DELIVERED,CENTRAL,False
1188,151,2025-07-25 00:48:27,DELIVERED,SOUTH,False
1189,,2025-07-24 22:48:26,PLACED,CENTRAL,True
1190,272,2024-10-31 21:45:36,PLACED,WEST,False
1191,407,2025-08-26 01:30:26,DELIVERED,WEST,False
1192,101,2024-09-08 03:55:53,DELIVERED,WEST,False
1193,194,2025-06-09 18:43:29,SHIPPED,CENTRAL,False
1194,444,2024-10-24 19:20:51,DELIVERED,NORTH,False
1195,55,2026-06-27 00:00:00,SHIPPED,NORTH,False
1196,283,2025-01-23 21:36:49,DELIVERED,WEST,False
1197,104,2025-01-18 19:00:53,CANCELLED,EAST,False
1198,176,2026-04-03 07:01:30,DELIVERED,CENTRAL,False
1199,4,2024-10-13 04:48:31,RETURNED,CENTRAL,False
1200,313,2026-05-25 04:56:37,SHIPPED,EAST,False
1201,171,2024-12-24 12:21:10,DELIVERED,NORTH,False
1202,439,2025-04-17 00:00:00,RETURNED,NORTH,False
1203,10,2025-11-05 09:03:31,DELIVERED,NORTH,False
1204,254,2025-08-03 01:18:38,CANCELLED,CENTRAL,False
1205,298,2026-05-11 20:13:15,DELIVERED,SOUTH,False
1206,103,2025-03-25 14:11:52,DELIVERED,WEST,False
1207,559,2025-02-16 21:09:22,SHIPPED,WEST,False
1208,,2025-05-01 21:25:55,DELIVERED,CENTRAL,True
1209,496,2024-10-27 14:01:07,DELIVERED,NORTH,False
1210,421,2026-05-28 01:56:46,RETURNED,EAST,False
1211,251,2025-10-23 14:56:59,RETURNED,EAST,False
1212,92,2024-12-29 13:28:43,DELIVERED,NORTH,False
1213,558,2026-06-30 10:42:05,RETURNED,CENTRAL,False
1214,358,2026-06-21 17:25:29,DELIVERED,EAST,False
1215,43,2025-10-25 02:58:36,DELIVERED,CENTRAL,False
1216,466,2025-10-15 03:21:11,DELIVERED,EAST,False
1217,9,2025-08-23 12:40:25,PLACED,SOUTH,False
1218,297,2025-11-28 12:23:02,SHIPPED,WEST,False
1219,302,2024-08-13 02:39:48,SHIPPED,CENTRAL,False
1220,501,2025-03-26 00:00:00,DELIVERED,NORTH,False
1221,,2024-11-15 23:15:51,SHIPPED,CENTRAL,True
1222,575,2024-11-29 10:05:57,DELIVERED,SOUTH,False
1223,202,2025-07-02 14:00:37,PLACED,SOUTH,False
1224,,2026-07-26 15:09:52,CANCELLED,WEST,True
1225,101,2026-06-25 15:21:13,DELIVERED,EAST,False
1226,447,2026-01-10 08:02:45,CANCELLED,SOUTH,False
1227,205,2025-02-11 04:43:08,DELIVERED,EAST,False
1228,305,2025-10-15 03:24:10,DELIVERED,SOUTH,False
1229,448,2024-10-14 14:21:29,DELIVERED,EAST,False
1230,367,2025-07-30 19:12:54,DELIVERED,WEST,False
1231,573,2024-08-21 12:32:38,DELIVERED,SOUTH,False
1232,310,2026-04-03 23:53:05,DELIVERED,SOUTH,False
1233,580,2026-06-13 19:28:32,DELIVERED,WEST,False
1234,7,2025-07-26 11:21:46,CANCELLED,WEST,False
1235,87,2024-09-12 11:32:48,RETURNED,NORTH,False
1236,100,2026-05-01 10:04:28,DELIVERED,EAST,False
1237,125,2026-02-27 03:24:57,DELIVERED,NORTH,False
1238,529,2024-11-20 23:11:10,RETURNED,SOUTH,False
1239,159,2025-03-22 17:02:14,DELIVERED,NORTH,False
1240,206,2024-10-29 00:00:00,SHIPPED,NORTH,False
1241,254,2025-01-06 16:18:35,PLACED,CENTRAL,False
1242,57,2026-07-21 06:43:10,DELIVERED,SOUTH,False
1243,560,2025-02-19 03:48:46,DELIVERED,CENTRAL,False
1244,150,2025-12-08 00:00:00,PLACED,SOUTH,False
1245,560,2025-01-03 14:48:50,SHIPPED,NORTH,False
1246,505,2025-05-13 07:42:10,DELIVERED,NORTH,False
1247,436,2024-11-24 00:00:00,DELIVERED,CENTRAL,False
1248,595,2025-03-24 00:00:00,DELIVERED,CENTRAL,False
1249,364,2024-11-17 04:48:21,DELIVERED,EAST,False
1250,,2024-12-01 23:11:48,CANCELLED,CENTRAL,True
1251,538,2025-05-31 09:45:54,SHIPPED,SOUTH,False
1252,577,2025-04-21 12:50:38,CANCELLED,SOUTH,False
1253,311,2026-07-19 06:51:28,RETURNED,WEST,False
1254,484,2025-11-14 13:42:34,DELIVERED,CENTRAL,False
1255,539,2025-02-18 08:19:23,DELIVERED,CENTRAL,False
1256,414,2024-09-22 00:00:00,CANCELLED,SOUTH,False
1257,109,2025-08-23 22:07:21,DELIVERED,SOUTH,False
1258,243,2024-10-21 21:23:28,SHIPPED,WEST,False
1259,431,2026-07-18 00:00:00,DELIVERED,NORTH,False
1260,,2026-03-06 00:00:00,DELIVERED,CENTRAL,True
1261,31,2026-07-19 08:14:08,PLACED,WEST,False
1262,588,2025-10-07 05:19:10,SHIPPED,WEST,False
1263,231,2025-01-04 06:30:16,DELIVERED,CENTRAL,False
1264,197,2024-10-06 19:29:50,DELIVERED,NORTH,False
1265,144,2026-06-25 00:00:00,DELIVERED,CENTRAL,False
1266,74,2025-04-22 15:19:09,DELIVERED,CENTRAL,False
1267,213,2025-10-18 00:28:07,DELIVERED,EAST,False
1268,573,2026-05-25 20:55:54,PLACED,WEST,False
1269,73,2025-10-17 00:00:00,DELIVERED,EAST,False
1270,511,2025-01-27 00:00:00,DELIVERED,NORTH,False
1271,297,2026-07-18 08:25:15,DELIVERED,EAST,False
1272,162,2025-03-12 00:00:00,DELIVERED,CENTRAL,False
1273,513,2025-03-31 12:33:46,PLACED,NORTH,False
1274,270,2025-12-21 00:00:00,DELIVERED,EAST,False
1275,61,2024-11-17 04:31:41,CANCELLED,EAST,False
1276,64,2025-01-31 00:13:22,CANCELLED,CENTRAL,False
1277,37,2025-04-26 15:01:43,RETURNED,CENTRAL,False
1278,83,2026-06-21 08:32:47,RETURNED,EAST,False
1279,107,2024-08-28 15:38:01,SHIPPED,EAST,False
1280,311,2026-03-31 00:59:44,RETURNED,NORTH,False
1281,27,2026-03-24 21:11:45,SHIPPED,CENTRAL,False
1282,19,2025-10-04 03:16:16,DELIVERED,WEST,False
1283,441,2026-01-27 17:53:02,PLACED,WEST,False
1284,377,2025-05-01 05:49:26,DELIVERED,NORTH,False
1285,95,2025-11-01 00:00:00,DELIVERED,CENTRAL,False
1286,16,2026-06-10 06:40:05,CANCELLED,NORTH,False
1287,450,2024-12-19 06:30:23,DELIVERED,CENTRAL,False
1288,251,2025-03-16 02:58:05,DELIVERED,NORTH,False
1289,79,2025-02-11 08:02:40,SHIPPED,EAST,False
1290,226,2025-07-11 12:13:08,RETURNED,CENTRAL,False
1291,251,2025-09-14 05:05:14,DELIVERED,CENTRAL,False
1292,56,2025-04-27 05:45:11,DELIVERED,CENTRAL,False
1293,81,2025-01-06 02:32:20,CANCELLED,CENTRAL,False
1294,567,2025-01-11 17:01:50,DELIVERED,SOUTH,False
1295,,2025-01-30 14:40:45,DELIVERED,WEST,True
1296,22,2025-08-23 12:18:34,SHIPPED,CENTRAL,False
1297,87,2024-09-16 09:15:44,DELIVERED,WEST,False
1298,,2025-05-25 03:57:38,PLACED,SOUTH,True
1299,442,2025-09-18 00:00:00,DELIVERED,CENTRAL,False
1300,27,2026-07-08 20:38:10,CANCELLED,EAST,False
1301,222,2026-03-12 00:00:00,DELIVERED,CENTRAL,False
1302,438,2026-03-31 20:57:27,DELIVERED,NORTH,False
1303,567,2025-05-29 10:54:18,RETURNED,EAST,False
1304,548,2025-07-27 00:18:48,DELIVERED,CENTRAL,False
1305,391,2025-07-29 23:42:31,RETURNED,SOUTH,False
1306,288,2026-04-14 01:25:04,SHIPPED,SOUTH,False
1307,303,2025-04-20 04:03:32,PLACED,EAST,False
1308,257,2026-03-31 17:28:59,DELIVERED,NORTH,False
1309,583,2025-12-27 05:45:58,SHIPPED,SOUTH,False
1310,18,2025-07-08 00:00:00,PLACED,EAST,False
1311,570,2025-01-17 04:52:42,DELIVERED,NORTH,False
1312,565,2025-04-01 21:52:43,DELIVERED,EAST,False
1313,283,2025-02-18 14:11:28,PLACED,SOUTH,False
1314,51,2025-01-28 17:19:44,PLACED,CENTRAL,False
1315,594,2025-04-04 00:00:00,DELIVERED,NORTH,False
1316,266,2025-02-16 00:00:00,CANCELLED,EAST,False
1317,46,2025-11-10 11:36:03,PLACED,CENTRAL,False
1318,524,2024-09-30 03:46:36,DELIVERED,EAST,False
1319,426,2024-09-25 10:51:54,CANCELLED,SOUTH,False
1320,,2025-11-15 10:40:48,DELIVERED,WEST,True
1321,384,2025-08-01 14:12:17,SHIPPED,NORTH,False
1322,46,2025-03-14 22:15:31,RETURNED,NORTH,False
1323,217,2026-04-20 14:50:58,DELIVERED,CENTRAL,False
1324,353,2025-01-14 21:26:35,DELIVERED,SOUTH,False
1325,81,2024-09-30 01:11:22,RETURNED,CENTRAL,False
1326,589,2025-12-03 14:05:52,DELIVERED,NORTH,False
1327,541,2026-04-12 00:00:00,DELIVERED,CENTRAL,False
1328,325,2025-02-26 01:55:46,DELIVERED,SOUTH,False
1329,371,2025-01-27 08:06:52,DELIVERED,NORTH,False
1330,456,2026-02-21 04:21:03,DELIVERED,NORTH,False
1331,518,2024-09-29 09:00:54,DELIVERED,CENTRAL,False
1332,429,2025-01-26 11:05:54,CANCELLED,SOUTH,False
1333,251,2026-03-27 02:02:41,DELIVERED,SOUTH,False
1334,294,2025-04-23 07:21:35,PLACED,WEST,False
1335,152,2025-10-22 09:38:14,CANCELLED,SOUTH,False
1336,465,2024-08-13 01:10:09,DELIVERED,CENTRAL,False
1337,482,2026-02-28 23:48:07,CANCELLED,WEST,False
1338,,2024-12-08 15:54:20,PLACED,CENTRAL,True
1339,433,2025-05-03 05:53:38,DELIVERED,SOUTH,False
1340,122,2025-04-19 14:33:41,CANCELLED,CENTRAL,False
1341,111,2026-02-12 00:00:00,DELIVERED,EAST,False
1342,419,2025-12-03 23:33:38,CANCELLED,EAST,False
1343,138,2026-02-21 16:22:15,DELIVERED,CENTRAL,False
1344,8,2025-11-05 00:38:06,DELIVERED,WEST,False
1345,450,2024-12-16 06:20:30,DELIVERED,NORTH,False
1346,506,2025-04-22 00:00:00,DELIVERED,CENTRAL,False
1347,437,2025-03-10 13:34:46,DELIVERED,SOUTH,False
1348,43,2026-04-25 05:49:14,CANCELLED,SOUTH,False
1349,285,2025-10-21 17:20:45,DELIVERED,EAST,False
1350,122,2025-03-12 13:47:07,DELIVERED,SOUTH,False
1351,266,2025-11-14 19:49:52,RETURNED,EAST,False
1352,212,2025-10-03 21:04:21,DELIVERED,NORTH,False
1353,41,2026-06-23 18:48:56,DELIVERED,NORTH,False
1354,27,2025-05-15 00:44:07,RETURNED,CENTRAL,False
1355,456,2025-09-09 14:09:57,DELIVERED,NORTH,False
1356,123,2025-07-12 04:18:38,DELIVERED,NORTH,False
1357,286,2026-02-20 06:38:29,RETURNED,NORTH,False
1358,228,2026-02-16 00:00:00,SHIPPED,EAST,False
1359,526,2026-01-05 00:30:24,DELIVERED,EAST,False
1360,40,2025-07-03 14:44:40,DELIVERED,CENTRAL,False
1361,572,2025-12-27 12:21:51,DELIVERED,NORTH,False
1362,386,2026-06-09 09:23:54,DELIVERED,EAST,False
1363,497,2026-04-25 03:36:54,DELIVERED,SOUTH,False
1364,91,2025-09-06 00:38:44,DELIVERED,NORTH,False
1365,503,2025-10-08 04:58:27,DELIVERED,NORTH,False
1366,270,2025-11-20 10:11:55,DELIVERED,EAST,False
1367,185,2026-06-13 21:02:57,SHIPPED,EAST,False
1368,502,2026-04-11 20:25:30,DELIVERED,CENTRAL,False
1369,99,2025-01-18 01:09:39,CANCELLED,EAST,False
1370,458,2025-04-10 17:50:26,DELIVERED,SOUTH,False
1371,327,2025-12-27 02:42:58,DELIVERED,SOUTH,False
1372,496,2026-05-15 12:59:14,DELIVERED,WEST,False
1373,30,2025-03-14 23:19:57,SHIPPED,WEST,False
1374,331,2025-02-20 04:40:31,DELIVERED,WEST,False
1375,267,2026-07-10 00:00:00,DELIVERED,SOUTH,False
1376,47,2025-03-28 15:03:19,SHIPPED,SOUTH,False
1377,113,2025-11-20 08:48:52,PLACED,CENTRAL,False
1378,,2026-02-12 00:00:00,DELIVERED,EAST,True
1379,567,2024-09-19 07:04:09,DELIVERED,EAST,False
1380,161,2026-05-14 00:13:50,CANCELLED,SOUTH,False
1381,166,2026-07-09 07:49:00,DELIVERED,CENTRAL,False
1382,14,2024-08-29 00:29:10,DELIVERED,CENTRAL,False
1383,408,2026-04-07 15:42:40,SHIPPED,EAST,False
1384,,2025-12-04 13:02:52,SHIPPED,EAST,True
1385,387,2025-12-22 23:13:45,CANCELLED,EAST,False
1386,79,2024-09-27 09:24:50,DELIVERED,WEST,False
1387,,2026-02-28 20:02:10,DELIVERED,SOUTH,True
1388,401,2024-12-29 21:43:03,CANCELLED,EAST,False
1389,24,2025-03-23 16:33:30,SHIPPED,EAST,False
1390,591,2025-08-02 03:32:22,DELIVERED,SOUTH,False
1391,575,2025-03-05 08:41:44,RETURNED,CENTRAL,False
1392,392,2024-08-14 08:51:53,DELIVERED,EAST,False
1393,111,2025-07-18 06:55:49,RETURNED,WEST,False
1394,458,2025-05-15 05:58:29,PLACED,EAST,False
1395,86,2024-10-14 02:10:49,SHIPPED,WEST,False
1396,86,2024-11-18 18:35:33,CANCELLED,CENTRAL,False
1397,581,2026-03-14 18:16:07,DELIVERED,EAST,False
1398,346,2026-05-11 00:54:57,DELIVERED,CENTRAL,False
1399,6,2025-02-25 06:34:59,DELIVERED,WEST,False
1400,321,2025-12-20 10:19:18,DELIVERED,WEST,False
1401,84,2026-07-17 12:58:45,DELIVERED,WEST,False
1402,14,2024-12-04 21:38:04,PLACED,SOUTH,False
1403,117,2024-08-31 08:10:02,DELIVERED,CENTRAL,False
1404,561,2025-06-21 18:49:53,SHIPPED,WEST,False
1405,278,2025-09-10 19:44:06,CANCELLED,CENTRAL,False
1406,145,2025-03-14 09:39:36,SHIPPED,CENTRAL,False
1407,381,2025-09-08 09:56:27,DELIVERED,SOUTH,False
1408,139,2024-12-06 13:37:19,CANCELLED,NORTH,False
1409,184,2024-11-25 18:42:35,RETURNED,NORTH,False
1410,193,2025-01-02 18:37:04,DELIVERED,EAST,False
1411,480,2025-11-05 17:26:03,DELIVERED,CENTRAL,False
1412,354,2025-12-02 00:00:00,SHIPPED,EAST,False
1413,437,2025-10-28 23:16:49,DELIVERED,WEST,False
1414,575,2025-09-25 05:17:15,SHIPPED,CENTRAL,False
1415,222,2025-03-06 11:18:31,DELIVERED,SOUTH,False
1416,393,2025-04-14 10:37:55,CANCELLED,CENTRAL,False
1417,485,2025-01-10 13:45:35,DELIVERED,SOUTH,False
1418,151,2024-11-20 07:55:37,CANCELLED,EAST,False
1419,54,2024-11-15 09:23:51,DELIVERED,WEST,False
1420,513,2026-03-14 07:33:55,DELIVERED,WEST,False
1421,486,2025-05-03 17:31:25,DELIVERED,CENTRAL,False
1422,220,2024-12-08 00:37:56,CANCELLED,SOUTH,False
1423,574,2025-07-10 00:53:36,DELIVERED,NORTH,False
1424,446,2025-12-20 11:52:41,PLACED,EAST,False
1425,355,2026-02-17 20:03:57,DELIVERED,SOUTH,False
1426,184,2026-07-26 19:58:04,PLACED,WEST,False
1427,200,2024-08-05 08:39:45,DELIVERED,EAST,False
1428,515,2026-07-17 00:00:00,SHIPPED,EAST,False
1429,408,2024-09-04 02:40:45,DELIVERED,EAST,False
1430,586,2026-05-02 00:00:00,DELIVERED,WEST,False
1431,466,2025-08-16 19:51:48,DELIVERED,CENTRAL,False
1432,40,2025-05-15 00:00:00,CANCELLED,SOUTH,False
1433,182,2026-06-08 10:59:56,PLACED,NORTH,False
1434,64,2025-04-02 01:47:38,DELIVERED,SOUTH,False
1435,18,2025-04-16 09:19:29,CANCELLED,EAST,False
1436,174,2026-07-05 11:55:58,DELIVERED,EAST,False
1437,413,2025-06-20 09:51:43,DELIVERED,NORTH,False
1438,514,2024-11-23 13:51:33,PLACED,WEST,False
1439,,2025-11-16 15:48:11,DELIVERED,SOUTH,True
1440,4,2025-03-30 16:31:37,DELIVERED,EAST,False
1441,89,2025-10-14 18:31:59,PLACED,NORTH,False
1442,89,2024-12-23 04:55:57,DELIVERED,NORTH,False
1443,11,2025-01-16 22:58:32,DELIVERED,SOUTH,False
1444,196,2026-03-04 12:42:10,PLACED,NORTH,False
1445,294,2024-12-17 06:14:08,DELIVERED,WEST,False
1446,193,2025-02-28 21:20:59,SHIPPED,EAST,False
1447,451,2025-02-22 11:28:44,DELIVERED,EAST,False
1448,536,2025-07-16 06:30:53,DELIVERED,SOUTH,False
1449,,2026-05-11 08:23:12,SHIPPED,CENTRAL,True
1450,445,2025-04-27 11:05:09,DELIVERED,EAST,False
1451,516,2025-10-03 10:46:41,DELIVERED,NORTH,False
1452,216,2025-02-17 13:27:18,SHIPPED,NORTH,False
1453,191,2025-08-05 02:33:11,DELIVERED,EAST,False
1454,35,2025-04-08 09:27:01,DELIVERED,NORTH,False
1455,487,2025-04-17 23:29:34,RETURNED,SOUTH,False
1456,314,2024-12-05 09:47:55,SHIPPED,NORTH,False
1457,468,2025-11-05 01:02:07,DELIVERED,WEST,False
1458,250,2025-02-13 04:20:05,DELIVERED,WEST,False
1459,308,2024-09-01 04:03:29,CANCELLED,CENTRAL,False
1460,437,2026-03-25 05:45:22,DELIVERED,CENTRAL,False
1461,,2025-09-02 20:10:52,DELIVERED,CENTRAL,True
1462,537,2025-01-02 03:36:08,DELIVERED,SOUTH,False
1463,342,2026-04-05 11:59:57,RETURNED,EAST,False
1464,145,2026-04-15 12:50:58,DELIVERED,WEST,False
1465,,2024-11-23 13:25:54,SHIPPED,EAST,True
1466,242,2026-05-29 05:50:46,PLACED,SOUTH,False
1467,569,2026-05-19 20:24:05,PLACED,SOUTH,False
1468,483,2025-10-02 01:33:24,DELIVERED,WEST,False
1469,475,2026-01-31 12:58:17,RETURNED,WEST,False
1470,137,2025-06-07 14:22:11,CANCELLED,WEST,False
1471,547,2024-09-25 15:46:46,DELIVERED,CENTRAL,False
1472,,2026-06-19 20:33:33,DELIVERED,EAST,True
1473,514,2026-05-02 00:00:00,DELIVERED,WEST,False
1474,236,2024-11-16 05:59:45,PLACED,EAST,False
1475,348,2025-05-26 07:31:08,DELIVERED,EAST,False
1476,493,2024-08-28 01:12:57,RETURNED,SOUTH,False
1477,530,2026-05-10 23:13:15,CANCELLED,EAST,False
1478,104,2025-12-23 10:16:36,CANCELLED,NORTH,False
1479,132,2025-10-21 08:51:10,DELIVERED,NORTH,False
1480,412,2025-06-25 03:10:13,DELIVERED,EAST,False
1481,119,2025-11-12 20:35:29,RETURNED,CENTRAL,False
1482,485,2026-02-05 01:04:46,DELIVERED,EAST,False
1483,184,2025-06-26 09:08:48,DELIVERED,NORTH,False
1484,346,2026-07-27 14:19:22,SHIPPED,CENTRAL,False
1485,466,2025-07-04 00:00:00,SHIPPED,NORTH,False
1486,472,2025-05-13 00:00:00,DELIVERED,EAST,False
1487,346,2026-01-07 06:50:33,CANCELLED,CENTRAL,False
1488,301,2025-05-05 04:49:31,DELIVERED,EAST,False
1489,115,2025-05-05 11:31:11,DELIVERED,WEST,False
1490,87,2025-09-20 12:50:49,DELIVERED,WEST,False
1491,282,2025-04-26 06:28:00,DELIVERED,SOUTH,False
1492,537,2025-10-17 00:12:05,PLACED,EAST,False
1493,,2025-11-17 07:10:20,DELIVERED,NORTH,True
1494,81,2025-04-20 08:32:24,DELIVERED,WEST,False
1495,189,2026-03-04 00:44:47,DELIVERED,NORTH,False
1496,444,2024-10-30 10:19:38,DELIVERED,EAST,False
1497,553,2026-05-26 12:15:20,DELIVERED,NORTH,False
1498,485,2025-01-15 03:47:29,DELIVERED,SOUTH,False
1499,47,2025-11-13 14:58:53,SHIPPED,EAST,False
1500,417,2025-01-08 00:00:00,DELIVERED,SOUTH,False
1501,474,2025-11-09 07:39:01,DELIVERED,NORTH,False
1502,19,2026-02-02 16:52:35,PLACED,EAST,False
1503,472,2025-10-31 15:30:51,DELIVERED,CENTRAL,False
1504,572,2024-08-10 18:16:12,DELIVERED,WEST,False
1505,511,2025-01-11 14:33:56,SHIPPED,WEST,False
1506,34,2025-12-27 04:18:45,RETURNED,WEST,False
1507,354,2024-10-04 12:56:49,RETURNED,EAST,False
1508,323,2025-07-17 16:33:17,PLACED,CENTRAL,False
1509,361,2025-10-13 18:21:29,RETURNED,NORTH,False
1510,291,2025-10-07 04:47:01,RETURNED,WEST,False
1511,135,2025-05-21 22:25:29,CANCELLED,NORTH,False
1512,217,2024-10-25 22:20:39,SHIPPED,SOUTH,False
1513,411,2025-10-02 06:03:16,DELIVERED,WEST,False
1514,286,2025-04-06 02:06:45,DELIVERED,EAST,False
1515,546,2025-06-01 14:38:29,DELIVERED,WEST,False
1516,461,2024-11-30 22:05:30,SHIPPED,EAST,False
1517,,2026-05-07 13:49:44,DELIVERED,SOUTH,True
1518,101,2025-05-25 18:13:32,DELIVERED,WEST,False
1519,30,2025-11-24 16:41:03,DELIVERED,CENTRAL,False
1520,585,2026-02-20 16:13:40,PLACED,CENTRAL,False
1521,583,2025-11-29 20:04:27,PLACED,EAST,False
1522,,2025-11-11 01:50:17,DELIVERED,CENTRAL,True
1523,198,2026-05-23 10:54:31,DELIVERED,SOUTH,False
1524,205,2025-04-08 16:00:54,PLACED,NORTH,False
1525,473,2025-07-23 15:58:35,DELIVERED,SOUTH,False
1526,473,2025-08-24 12:40:56,CANCELLED,EAST,False
1527,164,2025-02-07 04:35:08,RETURNED,NORTH,False
1528,417,2026-06-05 11:13:13,DELIVERED,WEST,False
1529,428,2025-02-18 23:17:47,DELIVERED,CENTRAL,False
1530,547,2026-02-07 00:00:00,DELIVERED,NORTH,False
1531,408,2026-05-06 08:46:31,DELIVERED,EAST,False
1532,524,2025-12-02 18:24:33,DELIVERED,NORTH,False
1533,269,2026-03-12 17:02:00,DELIVERED,NORTH,False
1534,376,2025-06-17 16:53:03,PLACED,SOUTH,False
1535,216,2025-02-22 10:46:51,DELIVERED,NORTH,False
1536,504,2026-03-08 11:39:46,SHIPPED,EAST,False
1537,339,2026-04-04 13:42:51,SHIPPED,EAST,False
1538,144,2024-11-23 23:22:00,PLACED,EAST,False
1539,299,2025-03-27 04:36:27,SHIPPED,EAST,False
1540,451,2026-01-05 22:49:29,DELIVERED,SOUTH,False
1541,300,2026-05-30 07:40:21,DELIVERED,NORTH,False
1542,598,2025-03-24 07:31:11,PLACED,EAST,False
1543,530,2025-06-12 05:29:32,RETURNED,EAST,False
1544,514,2025-04-02 02:54:23,DELIVERED,WEST,False
1545,538,2025-08-10 10:06:34,CANCELLED,NORTH,False
1546,67,2025-04-23 22:11:00,SHIPPED,SOUTH,False
1547,123,2025-12-18 20:48:57,DELIVERED,CENTRAL,False
1548,13,2026-05-15 10:18:31,CANCELLED,CENTRAL,False
1549,208,2025-05-10 09:15:20,DELIVERED,NORTH,False
1550,520,2024-09-22 04:39:23,RETURNED,CENTRAL,False
1551,58,2025-07-13 21:50:23,SHIPPED,EAST,False
1552,188,2026-01-18 16:55:18,CANCELLED,SOUTH,False
1553,468,2024-12-16 00:00:00,DELIVERED,CENTRAL,False
1554,195,2026-02-21 14:23:49,PLACED,SOUTH,False
1555,63,2025-01-09 08:24:21,DELIVERED,CENTRAL,False
1556,101,2025-09-22 01:10:06,PLACED,NORTH,False
1557,120,2025-07-10 05:34:37,SHIPPED,CENTRAL,False
1558,499,2025-03-21 23:40:39,DELIVERED,NORTH,False
1559,454,2026-03-27 19:42:33,DELIVERED,CENTRAL,False
1560,1,2025-02-12 12:55:07,DELIVERED,WEST,False
1561,337,2025-08-30 00:37:35,SHIPPED,EAST,False
1562,545,2025-02-10 10:06:23,DELIVERED,CENTRAL,False
1563,451,2024-10-26 13:57:08,RETURNED,WEST,False
1564,,2026-06-25 21:34:17,DELIVERED,SOUTH,True
1565,443,2026-01-05 17:11:07,RETURNED,WEST,False
1566,552,2026-05-01 21:35:11,DELIVERED,SOUTH,False
1567,514,2025-03-26 04:46:01,DELIVERED,NORTH,False
1568,216,2025-10-18 12:22:06,DELIVERED,SOUTH,False
1569,176,2026-05-25 01:05:29,DELIVERED,EAST,False
1570,486,2025-12-21 13:56:53,DELIVERED,EAST,False
1571,270,2025-08-02 14:22:33,CANCELLED,EAST,False
1572,342,2026-02-16 10:50:58,DELIVERED,WEST,False
1573,577,2025-06-02 16:09:30,PLACED,WEST,False
1574,419,2025-05-02 15:48:16,PLACED,WEST,False
1575,20,2026-04-28 18:33:44,SHIPPED,EAST,False
1576,383,2024-08-19 09:24:30,DELIVERED,EAST,False
1577,205,2026-04-12 10:00:15,DELIVERED,EAST,False
1578,249,2024-12-03 14:24:26,DELIVERED,CENTRAL,False
1579,48,2026-03-30 19:08:39,DELIVERED,WEST,False
1580,385,2024-09-16 01:44:44,DELIVERED,EAST,False
1581,449,2026-07-19 09:15:55,DELIVERED,NORTH,False
1582,424,2026-05-03 06:15:54,SHIPPED,EAST,False
1583,576,2024-10-08 08:32:06,DELIVERED,CENTRAL,False
1584,267,2025-10-07 09:09:48,SHIPPED,NORTH,False
1585,70,2026-06-08 07:29:47,DELIVERED,EAST,False
1586,370,2026-07-05 00:21:07,DELIVERED,SOUTH,False
1587,480,2025-01-24 20:18:19,DELIVERED,EAST,False
1588,24,2024-11-17 22:49:16,DELIVERED,WEST,False
1589,50,2026-05-08 23:32:07,RETURNED,CENTRAL,False
1590,580,2025-07-06 14:07:39,RETURNED,EAST,False
1591,504,2025-03-08 12:54:40,DELIVERED,NORTH,False
1592,572,2026-03-30 07:13:08,SHIPPED,CENTRAL,False
1593,90,2025-10-20 18:44:30,DELIVERED,SOUTH,False
1594,442,2026-04-28 04:04:20,DELIVERED,SOUTH,False
1595,75,2024-12-20 02:38:43,DELIVERED,CENTRAL,False
1596,443,2026-06-22 00:00:00,DELIVERED,NORTH,False
1597,400,2024-08-15 00:00:00,DELIVERED,SOUTH,False
1598,229,2025-10-28 21:34:01,DELIVERED,WEST,False
1599,206,2026-03-22 00:29:41,RETURNED,CENTRAL,False
1600,152,2025-01-08 02:48:21,PLACED,CENTRAL,False
1601,41,2026-03-29 10:14:51,DELIVERED,NORTH,False
1602,323,2026-07-23 03:51:05,SHIPPED,EAST,False
1603,278,2025-01-28 23:02:25,SHIPPED,EAST,False
1604,,2026-06-13 16:21:01,DELIVERED,WEST,True
1605,,2026-06-05 19:58:59,DELIVERED,WEST,True
1606,,2025-07-07 15:06:21,SHIPPED,WEST,True
1607,128,2024-10-12 02:52:59,DELIVERED,CENTRAL,False
1608,125,2024-12-05 12:21:32,PLACED,WEST,False
1609,367,2026-03-06 07:05:46,DELIVERED,SOUTH,False
1610,520,2025-05-07 12:14:53,DELIVERED,WEST,False
1611,,2025-05-23 04:15:23,DELIVERED,NORTH,True
1612,318,2026-05-12 00:00:00,RETURNED,EAST,False
1613,87,2025-12-19 04:56:35,DELIVERED,WEST,False
1614,,2025-03-02 09:04:47,CANCELLED,NORTH,True
1615,255,2024-12-16 18:11:59,PLACED,SOUTH,False
1616,482,2026-03-16 00:00:00,DELIVERED,SOUTH,False
1617,301,2025-05-16 17:03:55,CANCELLED,WEST,False
1618,532,2024-11-26 13:56:13,CANCELLED,SOUTH,False
1619,113,2026-04-03 22:28:52,DELIVERED,EAST,False
1620,383,2026-07-08 00:37:52,DELIVERED,NORTH,False
1621,340,2024-08-23 03:13:13,PLACED,SOUTH,False
1622,48,2025-09-24 00:32:29,DELIVERED,CENTRAL,False
1623,103,2024-08-12 14:28:23,SHIPPED,WEST,False
1624,116,2025-08-05 11:29:33,DELIVERED,CENTRAL,False
1625,1,2025-03-30 21:29:32,CANCELLED,EAST,False
1626,553,2025-05-11 22:57:21,DELIVERED,NORTH,False
1627,585,2024-12-31 11:03:24,DELIVERED,SOUTH,False
1628,85,2026-03-01 05:58:37,DELIVERED,CENTRAL,False
1629,232,2025-02-11 16:50:26,DELIVERED,EAST,False
1630,474,2026-01-02 03:03:56,DELIVERED,EAST,False
1631,135,2025-04-12 17:19:10,DELIVERED,CENTRAL,False
1632,36,2026-03-04 22:32:11,DELIVERED,NORTH,False
1633,187,2024-08-12 02:58:35,PLACED,SOUTH,False
1634,331,2024-08-10 02:20:13,DELIVERED,EAST,False
1635,592,2025-06-12 01:59:30,SHIPPED,CENTRAL,False
1636,451,2024-10-31 12:18:27,DELIVERED,CENTRAL,False
1637,346,2026-06-25 05:54:22,DELIVERED,WEST,False
1638,468,2025-12-29 03:50:24,CANCELLED,CENTRAL,False
1639,375,2025-06-28 06:48:24,RETURNED,SOUTH,False
1640,469,2026-05-07 17:46:28,DELIVERED,EAST,False
1641,356,2025-03-27 11:27:41,DELIVERED,NORTH,False
1642,517,2024-12-20 20:08:29,RETURNED,CENTRAL,False
1643,228,2026-03-26 00:00:00,DELIVERED,EAST,False
1644,156,2025-10-12 04:53:58,DELIVERED,CENTRAL,False
1645,236,2026-01-21 19:24:26,DELIVERED,EAST,False
1646,170,2025-12-07 03:31:50,DELIVERED,SOUTH,False
1647,435,2026-05-29 15:46:55,PLACED,WEST,False
1648,535,2025-06-24 04:55:57,DELIVERED,SOUTH,False
1649,308,2024-08-01 00:00:00,DELIVERED,EAST,False
1650,69,2024-09-15 23:58:56,PLACED,WEST,False
1651,249,2025-05-31 21:12:35,DELIVERED,WEST,False
1652,255,2026-05-11 01:01:13,SHIPPED,EAST,False
1653,412,2024-11-04 21:40:26,DELIVERED,SOUTH,False
1654,146,2026-01-05 03:25:33,DELIVERED,NORTH,False
1655,537,2024-10-19 16:49:48,DELIVERED,SOUTH,False
1656,306,2026-05-01 15:40:17,DELIVERED,WEST,False
1657,350,2026-06-11 19:34:18,RETURNED,WEST,False
1658,262,2024-10-27 15:26:41,DELIVERED,SOUTH,False
1659,499,2026-03-13 02:42:37,DELIVERED,NORTH,False
1660,372,2025-02-04 10:01:11,DELIVERED,WEST,False
1661,108,2026-06-03 23:53:10,CANCELLED,EAST,False
1662,521,2025-04-13 09:49:45,CANCELLED,EAST,False
1663,104,2026-02-05 21:03:56,SHIPPED,WEST,False
1664,445,2025-12-31 00:12:51,RETURNED,WEST,False
1665,580,2025-05-19 21:50:10,CANCELLED,WEST,False
1666,,2024-10-23 17:29:39,DELIVERED,NORTH,True
1667,121,2026-03-17 10:33:50,DELIVERED,CENTRAL,False
1668,404,2026-02-09 21:52:38,DELIVERED,WEST,False
1669,588,2026-06-02 15:09:09,RETURNED,WEST,False
1670,27,2025-01-15 19:16:07,PLACED,EAST,False
1671,423,2026-04-15 00:00:00,DELIVERED,EAST,False
1672,353,2025-05-01 16:48:37,SHIPPED,WEST,False
1673,333,2025-07-22 21:33:08,DELIVERED,SOUTH,False
1674,561,2025-12-17 12:56:38,DELIVERED,EAST,False
1675,177,2026-05-19 02:43:09,PLACED,EAST,False
1676,234,2025-04-03 20:37:26,PLACED,NORTH,False
1677,321,2025-11-26 23:11:13,SHIPPED,WEST,False
1678,498,2025-04-30 07:32:38,DELIVERED,EAST,False
1679,173,2025-04-08 00:00:00,SHIPPED,EAST,False
1680,574,2025-03-19 01:38:13,DELIVERED,WEST,False
1681,78,2025-01-02 06:32:16,DELIVERED,WEST,False
1682,150,2026-02-08 01:07:17,DELIVERED,SOUTH,False
1683,107,2026-05-19 08:07:06,CANCELLED,EAST,False
1684,85,2025-04-09 12:44:45,DELIVERED,NORTH,False
1685,159,2026-01-01 11:29:57,PLACED,SOUTH,False
1686,225,2025-02-07 13:41:16,DELIVERED,SOUTH,False
1687,304,2025-02-06 06:31:41,CANCELLED,WEST,False
1688,425,2025-10-07 02:36:00,DELIVERED,WEST,False
1689,532,2025-10-26 04:40:44,DELIVERED,WEST,False
1690,373,2026-04-17 00:56:51,DELIVERED,EAST,False
1691,241,2025-04-06 16:06:59,PLACED,SOUTH,False
1692,253,2026-04-10 22:15:31,PLACED,CENTRAL,False
1693,549,2025-04-01 11:46:47,CANCELLED,SOUTH,False
1694,568,2026-04-30 17:59:40,DELIVERED,CENTRAL,False
1695,472,2025-11-24 15:22:43,DELIVERED,NORTH,False
1696,176,2024-08-18 04:15:24,DELIVERED,NORTH,False
1697,489,2026-06-05 20:48:36,PLACED,EAST,False
1698,283,2025-10-17 12:58:38,CANCELLED,NORTH,False
1699,503,2025-07-01 15:15:13,RETURNED,WEST,False
1700,463,2025-03-29 15:33:42,DELIVERED,EAST,False
1701,521,2025-06-13 05:40:37,DELIVERED,CENTRAL,False
1702,7,2025-11-17 00:00:00,DELIVERED,CENTRAL,False
1703,73,2025-11-20 00:00:00,DELIVERED,SOUTH,False
1704,255,2025-11-11 05:14:50,RETURNED,SOUTH,False
1705,,2026-07-23 10:34:29,PLACED,NORTH,True
1706,414,2025-10-20 20:11:21,DELIVERED,WEST,False
1707,486,2024-11-16 14:00:15,SHIPPED,EAST,False
1708,441,2026-06-14 18:57:02,PLACED,EAST,False
1709,233,2025-04-30 18:51:18,DELIVERED,EAST,False
1710,97,2025-09-11 21:35:37,CANCELLED,NORTH,False
1711,61,2026-01-13 06:38:18,SHIPPED,CENTRAL,False
1712,,2025-04-11 21:06:20,PLACED,CENTRAL,True
1713,72,2024-12-12 21:38:15,DELIVERED,SOUTH,False
1714,354,2024-10-15 07:34:23,RETURNED,CENTRAL,False
1715,182,2026-06-24 09:35:08,CANCELLED,SOUTH,False
1716,456,2024-08-24 13:36:34,RETURNED,NORTH,False
1717,320,2026-07-28 06:16:09,DELIVERED,SOUTH,False
1718,172,2026-07-01 05:30:53,SHIPPED,SOUTH,False
1719,346,2026-07-30 10:11:58,DELIVERED,WEST,False
1720,120,2026-01-02 09:33:58,DELIVERED,EAST,False
1721,503,2024-12-25 06:54:55,PLACED,NORTH,False
1722,492,2026-04-22 20:24:31,DELIVERED,CENTRAL,False
1723,533,2024-10-10 15:29:44,DELIVERED,CENTRAL,False
1724,545,2025-09-10 04:41:10,DELIVERED,SOUTH,False
1725,139,2025-07-14 21:32:46,SHIPPED,WEST,False
1726,387,2024-10-03 23:50:24,DELIVERED,EAST,False
1727,399,2025-03-26 14:20:39,DELIVERED,EAST,False
1728,57,2025-09-14 18:14:49,SHIPPED,NORTH,False
1729,585,2025-09-26 14:17:01,DELIVERED,NORTH,False
1730,49,2025-03-24 07:19:16,DELIVERED,CENTRAL,False
1731,445,2026-02-25 15:23:06,CANCELLED,CENTRAL,False
1732,46,2026-07-09 07:58:19,DELIVERED,SOUTH,False
1733,328,2024-09-26 16:08:16,DELIVERED,CENTRAL,False
1734,16,2024-09-05 03:13:14,SHIPPED,NORTH,False
1735,5,2026-07-04 11:09:34,CANCELLED,EAST,False
1736,400,2026-05-05 00:25:22,RETURNED,WEST,False
1737,,2024-11-19 00:54:33,DELIVERED,EAST,True
1738,433,2026-01-11 11:29:43,CANCELLED,EAST,False
1739,280,2025-06-14 20:06:15,DELIVERED,WEST,False
1740,195,2026-04-27 08:51:02,SHIPPED,NORTH,False
1741,405,2024-09-02 11:11:46,DELIVERED,SOUTH,False
1742,118,2024-10-29 12:56:42,DELIVERED,NORTH,False
1743,336,2024-12-08 23:56:31,SHIPPED,WEST,False
1744,294,2025-03-10 03:16:57,SHIPPED,NORTH,False
1745,207,2024-10-07 04:32:02,DELIVERED,SOUTH,False
1746,37,2025-07-31 05:59:30,PLACED,NORTH,False
1747,189,2024-10-04 22:33:59,CANCELLED,SOUTH,False
1748,380,2025-07-07 06:56:07,DELIVERED,NORTH,False
1749,516,2026-03-19 14:00:17,DELIVERED,EAST,False
1750,,2024-08-12 00:54:53,DELIVERED,EAST,True
1751,359,2025-07-25 20:57:52,DELIVERED,WEST,False
1752,299,2025-08-28 00:00:00,SHIPPED,SOUTH,False
1753,450,2024-08-20 15:48:23,PLACED,SOUTH,False
1754,295,2025-10-07 12:29:41,DELIVERED,EAST,False
1755,67,2025-06-15 09:32:25,PLACED,SOUTH,False
1756,330,2025-05-15 00:00:00,RETURNED,SOUTH,False
1757,,2024-08-03 15:46:16,CANCELLED,CENTRAL,True
1758,230,2026-03-15 23:59:42,DELIVERED,NORTH,False
1759,,2026-05-03 00:26:36,RETURNED,WEST,True
1760,397,2025-07-16 06:28:43,SHIPPED,WEST,False
1761,354,2025-12-08 12:54:10,RETURNED,SOUTH,False
1762,369,2025-01-21 20:40:37,DELIVERED,SOUTH,False
1763,398,2025-02-16 18:45:34,DELIVERED,NORTH,False
1764,308,2024-11-20 00:00:00,DELIVERED,CENTRAL,False
1765,412,2024-11-06 02:37:13,DELIVERED,WEST,False
1766,428,2025-07-24 17:51:43,DELIVERED,WEST,False
1767,346,2025-04-11 05:17:06,PLACED,CENTRAL,False
1768,223,2026-02-05 11:38:16,SHIPPED,CENTRAL,False
1769,475,2025-09-30 19:17:29,DELIVERED,EAST,False
1770,219,2025-06-02 02:52:25,PLACED,WEST,False
1771,423,2024-09-09 12:34:42,DELIVERED,SOUTH,False
1772,530,2025-07-02 09:02:01,DELIVERED,SOUTH,False
1773,177,2025-03-01 07:03:13,DELIVERED,SOUTH,False
1774,589,2026-03-31 06:54:23,SHIPPED,EAST,False
1775,134,2026-03-16 08:16:19,DELIVERED,CENTRAL,False
1776,37,2026-01-08 05:05:03,PLACED,NORTH,False
1777,,2026-06-01 17:29:28,DELIVERED,NORTH,True
1778,366,2025-01-05 16:19:33,RETURNED,EAST,False
1779,372,2025-11-28 01:52:50,DELIVERED,WEST,False
1780,180,2025-03-14 01:09:52,CANCELLED,SOUTH,False
1781,156,2024-12-05 19:19:34,DELIVERED,CENTRAL,False
1782,576,2025-10-04 00:00:48,DELIVERED,EAST,False
1783,256,2024-10-28 01:11:30,PLACED,WEST,False
1784,41,2024-11-14 07:44:37,DELIVERED,WEST,False
1785,21,2025-10-30 07:06:03,CANCELLED,WEST,False
1786,187,2025-07-14 10:53:57,RETURNED,CENTRAL,False
1787,348,2024-10-06 00:42:38,PLACED,SOUTH,False
1788,404,2026-07-14 01:43:11,RETURNED,SOUTH,False
1789,329,2025-03-16 01:47:20,RETURNED,NORTH,False
1790,507,2024-08-13 09:25:57,DELIVERED,SOUTH,False
1791,259,2024-12-28 03:34:15,RETURNED,NORTH,False
1792,171,2024-09-10 09:33:23,DELIVERED,EAST,False
1793,444,2025-04-20 00:00:00,DELIVERED,WEST,False
1794,341,2025-10-03 00:00:00,CANCELLED,CENTRAL,False
1795,,2025-10-20 00:00:00,DELIVERED,WEST,True
1796,37,2026-01-23 01:06:46,DELIVERED,EAST,False
1797,525,2026-05-26 00:45:15,DELIVERED,EAST,False
1798,355,2026-02-10 13:18:52,SHIPPED,EAST,False
1799,461,2026-07-15 15:13:41,CANCELLED,EAST,False
1800,117,2024-08-18 20:53:24,CANCELLED,NORTH,False
1801,182,2025-05-18 00:00:00,DELIVERED,SOUTH,False
1802,78,2024-08-08 11:48:01,DELIVERED,EAST,False
1803,73,2024-11-30 08:35:43,RETURNED,WEST,False
1804,339,2026-04-03 14:33:20,DELIVERED,NORTH,False
1805,205,2026-07-15 00:48:02,PLACED,NORTH,False
1806,94,2024-08-03 23:36:14,DELIVERED,SOUTH,False
1807,,2024-10-01 16:20:46,DELIVERED,SOUTH,True
1808,203,2026-02-02 02:30:22,DELIVERED,SOUTH,False
1809,63,2025-07-10 17:06:08,PLACED,SOUTH,False
1810,270,2024-11-20 18:21:20,DELIVERED,SOUTH,False
1811,78,2024-12-25 04:16:28,DELIVERED,SOUTH,False
1812,304,2025-11-11 05:46:43,DELIVERED,SOUTH,False
1813,354,2026-02-23 05:39:14,PLACED,EAST,False
1814,166,2024-09-20 00:00:00,DELIVERED,NORTH,False
1815,441,2024-10-02 02:24:21,CANCELLED,WEST,False
1816,,2026-03-02 02:10:26,DELIVERED,EAST,True
1817,68,2025-10-17 02:40:41,CANCELLED,WEST,False
1818,492,2025-05-15 17:33:55,DELIVERED,EAST,False
1819,195,2025-01-25 04:18:32,PLACED,EAST,False
1820,473,2025-04-09 22:39:12,CANCELLED,WEST,False
1821,476,2025-07-18 05:10:45,DELIVERED,WEST,False
1822,26,2026-06-10 08:38:35,DELIVERED,SOUTH,False
1823,15,2025-07-04 09:27:13,DELIVERED,SOUTH,False
1824,189,2025-01-16 13:03:26,DELIVERED,SOUTH,False
1825,203,2024-08-17 20:09:25,SHIPPED,CENTRAL,False
1826,195,2025-08-13 21:39:55,DELIVERED,WEST,False
1827,164,2025-08-14 12:42:57,PLACED,NORTH,False
1828,332,2026-01-31 09:14:35,SHIPPED,SOUTH,False
1829,507,2026-04-17 04:36:02,DELIVERED,EAST,False
1830,347,2025-12-03 16:36:29,DELIVERED,CENTRAL,False
1831,133,2025-09-16 09:08:38,DELIVERED,SOUTH,False
1832,485,2024-09-19 00:00:00,DELIVERED,SOUTH,False
1833,335,2026-01-17 14:30:08,CANCELLED,EAST,False
1834,488,2026-04-04 03:07:46,DELIVERED,EAST,False
1835,131,2025-04-07 23:23:50,DELIVERED,SOUTH,False
1836,243,2026-04-24 17:25:08,DELIVERED,WEST,False
1837,321,2025-09-01 20:59:36,DELIVERED,SOUTH,False
1838,84,2025-09-16 01:39:57,DELIVERED,EAST,False
1839,399,2026-03-27 20:24:20,DELIVERED,SOUTH,False
1840,61,2025-08-03 23:16:58,DELIVERED,EAST,False
1841,495,2025-10-11 10:09:47,SHIPPED,EAST,False
1842,322,2025-11-13 17:44:56,SHIPPED,SOUTH,False
1843,124,2025-03-18 14:44:53,DELIVERED,SOUTH,False
1844,517,2025-03-08 09:21:58,DELIVERED,NORTH,False
1845,210,2024-11-20 21:27:56,PLACED,WEST,False
1846,477,2026-03-26 13:54:08,PLACED,WEST,False
1847,455,2026-03-13 02:44:54,RETURNED,WEST,False
1848,465,2025-03-10 04:21:46,PLACED,NORTH,False
1849,335,2025-10-04 04:44:48,PLACED,WEST,False
1850,445,2025-12-16 00:25:59,SHIPPED,CENTRAL,False
1851,36,2025-12-13 21:57:52,DELIVERED,CENTRAL,False
1852,,2025-09-02 00:00:00,DELIVERED,SOUTH,True
1853,70,2024-11-17 16:08:17,DELIVERED,SOUTH,False
1854,369,2025-05-05 08:28:22,DELIVERED,NORTH,False
1855,559,2024-09-18 06:34:06,DELIVERED,WEST,False
1856,562,2026-05-02 02:57:37,SHIPPED,SOUTH,False
1857,268,2025-01-24 14:58:17,DELIVERED,CENTRAL,False
1858,,2025-12-13 08:34:20,SHIPPED,NORTH,True
1859,,2026-03-13 03:58:55,SHIPPED,SOUTH,True
1860,331,2025-05-28 23:59:40,DELIVERED,NORTH,False
1861,297,2025-08-18 00:00:00,DELIVERED,WEST,False
1862,42,2025-01-03 10:35:21,SHIPPED,CENTRAL,False
1863,358,2026-01-28 02:57:05,CANCELLED,CENTRAL,False
1864,169,2025-06-05 11:59:58,DELIVERED,CENTRAL,False
1865,570,2025-05-18 17:28:06,SHIPPED,SOUTH,False
1866,263,2025-04-17 19:15:58,CANCELLED,WEST,False
1867,293,2025-07-17 00:00:00,DELIVERED,CENTRAL,False
1868,210,2024-12-22 13:31:08,DELIVERED,NORTH,False
1869,211,2025-01-03 10:55:44,DELIVERED,EAST,False
1870,220,2026-06-20 16:23:38,DELIVERED,WEST,False
1871,236,2025-10-15 06:47:10,CANCELLED,SOUTH,False
1872,318,2024-08-10 14:24:48,SHIPPED,EAST,False
1873,398,2026-02-11 05:12:00,RETURNED,CENTRAL,False
1874,504,2025-08-08 23:07:17,SHIPPED,SOUTH,False
1875,110,2026-06-18 00:00:00,PLACED,NORTH,False
1876,281,2026-07-24 00:00:00,DELIVERED,CENTRAL,False
1877,100,2024-09-11 14:01:03,DELIVERED,WEST,False
1878,382,2024-09-29 02:35:51,DELIVERED,EAST,False
1879,123,2025-03-23 14:37:20,DELIVERED,SOUTH,False
1880,32,2026-06-15 17:48:19,DELIVERED,NORTH,False
1881,241,2025-07-20 14:22:26,DELIVERED,CENTRAL,False
1882,24,2026-01-28 22:34:18,PLACED,SOUTH,False
1883,408,2026-01-09 15:11:42,PLACED,WEST,False
1884,423,2024-12-14 22:39:47,DELIVERED,NORTH,False
1885,288,2026-02-03 09:31:39,DELIVERED,EAST,False
1886,,2025-02-28 05:44:50,SHIPPED,WEST,True
1887,46,2026-06-10 11:36:34,CANCELLED,CENTRAL,False
1888,501,2026-04-08 03:16:29,CANCELLED,NORTH,False
1889,91,2025-11-08 12:26:34,CANCELLED,CENTRAL,False
1890,381,2026-02-16 01:19:23,PLACED,EAST,False
1891,595,2025-06-09 01:42:25,RETURNED,EAST,False
1892,507,2026-01-07 20:09:37,DELIVERED,WEST,False
1893,260,2026-06-19 05:21:07,RETURNED,WEST,False
1894,553,2026-06-01 09:06:56,CANCELLED,EAST,False
1895,149,2025-11-09 02:18:07,DELIVERED,SOUTH,False
1896,588,2024-11-17 08:51:55,DELIVERED,WEST,False
1897,430,2026-06-16 01:52:01,DELIVERED,NORTH,False
1898,590,2024-08-04 03:19:13,DELIVERED,SOUTH,False
1899,343,2025-08-15 22:58:33,DELIVERED,EAST,False
1900,405,2025-09-11 07:40:57,DELIVERED,CENTRAL,False
1901,418,2026-01-17 05:32:19,PLACED,WEST,False
1902,193,2026-02-08 00:00:00,DELIVERED,CENTRAL,False
1903,508,2024-11-21 02:58:56,DELIVERED,EAST,False
1904,416,2025-03-24 05:40:29,DELIVERED,NORTH,False
1905,196,2024-08-19 00:00:00,SHIPPED,SOUTH,False
1906,74,2024-09-22 01:22:40,RETURNED,WEST,False
1907,413,2024-08-09 05:00:36,DELIVERED,WEST,False
1908,312,2025-06-29 20:15:50,RETURNED,CENTRAL,False
1909,504,2024-08-25 11:32:19,DELIVERED,EAST,False
1910,393,2026-03-08 19:24:28,PLACED,CENTRAL,False
1911,360,2026-01-14 22:29:42,PLACED,NORTH,False
1912,89,2025-08-04 20:15:06,PLACED,SOUTH,False
1913,97,2025-07-20 03:57:54,DELIVERED,CENTRAL,False
1914,36,2025-04-08 18:46:47,DELIVERED,WEST,False
1915,421,2024-10-13 00:00:00,PLACED,NORTH,False
1916,456,2024-09-23 16:06:36,DELIVERED,CENTRAL,False
1917,549,2025-12-21 17:53:39,SHIPPED,NORTH,False
1918,503,2024-12-14 02:04:44,SHIPPED,SOUTH,False
1919,,2025-11-10 21:41:43,PLACED,SOUTH,True
1920,79,2025-01-02 15:55:23,SHIPPED,WEST,False
1921,181,2026-03-23 23:44:52,DELIVERED,SOUTH,False
1922,598,2026-05-19 17:58:42,DELIVERED,NORTH,False
1923,143,2024-11-11 12:38:23,RETURNED,CENTRAL,False
1924,,2025-08-21 08:49:31,DELIVERED,NORTH,True
1925,378,2025-12-07 02:07:34,DELIVERED,NORTH,False
1926,571,2026-01-28 07:07:07,PLACED,EAST,False
1927,367,2025-08-04 15:39:39,RETURNED,SOUTH,False
1928,166,2024-10-07 02:11:37,DELIVERED,WEST,False
1929,560,2025-05-17 23:07:50,DELIVERED,SOUTH,False
1930,119,2025-10-09 00:00:00,SHIPPED,EAST,False
1931,401,2024-08-09 16:39:51,DELIVERED,NORTH,False
1932,273,2025-10-29 19:52:08,DELIVERED,SOUTH,False
1933,250,2026-05-31 10:28:47,SHIPPED,WEST,False
1934,220,2024-10-16 22:22:12,DELIVERED,CENTRAL,False
1935,73,2024-11-22 11:43:56,CANCELLED,SOUTH,False
1936,70,2025-08-07 00:45:25,RETURNED,CENTRAL,False
1937,424,2026-05-15 06:27:54,RETURNED,EAST,False
1938,443,2024-09-03 07:52:47,DELIVERED,NORTH,False
1939,383,2025-05-31 12:35:48,CANCELLED,SOUTH,False
1940,131,2025-08-08 08:01:34,DELIVERED,WEST,False
1941,162,2025-02-04 10:54:53,SHIPPED,NORTH,False
1942,32,2025-06-21 00:00:00,PLACED,SOUTH,False
1943,41,2025-05-15 00:22:23,SHIPPED,EAST,False
1944,549,2025-11-14 03:31:58,DELIVERED,WEST,False
1945,396,2026-03-12 07:17:21,DELIVERED,CENTRAL,False
1946,588,2024-11-15 14:50:55,PLACED,WEST,False
1947,546,2025-09-06 13:32:00,PLACED,EAST,False
1948,296,2025-11-05 17:02:58,DELIVERED,EAST,False
1949,580,2024-12-27 13:28:02,DELIVERED,EAST,False
1950,422,2025-03-05 08:01:44,DELIVERED,SOUTH,False
1951,143,2026-04-16 02:55:11,SHIPPED,EAST,False
1952,567,2025-04-07 10:31:47,DELIVERED,CENTRAL,False
1953,299,2025-12-10 00:16:49,DELIVERED,EAST,False
1954,509,2025-05-19 06:28:51,DELIVERED,EAST,False
1955,471,2025-09-22 10:01:21,SHIPPED,NORTH,False
1956,386,2026-04-24 13:33:12,DELIVERED,NORTH,False
1957,261,2026-07-22 15:33:07,RETURNED,CENTRAL,False
1958,284,2025-09-01 23:56:15,SHIPPED,NORTH,False
1959,502,2025-11-06 08:40:12,DELIVERED,EAST,False
1960,186,2024-11-04 11:19:53,CANCELLED,NORTH,False
1961,,2024-09-24 14:06:49,DELIVERED,EAST,True
1962,99,2026-07-21 01:11:23,DELIVERED,NORTH,False
1963,581,2024-09-16 00:00:00,DELIVERED,CENTRAL,False
1964,292,2025-06-30 20:06:07,SHIPPED,CENTRAL,False
1965,274,2026-07-22 16:24:22,CANCELLED,SOUTH,False
1966,,2025-10-28 16:47:10,SHIPPED,WEST,True
1967,18,2024-12-03 13:59:38,DELIVERED,EAST,False
1968,128,2024-10-14 07:40:21,DELIVERED,SOUTH,False
1969,170,2026-06-24 17:56:41,SHIPPED,NORTH,False
1970,,2026-01-04 07:21:32,DELIVERED,CENTRAL,True
1971,457,2025-01-13 17:50:13,CANCELLED,WEST,False
1972,454,2024-11-25 19:23:22,DELIVERED,CENTRAL,False
1973,24,2025-09-25 09:54:13,SHIPPED,WEST,False
1974,537,2025-04-23 20:43:28,DELIVERED,CENTRAL,False
1975,453,2025-11-15 02:59:05,PLACED,NORTH,False
1976,387,2024-12-09 18:51:41,SHIPPED,EAST,False
1977,281,2025-02-10 05:19:40,CANCELLED,WEST,False
1978,481,2024-08-19 20:32:13,DELIVERED,NORTH,False
1979,23,2025-05-30 01:03:35,DELIVERED,NORTH,False
1980,457,2026-07-08 04:29:36,DELIVERED,EAST,False
1981,376,2026-07-10 01:25:49,DELIVERED,SOUTH,False
1982,600,2025-12-14 23:50:17,DELIVERED,SOUTH,False
1983,391,2025-05-11 00:00:00,SHIPPED,SOUTH,False
1984,567,2024-09-08 21:16:50,DELIVERED,EAST,False
1985,301,2024-11-19 00:14:59,SHIPPED,SOUTH,False
1986,320,2024-12-08 10:11:09,SHIPPED,NORTH,False
1987,587,2025-12-22 11:02:12,CANCELLED,SOUTH,False
1988,482,2025-06-25 18:12:46,SHIPPED,SOUTH,False
1989,79,2024-09-22 08:05:36,SHIPPED,SOUTH,False
1990,474,2025-10-04 20:50:39,DELIVERED,SOUTH,False
1991,192,2025-02-07 19:11:00,DELIVERED,SOUTH,False
1992,526,2026-04-24 00:00:00,DELIVERED,NORTH,False
1993,172,2024-09-07 13:12:22,CANCELLED,SOUTH,False
1994,377,2025-10-20 17:36:34,DELIVERED,WEST,False
1995,113,2026-02-06 03:17:36,DELIVERED,NORTH,False
1996,387,2024-11-14 00:00:00,DELIVERED,WEST,False
1997,405,2025-10-02 10:37:44,DELIVERED,CENTRAL,False
1998,533,2025-05-02 21:50:08,DELIVERED,WEST,False
1999,537,2026-07-29 16:31:28,DELIVERED,WEST,False
2000,38,2025-01-08 00:00:00,RETURNED,EAST,False
2001,423,2025-05-25 03:39:51,DELIVERED,EAST,False
2002,17,2025-01-15 10:31:26,DELIVERED,SOUTH,False
2003,144,2025-12-18 03:33:58,DELIVERED,SOUTH,False
2004,,2025-01-24 08:55:09,SHIPPED,WEST,True
2005,477,2025-05-16 14:30:47,DELIVERED,WEST,False
2006,252,2024-11-22 01:00:54,RETURNED,EAST,False
2007,359,2025-07-28 05:53:42,CANCELLED,WEST,False
2008,302,2025-05-03 13:28:25,DELIVERED,NORTH,False
2009,491,2024-09-22 15:03:25,SHIPPED,CENTRAL,False
2010,104,2024-11-22 08:30:02,DELIVERED,NORTH,False
2011,,2025-01-17 20:44:52,DELIVERED,WEST,True
2012,472,2025-04-27 11:09:52,SHIPPED,NORTH,False
2013,600,2024-11-04 18:26:14,DELIVERED,WEST,False
2014,38,2025-12-31 13:06:19,DELIVERED,CENTRAL,False
2015,158,2026-07-26 15:24:12,DELIVERED,WEST,False
2016,274,2024-11-20 19:27:00,RETURNED,NORTH,False
2017,283,2025-06-03 08:08:16,PLACED,NORTH,False
2018,200,2025-06-21 23:05:29,DELIVERED,SOUTH,False
2019,582,2025-02-15 04:18:04,SHIPPED,NORTH,False
2020,39,2025-02-23 05:25:19,DELIVERED,SOUTH,False
2021,170,2026-07-20 07:55:39,PLACED,WEST,False
2022,351,2025-11-23 01:57:16,DELIVERED,WEST,False
2023,265,2025-10-23 04:52:10,CANCELLED,EAST,False
2024,335,2025-09-14 02:34:13,DELIVERED,CENTRAL,False
2025,286,2026-04-19 04:27:05,CANCELLED,SOUTH,False
2026,445,2025-08-11 11:09:14,RETURNED,EAST,False
2027,415,2024-09-09 20:03:03,DELIVERED,EAST,False
2028,152,2025-10-06 02:12:44,DELIVERED,SOUTH,False
2029,157,2026-07-21 06:51:13,DELIVERED,EAST,False
2030,410,2025-06-22 16:09:38,SHIPPED,SOUTH,False
2031,493,2026-07-23 02:48:50,DELIVERED,NORTH,False
2032,443,2024-11-28 15:37:28,RETURNED,EAST,False
2033,122,2025-03-28 05:40:27,CANCELLED,WEST,False
2034,406,2025-11-01 01:00:14,DELIVERED,SOUTH,False
2035,169,2025-04-19 01:34:06,DELIVERED,WEST,False
2036,104,2024-10-03 18:21:33,DELIVERED,SOUTH,False
2037,505,2026-06-28 09:29:13,RETURNED,SOUTH,False
2038,3,2025-08-01 23:57:23,PLACED,EAST,False
2039,366,2025-12-31 08:13:31,PLACED,EAST,False
2040,40,2025-10-27 17:21:47,PLACED,NORTH,False
2041,197,2026-04-06 06:08:32,DELIVERED,WEST,False
2042,299,2025-11-22 00:32:29,PLACED,CENTRAL,False
2043,67,2025-07-26 02:34:41,SHIPPED,CENTRAL,False
2044,230,2026-01-18 04:29:16,DELIVERED,EAST,False
2045,485,2026-04-22 08:32:32,RETURNED,EAST,False
2046,411,2025-06-21 15:31:04,SHIPPED,EAST,False
2047,216,2025-02-03 22:37:27,DELIVERED,NORTH,False
2048,121,2024-11-23 16:57:15,DELIVERED,SOUTH,False
2049,290,2026-03-22 08:40:34,DELIVERED,SOUTH,False
2050,446,2025-06-15 08:43:39,DELIVERED,CENTRAL,False
2051,310,2026-07-30 03:04:38,CANCELLED,NORTH,False
2052,401,2024-12-27 17:36:22,PLACED,EAST,False
2053,510,2025-07-27 00:20:23,DELIVERED,EAST,False
2054,335,2026-03-02 21:02:58,DELIVERED,EAST,False
2055,581,2026-06-06 07:11:17,PLACED,SOUTH,False
2056,426,2024-10-12 09:40:42,RETURNED,SOUTH,False
2057,,2024-11-18 00:08:44,DELIVERED,EAST,True
2058,185,2025-06-21 00:00:00,PLACED,EAST,False
2059,382,2025-04-19 00:00:00,DELIVERED,CENTRAL,False
2060,152,2025-04-16 06:34:59,CANCELLED,CENTRAL,False
2061,401,2026-06-22 23:05:30,DELIVERED,CENTRAL,False
2062,41,2025-07-20 08:55:45,DELIVERED,EAST,False
2063,468,2024-09-04 13:47:41,PLACED,CENTRAL,False
2064,65,2025-08-04 13:38:54,DELIVERED,WEST,False
2065,586,2025-01-27 09:07:52,CANCELLED,SOUTH,False
2066,308,2026-06-24 11:00:37,PLACED,SOUTH,False
2067,594,2025-02-14 09:32:55,PLACED,SOUTH,False
2068,,2026-05-01 02:00:10,DELIVERED,WEST,True
2069,,2024-09-29 02:42:47,SHIPPED,CENTRAL,True
2070,17,2025-08-25 17:19:55,DELIVERED,EAST,False
2071,53,2025-08-21 17:57:30,SHIPPED,CENTRAL,False
2072,119,2026-05-27 06:42:54,RETURNED,CENTRAL,False
2073,182,2025-09-28 08:42:55,PLACED,WEST,False
2074,252,2025-08-08 00:00:00,PLACED,EAST,False
2075,300,2026-01-04 19:27:44,SHIPPED,WEST,False
2076,168,2025-05-08 17:32:11,RETURNED,EAST,False
2077,562,2025-12-10 00:00:00,RETURNED,NORTH,False
2078,4,2025-02-03 00:00:00,DELIVERED,EAST,False
2079,117,2026-03-18 02:46:29,PLACED,CENTRAL,False
2080,126,2025-08-09 18:59:55,SHIPPED,NORTH,False
2081,95,2025-05-02 08:52:26,CANCELLED,CENTRAL,False
2082,19,2026-07-09 12:46:41,CANCELLED,NORTH,False
2083,167,2024-11-22 06:09:00,DELIVERED,CENTRAL,False
2084,360,2024-08-24 03:18:33,DELIVERED,WEST,False
2085,525,2026-03-26 15:07:08,SHIPPED,SOUTH,False
2086,496,2026-03-24 18:24:08,DELIVERED,SOUTH,False
2087,507,2025-10-07 23:45:57,DELIVERED,EAST,False
2088,43,2024-08-29 06:09:45,PLACED,EAST,False
2089,,2025-12-30 04:40:24,DELIVERED,WEST,True
2090,8,2025-04-02 19:11:52,PLACED,NORTH,False
2091,575,2026-03-19 01:36:28,PLACED,WEST,False
2092,565,2026-02-15 19:49:31,PLACED,NORTH,False
2093,325,2025-02-08 02:28:22,CANCELLED,EAST,False
2094,,2024-10-22 00:00:00,DELIVERED,SOUTH,True
2095,389,2024-11-27 20:48:43,CANCELLED,NORTH,False
2096,373,2024-09-28 08:10:58,DELIVERED,WEST,False
2097,,2025-03-10 11:40:42,DELIVERED,SOUTH,True
2098,103,2025-05-09 14:05:21,RETURNED,EAST,False
2099,127,2024-12-20 20:15:50,DELIVERED,NORTH,False
2100,284,2025-03-30 22:34:00,DELIVERED,CENTRAL,False
2101,82,2026-04-23 08:53:37,RETURNED,CENTRAL,False
2102,566,2025-12-25 00:08:22,CANCELLED,NORTH,False
2103,431,2024-10-12 05:02:21,SHIPPED,NORTH,False
2104,97,2025-10-31 00:00:00,CANCELLED,NORTH,False
2105,370,2025-06-12 08:10:39,SHIPPED,CENTRAL,False
2106,254,2024-10-03 16:45:22,SHIPPED,CENTRAL,False
2107,107,2025-12-03 23:41:20,DELIVERED,SOUTH,False
2108,522,2025-02-02 07:34:31,PLACED,CENTRAL,False
2109,591,2026-04-10 05:33:17,CANCELLED,WEST,False
2110,61,2025-06-30 18:37:10,DELIVERED,SOUTH,False
2111,300,2025-04-25 09:37:05,RETURNED,WEST,False
2112,295,2025-02-26 05:14:19,CANCELLED,NORTH,False
2113,262,2025-12-17 13:53:20,PLACED,NORTH,False
2114,196,2026-03-04 01:05:35,PLACED,SOUTH,False
2115,595,2024-11-02 04:32:15,SHIPPED,NORTH,False
2116,256,2026-03-02 00:00:00,PLACED,WEST,False
2117,224,2025-03-03 19:14:53,DELIVERED,SOUTH,False
2118,15,2025-06-18 01:30:40,SHIPPED,SOUTH,False
2119,127,2026-06-06 19:37:37,RETURNED,WEST,False
2120,282,2025-07-11 09:47:40,CANCELLED,SOUTH,False
2121,362,2024-12-25 00:35:12,CANCELLED,SOUTH,False
2122,281,2025-07-06 00:00:00,PLACED,WEST,False
2123,62,2026-03-05 05:46:34,SHIPPED,WEST,False
2124,295,2024-11-18 06:47:53,SHIPPED,NORTH,False
2125,543,2024-09-20 17:11:15,DELIVERED,SOUTH,False
2126,283,2026-05-15 00:49:01,DELIVERED,SOUTH,False
2127,449,2026-07-04 18:48:59,DELIVERED,WEST,False
2128,565,2025-08-31 21:27:14,PLACED,EAST,False
2129,535,2025-02-14 22:01:28,SHIPPED,CENTRAL,False
2130,414,2024-08-16 00:00:00,RETURNED,NORTH,False
2131,290,2025-02-12 19:27:41,DELIVERED,CENTRAL,False
2132,589,2026-04-13 14:20:23,RETURNED,WEST,False
2133,4,2024-11-24 19:21:23,DELIVERED,CENTRAL,False
2134,350,2024-08-02 03:13:33,SHIPPED,EAST,False
2135,436,2025-02-12 02:06:19,SHIPPED,SOUTH,False
2136,579,2025-10-13 02:07:56,DELIVERED,CENTRAL,False
2137,251,2025-04-10 00:00:00,DELIVERED,WEST,False
2138,546,2025-04-16 23:34:13,DELIVERED,CENTRAL,False
2139,,2024-09-29 05:44:37,CANCELLED,SOUTH,True
2140,45,2025-01-07 04:43:09,DELIVERED,NORTH,False
2141,562,2025-07-09 18:04:38,SHIPPED,SOUTH,False
2142,100,2024-08-29 10:34:09,RETURNED,WEST,False
2143,288,2025-12-13 10:44:49,DELIVERED,SOUTH,False
2144,243,2025-11-19 04:17:40,CANCELLED,CENTRAL,False
2145,247,2024-09-04 07:23:55,SHIPPED,SOUTH,False
2146,7,2026-07-21 10:08:43,CANCELLED,SOUTH,False
2147,339,2024-10-17 17:52:44,DELIVERED,CENTRAL,False
2148,438,2026-01-23 21:26:49,DELIVERED,WEST,False
2149,169,2024-08-21 21:26:26,RETURNED,CENTRAL,False
2150,,2025-03-02 19:10:47,CANCELLED,SOUTH,True
2151,184,2024-12-31 03:01:17,SHIPPED,EAST,False
2152,461,2025-01-23 05:57:29,PLACED,SOUTH,False
2153,307,2026-05-11 08:48:02,SHIPPED,NORTH,False
2154,163,2025-08-03 22:58:05,SHIPPED,NORTH,False
2155,431,2024-10-24 07:02:30,SHIPPED,NORTH,False
2156,112,2025-07-04 13:52:31,CANCELLED,EAST,False
2157,569,2026-06-18 11:45:35,RETURNED,CENTRAL,False
2158,600,2025-04-14 08:33:52,SHIPPED,CENTRAL,False
2159,581,2025-01-15 10:50:37,DELIVERED,CENTRAL,False
2160,456,2025-03-05 20:12:23,DELIVERED,NORTH,False
2161,303,2025-05-19 16:18:51,DELIVERED,NORTH,False
2162,119,2026-04-11 17:44:01,RETURNED,SOUTH,False
2163,547,2026-05-28 18:54:54,DELIVERED,CENTRAL,False
2164,139,2024-09-11 00:51:15,DELIVERED,SOUTH,False
2165,247,2026-07-07 00:00:00,CANCELLED,CENTRAL,False
2166,248,2025-09-23 15:44:31,DELIVERED,CENTRAL,False
2167,268,2025-04-15 22:20:33,CANCELLED,NORTH,False
2168,211,2024-11-17 12:25:42,SHIPPED,NORTH,False
2169,453,2024-09-25 11:38:57,DELIVERED,NORTH,False
2170,330,2025-07-24 23:47:02,SHIPPED,EAST,False
2171,,2026-03-18 00:00:00,PLACED,NORTH,True
2172,32,2024-10-04 23:02:49,DELIVERED,CENTRAL,False
2173,195,2025-08-09 10:23:11,PLACED,CENTRAL,False
2174,59,2026-04-04 15:25:34,RETURNED,NORTH,False
2175,362,2025-03-31 23:50:07,PLACED,CENTRAL,False
2176,300,2025-02-19 13:44:24,DELIVERED,SOUTH,False
2177,591,2025-09-24 10:34:42,DELIVERED,NORTH,False
2178,296,2025-08-25 11:03:39,PLACED,WEST,False
2179,520,2025-07-04 15:12:26,PLACED,NORTH,False
2180,,2025-02-19 22:42:39,DELIVERED,EAST,True
2181,529,2025-03-02 15:51:00,DELIVERED,CENTRAL,False
2182,423,2024-11-24 22:39:05,DELIVERED,EAST,False
2183,51,2025-05-12 10:39:40,SHIPPED,CENTRAL,False
2184,43,2025-10-04 04:09:14,DELIVERED,NORTH,False
2185,247,2025-06-15 14:22:26,DELIVERED,WEST,False
2186,18,2026-03-23 21:57:16,DELIVERED,CENTRAL,False
2187,67,2024-09-17 03:44:57,PLACED,NORTH,False
2188,259,2026-05-11 11:37:50,CANCELLED,CENTRAL,False
2189,268,2025-11-29 21:37:36,RETURNED,SOUTH,False
2190,486,2025-08-23 03:43:46,SHIPPED,SOUTH,False
2191,193,2025-09-15 08:37:22,DELIVERED,SOUTH,False
2192,68,2024-11-18 21:46:08,DELIVERED,EAST,False
2193,535,2025-10-18 20:02:55,DELIVERED,EAST,False
2194,163,2024-08-17 02:03:02,DELIVERED,SOUTH,False
2195,542,2025-07-01 16:21:14,DELIVERED,EAST,False
2196,42,2026-05-01 11:52:43,RETURNED,WEST,False
2197,383,2026-03-12 11:46:08,CANCELLED,SOUTH,False
2198,235,2026-02-12 02:43:40,DELIVERED,SOUTH,False
2199,24,2026-01-02 08:48:26,DELIVERED,WEST,False
2200,298,2025-09-03 10:38:34,CANCELLED,CENTRAL,False
2201,24,2026-03-23 15:48:39,PLACED,SOUTH,False
2202,513,2025-09-07 22:08:35,RETURNED,EAST,False
2203,138,2025-07-28 16:57:16,DELIVERED,EAST,False
2204,,2026-01-16 11:23:30,RETURNED,EAST,True
2205,222,2025-01-10 06:52:16,CANCELLED,SOUTH,False
2206,264,2025-10-31 00:44:20,DELIVERED,WEST,False
2207,145,2026-04-18 23:57:34,PLACED,CENTRAL,False
2208,478,2026-02-12 05:06:23,PLACED,NORTH,False
2209,204,2025-02-04 06:21:40,DELIVERED,SOUTH,False
2210,138,2025-06-11 13:38:41,RETURNED,NORTH,False
2211,36,2026-02-13 00:00:00,PLACED,CENTRAL,False
2212,509,2026-03-13 01:34:11,RETURNED,NORTH,False
2213,513,2026-05-29 17:20:03,DELIVERED,CENTRAL,False
2214,11,2026-07-09 23:47:41,CANCELLED,NORTH,False
2215,343,2026-03-28 18:46:17,DELIVERED,CENTRAL,False
2216,14,2025-02-06 19:40:55,DELIVERED,WEST,False
2217,291,2026-05-02 06:35:41,PLACED,WEST,False
2218,219,2025-06-01 06:57:43,DELIVERED,SOUTH,False
2219,79,2025-03-30 17:42:27,CANCELLED,CENTRAL,False
2220,589,2025-03-11 19:00:49,SHIPPED,SOUTH,False
2221,489,2025-04-24 09:03:24,DELIVERED,WEST,False
2222,162,2025-01-15 10:48:24,DELIVERED,NORTH,False
2223,282,2025-04-18 08:25:05,PLACED,EAST,False
2224,302,2024-11-10 00:21:12,DELIVERED,NORTH,False
2225,22,2026-03-28 07:18:53,SHIPPED,WEST,False
2226,48,2025-09-08 09:11:07,PLACED,SOUTH,False
2227,19,2026-07-31 00:00:00,SHIPPED,NORTH,False
2228,209,2025-05-08 15:31:55,CANCELLED,NORTH,False
2229,28,2025-05-28 00:51:28,DELIVERED,EAST,False
2230,218,2024-10-17 15:07:25,DELIVERED,EAST,False
2231,365,2024-09-10 10:19:15,DELIVERED,SOUTH,False
2232,112,2025-08-13 00:15:11,DELIVERED,CENTRAL,False
2233,147,2025-11-26 11:36:34,DELIVERED,EAST,False
2234,42,2024-10-29 23:12:03,CANCELLED,NORTH,False
2235,459,2026-03-30 00:47:19,SHIPPED,WEST,False
2236,564,2026-02-24 04:18:09,PLACED,NORTH,False
2237,384,2025-11-21 07:16:10,PLACED,EAST,False
2238,19,2025-11-14 10:43:54,DELIVERED,CENTRAL,False
2239,67,2026-04-16 22:20:46,DELIVERED,NORTH,False
2240,464,2025-02-15 06:05:35,SHIPPED,CENTRAL,False
2241,431,2026-03-19 10:59:27,CANCELLED,EAST,False
2242,468,2024-10-09 15:17:03,SHIPPED,CENTRAL,False
2243,594,2025-05-26 08:07:16,DELIVERED,SOUTH,False
2244,106,2025-03-17 00:00:00,DELIVERED,EAST,False
2245,200,2024-12-15 00:32:29,PLACED,SOUTH,False
2246,145,2026-03-26 22:41:55,DELIVERED,CENTRAL,False
2247,57,2025-06-13 18:17:56,PLACED,CENTRAL,False
2248,408,2025-12-11 06:55:43,DELIVERED,NORTH,False
2249,179,2026-03-05 23:31:38,DELIVERED,SOUTH,False
2250,226,2025-04-11 00:56:37,DELIVERED,EAST,False
2251,533,2024-11-16 14:15:25,DELIVERED,NORTH,False
2252,292,2026-05-06 00:00:00,DELIVERED,WEST,False
2253,121,2024-11-19 15:34:38,DELIVERED,WEST,False
2254,563,2026-04-17 22:33:22,PLACED,CENTRAL,False
2255,558,2026-01-08 11:53:03,DELIVERED,NORTH,False
2256,392,2025-10-19 23:52:39,DELIVERED,NORTH,False
2257,222,2024-08-12 14:22:23,CANCELLED,NORTH,False
2258,150,2026-03-19 08:25:40,DELIVERED,CENTRAL,False
2259,124,2025-02-12 16:19:32,DELIVERED,WEST,False
2260,247,2025-10-31 09:52:00,DELIVERED,CENTRAL,False
2261,42,2026-05-26 00:00:00,RETURNED,WEST,False
2262,2,2024-08-06 01:25:02,DELIVERED,CENTRAL,False
2263,399,2024-09-18 15:02:27,PLACED,WEST,False
2264,77,2024-10-03 01:56:26,CANCELLED,EAST,False
2265,27,2024-09-07 05:13:18,DELIVERED,NORTH,False
2266,286,2024-10-02 05:15:17,DELIVERED,EAST,False
2267,418,2026-03-24 21:57:42,DELIVERED,SOUTH,False
2268,454,2025-12-12 17:06:44,PLACED,EAST,False
2269,287,2025-02-26 00:00:00,DELIVERED,WEST,False
2270,401,2024-12-05 00:00:00,RETURNED,SOUTH,False
2271,422,2026-01-04 11:40:50,PLACED,NORTH,False
2272,95,2026-03-03 07:53:39,DELIVERED,WEST,False
2273,49,2024-12-04 00:43:55,RETURNED,NORTH,False
2274,270,2024-08-18 15:48:44,DELIVERED,CENTRAL,False
2275,200,2025-01-02 03:10:32,SHIPPED,SOUTH,False
2276,322,2025-05-05 23:20:48,SHIPPED,EAST,False
2277,411,2024-10-24 10:33:45,RETURNED,WEST,False
2278,,2026-05-22 20:40:32,RETURNED,NORTH,True
2279,168,2024-08-01 08:39:28,SHIPPED,WEST,False
2280,526,2026-01-03 02:51:41,DELIVERED,CENTRAL,False
2281,354,2025-05-20 00:47:45,SHIPPED,NORTH,False
2282,559,2025-03-19 11:24:49,DELIVERED,SOUTH,False
2283,331,2024-09-07 02:47:19,DELIVERED,CENTRAL,False
2284,,2026-04-27 22:35:00,SHIPPED,NORTH,True
2285,210,2026-01-12 18:18:36,PLACED,WEST,False
2286,146,2026-07-04 23:13:13,DELIVERED,CENTRAL,False
2287,192,2024-09-28 00:00:00,SHIPPED,NORTH,False
2288,550,2026-05-05 14:24:52,DELIVERED,EAST,False
2289,430,2024-12-12 07:13:17,DELIVERED,WEST,False
2290,449,2025-01-29 15:33:01,CANCELLED,SOUTH,False
2291,553,2025-02-05 18:23:46,CANCELLED,SOUTH,False
2292,327,2025-06-14 00:00:00,SHIPPED,WEST,False
2293,24,2025-08-18 18:56:38,DELIVERED,WEST,False
2294,122,2025-07-19 07:13:37,PLACED,WEST,False
2295,415,2025-09-07 13:23:25,PLACED,NORTH,False
2296,3,2025-05-20 03:19:33,PLACED,SOUTH,False
2297,358,2025-04-12 16:19:25,PLACED,WEST,False
2298,375,2024-08-12 12:29:28,DELIVERED,WEST,False
2299,272,2025-06-11 12:31:46,DELIVERED,CENTRAL,False
2300,179,2024-09-26 12:13:09,PLACED,CENTRAL,False
2301,468,2026-03-10 09:31:50,PLACED,CENTRAL,False
2302,275,2025-01-30 16:48:12,DELIVERED,EAST,False
2303,17,2024-12-01 23:36:53,RETURNED,EAST,False
2304,236,2025-12-28 10:25:11,DELIVERED,CENTRAL,False
2305,257,2025-08-30 01:53:55,DELIVERED,EAST,False
2306,346,2026-05-20 05:06:34,DELIVERED,NORTH,False
2307,291,2025-04-27 08:26:09,DELIVERED,WEST,False
2308,37,2026-01-23 00:57:55,PLACED,SOUTH,False
2309,558,2025-06-08 23:21:38,DELIVERED,CENTRAL,False
2310,192,2024-08-21 08:44:12,DELIVERED,WEST,False
2311,66,2026-02-10 18:45:02,RETURNED,WEST,False
2312,505,2025-05-26 15:07:20,CANCELLED,CENTRAL,False
2313,518,2025-08-22 04:57:57,SHIPPED,SOUTH,False
2314,591,2024-12-31 08:34:04,DELIVERED,CENTRAL,False
2315,537,2024-08-01 12:12:11,SHIPPED,SOUTH,False
2316,276,2026-06-17 00:00:00,CANCELLED,EAST,False
2317,400,2025-05-23 21:13:16,DELIVERED,WEST,False
2318,32,2026-01-05 17:50:20,SHIPPED,CENTRAL,False
2319,351,2026-05-25 03:24:31,SHIPPED,CENTRAL,False
2320,404,2024-12-31 07:42:14,CANCELLED,CENTRAL,False
2321,253,2025-12-06 09:39:58,DELIVERED,CENTRAL,False
2322,401,2026-05-07 22:04:11,CANCELLED,SOUTH,False
2323,587,2026-07-27 21:01:10,DELIVERED,EAST,False
2324,336,2024-12-23 22:30:34,DELIVERED,WEST,False
2325,352,2025-05-30 04:54:44,DELIVERED,WEST,False
2326,227,2026-06-06 10:55:28,DELIVERED,CENTRAL,False
2327,379,2024-10-19 09:31:56,RETURNED,CENTRAL,False
2328,401,2025-05-14 18:58:21,RETURNED,WEST,False
2329,396,2026-05-23 07:25:38,PLACED,EAST,False
2330,295,2026-05-03 16:32:31,PLACED,EAST,False
2331,123,2026-06-13 18:26:49,DELIVERED,CENTRAL,False
2332,116,2026-07-11 19:57:55,DELIVERED,NORTH,False
2333,342,2025-10-27 00:50:12,DELIVERED,NORTH,False
2334,216,2025-06-03 10:35:10,DELIVERED,WEST,False
2335,336,2025-01-05 03:05:34,DELIVERED,EAST,False
2336,220,2026-04-28 00:01:41,DELIVERED,CENTRAL,False
2337,437,2025-07-14 10:46:37,PLACED,CENTRAL,False
2338,154,2026-01-24 11:22:08,CANCELLED,EAST,False
2339,90,2024-08-28 08:01:47,SHIPPED,WEST,False
2340,125,2026-01-23 15:51:02,DELIVERED,NORTH,False
2341,135,2026-03-12 13:45:35,SHIPPED,SOUTH,False
2342,527,2025-09-14 03:56:54,DELIVERED,WEST,False
2343,141,2026-07-28 08:54:23,CANCELLED,WEST,False
2344,333,2026-06-03 02:46:08,DELIVERED,WEST,False
2345,287,2025-03-20 23:14:33,PLACED,EAST,False
2346,287,2025-09-25 11:29:07,DELIVERED,WEST,False
2347,325,2026-04-04 18:04:23,DELIVERED,SOUTH,False
2348,312,2025-11-21 04:55:13,RETURNED,WEST,False
2349,27,2024-11-14 17:33:32,PLACED,NORTH,False
2350,,2026-04-15 15:18:27,DELIVERED,CENTRAL,True
2351,238,2024-09-26 12:07:26,PLACED,NORTH,False
2352,325,2024-09-23 18:46:30,DELIVERED,WEST,False
2353,,2025-01-06 12:32:13,DELIVERED,SOUTH,True
2354,291,2025-03-24 13:13:17,DELIVERED,CENTRAL,False
2355,503,2024-11-20 21:42:13,CANCELLED,SOUTH,False
2356,452,2026-02-10 17:51:24,DELIVERED,SOUTH,False
2357,133,2025-05-12 12:13:01,RETURNED,SOUTH,False
2358,295,2025-01-10 10:51:13,PLACED,SOUTH,False
2359,178,2026-02-01 13:58:56,CANCELLED,SOUTH,False
2360,65,2024-11-07 02:19:02,PLACED,NORTH,False
2361,95,2024-09-15 19:33:02,PLACED,NORTH,False
2362,426,2025-02-20 19:18:39,SHIPPED,CENTRAL,False
2363,25,2025-09-18 14:45:50,DELIVERED,CENTRAL,False
2364,467,2024-12-16 10:25:20,CANCELLED,WEST,False
2365,267,2026-03-04 01:51:24,DELIVERED,EAST,False
2366,389,2024-11-29 04:50:27,RETURNED,EAST,False
2367,93,2025-09-01 20:23:28,CANCELLED,WEST,False
2368,568,2025-02-04 06:13:25,DELIVERED,CENTRAL,False
2369,451,2024-11-02 22:17:39,SHIPPED,WEST,False
2370,204,2025-07-11 00:13:22,DELIVERED,CENTRAL,False
2371,191,2026-05-13 18:51:40,DELIVERED,SOUTH,False
2372,581,2026-07-08 12:56:49,DELIVERED,SOUTH,False
2373,438,2026-04-13 21:57:04,CANCELLED,NORTH,False
2374,242,2025-10-04 15:12:35,SHIPPED,SOUTH,False
2375,373,2026-01-28 14:59:40,DELIVERED,CENTRAL,False
2376,570,2026-07-31 21:12:19,DELIVERED,WEST,False
2377,475,2026-02-24 12:49:05,DELIVERED,SOUTH,False
2378,297,2025-02-08 22:56:09,DELIVERED,EAST,False
2379,592,2026-04-22 17:43:34,DELIVERED,NORTH,False
2380,458,2025-11-12 20:03:28,CANCELLED,WEST,False
2381,,2025-10-18 13:01:01,PLACED,NORTH,True
2382,480,2026-03-14 02:41:06,DELIVERED,NORTH,False
2383,335,2024-11-16 09:38:22,DELIVERED,CENTRAL,False
2384,153,2024-08-22 19:25:07,DELIVERED,NORTH,False
2385,374,2025-06-05 11:04:16,DELIVERED,NORTH,False
2386,178,2024-08-30 05:58:45,SHIPPED,CENTRAL,False
2387,477,2025-09-07 19:51:07,CANCELLED,WEST,False
2388,216,2026-01-21 12:24:51,DELIVERED,EAST,False
2389,366,2024-12-22 10:14:28,DELIVERED,NORTH,False
2390,42,2025-01-04 00:00:00,RETURNED,SOUTH,False
2391,84,2026-04-25 18:36:01,DELIVERED,EAST,False
2392,69,2025-04-27 10:27:03,SHIPPED,SOUTH,False
2393,585,2026-06-29 21:59:40,PLACED,SOUTH,False
2394,172,2026-03-29 05:43:23,RETURNED,EAST,False
2395,95,2025-03-24 04:25:37,SHIPPED,CENTRAL,False
2396,202,2026-07-10 00:00:00,DELIVERED,WEST,False
2397,512,2024-10-12 04:19:34,PLACED,WEST,False
2398,,2024-11-26 05:34:16,PLACED,SOUTH,True
2399,472,2025-06-15 13:01:57,DELIVERED,NORTH,False
2400,92,2024-10-30 01:09:52,DELIVERED,SOUTH,False
2401,43,2024-11-02 22:47:52,PLACED,SOUTH,False
2402,542,2026-03-14 06:31:54,SHIPPED,CENTRAL,False
2403,220,2024-08-29 18:09:33,SHIPPED,WEST,False
2404,550,2024-08-11 09:57:47,DELIVERED,EAST,False
2405,107,2024-11-25 05:20:18,SHIPPED,NORTH,False
2406,24,2026-04-06 11:37:43,DELIVERED,CENTRAL,False
2407,346,2026-05-30 00:00:00,DELIVERED,SOUTH,False
2408,294,2025-05-19 17:15:41,CANCELLED,CENTRAL,False
2409,376,2025-04-29 20:00:46,CANCELLED,NORTH,False
2410,2,2026-04-18 13:02:19,DELIVERED,CENTRAL,False
2411,132,2026-03-29 05:41:34,DELIVERED,NORTH,False
2412,235,2025-07-19 10:13:15,SHIPPED,WEST,False
2413,563,2025-04-11 16:59:28,DELIVERED,SOUTH,False
2414,28,2025-02-18 10:46:11,CANCELLED,SOUTH,False
2415,,2025-08-10 06:22:50,DELIVERED,EAST,True
2416,491,2025-01-27 06:33:01,SHIPPED,SOUTH,False
2417,63,2025-07-11 04:15:15,RETURNED,WEST,False
2418,23,2025-06-17 06:35:45,PLACED,EAST,False
2419,110,2025-04-23 22:37:05,RETURNED,SOUTH,False
2420,8,2025-01-20 07:20:22,CANCELLED,NORTH,False
2421,128,2024-08-14 02:17:44,RETURNED,WEST,False
2422,578,2026-07-12 02:02:43,DELIVERED,WEST,False
2423,316,2025-11-27 00:00:00,DELIVERED,EAST,False
2424,436,2026-05-18 04:04:43,SHIPPED,WEST,False
2425,141,2026-05-12 22:31:37,DELIVERED,NORTH,False
2426,569,2024-09-16 03:16:04,DELIVERED,CENTRAL,False
2427,213,2024-08-21 16:42:23,DELIVERED,WEST,False
2428,103,2025-07-16 00:02:22,DELIVERED,NORTH,False
2429,434,2025-09-06 00:00:00,PLACED,NORTH,False
2430,376,2025-07-14 18:52:26,DELIVERED,NORTH,False
2431,63,2025-07-26 23:26:01,DELIVERED,WEST,False
2432,253,2024-09-11 20:27:12,SHIPPED,NORTH,False
2433,295,2025-05-08 11:47:08,RETURNED,WEST,False
2434,411,2024-12-14 21:52:31,SHIPPED,NORTH,False
2435,187,2025-04-29 00:35:35,DELIVERED,EAST,False
2436,440,2025-11-07 01:13:59,PLACED,NORTH,False
2437,342,2025-01-02 12:58:21,CANCELLED,SOUTH,False
2438,161,2026-05-01 22:06:14,RETURNED,EAST,False
2439,404,2025-07-06 06:42:25,PLACED,CENTRAL,False
2440,247,2026-05-08 05:14:26,CANCELLED,NORTH,False
2441,,2025-02-23 14:40:51,DELIVERED,EAST,True
2442,26,2026-03-10 00:00:00,PLACED,WEST,False
2443,479,2024-11-05 13:33:23,PLACED,EAST,False
2444,557,2026-03-20 17:38:27,PLACED,CENTRAL,False
2445,277,2025-10-20 00:00:00,SHIPPED,NORTH,False
2446,177,2024-09-02 20:28:18,DELIVERED,NORTH,False
2447,305,2025-12-16 05:12:01,CANCELLED,WEST,False
2448,542,2025-08-18 18:54:47,DELIVERED,SOUTH,False
2449,450,2026-01-15 04:13:41,DELIVERED,CENTRAL,False
2450,300,2024-10-19 06:27:03,DELIVERED,NORTH,False
2451,497,2025-03-11 15:38:13,DELIVERED,CENTRAL,False
2452,239,2026-05-08 09:24:19,DELIVERED,SOUTH,False
2453,528,2026-01-03 04:42:00,SHIPPED,CENTRAL,False
2454,457,2026-04-19 00:00:00,DELIVERED,EAST,False
2455,442,2026-05-21 18:07:52,DELIVERED,NORTH,False
2456,53,2025-09-05 10:56:40,RETURNED,SOUTH,False
2457,421,2024-09-12 15:49:44,DELIVERED,NORTH,False
2458,266,2024-10-13 20:22:59,RETURNED,CENTRAL,False
2459,86,2025-01-30 16:38:45,DELIVERED,CENTRAL,False
2460,517,2026-06-19 08:40:54,DELIVERED,SOUTH,False
2461,86,2025-07-12 05:16:31,DELIVERED,CENTRAL,False
2462,297,2026-07-22 15:30:30,PLACED,NORTH,False
2463,409,2026-06-26 12:25:02,DELIVERED,SOUTH,False
2464,463,2026-06-15 15:41:40,DELIVERED,SOUTH,False
2465,451,2025-08-29 16:19:52,RETURNED,CENTRAL,False
2466,27,2025-02-18 13:26:35,DELIVERED,EAST,False
2467,96,2026-05-06 18:09:00,CANCELLED,WEST,False
2468,307,2025-11-06 16:17:14,DELIVERED,NORTH,False
2469,524,2026-06-24 01:15:23,CANCELLED,EAST,False
2470,434,2025-10-09 17:21:26,SHIPPED,WEST,False
2471,489,2025-12-30 04:43:58,SHIPPED,CENTRAL,False
2472,121,2025-02-17 21:36:44,PLACED,CENTRAL,False
2473,364,2025-06-28 00:00:00,CANCELLED,SOUTH,False
2474,291,2026-01-06 15:51:29,DELIVERED,CENTRAL,False
2475,387,2025-05-02 23:49:55,RETURNED,CENTRAL,False
2476,408,2024-12-20 03:36:15,PLACED,CENTRAL,False
2477,290,2026-05-11 15:08:33,DELIVERED,SOUTH,False
2478,440,2024-08-20 21:36:38,DELIVERED,SOUTH,False
2479,12,2024-11-27 19:10:50,PLACED,SOUTH,False
2480,365,2025-10-25 11:56:06,CANCELLED,WEST,False
2481,560,2024-11-06 00:00:00,RETURNED,SOUTH,False
2482,410,2025-09-18 18:18:42,SHIPPED,NORTH,False
2483,141,2025-02-17 19:22:40,SHIPPED,CENTRAL,False
2484,590,2024-09-22 22:24:19,DELIVERED,NORTH,False
2485,76,2025-01-14 13:40:16,PLACED,SOUTH,False
2486,168,2026-04-30 11:51:36,DELIVERED,NORTH,False
2487,487,2026-02-11 00:26:59,PLACED,SOUTH,False
2488,45,2026-07-15 07:17:48,DELIVERED,NORTH,False
2489,23,2026-07-08 19:48:41,RETURNED,EAST,False
2490,508,2024-11-21 08:22:12,DELIVERED,WEST,False
2491,33,2026-06-10 02:40:50,SHIPPED,NORTH,False
2492,427,2025-06-09 07:01:48,DELIVERED,WEST,False
2493,67,2026-03-23 22:34:37,DELIVERED,CENTRAL,False
2494,560,2025-12-03 00:00:00,DELIVERED,NORTH,False
2495,473,2026-05-10 06:21:31,PLACED,NORTH,False
2496,424,2025-09-06 13:02:56,PLACED,SOUTH,False
2497,190,2026-07-15 21:34:39,DELIVERED,EAST,False
2498,552,2025-11-23 13:17:39,SHIPPED,CENTRAL,False
2499,563,2025-07-09 00:39:22,DELIVERED,CENTRAL,False
2500,93,2025-04-12 05:48:37,SHIPPED,EAST,False
2501,51,2024-10-25 22:35:26,PLACED,CENTRAL,False
2502,60,2026-05-19 04:33:28,DELIVERED,EAST,False
2503,391,2026-06-22 15:01:42,DELIVERED,NORTH,False
2504,433,2026-01-13 07:40:54,SHIPPED,CENTRAL,False
2505,569,2026-04-20 04:57:49,DELIVERED,SOUTH,False
2506,129,2024-10-17 16:17:24,SHIPPED,EAST,False
2507,389,2025-08-13 00:00:00,PLACED,CENTRAL,False
2508,140,2025-03-21 00:25:15,DELIVERED,SOUTH,False
2509,,2026-07-16 23:31:16,DELIVERED,EAST,True
2510,571,2025-11-20 10:25:37,DELIVERED,NORTH,False
2511,447,2025-02-20 14:28:20,CANCELLED,EAST,False
2512,373,2025-08-16 14:48:29,DELIVERED,NORTH,False
2513,316,2026-03-20 12:39:29,SHIPPED,CENTRAL,False
2514,30,2025-06-27 05:23:51,CANCELLED,EAST,False
2515,415,2026-06-12 07:41:30,PLACED,SOUTH,False
2516,345,2026-01-27 04:06:04,PLACED,EAST,False
2517,356,2025-01-25 19:02:40,PLACED,WEST,False
2518,192,2024-10-31 23:24:08,SHIPPED,WEST,False
2519,490,2026-01-22 00:09:31,DELIVERED,SOUTH,False
2520,69,2025-05-31 00:00:00,PLACED,EAST,False
2521,103,2024-10-11 16:35:58,RETURNED,CENTRAL,False
2522,258,2025-09-19 07:27:45,DELIVERED,NORTH,False
2523,,2026-07-04 11:55:56,PLACED,WEST,True
2524,406,2025-08-09 18:13:29,RETURNED,SOUTH,False
2525,82,2024-12-13 06:53:14,CANCELLED,EAST,False
2526,14,2026-07-25 02:49:30,DELIVERED,WEST,False
2527,169,2025-12-10 00:15:21,PLACED,NORTH,False
2528,55,2025-01-06 08:48:09,SHIPPED,WEST,False
2529,441,2025-04-26 12:40:24,DELIVERED,CENTRAL,False
2530,,2025-10-05 09:18:53,CANCELLED,SOUTH,True
2531,272,2025-09-04 06:42:01,PLACED,CENTRAL,False
2532,239,2025-08-27 01:13:29,SHIPPED,EAST,False
2533,,2026-01-07 22:12:34,SHIPPED,EAST,True
2534,479,2025-04-20 22:49:41,CANCELLED,NORTH,False
2535,199,2024-11-28 17:49:19,RETURNED,EAST,False
2536,504,2026-01-12 20:36:34,DELIVERED,NORTH,False
2537,408,2026-03-17 12:55:26,DELIVERED,SOUTH,False
2538,32,2024-12-27 20:12:27,DELIVERED,WEST,False
2539,75,2026-06-29 07:04:21,DELIVERED,CENTRAL,False
2540,69,2025-11-15 06:27:47,RETURNED,NORTH,False
2541,200,2024-08-26 18:53:43,RETURNED,SOUTH,False
2542,559,2025-08-26 17:22:11,SHIPPED,SOUTH,False
2543,236,2026-06-16 08:49:50,PLACED,NORTH,False
2544,406,2025-07-09 04:17:25,SHIPPED,NORTH,False
2545,354,2024-12-12 18:58:20,SHIPPED,EAST,False
2546,438,2024-09-11 13:04:25,SHIPPED,CENTRAL,False
2547,68,2025-08-05 00:43:08,SHIPPED,CENTRAL,False
2548,329,2025-02-04 03:08:26,PLACED,CENTRAL,False
2549,515,2025-09-03 01:32:58,CANCELLED,WEST,False
2550,582,2025-10-24 22:33:24,DELIVERED,CENTRAL,False
2551,63,2025-03-26 17:39:08,DELIVERED,CENTRAL,False
2552,491,2024-10-21 06:53:39,DELIVERED,SOUTH,False
2553,239,2024-08-29 07:05:21,CANCELLED,CENTRAL,False
2554,391,2026-02-03 20:10:09,SHIPPED,SOUTH,False
2555,232,2025-11-04 03:00:14,DELIVERED,SOUTH,False
2556,106,2024-11-26 05:52:20,RETURNED,CENTRAL,False
2557,402,2026-07-16 13:07:20,RETURNED,CENTRAL,False
2558,177,2025-09-06 15:05:25,RETURNED,CENTRAL,False
2559,218,2024-12-09 07:42:23,PLACED,NORTH,False
2560,,2025-01-26 15:52:23,PLACED,NORTH,True
2561,396,2025-07-25 07:25:31,PLACED,NORTH,False
2562,572,2026-07-16 05:39:40,DELIVERED,WEST,False
2563,561,2024-10-04 22:37:46,SHIPPED,WEST,False
2564,296,2024-09-17 22:23:30,SHIPPED,CENTRAL,False
2565,327,2025-12-18 18:33:36,RETURNED,CENTRAL,False
2566,49,2026-04-03 15:14:54,DELIVERED,CENTRAL,False
2567,200,2025-04-02 13:27:00,CANCELLED,CENTRAL,False
2568,101,2024-08-28 00:00:00,DELIVERED,NORTH,False
2569,414,2026-07-13 11:27:52,DELIVERED,EAST,False
2570,389,2025-07-06 20:14:28,DELIVERED,NORTH,False
2571,400,2025-06-24 20:10:30,PLACED,WEST,False
2572,307,2026-06-05 19:26:30,PLACED,SOUTH,False
2573,2,2026-04-20 09:47:27,DELIVERED,WEST,False
2574,276,2026-03-23 23:03:46,PLACED,CENTRAL,False
2575,,2026-03-24 09:52:06,SHIPPED,WEST,True
2576,302,2025-10-05 06:34:59,DELIVERED,CENTRAL,False
2577,415,2024-12-02 17:40:18,DELIVERED,NORTH,False
2578,553,2025-07-03 16:04:32,DELIVERED,CENTRAL,False
2579,542,2026-01-12 19:47:28,DELIVERED,CENTRAL,False
2580,32,2025-05-16 03:51:43,DELIVERED,EAST,False
2581,80,2025-10-17 05:26:51,DELIVERED,CENTRAL,False
2582,23,2024-10-07 13:20:25,CANCELLED,EAST,False
2583,535,2025-10-23 09:52:47,CANCELLED,WEST,False
2584,,2024-10-01 02:18:56,PLACED,CENTRAL,True
2585,143,2024-09-26 13:49:46,DELIVERED,CENTRAL,False
2586,121,2025-07-24 17:39:32,SHIPPED,NORTH,False
2587,142,2025-08-15 06:09:25,DELIVERED,NORTH,False
2588,565,2024-11-21 08:32:07,DELIVERED,CENTRAL,False
2589,142,2025-07-05 10:49:41,SHIPPED,CENTRAL,False
2590,343,2025-09-02 20:35:56,DELIVERED,EAST,False
2591,376,2025-02-23 22:04:31,PLACED,CENTRAL,False
2592,301,2025-05-17 14:23:53,CANCELLED,EAST,False
2593,518,2024-11-07 00:00:00,DELIVERED,SOUTH,False
2594,376,2025-08-21 23:43:31,DELIVERED,NORTH,False
2595,51,2024-09-19 05:17:23,SHIPPED,EAST,False
2596,55,2025-07-23 19:03:24,CANCELLED,EAST,False
2597,482,2024-12-16 23:10:33,RETURNED,CENTRAL,False
2598,287,2024-08-04 00:00:00,DELIVERED,CENTRAL,False
2599,269,2026-02-08 23:16:46,PLACED,WEST,False
2600,556,2026-07-19 20:15:42,DELIVERED,NORTH,False
2601,61,2026-04-03 17:42:59,DELIVERED,NORTH,False
2602,589,2025-05-16 18:52:56,DELIVERED,WEST,False
2603,112,2026-04-27 00:35:31,DELIVERED,WEST,False
2604,45,2026-03-01 18:42:28,RETURNED,WEST,False
2605,584,2024-11-14 18:17:10,PLACED,NORTH,False
2606,322,2026-01-11 00:00:00,RETURNED,EAST,False
2607,89,2026-06-13 09:14:51,DELIVERED,CENTRAL,False
2608,301,2025-01-24 07:38:56,PLACED,CENTRAL,False
2609,424,2025-11-04 16:08:58,SHIPPED,WEST,False
2610,264,2025-03-05 17:28:08,DELIVERED,WEST,False
2611,91,2025-11-28 23:45:25,DELIVERED,SOUTH,False
2612,208,2026-04-18 02:03:54,DELIVERED,SOUTH,False
2613,73,2024-08-28 14:10:19,PLACED,EAST,False
2614,413,2025-01-20 06:15:39,PLACED,EAST,False
2615,369,2025-07-07 02:07:22,DELIVERED,SOUTH,False
2616,156,2025-06-23 17:59:06,DELIVERED,EAST,False
2617,446,2024-08-31 05:28:48,DELIVERED,CENTRAL,False
2618,258,2026-06-24 01:21:52,DELIVERED,SOUTH,False
2619,182,2025-04-04 22:26:55,DELIVERED,EAST,False
2620,142,2025-09-24 00:00:00,DELIVERED,WEST,False
2621,284,2026-01-30 00:00:00,DELIVERED,CENTRAL,False
2622,82,2025-05-10 21:35:29,SHIPPED,CENTRAL,False
2623,10,2025-11-05 00:00:00,RETURNED,EAST,False
2624,506,2025-12-02 12:22:01,DELIVERED,CENTRAL,False
2625,240,2024-10-17 11:05:58,RETURNED,WEST,False
2626,398,2024-10-13 14:21:21,DELIVERED,SOUTH,False
2627,303,2026-01-29 22:29:10,DELIVERED,NORTH,False
2628,182,2024-12-09 15:17:25,DELIVERED,CENTRAL,False
2629,240,2025-04-02 18:23:37,RETURNED,NORTH,False
2630,1,2026-06-25 14:08:42,PLACED,WEST,False
2631,580,2025-05-05 13:22:56,PLACED,SOUTH,False
2632,52,2024-10-01 07:32:47,DELIVERED,SOUTH,False
2633,356,2026-04-12 18:49:18,DELIVERED,EAST,False
2634,348,2024-08-25 20:20:54,PLACED,WEST,False
2635,454,2026-01-29 22:57:00,PLACED,CENTRAL,False
2636,363,2026-02-02 03:36:46,DELIVERED,NORTH,False
2637,68,2024-09-07 00:00:00,DELIVERED,CENTRAL,False
2638,312,2026-03-24 07:10:47,SHIPPED,CENTRAL,False
2639,285,2025-04-28 11:06:04,PLACED,SOUTH,False
2640,519,2025-11-19 00:34:40,DELIVERED,NORTH,False
2641,308,2025-11-30 21:32:09,PLACED,SOUTH,False
2642,345,2026-06-15 21:42:43,CANCELLED,CENTRAL,False
2643,250,2026-07-08 06:37:42,DELIVERED,SOUTH,False
2644,,2025-05-29 00:00:00,PLACED,WEST,True
2645,592,2024-08-11 03:14:11,DELIVERED,WEST,False
2646,561,2024-09-15 00:00:00,DELIVERED,WEST,False
2647,46,2026-03-28 12:27:00,SHIPPED,WEST,False
2648,129,2026-02-08 15:26:39,SHIPPED,SOUTH,False
2649,296,2025-03-27 06:21:37,RETURNED,EAST,False
2650,22,2024-08-03 03:48:21,DELIVERED,SOUTH,False
2651,9,2025-01-17 07:11:04,DELIVERED,NORTH,False
2652,218,2025-05-22 18:04:29,PLACED,WEST,False
2653,109,2025-07-23 19:26:09,SHIPPED,NORTH,False
2654,587,2026-01-28 14:44:14,SHIPPED,SOUTH,False
2655,98,2024-09-24 00:00:00,DELIVERED,CENTRAL,False
2656,,2026-06-27 04:34:20,CANCELLED,NORTH,True
2657,6,2025-12-08 22:23:39,DELIVERED,WEST,False
2658,249,2024-08-11 19:56:39,RETURNED,NORTH,False
2659,455,2025-01-18 20:03:15,DELIVERED,NORTH,False
2660,343,2026-07-19 07:50:23,DELIVERED,CENTRAL,False
2661,557,2025-07-17 10:00:03,DELIVERED,SOUTH,False
2662,434,2025-03-31 02:13:37,PLACED,SOUTH,False
2663,184,2026-04-12 00:00:00,DELIVERED,WEST,False
2664,534,2024-12-23 00:00:00,DELIVERED,WEST,False
2665,130,2024-08-01 20:27:23,PLACED,EAST,False
2666,232,2026-02-06 08:13:30,PLACED,SOUTH,False
2667,173,2024-10-16 21:01:16,DELIVERED,SOUTH,False
2668,538,2026-04-03 06:04:07,DELIVERED,WEST,False
2669,375,2025-10-14 06:29:34,PLACED,NORTH,False
2670,217,2025-09-20 23:00:46,DELIVERED,NORTH,False
2671,321,2025-10-16 22:27:49,DELIVERED,WEST,False
2672,97,2025-05-24 11:46:18,PLACED,NORTH,False
2673,348,2026-07-14 09:14:52,DELIVERED,CENTRAL,False
2674,69,2025-09-30 05:55:57,DELIVERED,SOUTH,False
2675,596,2025-08-08 12:14:25,CANCELLED,EAST,False
2676,319,2026-06-04 00:00:00,PLACED,CENTRAL,False
2677,489,2024-12-05 00:00:00,SHIPPED,SOUTH,False
2678,550,2024-11-08 00:02:31,CANCELLED,SOUTH,False
2679,160,2024-09-15 22:48:52,SHIPPED,WEST,False
2680,217,2026-02-19 21:28:47,DELIVERED,CENTRAL,False
2681,68,2025-06-24 08:35:13,RETURNED,CENTRAL,False
2682,201,2026-01-27 00:00:00,PLACED,NORTH,False
2683,213,2024-09-09 09:15:34,DELIVERED,SOUTH,False
2684,135,2024-11-10 10:16:17,DELIVERED,SOUTH,False
2685,106,2025-02-06 06:53:00,SHIPPED,SOUTH,False
2686,428,2025-04-18 13:31:24,DELIVERED,WEST,False
2687,59,2025-04-25 12:43:17,DELIVERED,WEST,False
2688,365,2025-06-06 01:05:20,PLACED,CENTRAL,False
2689,73,2026-01-14 00:00:00,SHIPPED,CENTRAL,False
2690,76,2025-07-31 19:24:13,CANCELLED,NORTH,False
2691,163,2025-10-27 02:01:03,DELIVERED,NORTH,False
2692,30,2025-02-21 19:10:37,RETURNED,CENTRAL,False
2693,69,2025-11-25 15:17:31,SHIPPED,CENTRAL,False
2694,208,2026-07-31 06:06:11,DELIVERED,CENTRAL,False
2695,416,2025-10-07 18:35:19,RETURNED,WEST,False
2696,403,2025-07-24 16:25:38,CANCELLED,NORTH,False
2697,404,2026-07-24 05:52:32,DELIVERED,WEST,False
2698,62,2025-03-24 11:59:45,DELIVERED,EAST,False
2699,38,2025-07-09 12:22:29,DELIVERED,SOUTH,False
2700,194,2026-02-09 03:03:48,DELIVERED,NORTH,False
2701,386,2024-12-08 22:13:43,PLACED,SOUTH,False
2702,445,2026-06-17 02:52:06,PLACED,SOUTH,False
2703,421,2025-12-30 21:09:33,CANCELLED,EAST,False
2704,569,2026-01-23 03:41:11,DELIVERED,NORTH,False
2705,526,2025-12-08 04:13:41,PLACED,WEST,False
2706,101,2026-02-26 16:50:03,DELIVERED,SOUTH,False
2707,87,2025-12-25 02:17:19,DELIVERED,EAST,False
2708,574,2025-04-21 04:21:03,CANCELLED,EAST,False
2709,192,2026-06-22 11:28:45,PLACED,CENTRAL,False
2710,252,2025-02-19 12:35:02,RETURNED,NORTH,False
2711,247,2024-09-30 00:00:00,CANCELLED,CENTRAL,False
2712,29,2025-05-18 09:17:37,SHIPPED,WEST,False
2713,400,2026-07-13 14:02:33,DELIVERED,WEST,False
2714,465,2025-06-08 18:12:09,CANCELLED,EAST,False
2715,344,2025-01-02 20:29:42,SHIPPED,EAST,False
2716,278,2025-06-02 06:33:46,DELIVERED,CENTRAL,False
2717,66,2025-07-01 16:42:27,SHIPPED,NORTH,False
2718,293,2025-05-15 00:00:00,DELIVERED,NORTH,False
2719,314,2025-08-30 14:39:21,DELIVERED,WEST,False
2720,331,2026-04-03 21:55:58,DELIVERED,WEST,False
2721,458,2024-12-20 03:34:41,RETURNED,NORTH,False
2722,283,2024-11-15 04:26:16,DELIVERED,CENTRAL,False
2723,273,2024-12-20 01:07:56,RETURNED,EAST,False
2724,272,2025-12-19 09:16:39,SHIPPED,SOUTH,False
2725,120,2025-03-22 18:59:55,CANCELLED,SOUTH,False
2726,58,2025-07-18 16:54:01,SHIPPED,WEST,False
2727,19,2024-08-24 07:00:38,DELIVERED,NORTH,False
2728,544,2026-05-01 10:17:20,SHIPPED,NORTH,False
2729,563,2025-07-13 21:51:49,RETURNED,EAST,False
2730,215,2025-05-09 18:06:53,DELIVERED,SOUTH,False
2731,518,2026-04-12 10:40:22,SHIPPED,WEST,False
2732,,2025-08-22 04:51:15,RETURNED,NORTH,True
2733,421,2026-04-11 18:18:31,DELIVERED,SOUTH,False
2734,456,2025-07-26 11:12:01,DELIVERED,WEST,False
2735,417,2024-12-25 06:10:17,PLACED,EAST,False
2736,48,2026-07-20 11:15:24,DELIVERED,SOUTH,False
2737,550,2024-09-18 00:00:00,RETURNED,EAST,False
2738,47,2024-08-29 00:00:00,SHIPPED,SOUTH,False
2739,68,2025-03-29 03:41:47,DELIVERED,SOUTH,False
2740,28,2025-11-13 07:23:23,RETURNED,NORTH,False
2741,223,2026-03-16 16:32:26,CANCELLED,NORTH,False
2742,169,2026-07-07 00:00:00,PLACED,WEST,False
2743,360,2026-02-02 20:12:34,DELIVERED,SOUTH,False
2744,28,2025-11-10 18:12:14,DELIVERED,WEST,False
2745,353,2024-11-08 06:44:49,RETURNED,EAST,False
2746,219,2026-07-08 11:08:24,SHIPPED,WEST,False
2747,195,2026-06-26 02:18:41,DELIVERED,NORTH,False
2748,486,2026-01-19 20:42:48,CANCELLED,SOUTH,False
2749,231,2024-11-09 08:30:43,DELIVERED,CENTRAL,False
2750,36,2025-07-31 16:54:19,RETURNED,CENTRAL,False
2751,47,2025-09-02 06:07:52,DELIVERED,NORTH,False
2752,163,2026-05-07 11:56:19,DELIVERED,NORTH,False
2753,,2024-11-05 20:13:39,PLACED,CENTRAL,True
2754,572,2026-01-09 10:33:55,RETURNED,NORTH,False
2755,505,2025-12-31 11:15:10,DELIVERED,EAST,False
2756,265,2026-03-29 08:09:00,SHIPPED,WEST,False
2757,135,2024-11-21 17:45:58,RETURNED,SOUTH,False
2758,157,2024-11-19 00:15:23,RETURNED,CENTRAL,False
2759,,2024-10-22 10:25:02,SHIPPED,SOUTH,True
2760,580,2024-11-28 20:02:36,DELIVERED,SOUTH,False
2761,363,2025-06-11 00:00:00,SHIPPED,CENTRAL,False
2762,346,2025-01-11 22:30:34,PLACED,WEST,False
2763,491,2026-06-03 11:19:19,PLACED,NORTH,False
2764,279,2025-06-05 05:15:22,DELIVERED,NORTH,False
2765,7,2025-08-13 03:37:18,SHIPPED,CENTRAL,False
2766,125,2025-12-21 08:33:07,PLACED,NORTH,False
2767,395,2024-12-14 13:11:28,PLACED,EAST,False
2768,235,2025-10-18 10:32:39,DELIVERED,EAST,False
2769,322,2026-02-19 09:27:42,DELIVERED,EAST,False
2770,583,2024-09-26 11:37:35,RETURNED,NORTH,False
2771,439,2026-02-11 12:51:15,PLACED,EAST,False
2772,279,2024-08-14 03:10:08,DELIVERED,CENTRAL,False
2773,217,2025-11-02 23:49:10,DELIVERED,EAST,False
2774,62,2025-08-06 14:54:50,CANCELLED,NORTH,False
2775,446,2024-12-01 22:50:45,PLACED,WEST,False
2776,92,2024-11-25 06:04:20,RETURNED,CENTRAL,False
2777,441,2026-07-05 15:53:18,DELIVERED,CENTRAL,False
2778,465,2025-06-12 00:00:00,RETURNED,WEST,False
2779,169,2025-06-28 03:58:19,DELIVERED,NORTH,False
2780,190,2024-11-11 09:53:31,DELIVERED,NORTH,False
2781,348,2026-01-23 04:10:52,DELIVERED,CENTRAL,False
2782,558,2025-06-23 12:00:53,CANCELLED,SOUTH,False
2783,586,2026-07-01 03:15:07,DELIVERED,SOUTH,False
2784,94,2025-12-03 07:24:13,DELIVERED,SOUTH,False
2785,,2025-09-03 01:35:02,DELIVERED,EAST,True
2786,128,2024-11-21 00:00:00,PLACED,NORTH,False
2787,25,2026-03-25 15:30:40,CANCELLED,EAST,False
2788,577,2025-12-11 04:01:41,RETURNED,WEST,False
2789,,2024-09-08 00:00:00,DELIVERED,CENTRAL,True
2790,314,2025-03-29 03:39:36,DELIVERED,WEST,False
2791,587,2025-07-14 20:04:59,RETURNED,NORTH,False
2792,207,2025-05-27 13:09:57,DELIVERED,NORTH,False
2793,339,2024-08-26 00:00:00,SHIPPED,EAST,False
2794,482,2025-01-02 00:00:00,DELIVERED,EAST,False
2795,191,2025-07-27 17:06:02,PLACED,CENTRAL,False
2796,141,2025-10-17 04:42:11,SHIPPED,SOUTH,False
2797,,2025-05-16 03:13:40,DELIVERED,SOUTH,True
2798,113,2024-12-04 10:48:06,DELIVERED,SOUTH,False
2799,241,2024-09-30 20:47:40,DELIVERED,CENTRAL,False
2800,574,2026-05-15 19:58:52,DELIVERED,WEST,False
2801,289,2025-06-18 12:32:26,SHIPPED,EAST,False
2802,300,2026-03-02 21:56:25,DELIVERED,NORTH,False
2803,313,2025-11-19 08:15:33,DELIVERED,CENTRAL,False
2804,249,2026-05-10 14:50:56,CANCELLED,EAST,False
2805,292,2025-01-23 20:40:50,SHIPPED,WEST,False
2806,539,2026-03-13 14:05:57,DELIVERED,CENTRAL,False
2807,230,2024-09-07 02:01:01,DELIVERED,SOUTH,False
2808,489,2026-02-13 23:52:32,RETURNED,CENTRAL,False
2809,535,2025-10-27 13:08:20,SHIPPED,SOUTH,False
2810,9,2026-06-26 13:23:54,DELIVERED,NORTH,False
2811,118,2026-05-31 07:24:53,PLACED,EAST,False
2812,532,2025-04-28 02:29:10,DELIVERED,WEST,False
2813,484,2026-04-14 15:39:34,CANCELLED,SOUTH,False
2814,,2024-08-08 00:00:00,SHIPPED,WEST,True
2815,391,2026-07-23 00:00:00,DELIVERED,SOUTH,False
2816,29,2024-11-18 20:32:31,CANCELLED,NORTH,False
2817,118,2025-01-06 11:35:03,DELIVERED,WEST,False
2818,542,2026-02-01 03:02:23,SHIPPED,CENTRAL,False
2819,483,2024-08-02 19:11:19,DELIVERED,NORTH,False
2820,224,2024-09-23 10:13:58,DELIVERED,EAST,False
2821,336,2025-06-05 00:12:17,PLACED,SOUTH,False
2822,564,2025-05-16 00:00:00,SHIPPED,SOUTH,False
2823,418,2024-12-01 09:20:32,DELIVERED,NORTH,False
2824,200,2025-03-29 19:19:44,SHIPPED,WEST,False
2825,111,2024-08-15 12:54:07,DELIVERED,CENTRAL,False
2826,406,2026-03-30 22:55:43,CANCELLED,NORTH,False
2827,322,2026-02-04 01:26:42,PLACED,EAST,False
2828,597,2024-09-08 22:21:40,CANCELLED,NORTH,False
2829,499,2025-07-07 07:47:08,PLACED,EAST,False
2830,39,2025-03-23 15:30:58,DELIVERED,SOUTH,False
2831,376,2024-09-06 10:52:11,CANCELLED,CENTRAL,False
2832,433,2025-05-31 13:50:59,DELIVERED,EAST,False
2833,164,2025-01-02 13:04:32,DELIVERED,SOUTH,False
2834,240,2024-08-08 05:43:26,PLACED,WEST,False
2835,111,2025-01-15 09:42:01,PLACED,NORTH,False
2836,260,2025-06-14 03:06:17,PLACED,NORTH,False
2837,439,2026-04-01 10:00:59,RETURNED,NORTH,False
2838,438,2024-11-19 06:58:06,DELIVERED,EAST,False
2839,323,2025-02-10 11:59:52,PLACED,EAST,False
2840,216,2024-09-13 00:00:00,RETURNED,SOUTH,False
2841,570,2026-03-21 18:03:25,DELIVERED,SOUTH,False
2842,,2025-02-27 09:04:12,RETURNED,SOUTH,True
2843,,2025-09-24 13:45:18,PLACED,CENTRAL,True
2844,17,2024-10-10 13:52:59,SHIPPED,SOUTH,False
2845,136,2025-03-16 00:00:00,DELIVERED,WEST,False
2846,424,2026-07-13 16:55:03,DELIVERED,CENTRAL,False
2847,105,2026-05-08 23:57:23,DELIVERED,WEST,False
2848,267,2025-06-18 12:01:39,DELIVERED,CENTRAL,False
2849,188,2026-07-20 23:32:24,DELIVERED,CENTRAL,False
2850,452,2024-11-28 16:22:27,DELIVERED,SOUTH,False
2851,66,2024-12-18 17:10:56,DELIVERED,CENTRAL,False
2852,352,2025-05-27 06:05:27,DELIVERED,EAST,False
2853,151,2025-02-09 03:58:17,DELIVERED,WEST,False
2854,79,2026-04-10 01:13:58,PLACED,NORTH,False
2855,123,2025-09-17 08:59:19,DELIVERED,SOUTH,False
2856,567,2025-06-20 01:28:19,DELIVERED,NORTH,False
2857,76,2025-07-19 22:54:07,CANCELLED,WEST,False
2858,37,2026-04-12 18:38:15,SHIPPED,SOUTH,False
2859,258,2026-01-22 09:23:30,DELIVERED,NORTH,False
2860,177,2024-12-15 07:36:39,DELIVERED,WEST,False
2861,256,2025-01-19 02:54:50,SHIPPED,NORTH,False
2862,297,2024-11-25 05:44:37,DELIVERED,WEST,False
2863,267,2025-11-03 02:57:04,DELIVERED,SOUTH,False
2864,2,2026-01-20 18:27:09,SHIPPED,EAST,False
2865,454,2026-06-13 08:21:45,PLACED,CENTRAL,False
2866,512,2025-08-31 00:31:01,RETURNED,NORTH,False
2867,22,2026-04-17 19:50:20,CANCELLED,CENTRAL,False
2868,520,2026-01-14 13:17:47,DELIVERED,EAST,False
2869,459,2025-08-21 21:40:45,DELIVERED,SOUTH,False
2870,215,2024-12-03 05:50:21,DELIVERED,EAST,False
2871,275,2024-12-22 16:23:55,DELIVERED,EAST,False
2872,164,2026-07-10 09:49:00,SHIPPED,WEST,False
2873,409,2025-04-29 07:13:53,PLACED,CENTRAL,False
2874,378,2025-10-19 19:59:16,SHIPPED,CENTRAL,False
2875,74,2025-04-08 13:19:58,RETURNED,WEST,False
2876,156,2025-11-03 08:43:33,DELIVERED,CENTRAL,False
2877,447,2025-02-06 19:16:13,DELIVERED,SOUTH,False
2878,177,2026-05-05 02:12:39,SHIPPED,SOUTH,False
2879,,2025-05-20 00:00:00,DELIVERED,CENTRAL,True
2880,565,2025-04-21 19:23:38,SHIPPED,NORTH,False
2881,552,2026-03-14 12:42:16,PLACED,CENTRAL,False
2882,230,2026-01-30 02:27:16,PLACED,NORTH,False
2883,156,2024-10-13 07:01:13,SHIPPED,NORTH,False
2884,304,2025-09-02 04:28:29,CANCELLED,EAST,False
2885,446,2025-09-27 02:27:12,DELIVERED,WEST,False
2886,9,2024-10-20 18:20:59,PLACED,EAST,False
2887,551,2024-09-15 10:17:19,RETURNED,SOUTH,False
2888,1,2024-09-03 01:45:11,SHIPPED,CENTRAL,False
2889,510,2025-07-10 12:01:43,DELIVERED,EAST,False
2890,398,2025-12-09 09:33:48,RETURNED,WEST,False
2891,122,2025-11-06 18:23:34,PLACED,EAST,False
2892,115,2025-11-18 04:49:28,RETURNED,SOUTH,False
2893,198,2024-12-21 00:00:00,DELIVERED,NORTH,False
2894,260,2025-09-18 03:17:19,RETURNED,EAST,False
2895,524,2026-07-14 06:48:02,DELIVERED,NORTH,False
2896,458,2024-11-28 04:02:06,DELIVERED,CENTRAL,False
2897,285,2025-10-21 21:37:26,PLACED,SOUTH,False
2898,204,2024-10-26 03:12:27,PLACED,SOUTH,False
2899,433,2025-06-15 00:00:00,DELIVERED,SOUTH,False
2900,64,2024-08-05 04:20:23,SHIPPED,SOUTH,False
2901,199,2025-09-27 12:22:11,CANCELLED,NORTH,False
2902,48,2025-04-11 16:57:48,SHIPPED,CENTRAL,False
2903,564,2026-02-03 00:00:00,DELIVERED,SOUTH,False
2904,176,2025-12-26 15:00:27,DELIVERED,NORTH,False
2905,408,2025-09-19 18:08:36,SHIPPED,WEST,False
2906,250,2026-05-29 06:26:59,CANCELLED,SOUTH,False
2907,514,2025-11-17 08:17:46,DELIVERED,SOUTH,False
2908,496,2025-06-13 12:31:08,PLACED,EAST,False
2909,556,2026-07-11 04:30:12,CANCELLED,WEST,False
2910,466,2024-10-21 08:46:19,DELIVERED,NORTH,False
2911,,2024-09-27 18:38:52,DELIVERED,SOUTH,True
2912,232,2026-02-08 19:54:53,PLACED,CENTRAL,False
2913,230,2025-04-29 07:56:19,DELIVERED,CENTRAL,False
2914,65,2025-09-15 09:15:02,DELIVERED,NORTH,False
2915,494,2025-08-18 22:20:29,DELIVERED,WEST,False
2916,380,2026-05-04 04:50:28,PLACED,CENTRAL,False
2917,273,2025-02-09 03:10:01,DELIVERED,WEST,False
2918,420,2024-10-30 16:54:58,DELIVERED,NORTH,False
2919,430,2025-10-25 03:41:44,DELIVERED,CENTRAL,False
2920,359,2025-12-27 05:06:28,DELIVERED,NORTH,False
2921,155,2026-01-27 20:49:06,DELIVERED,WEST,False
2922,175,2025-11-19 01:42:47,DELIVERED,NORTH,False
2923,459,2025-01-06 13:26:44,DELIVERED,CENTRAL,False
2924,167,2025-04-24 17:58:22,DELIVERED,WEST,False
2925,10,2026-03-17 09:55:22,SHIPPED,SOUTH,False
2926,24,2025-07-12 16:22:01,DELIVERED,CENTRAL,False
2927,312,2024-09-18 21:05:02,DELIVERED,WEST,False
2928,576,2024-08-03 23:43:03,DELIVERED,EAST,False
2929,510,2025-02-14 23:52:07,DELIVERED,CENTRAL,False
2930,283,2024-09-28 11:05:47,SHIPPED,CENTRAL,False
2931,310,2024-10-27 09:58:57,SHIPPED,WEST,False
2932,352,2025-01-08 04:55:32,DELIVERED,CENTRAL,False
2933,390,2025-03-16 13:18:22,DELIVERED,EAST,False
2934,11,2026-04-08 10:11:57,DELIVERED,CENTRAL,False
2935,11,2025-04-11 17:30:52,PLACED,NORTH,False
2936,143,2025-07-23 00:00:00,DELIVERED,CENTRAL,False
2937,63,2024-08-15 01:00:06,SHIPPED,CENTRAL,False
2938,368,2025-09-08 23:03:30,SHIPPED,CENTRAL,False
2939,587,2025-10-06 12:06:00,DELIVERED,NORTH,False
2940,313,2025-12-31 21:15:24,DELIVERED,CENTRAL,False
2941,486,2025-02-20 10:23:02,DELIVERED,NORTH,False
2942,426,2026-06-04 05:58:19,PLACED,WEST,False
2943,14,2024-09-06 00:00:00,PLACED,EAST,False
2944,413,2024-10-19 02:06:33,CANCELLED,CENTRAL,False
2945,209,2024-08-14 10:15:37,RETURNED,WEST,False
2946,572,2025-02-19 18:29:48,SHIPPED,WEST,False
2947,302,2025-07-02 12:56:13,PLACED,WEST,False
2948,20,2025-12-21 16:30:12,DELIVERED,WEST,False
2949,36,2024-08-25 06:10:10,DELIVERED,WEST,False
2950,126,2024-09-06 23:25:47,RETURNED,EAST,False
2951,259,2024-11-11 03:50:07,RETURNED,WEST,False
2952,352,2025-06-24 17:31:18,RETURNED,EAST,False
2953,40,2025-05-21 11:15:29,DELIVERED,NORTH,False
2954,353,2025-11-18 19:07:09,CANCELLED,SOUTH,False
2955,436,2026-03-20 14:45:53,RETURNED,SOUTH,False
2956,9,2025-04-15 16:55:29,RETURNED,EAST,False
2957,31,2025-02-17 21:01:20,DELIVERED,WEST,False
2958,296,2026-01-14 20:22:20,DELIVERED,SOUTH,False
2959,335,2024-12-11 14:29:50,CANCELLED,SOUTH,False
2960,321,2024-08-05 17:50:09,PLACED,SOUTH,False
2961,357,2025-01-17 10:49:21,DELIVERED,CENTRAL,False
2962,256,2025-06-03 07:53:46,SHIPPED,NORTH,False
2963,70,2026-07-23 19:19:39,DELIVERED,SOUTH,False
2964,475,2025-08-20 05:00:33,DELIVERED,CENTRAL,False
2965,253,2025-11-23 14:45:50,DELIVERED,EAST,False
2966,176,2024-12-19 13:03:09,DELIVERED,EAST,False
2967,321,2024-10-18 18:17:30,RETURNED,EAST,False
2968,87,2025-07-15 00:00:00,DELIVERED,NORTH,False
2969,49,2025-05-10 03:53:45,PLACED,WEST,False
2970,276,2025-08-02 07:33:29,DELIVERED,SOUTH,False
2971,145,2025-03-20 02:58:42,DELIVERED,EAST,False
2972,473,2024-11-01 11:51:30,DELIVERED,CENTRAL,False
2973,267,2025-03-13 18:31:35,DELIVERED,NORTH,False
2974,501,2025-09-01 13:15:02,SHIPPED,NORTH,False
2975,432,2024-10-04 13:57:05,PLACED,SOUTH,False
2976,534,2026-07-15 09:02:24,SHIPPED,NORTH,False
2977,519,2025-09-20 12:09:05,CANCELLED,CENTRAL,False
2978,179,2025-08-08 18:20:20,SHIPPED,EAST,False
2979,446,2024-12-21 21:09:36,PLACED,SOUTH,False
2980,314,2025-06-14 08:44:19,DELIVERED,EAST,False
2981,495,2026-04-23 19:54:18,DELIVERED,NORTH,False
2982,110,2025-05-04 16:48:11,DELIVERED,EAST,False
2983,391,2025-08-21 16:37:27,DELIVERED,WEST,False
2984,408,2025-11-01 08:57:56,RETURNED,SOUTH,False
2985,406,2024-11-15 01:30:30,DELIVERED,WEST,False
2986,441,2025-02-20 11:54:20,DELIVERED,CENTRAL,False
2987,600,2026-04-06 00:00:00,PLACED,NORTH,False
2988,568,2025-04-22 07:21:34,DELIVERED,CENTRAL,False
2989,349,2024-12-06 04:04:14,PLACED,CENTRAL,False
2990,535,2025-03-14 15:29:14,SHIPPED,EAST,False
2991,527,2026-03-27 02:37:02,DELIVERED,CENTRAL,False
2992,597,2025-05-15 22:34:31,DELIVERED,EAST,False
2993,503,2025-04-13 05:25:30,DELIVERED,CENTRAL,False
2994,531,2026-02-28 05:58:02,DELIVERED,SOUTH,False
2995,452,2026-03-02 19:23:36,DELIVERED,CENTRAL,False
2996,76,2026-04-29 21:56:21,DELIVERED,SOUTH,False
2997,463,2026-06-30 01:14:14,PLACED,EAST,False
2998,542,2025-03-21 10:24:00,SHIPPED,EAST,False
2999,273,2026-04-10 08:14:22,DELIVERED,SOUTH,False
3000,401,2025-09-11 12:19:30,SHIPPED,SOUTH,False
