order_id,customer_id,product_id,quantity,unit_price,order_date,delivery_date,order_status
ORD002565,CUST00243,PROD0025,4,4203.28,2025-04-19,,Cancelled
ORD004275,CUST00324,PROD0122,4,993.76,2025-11-27,,Shipped
ORD003045,CUST00032,PROD0116,2,8033.73,2026-07-23,,Shipped
ORD005168,CUST00576,PROD0033,2,5639.02,2026-01-01,,Returned
ORD003986,CUST00012,PROD0131,5,6853.95,2026-03-30,,Processing
ORD004228,CUST00290,PROD0094,4,1211.97,2025-09-01,2025-09-02,Delivered
ORD002495,CUST00354,PROD0086,5,1450.41,2025-03-18,2025-03-30,Delivered
ORD004379,CUST00744,PROD0101,3,782.0,2026-04-21,2026-05-02,Delivered
ORD004964,CUST00758,PROD0007,1,40685.29,2025-02-04,,Processing
ORD004930,CUST00056,PROD0084,2,317.91,2026-06-23,,Processing
ORD000542,CUST00020,PROD0009,1,390.58,2025-04-05,2025-04-15,Delivered
ORD003259,CUST00556,PROD0143,4,1730.89,2025-02-13,2025-02-14,Delivered
ORD000335,CUST00743,PROD0077,3,2052.65,2026-07-30,2026-08-06,Delivered
ORD004110,CUST00373,PROD0021,3,156.01,2025-02-18,2025-02-27,Delivered
ORD005839,CUST00106,PROD0069,3,58378.98,2025-12-09,2025-12-20,Delivered
ORD003310,CUST00356,PROD0048,5,56173.09,2025-05-17,2025-05-20,Delivered
ORD002981,CUST00372,PROD0131,4,6853.95,2026-03-05,,Processing
ORD003459,CUST00126,PROD0020,5,4298.98,2026-04-13,2026-04-23,Delivered
ORD000632,CUST00695,PROD0126,1,8384.51,2025-11-06,,Shipped
ORD000910,CUST00572,PROD0003,3,14338.6,2025-10-16,,Cancelled
ORD002599,CUST00486,PROD0061,2,1083.6,2025-09-09,2025-09-10,Delivered
ORD004322,CUST00617,PROD0143,5,1730.89,2025-07-12,,Shipped
ORD003144,CUST00120,PROD0069,1,58378.98,2026-05-24,2026-05-29,Delivered
ORD005159,CUST00510,PROD0065,1,9361.22,2026-07-12,,Returned
ORD002673,CUST00659,PROD0089,4,16755.29,2025-02-04,,Processing
ORD001482,CUST00246,PROD0099,2,14295.1,2026-07-05,2026-07-17,Delivered
ORD004058,CUST00652,PROD0008,1,545.71,2025-04-18,2025-04-25,Delivered
ORD003508,CUST00766,PROD0150,1,2716.88,2025-03-25,2025-03-29,Delivered
ORD005623,CUST00154,PROD0033,4,5639.02,2025-12-04,,Returned
ORD000586,CUST00564,PROD0118,4,828.66,2025-06-25,2025-06-30,Delivered
ORD000206,CUST00216,PROD0124,3,2908.87,2026-01-30,2026-01-31,Delivered
ORD003418,CUST00570,PROD0085,5,4763.96,2026-01-13,2026-01-17,Delivered
ORD003555,CUST00666,PROD0121,0,751.76,2026-02-24,,Shipped
ORD005811,CUST00266,PROD0120,1,418.7,2026-03-26,2026-04-07,Delivered
ORD004323,CUST00769,PROD0078,4,12507.55,2025-08-02,,Returned
ORD000270,CUST00661,PROD0055,1,70.6,2026-07-19,,Returned
ORD003146,CUST00523,PROD0146,1,9127.13,2025-06-19,,Shipped
ORD002853,CUST00624,PROD0095,4,6063.96,2025-06-24,,Processing
ORD000157,CUST00725,PROD0105,5,32176.55,2025-01-21,,Returned
ORD003791,CUST00329,PROD0026,5,4912.92,2025-11-14,2025-11-15,Delivered
ORD002434,CUST00333,PROD0133,4,1400.65,2026-05-08,2026-05-12,Delivered
ORD005919,CUST00086,PROD0053,1,379.38,2025-01-10,,Returned
ORD001593,CUST00177,PROD0081,4,4820.76,2025-11-12,,Cancelled
ORD003912,CUST00211,PROD0072,3,263.08,2026-04-18,,Cancelled
ORD001984,CUST00237,PROD0115,4,55563.32,2025-12-09,,Returned
ORD003824,CUST00651,PROD0103,1,11738.74,2026-05-07,,Returned
ORD000089,CUST00428,PROD0038,1,8563.39,2025-09-12,,Cancelled
ORD001842,CUST00210,PROD0036,2,559.64,2025-04-15,2025-04-27,Delivered
ORD005273,CUST00404,PROD0025,3,4203.28,2025-12-10,,Shipped
ORD005416,CUST00005,PROD0077,5,2052.65,2026-01-31,2026-02-07,Delivered
ORD003569,CUST00272,PROD0069,3,58378.98,2026-04-16,2026-04-22,Delivered
ORD002006,CUST00248,PROD0009,2,390.58,2025-10-26,,Processing
ORD001172,CUST00321,PROD0009,5,390.58,2026-01-25,,Processing
ORD004819,CUST00189,PROD0057,1,1462.31,2025-05-05,,Cancelled
ORD005185,CUST00184,PROD0087,2,13732.01,2025-11-24,,Shipped
ORD005675,CUST00494,PROD0021,5,156.01,2025-11-30,2025-12-04,Delivered
ORD004453,CUST00332,PROD0139,5,4171.69,2026-04-01,2026-04-02,Delivered
ORD005006,CUST00295,PROD0124,4,2908.87,2026-01-11,2026-01-12,Delivered
ORD001832,CUST00272,PROD0016,2,59834.55,2026-06-21,,Shipped
ORD002918,CUST00531,PROD0119,1,2603.43,2025-07-14,,Returned
ORD001006,CUST00121,PROD0033,5,5639.02,2025-08-16,,Cancelled
ORD004974,CUST00425,PROD0008,3,545.71,2026-04-20,2026-05-01,Delivered
ORD005228,CUST00530,PROD0033,4,5639.02,2026-01-08,2026-01-16,Delivered
ORD000594,CUST00096,PROD0024,1,1123.83,2026-05-07,2026-05-19,Delivered
ORD005008,CUST00666,PROD0087,2,13732.01,2026-04-16,,Shipped
ORD002483,CUST00088,PROD0137,5,1360.59,2026-02-19,,Cancelled
ORD003184,CUST00748,PROD0138,1,3519.99,2026-03-01,2026-03-08,Delivered
ORD000645,CUST00784,PROD0049,5,191.03,2026-06-23,2026-06-30,Delivered
ORD002341,CUST00572,PROD0041,1,543.32,2025-08-16,2025-08-20,Delivered
ORD001612,CUST00486,PROD0041,5,543.32,2025-03-31,,Returned
ORD000012,CUST00416,PROD0134,4,3036.32,2025-12-23,2025-12-31,Delivered
ORD005261,CUST00063,PROD0096,5,32150.75,2025-01-28,2025-02-04,Delivered
ORD000597,CUST00012,PROD0009,3,390.58,2026-03-13,2026-03-24,Delivered
ORD000030,CUST00533,PROD0139,1,4171.69,2026-03-28,2026-04-04,Delivered
ORD000720,CUST00667,PROD0114,2,1292.66,2025-01-04,2025-01-15,Delivered
ORD000138,CUST00077,PROD0112,2,1969.23,2025-06-01,,Shipped
ORD005696,CUST00416,PROD0139,5,4171.69,2025-06-04,,Shipped
ORD002815,CUST00068,PROD0088,4,34407.7,2026-07-27,,Processing
ORD003465,CUST00286,PROD0005,3,560.65,2025-05-22,,Shipped
ORD004009,CUST00431,PROD0066,3,4931.77,2025-08-18,,Cancelled
ORD000692,CUST00433,PROD0087,3,13732.01,2025-03-10,,Returned
ORD002142,CUST00662,PROD0077,2,2052.65,2025-01-22,,Cancelled
ORD004708,CUST00708,PROD0010,4,11743.74,2026-04-14,,Shipped
ORD004702,CUST00376,PROD0136,3,18573.07,2025-07-29,2025-08-07,Delivered
ORD001851,CUST00441,PROD0150,4,2716.88,2025-01-08,2025-01-18,Delivered
ORD003126,CUST00701,PROD0011,1,1483.6,2025-08-26,2025-08-27,Delivered
ORD003893,CUST00283,PROD0047,2,26286.3,2025-10-18,,Processing
ORD003690,CUST00237,PROD0144,3,4806.1,2025-10-14,2025-10-22,Delivered
ORD004347,CUST00069,PROD0057,1,1462.31,2026-03-13,2026-03-23,Delivered
ORD002744,CUST00589,PROD0054,2,1632.64,2025-11-21,2025-11-26,Delivered
ORD004724,CUST00610,PROD0115,5,55563.32,2025-07-22,,Processing
ORD003087,CUST00113,PROD0096,3,32150.75,2025-12-19,2025-12-29,Delivered
ORD000288,CUST00171,PROD0131,3,6853.95,2025-06-21,,Returned
ORD002695,CUST00705,PROD0092,1,1419.85,2025-05-20,2025-06-01,Delivered
ORD003966,CUST00690,PROD0069,3,58378.98,2025-06-06,,Cancelled
ORD003976,CUST00310,PROD0119,3,2603.43,2026-07-27,,Returned
ORD004341,CUST00600,PROD0063,2,869.54,2025-08-19,2025-08-31,Delivered
ORD004507,CUST00560,PROD0128,3,3825.7,2026-07-03,,Shipped
ORD002764,CUST00041,PROD0017,1,4701.06,2025-10-19,,Shipped
ORD004200,CUST00523,PROD0079,2,2916.61,2025-06-11,2025-06-22,Delivered
ORD002965,CUST00707,PROD0050,4,3898.39,2025-11-16,2025-11-22,Delivered
ORD000101,CUST00792,PROD0070,2,10505.06,2025-01-27,2025-01-28,Delivered
ORD003702,CUST00045,PROD0141,2,22625.81,2025-09-08,,Cancelled
ORD001748,CUST00081,PROD0146,1,9127.13,2025-06-06,,Shipped
ORD004006,CUST00783,PROD0071,5,632.25,2026-04-14,2026-04-25,Delivered
ORD005434,CUST00273,PROD0136,2,18573.07,2025-09-21,,Returned
ORD003000,CUST00217,PROD0015,2,2263.06,2025-06-17,2025-06-19,Delivered
ORD004325,CUST00358,PROD0060,5,7402.46,2025-09-01,2025-09-09,Delivered
ORD001271,CUST00159,PROD0085,4,4763.96,2026-03-04,,Shipped
ORD005496,CUST00208,PROD0029,1,901.03,2026-02-22,,Returned
ORD004446,CUST00232,PROD0054,3,1632.64,2025-11-13,2025-11-21,Delivered
ORD000812,CUST00624,PROD0050,3,3898.39,2026-04-11,2026-04-23,Delivered
ORD001824,CUST00312,PROD0060,3,7402.46,2026-05-03,,Processing
ORD004134,CUST00129,PROD0009,5,390.58,2026-03-30,,Returned
ORD000378,CUST00447,PROD0146,2,9127.13,2026-07-11,,Processing
ORD001855,CUST00769,PROD0031,3,2204.46,2026-04-08,,Returned
ORD002552,CUST00205,PROD0085,1,4763.96,2025-03-13,,Delivered
ORD000421,CUST00296,PROD0070,1,10505.06,2026-04-22,2026-04-24,Delivered
ORD005288,CUST00345,PROD0052,4,1448.8,2025-12-19,,Returned
ORD003182,CUST00368,PROD0136,2,18573.07,2025-10-06,,Shipped
ORD001566,CUST00258,PROD0076,2,32834.68,2025-05-12,,Shipped
ORD000489,CUST00229,PROD0082,3,503.97,2025-05-25,2025-05-28,Delivered
ORD004709,CUST00607,PROD0107,4,328.16,2025-04-06,,Cancelled
ORD003390,CUST00369,PROD0011,4,1483.6,2025-08-04,2025-08-10,Delivered
ORD002287,CUST00523,PROD0113,3,974.15,2026-02-28,2026-03-03,Delivered
ORD003772,CUST00152,PROD0050,1,3898.39,2026-06-18,,Shipped
ORD005398,CUST00543,PROD0055,1,70.6,2025-07-09,,Returned
ORD001381,CUST00522,PROD0091,2,1751.39,2026-02-16,2026-02-28,Delivered
ORD004985,CUST00636,PROD0059,4,685.94,2026-07-26,2026-08-02,Delivered
ORD004989,CUST00253,PROD0103,3,11738.74,2026-04-17,,Cancelled
ORD002746,CUST00456,PROD0040,1,2990.7,2026-03-05,,Cancelled
ORD002201,CUST00153,PROD0058,1,4704.83,2025-01-07,,Cancelled
ORD002020,CUST00521,PROD0102,3,133.37,2026-04-06,,Processing
ORD000605,CUST00271,PROD0074,1,2124.57,2025-04-22,,Shipped
ORD002667,CUST00171,PROD0060,1,7402.46,2025-05-29,2025-05-31,Delivered
ORD001750,CUST00359,PROD0130,1,314.99,2025-08-19,2025-08-25,Delivered
ORD002520,CUST00716,PROD0139,5,4171.69,2025-07-19,,Shipped
ORD002497,CUST00045,PROD0076,3,32834.68,2026-05-13,,Processing
ORD003180,CUST00411,PROD0007,4,40685.29,2025-07-03,,Processing
ORD004002,CUST00123,PROD0005,5,560.65,2026-02-13,,Processing
ORD000248,CUST00682,PROD0055,4,70.6,2025-04-17,,Cancelled
ORD005477,CUST00591,PROD0143,4,1730.89,2025-08-30,,Returned
ORD003238,CUST00391,PROD0016,2,59834.55,2026-03-06,2026-03-07,Delivered
ORD000162,CUST00130,PROD0028,4,302.64,2025-03-07,,Shipped
ORD001592,CUST00775,PROD0095,2,6063.96,2025-11-10,,Processing
ORD004831,CUST00073,PROD0083,3,385.32,2026-07-25,,Returned
ORD005618,CUST00769,PROD0059,4,685.94,2025-11-08,2025-11-17,Delivered
ORD000502,CUST00022,PROD0061,2,1083.6,2025-03-21,,Returned
ORD004389,CUST00120,PROD0028,1,302.64,2025-04-29,2025-05-05,Delivered
ORD002672,CUST00439,PROD0115,5,55563.32,2026-04-06,2026-04-13,Delivered
ORD005594,CUST00008,PROD0031,4,2204.46,2025-04-30,2025-05-04,Delivered
ORD000976,CUST00294,PROD0099,4,14295.1,2025-03-24,2025-03-31,Delivered
ORD005694,CUST00485,PROD0016,2,59834.55,2026-05-12,,Cancelled
ORD001943,CUST00094,PROD0057,2,1462.31,2026-01-28,2026-01-31,Delivered
ORD002456,CUST00312,PROD0017,4,4701.06,2025-08-11,2025-08-12,Delivered
ORD003053,CUST00214,PROD0038,4,8563.39,2025-07-24,,Cancelled
ORD004840,CUST00716,PROD0093,5,513.19,2026-03-18,2026-03-29,Delivered
ORD003832,CUST00778,PROD0106,2,3327.3,2026-05-15,2026-05-17,Delivered
ORD002432,CUST00495,PROD0065,5,9361.22,2026-06-14,,Cancelled
ORD000176,CUST00390,PROD0044,5,1423.72,2025-06-12,2025-06-15,Delivered
ORD002243,CUST00656,PROD0100,4,7797.29,2025-07-20,2025-07-21,Delivered
ORD005925,CUST00606,PROD0059,3,685.94,2026-02-04,2026-02-16,Delivered
ORD005303,CUST00132,PROD0051,4,1399.76,2026-07-28,2026-08-08,Delivered
ORD003972,CUST00040,PROD0008,5,545.71,2025-07-18,,Shipped
ORD000097,CUST00385,PROD0039,1,5112.85,2025-09-09,,Shipped
ORD001522,CUST00435,PROD0118,1,828.66,2025-03-20,,Processing
ORD000294,CUST00661,PROD0098,3,648.17,2025-04-11,2025-04-16,Delivered
ORD001363,CUST00350,PROD0020,5,4298.98,2026-03-31,2026-04-04,Delivered
ORD003830,CUST00388,PROD0025,2,4203.28,2026-04-18,,Processing
ORD001557,CUST00319,PROD0016,3,59834.55,2026-02-12,,Processing
ORD005996,CUST00140,PROD0057,5,1462.31,2026-06-12,,Cancelled
ORD000259,CUST00476,PROD0089,2,16755.29,2026-02-27,2026-03-02,Delivered
ORD005707,CUST00466,PROD0149,3,5764.99,2025-04-08,,Processing
ORD002903,CUST00383,PROD0017,1,4701.06,2025-02-27,,Shipped
ORD002664,CUST00796,PROD0140,4,899.29,2025-12-27,2026-01-07,Delivered
ORD000569,CUST00554,PROD0011,2,1483.6,2025-04-13,,Cancelled
ORD004967,CUST00447,PROD0061,2,1083.6,2026-03-20,,Returned
ORD000783,CUST00165,PROD0089,4,16755.29,2025-08-26,2025-09-05,Delivered
ORD003750,CUST00534,PROD0021,1,156.01,2025-04-25,2025-05-06,Delivered
ORD003710,CUST00190,PROD0114,5,1292.66,2026-06-12,2026-06-20,Delivered
ORD000106,CUST00434,PROD0139,3,4171.69,2025-06-29,2025-07-01,Delivered
ORD004483,CUST00546,PROD0080,3,4686.49,2025-06-21,2025-06-28,Delivered
ORD002559,CUST00271,PROD0003,2,14338.6,2026-04-14,,Processing
ORD004897,CUST00783,PROD0112,1,1969.23,2026-05-10,2026-05-21,Delivered
ORD001148,CUST00031,PROD0003,3,14338.6,2025-07-12,2025-07-23,Delivered
ORD002319,CUST00545,PROD0007,1,40685.29,2025-11-07,,Returned
ORD001518,CUST00180,PROD0107,1,328.16,2026-04-03,,Shipped
ORD003590,CUST00595,PROD0080,1,4686.49,2026-04-06,,Delivered
ORD001031,CUST00260,PROD0066,1,4931.77,2025-03-28,,Shipped
ORD005683,CUST00148,PROD0088,4,34407.7,2025-03-07,,Cancelled
ORD001945,CUST00288,PROD0043,2,2444.21,2025-08-14,2025-08-15,Delivered
ORD003991,CUST00209,PROD0083,2,385.32,2026-07-28,,Shipped
ORD005791,CUST00586,PROD0136,3,18573.07,2025-04-13,,Processing
ORD004541,CUST00555,PROD0045,2,1228.68,2025-05-13,,Returned
ORD001786,CUST00537,PROD0014,2,1289.47,2025-11-10,,Returned
ORD002996,CUST00231,PROD0005,3,560.65,2025-04-11,2025-04-14,Delivered
ORD004101,CUST00022,PROD0037,5,1155.64,2026-02-05,2026-02-13,Delivered
ORD005577,CUST00152,PROD0019,0,4410.8,2025-06-23,2025-07-05,Delivered
ORD000762,CUST00346,PROD0112,1,1969.23,2026-05-05,2026-05-08,Delivered
ORD003289,CUST00679,PROD0039,1,5112.85,2026-05-21,,Returned
ORD005832,CUST00553,PROD0144,4,4806.1,2026-06-29,,Shipped
ORD002983,CUST00417,PROD0140,4,899.29,2026-06-07,,Shipped
ORD000084,CUST00688,PROD0101,3,782.0,2025-11-22,,Shipped
ORD000663,CUST00731,PROD0049,1,191.03,2026-05-03,2026-05-04,Delivered
ORD003044,CUST00283,PROD0045,3,1228.68,2025-09-23,,Cancelled
ORD002718,CUST00206,PROD0067,4,4271.55,2025-06-24,2025-06-28,Delivered
ORD000081,CUST00329,PROD0037,3,1155.64,2025-04-06,2025-04-15,Delivered
ORD004127,CUST00354,PROD0106,1,3327.3,2025-04-18,2025-04-26,Delivered
ORD004004,CUST00404,PROD0122,3,993.76,2025-05-31,2025-06-06,Delivered
ORD004247,CUST00411,PROD0096,1,32150.75,2026-07-29,,Returned
ORD003645,CUST00556,PROD0013,2,39659.48,2025-02-13,2025-02-15,Delivered
ORD004755,CUST00011,PROD0138,1,3519.99,2025-11-15,2025-11-25,Delivered
ORD004081,CUST00534,PROD0131,1,6853.95,2025-12-13,2025-12-17,Delivered
ORD001901,CUST00270,PROD0116,3,8033.73,2025-06-16,,Shipped
ORD004085,CUST00376,PROD0063,2,869.54,2025-09-06,,Shipped
ORD003891,CUST00544,PROD0087,1,13732.01,2026-07-10,,Cancelled
ORD002620,CUST00143,PROD0128,1,3825.7,2025-04-26,2025-05-07,Delivered
ORD002999,CUST00145,PROD0062,4,25032.52,2025-05-26,,Cancelled
ORD001314,CUST00626,PROD0116,4,8033.73,2025-05-17,2025-05-21,Delivered
ORD001225,CUST00038,PROD0144,1,4806.1,2026-01-30,2026-02-08,Delivered
ORD004153,CUST00738,PROD0024,5,1123.83,2025-11-30,,Cancelled
ORD000982,CUST00588,PROD0035,2,4733.42,2026-05-14,2026-05-22,Delivered
ORD001160,CUST00565,PROD0094,3,1211.97,2025-04-02,2025-04-14,Delivered
ORD003848,CUST00052,PROD0121,5,751.76,2026-02-14,,Processing
ORD003755,CUST00097,PROD0011,5,1483.6,2025-03-24,2025-03-30,Delivered
ORD002730,CUST00198,PROD0031,5,2204.46,2026-04-14,2026-04-18,Delivered
ORD001638,CUST00105,PROD0138,4,3519.99,2025-05-18,2025-05-23,Delivered
ORD003506,CUST00643,PROD0009,1,390.58,2026-02-03,2026-02-09,Delivered
ORD000712,CUST00415,PROD0095,3,6063.96,2025-01-22,2025-02-03,Delivered
ORD003598,CUST00752,PROD0083,4,385.32,2026-07-15,,Cancelled
ORD001939,CUST00352,PROD0028,5,302.64,2026-07-03,2026-07-05,Delivered
ORD002399,CUST00035,PROD0042,2,915.41,2026-02-22,2026-02-26,Delivered
ORD000805,CUST00660,PROD0051,3,1399.76,2025-03-28,,Processing
ORD004586,CUST00150,PROD0079,5,2916.61,2025-02-05,2025-02-14,Delivered
ORD001095,CUST00296,PROD0034,3,2546.45,2025-02-16,2025-02-28,Delivered
ORD002345,CUST00507,PROD0036,3,559.64,2026-04-18,,Delivered
ORD004177,CUST00372,PROD0069,5,58378.98,2025-07-22,,Processing
ORD004070,CUST00477,PROD0003,1,14338.6,2026-04-13,,Processing
ORD003306,CUST00689,PROD0123,4,21424.68,2025-04-01,,Shipped
ORD003994,CUST00196,PROD0144,2,4806.1,2026-01-03,,Cancelled
ORD002637,CUST00657,PROD0130,2,314.99,2025-07-24,,Delivered
ORD001861,CUST00073,PROD0043,4,2444.21,2026-05-07,,Shipped
ORD003514,CUST00260,PROD0107,4,328.16,2025-05-02,2025-05-14,Delivered
ORD003679,CUST00037,PROD0039,4,5112.85,2025-01-10,2025-01-13,Delivered
ORD003489,CUST00247,PROD0118,4,828.66,2025-07-21,2025-07-27,Delivered
ORD004016,CUST00182,PROD0142,1,1821.04,2026-06-17,,Cancelled
ORD005012,CUST00575,PROD0106,3,3327.3,2025-12-14,2025-12-21,Delivered
ORD003411,CUST00409,PROD0113,4,974.15,2026-04-03,2026-04-06,Delivered
ORD003466,CUST00719,PROD0025,1,4203.28,2025-10-24,2025-10-31,Delivered
ORD001728,CUST00307,PROD0128,3,3825.7,2025-02-26,2025-03-02,Delivered
ORD001715,CUST00664,PROD0146,5,9127.13,2026-01-19,2026-01-23,Delivered
ORD005753,CUST00054,PROD0025,3,4203.28,2026-07-24,2026-07-27,Delivered
ORD004921,CUST00223,PROD0051,2,1399.76,2025-01-22,2025-01-26,Delivered
ORD000856,CUST00224,PROD0057,2,1462.31,2026-05-21,2026-05-26,Delivered
ORD003025,CUST00495,PROD0017,2,4701.06,2025-01-25,,Shipped
ORD003538,CUST00574,PROD0003,4,14338.6,2025-01-24,2025-01-29,Delivered
ORD001827,CUST00433,PROD0099,2,14295.1,2025-11-26,,Returned
ORD001429,CUST00343,PROD0128,4,3825.7,2026-01-17,2026-01-25,Delivered
ORD004920,CUST00200,PROD0053,1,379.38,2025-05-14,,Cancelled
ORD004342,CUST00144,PROD0046,3,51.86,2025-05-24,2025-06-04,Delivered
ORD005927,CUST00415,PROD0037,3,1155.64,2025-11-30,,Returned
ORD002536,CUST00236,PROD0119,5,2603.43,2026-07-18,,Processing
ORD001505,CUST00193,PROD0059,2,685.94,2026-05-27,2026-05-31,Delivered
ORD003882,CUST00132,PROD0084,2,317.91,2025-11-27,2025-12-05,Delivered
ORD000450,CUST00089,PROD0007,2,40685.29,2026-04-10,2026-04-18,Delivered
ORD002312,CUST00749,PROD0014,5,1289.47,2025-07-12,2025-07-13,Delivered
ORD003012,CUST00332,PROD0031,5,2204.46,2025-07-22,,Processing
ORD005211,CUST00490,PROD0150,2,2716.88,2025-02-24,,Processing
ORD002132,CUST00735,PROD0061,4,1083.6,2025-06-02,2025-06-08,Delivered
ORD004735,CUST00628,PROD0062,1,25032.52,2026-06-08,,Cancelled
ORD002948,CUST00459,PROD0104,1,1042.65,2025-01-24,2025-01-31,Delivered
ORD000389,CUST00105,PROD0095,1,6063.96,2025-09-30,2025-10-12,Delivered
ORD005939,CUST00795,PROD0124,2,2908.87,2025-11-21,,Cancelled
ORD002003,CUST00402,PROD0043,3,2444.21,2025-06-13,,Processing
ORD005251,CUST00702,PROD0035,4,4733.42,2026-06-17,,Cancelled
ORD002297,CUST00074,PROD0131,4,6853.95,2026-01-27,2026-02-08,Delivered
ORD005169,CUST00357,PROD0022,4,459.17,2026-01-22,,Returned
ORD004071,CUST00682,PROD0112,3,1969.23,2026-07-29,,Cancelled
ORD000641,CUST00345,PROD0047,1,26286.3,2025-06-21,,Processing
ORD003135,CUST00106,PROD0106,1,3327.3,2025-01-13,,Shipped
ORD003979,CUST00450,PROD0048,1,56173.09,2025-12-06,2025-12-18,Delivered
ORD000564,CUST00267,PROD0079,1,2916.61,2026-04-13,2026-04-23,Delivered
ORD001805,CUST00746,PROD0089,2,16755.29,2026-06-28,,Shipped
ORD002102,CUST00370,PROD0043,1,2444.21,2026-05-17,,Cancelled
ORD002214,CUST00350,PROD0120,5,418.7,2025-03-23,2025-03-27,Delivered
ORD000112,CUST00796,PROD0082,2,503.97,2026-07-30,,Processing
ORD000673,CUST00305,PROD0076,4,32834.68,2026-05-18,,Shipped
ORD001432,CUST00636,PROD0126,5,8384.51,2025-09-13,2025-09-20,Delivered
ORD004512,CUST00342,PROD0149,2,5764.99,2026-03-02,,Processing
ORD002136,CUST00064,PROD0091,1,1751.39,2026-06-23,2026-06-25,Delivered
ORD005950,CUST00648,PROD0094,3,1211.97,2026-07-26,2026-07-29,Delivered
ORD003666,CUST00140,PROD0030,1,429.82,2026-05-29,2026-06-04,Delivered
ORD003767,CUST00012,PROD0010,3,11743.74,2026-05-30,2026-06-10,Delivered
ORD000786,CUST00575,PROD0124,2,2908.87,2025-06-27,2025-07-07,Delivered
ORD002146,CUST00468,PROD0048,4,56173.09,2025-08-23,,Processing
ORD000694,CUST00111,PROD0077,4,2052.65,2026-07-07,2026-07-14,Delivered
ORD002772,CUST00392,PROD0063,5,869.54,2025-08-29,2025-09-04,Delivered
ORD001785,CUST00170,PROD0050,5,3898.39,2025-10-14,2025-10-22,Delivered
ORD003105,CUST00029,PROD0082,1,503.97,2025-10-05,2025-10-07,Delivered
ORD001583,CUST00414,PROD0105,5,32176.55,2025-10-05,2025-10-11,Delivered
ORD004862,CUST00723,PROD0005,3,560.65,2025-04-02,,Returned
ORD001220,CUST00138,PROD0131,3,6853.95,2026-02-24,,Processing
ORD002320,CUST00519,PROD0131,2,6853.95,2025-02-28,2025-03-01,Delivered
ORD004610,CUST00043,PROD0087,3,13732.01,2025-12-31,2026-01-04,Delivered
ORD002691,CUST00419,PROD0090,2,955.06,2025-10-21,,Cancelled
ORD001317,CUST00324,PROD0002,3,2472.29,2026-02-22,2026-02-28,Delivered
ORD000256,CUST00336,PROD0101,5,782.0,2025-10-30,2025-11-04,Delivered
ORD005652,CUST00229,PROD0137,4,1360.59,2025-09-04,,Processing
ORD001173,CUST00119,PROD0122,2,993.76,2025-02-25,2025-03-08,Delivered
ORD004086,CUST00329,PROD0025,1,4203.28,2025-07-09,2025-07-18,Delivered
ORD001507,CUST00174,PROD0124,1,2908.87,2025-09-25,2025-09-28,Delivered
ORD000623,CUST00328,PROD0006,1,812.36,2026-07-06,2026-07-15,Delivered
ORD002100,CUST00412,PROD0116,2,8033.73,2025-04-06,2025-04-16,Delivered
ORD000801,CUST00317,PROD0010,2,11743.74,2025-03-01,,Shipped
ORD005348,CUST00269,PROD0047,2,26286.3,2025-02-06,,Cancelled
ORD005060,CUST00027,PROD0141,3,22625.81,2025-08-10,2025-08-16,Delivered
ORD001406,CUST00429,PROD0136,2,18573.07,2025-11-04,,Shipped
ORD002417,CUST00640,PROD0084,3,317.91,2025-02-27,,Returned
ORD001978,CUST00479,PROD0119,2,2603.43,2026-03-02,2026-03-05,Delivered
ORD003866,CUST00195,PROD0131,2,6853.95,2026-01-30,2026-01-31,Delivered
ORD005277,CUST00698,PROD0142,3,1821.04,2025-11-28,,Shipped
ORD004583,CUST00204,PROD0140,4,899.29,2025-03-31,,Returned
ORD003107,CUST00099,PROD0119,2,2603.43,2025-09-25,2025-10-01,Delivered
ORD000834,CUST00292,PROD0023,2,11903.15,2025-11-11,2025-11-12,Delivered
ORD005192,CUST00703,PROD0080,5,4686.49,2026-03-14,,Returned
ORD001122,CUST00055,PROD0022,1,459.17,2025-06-04,,Cancelled
ORD002871,CUST00282,PROD0026,5,4912.92,2025-05-06,,Shipped
ORD003906,CUST00391,PROD0135,4,7336.91,2026-05-02,2026-05-09,Delivered
ORD000512,CUST00509,PROD0098,4,648.17,2026-01-26,2026-02-06,Delivered
ORD000892,CUST00692,PROD0095,3,6063.96,2025-06-25,,Cancelled
ORD001089,CUST00073,PROD0031,1,2204.46,2025-07-15,,Returned
ORD005780,CUST00491,PROD0053,4,379.38,2026-07-09,2026-07-10,Delivered
ORD005135,CUST00677,PROD0061,1,1083.6,2025-03-24,2025-04-04,Delivered
ORD005239,CUST00300,PROD0107,3,328.16,2025-12-11,,Processing
ORD003738,CUST00518,PROD0121,1,751.76,2026-06-05,,Shipped
ORD004588,CUST00055,PROD0041,2,543.32,2025-04-30,2025-05-11,Delivered
ORD001662,CUST00287,PROD0050,2,3898.39,2025-12-25,2025-12-30,Delivered
ORD000466,CUST00612,PROD0074,4,2124.57,2025-11-21,,Processing
ORD002074,CUST00404,PROD0001,2,2002.86,2025-04-24,,Cancelled
ORD002736,CUST00171,PROD0042,1,915.41,2026-01-05,2026-01-08,Delivered
ORD004454,CUST00187,PROD0041,5,543.32,2025-01-27,2025-02-03,Delivered
ORD000482,CUST00263,PROD0129,2,17176.36,2025-07-14,,Returned
ORD004430,CUST00265,PROD0019,2,4410.8,2026-03-05,,Shipped
ORD005601,CUST00381,PROD0014,3,1289.47,2025-07-29,2025-08-01,Delivered
ORD004573,CUST00403,PROD0052,1,1448.8,2026-06-10,2026-06-15,Delivered
ORD002477,CUST00445,PROD0012,4,4952.6,2026-03-20,,Cancelled
ORD000501,CUST00175,PROD0054,5,1632.64,2026-03-18,,Processing
ORD002578,CUST00224,PROD0050,1,3898.39,2025-05-14,2025-05-21,Delivered
ORD004370,CUST00207,PROD0132,1,305.28,2025-11-07,,Shipped
ORD005018,CUST00464,PROD0024,4,1123.83,2026-04-10,2026-04-13,Delivered
ORD000526,CUST00677,PROD0044,5,1423.72,2025-02-22,,Shipped
ORD001121,CUST00124,PROD0058,1,4704.83,2025-10-16,2025-10-26,Delivered
ORD004092,CUST00576,PROD0011,3,1483.6,2026-07-13,,Cancelled
ORD004742,CUST00231,PROD0113,3,974.15,2026-04-16,2026-04-27,Delivered
ORD002712,CUST00158,PROD0035,1,4733.42,2025-05-18,,Cancelled
ORD000704,CUST00109,PROD0081,5,4820.76,2025-11-02,,Cancelled
ORD003164,CUST00752,PROD0031,5,2204.46,2025-05-19,2025-05-26,Delivered
ORD000280,CUST00590,PROD0125,4,11796.3,2025-01-07,2025-01-15,Delivered
ORD000837,CUST00255,PROD0031,1,2204.46,2025-07-27,2025-08-04,Delivered
ORD005660,CUST00114,PROD0128,3,3825.7,2025-09-07,2025-09-17,Delivered
ORD003048,CUST00126,PROD0103,4,11738.74,2026-03-04,,Processing
ORD001053,CUST00079,PROD0043,5,2444.21,2025-02-28,,Shipped
ORD001455,CUST00316,PROD0109,4,854.47,2025-12-01,2025-12-05,Delivered
ORD005835,CUST00097,PROD0007,1,40685.29,2026-01-28,2026-02-03,Delivered
ORD000782,CUST00758,PROD0089,4,16755.29,2026-03-23,2026-03-28,Delivered
ORD004037,CUST00069,PROD0111,5,42616.44,2026-04-28,,Returned
ORD001298,CUST00421,PROD0113,5,974.15,2025-05-07,,Delivered
ORD005841,CUST00322,PROD0023,4,11903.15,2025-10-11,2025-10-17,Delivered
ORD004936,CUST00467,PROD0027,3,331.1,2025-01-16,,Shipped
ORD000494,CUST00626,PROD0120,1,418.7,2026-04-12,,Returned
ORD005783,CUST00123,PROD0130,4,314.99,2026-04-10,,Cancelled
ORD005435,CUST00593,PROD0096,1,32150.75,2025-11-17,,Returned
ORD002670,CUST00324,PROD0108,5,4953.1,2026-04-21,,Shipped
ORD005462,CUST00558,PROD0011,3,1483.6,2025-01-31,,Shipped
ORD000954,CUST00317,PROD0032,0,1176.78,2025-08-31,2025-09-10,Delivered
ORD005718,CUST00413,PROD0120,2,418.7,2026-02-07,2026-02-14,Delivered
ORD001894,CUST00436,PROD0090,4,955.06,2025-01-28,2025-02-05,Delivered
ORD000135,CUST00254,PROD0122,5,993.76,2025-08-30,,Shipped
ORD004450,CUST00795,PROD0045,4,1228.68,2025-02-13,2025-02-16,Delivered
ORD001860,CUST00416,PROD0128,4,3825.7,2025-12-02,,Cancelled
ORD005173,CUST00538,PROD0117,2,430.76,2025-02-12,,Returned
ORD005733,CUST00513,PROD0126,5,8384.51,2026-07-12,,Processing
ORD002185,CUST00279,PROD0099,5,14295.1,2025-09-12,,Processing
ORD004495,CUST00710,PROD0113,5,974.15,2025-04-22,2025-04-24,Delivered
ORD001140,CUST00201,PROD0009,5,390.58,2025-06-27,2025-06-28,Delivered
ORD002231,CUST00226,PROD0139,2,4171.69,2025-03-28,2025-03-31,Delivered
ORD001288,CUST00324,PROD0078,2,12507.55,2026-06-09,2026-06-19,Delivered
ORD005483,CUST00732,PROD0101,3,782.0,2025-05-15,2025-05-24,Delivered
ORD000342,CUST00524,PROD0147,4,4832.5,2025-03-15,2025-03-21,Delivered
ORD003805,CUST00261,PROD0021,2,156.01,2026-03-26,2026-04-07,Delivered
ORD001528,CUST00672,PROD0103,2,11738.74,2025-10-19,2025-10-26,Delivered
ORD000481,CUST00348,PROD0029,3,901.03,2025-02-08,2025-02-16,Delivered
ORD004676,CUST00055,PROD0071,1,632.25,2026-06-07,2026-06-15,Delivered
ORD001899,CUST00046,PROD0129,2,17176.36,2026-04-20,,Cancelled
ORD004499,CUST00281,PROD0051,3,1399.76,2026-06-29,2026-07-02,Delivered
ORD000110,CUST00253,PROD0102,5,133.37,2025-04-14,,Shipped
ORD004119,CUST00477,PROD0112,1,1969.23,2025-01-10,,Shipped
ORD003818,CUST00370,PROD0057,4,1462.31,2025-08-22,2025-09-03,Delivered
ORD004901,CUST00101,PROD0096,3,32150.75,2026-04-30,,Delivered
ORD000930,CUST00064,PROD0111,4,42616.44,2026-01-29,2026-02-10,Delivered
ORD001096,CUST00480,PROD0127,5,919.23,2026-06-10,2026-06-18,Delivered
ORD002947,CUST00188,PROD0134,5,3036.32,2025-04-03,,Shipped
ORD001523,CUST00230,PROD0038,5,8563.39,2025-04-14,2025-04-20,Delivered
ORD004095,CUST00285,PROD0085,4,4763.96,2025-09-20,,Cancelled
ORD005883,CUST00638,PROD0021,1,156.01,2025-10-30,2025-11-08,Delivered
ORD004465,CUST00446,PROD0051,4,1399.76,2025-03-18,,Cancelled
ORD002959,CUST00404,PROD0065,3,9361.22,2025-10-07,,Cancelled
ORD003265,CUST00371,PROD0041,2,543.32,2025-01-19,2025-01-29,Delivered
ORD005472,CUST00675,PROD0025,4,4203.28,2026-03-09,,Processing
ORD005078,CUST00761,PROD0009,2,390.58,2026-01-25,,Processing
ORD000688,CUST00437,PROD0100,3,7797.29,2025-04-11,2025-04-23,Delivered
ORD003560,CUST00573,PROD0083,3,385.32,2026-05-20,,Shipped
ORD004736,CUST00412,PROD0101,5,782.0,2025-06-19,2025-06-24,Delivered
ORD002900,CUST00707,PROD0108,1,4953.1,2025-07-10,2025-07-17,Delivered
ORD005218,CUST00025,PROD0016,5,59834.55,2025-04-20,,Shipped
ORD004696,CUST00785,PROD0004,3,2001.32,2026-04-21,,Returned
ORD000841,CUST00385,PROD0022,5,459.17,2025-07-28,,Processing
ORD002551,CUST00137,PROD0150,1,2716.88,2025-07-11,2025-07-15,Delivered
ORD002923,CUST00046,PROD0122,1,993.76,2026-04-11,,Shipped
ORD001870,CUST00680,PROD0097,1,166.92,2025-02-08,,Cancelled
ORD003300,CUST00739,PROD0014,3,1289.47,2026-04-17,2026-04-28,Delivered
ORD002962,CUST00155,PROD0115,5,55563.32,2025-10-23,2025-10-30,Delivered
ORD002707,CUST00061,PROD0023,4,11903.15,2026-03-25,2026-04-02,Delivered
ORD003396,CUST00477,PROD0008,3,545.71,2025-04-01,2025-04-04,Delivered
ORD004033,CUST00014,PROD0139,2,4171.69,2026-06-17,,Processing
ORD000498,CUST00241,PROD0119,2,2603.43,2025-10-17,2025-10-26,Delivered
ORD002343,CUST00025,PROD0109,3,854.47,2025-03-08,,Returned
ORD005148,CUST00264,PROD0128,2,3825.7,2025-05-25,,Shipped
ORD005349,CUST00085,PROD0109,4,854.47,2025-08-11,2025-08-21,Delivered
ORD005334,CUST00558,PROD0116,5,8033.73,2026-07-14,,Returned
ORD001216,CUST00020,PROD0065,2,9361.22,2025-07-22,,Cancelled
ORD003209,CUST00182,PROD0039,2,5112.85,2025-05-11,,Cancelled
ORD004968,CUST00503,PROD0011,2,1483.6,2025-01-03,,Returned
ORD001555,CUST00728,PROD0121,4,751.76,2025-03-14,,Shipped
ORD004224,CUST00415,PROD0058,3,4704.83,2025-09-18,,Returned
ORD005876,CUST00371,PROD0128,1,3825.7,2025-01-28,2025-02-07,Delivered
ORD004983,CUST00596,PROD0047,2,26286.3,2025-05-30,2025-06-04,Delivered
ORD005750,CUST00272,PROD0013,2,39659.48,2026-05-09,,Cancelled
ORD005799,CUST00471,PROD0042,2,915.41,2026-07-30,,Processing
ORD002061,CUST00005,PROD0104,0,1042.65,2025-11-16,2025-11-27,Delivered
ORD005123,CUST00691,PROD0110,4,1192.79,2026-04-27,2026-05-06,Delivered
ORD005114,CUST00461,PROD0084,5,317.91,2025-04-15,,Shipped
ORD005201,CUST00326,PROD0042,3,915.41,2026-04-24,,Shipped
ORD004977,CUST00727,PROD0078,3,12507.55,2025-06-22,,Cancelled
ORD004609,CUST00587,PROD0135,3,7336.91,2026-07-09,,Processing
ORD004851,CUST00085,PROD0148,4,985.06,2025-07-01,,Cancelled
ORD000893,CUST00509,PROD0017,1,4701.06,2025-05-28,2025-06-01,Delivered
ORD001973,CUST00755,PROD0077,1,2052.65,2026-02-27,,Cancelled
ORD000381,CUST00678,PROD0048,1,56173.09,2026-01-08,2026-01-14,Delivered
ORD003349,CUST00251,PROD0092,3,1419.85,2026-04-06,,Cancelled
ORD002575,CUST00603,PROD0051,1,1399.76,2025-05-10,,Delivered
ORD000305,CUST00570,PROD0017,3,4701.06,2025-08-16,,Delivered
ORD003220,CUST00265,PROD0064,1,3664.82,2025-12-02,2025-12-12,Delivered
ORD000932,CUST00648,PROD0018,2,18955.94,2026-05-21,2026-05-27,Delivered
ORD004273,CUST00635,PROD0135,5,7336.91,2025-10-28,,Returned
ORD000959,CUST00482,PROD0064,2,3664.82,2026-01-26,,Processing
ORD000615,CUST00262,PROD0067,3,4271.55,2025-07-08,2025-07-19,Delivered
ORD003585,CUST00630,PROD0002,2,2472.29,2025-06-04,,Cancelled
ORD002000,CUST00502,PROD0040,4,2990.7,2026-04-30,,Processing
ORD002108,CUST00479,PROD0094,3,1211.97,2026-03-19,2026-03-22,Delivered
ORD000924,CUST00566,PROD0018,4,18955.94,2025-07-31,2025-08-05,Delivered
ORD000460,CUST00737,PROD0038,1,8563.39,2025-11-02,2025-11-03,Delivered
ORD005959,CUST00735,PROD0141,3,22625.81,2025-02-20,2025-03-01,Delivered
ORD005980,CUST00771,PROD0145,3,2463.88,2025-07-05,,Returned
ORD000409,CUST00674,PROD0013,5,39659.48,2026-02-13,2026-02-20,Delivered
ORD004667,CUST00288,PROD0017,4,4701.06,2025-11-11,2025-11-13,Delivered
ORD004418,CUST00632,PROD0079,1,2916.61,2026-05-16,2026-05-24,Delivered
ORD000179,CUST00012,PROD0049,1,191.03,2025-01-05,2025-01-09,Delivered
ORD002331,CUST00768,PROD0039,5,5112.85,2025-10-21,2025-10-22,Delivered
ORD002627,CUST00108,PROD0031,4,2204.46,2025-01-28,,Shipped
ORD004141,CUST00441,PROD0065,3,9361.22,2026-01-24,,Cancelled
ORD003434,CUST00466,PROD0072,2,263.08,2025-02-02,2025-02-05,Delivered
ORD005922,CUST00598,PROD0010,4,11743.74,2025-09-28,,Cancelled
ORD003322,CUST00130,PROD0123,1,21424.68,2026-03-30,2026-04-08,Delivered
ORD001123,CUST00012,PROD0086,5,1450.41,2025-07-05,2025-07-16,Delivered
ORD003923,CUST00515,PROD0147,3,4832.5,2025-02-04,,Processing
ORD002422,CUST00711,PROD0042,1,915.41,2025-11-15,,Cancelled
ORD000543,CUST00037,PROD0031,1,2204.46,2025-05-14,2025-05-16,Delivered
ORD002655,CUST00779,PROD0005,5,560.65,2025-04-04,,Cancelled
ORD005530,CUST00236,PROD0100,2,7797.29,2025-05-21,,Shipped
ORD003313,CUST00213,PROD0047,1,26286.3,2025-04-07,2025-04-09,Delivered
ORD003521,CUST00341,PROD0002,2,2472.29,2026-06-18,2026-06-23,Delivered
ORD003286,CUST00667,PROD0144,1,4806.1,2026-07-16,,Cancelled
ORD005886,CUST00336,PROD0073,2,34399.58,2025-05-17,2025-05-27,Delivered
ORD001077,CUST00469,PROD0072,1,263.08,2025-09-27,,Cancelled
ORD001401,CUST00135,PROD0036,5,559.64,2026-01-21,2026-01-26,Delivered
ORD003102,CUST00399,PROD0059,1,685.94,2025-01-05,2025-01-16,Delivered
ORD005171,CUST00275,PROD0113,0,974.15,2025-03-07,,Returned
ORD004457,CUST00332,PROD0105,1,32176.55,2026-03-03,,Cancelled
ORD005898,CUST00579,PROD0108,4,4953.1,2025-10-24,,Returned
ORD000995,CUST00567,PROD0021,3,156.01,2026-03-15,2026-03-27,Delivered
ORD001719,CUST00621,PROD0090,2,955.06,2026-06-15,2026-06-23,Delivered
ORD003735,CUST00641,PROD0141,4,22625.81,2025-06-13,,Returned
ORD001619,CUST00416,PROD0079,2,2916.61,2025-04-14,2025-04-17,Delivered
ORD000814,CUST00193,PROD0095,5,6063.96,2026-02-17,,Cancelled
ORD002113,CUST00199,PROD0114,3,1292.66,2025-11-20,2025-12-02,Delivered
ORD002475,CUST00651,PROD0005,4,560.65,2026-02-18,2026-02-24,Delivered
ORD003898,CUST00396,PROD0077,1,2052.65,2025-05-14,2025-05-25,Delivered
ORD002135,CUST00217,PROD0105,2,32176.55,2025-09-04,,Returned
ORD005280,CUST00452,PROD0109,4,854.47,2026-04-05,2026-04-13,Delivered
ORD005895,CUST00545,PROD0129,5,17176.36,2025-11-15,,Returned
ORD001615,CUST00281,PROD0136,0,18573.07,2025-01-22,,Shipped
ORD001209,CUST00255,PROD0081,4,4820.76,2025-06-14,,Shipped
ORD002996,CUST00231,PROD0005,3,560.65,2025-04-11,2025-04-14,Delivered
ORD004548,CUST00354,PROD0143,5,1730.89,2025-03-12,,Cancelled
ORD005479,CUST00752,PROD0121,1,751.76,2025-06-17,2025-06-27,Delivered
ORD001578,CUST00400,PROD0054,2,1632.64,2025-09-07,,Returned
ORD005069,CUST00660,PROD0141,4,22625.81,2025-09-17,2025-09-19,Delivered
ORD003580,CUST00074,PROD0114,2,1292.66,2025-04-12,,Shipped
ORD003123,CUST00027,PROD0107,4,328.16,2025-06-24,2025-06-27,Delivered
ORD004144,CUST00251,PROD0036,5,559.64,2025-11-09,2025-11-18,Delivered
ORD003408,CUST00071,PROD0017,3,4701.06,2026-05-10,2026-05-13,Delivered
ORD002017,CUST00030,PROD0032,5,1176.78,2025-11-06,,Returned
ORD004860,CUST00306,PROD0041,1,543.32,2025-09-25,,Delivered
ORD004394,CUST00117,PROD0095,3,6063.96,2025-10-30,2025-10-31,Delivered
ORD004158,CUST00526,PROD0077,1,2052.65,2026-03-14,2026-03-18,Delivered
ORD002363,CUST00546,PROD0068,5,1375.21,2025-08-30,2025-09-11,Delivered
ORD004865,CUST00459,PROD0012,2,4952.6,2025-07-18,2025-07-25,Delivered
ORD003224,CUST00343,PROD0053,5,379.38,2026-05-23,2026-06-03,Delivered
ORD003586,CUST00433,PROD0150,1,2716.88,2025-04-19,2025-04-30,Delivered
ORD000198,CUST00545,PROD0044,3,1423.72,2026-01-02,,Shipped
ORD000171,CUST00246,PROD0076,4,32834.68,2025-05-01,2025-05-12,Delivered
ORD005294,CUST00788,PROD0079,2,2916.61,2025-12-15,,Cancelled
ORD003333,CUST00008,PROD0004,3,2001.32,2025-08-01,,Cancelled
ORD005639,CUST00729,PROD0094,5,1211.97,2025-07-12,2025-07-14,Delivered
ORD002980,CUST00172,PROD0033,4,5639.02,2025-07-07,,Returned
ORD003784,CUST00526,PROD0089,1,16755.29,2025-06-24,,Processing
ORD004898,CUST00428,PROD0030,4,429.82,2025-11-03,,Shipped
ORD001302,CUST00032,PROD0008,3,545.71,2026-04-14,,Cancelled
ORD005546,CUST00269,PROD0019,3,4410.8,2025-05-14,2025-05-15,Delivered
ORD005459,CUST00139,PROD0063,2,869.54,2026-07-16,2026-07-18,Delivered
ORD003170,CUST00437,PROD0036,2,559.64,2025-05-01,2025-05-06,Delivered
ORD004922,CUST00016,PROD0091,3,1751.39,2025-01-04,2025-01-12,Delivered
ORD003780,CUST00192,PROD0116,4,8033.73,2025-01-02,,Shipped
ORD002014,CUST00476,PROD0062,4,25032.52,2025-06-02,2025-06-04,Delivered
ORD001492,CUST00781,PROD0011,2,1483.6,2026-06-04,,Cancelled
ORD002629,CUST00738,PROD0051,1,1399.76,2025-07-22,,Processing
ORD000550,CUST00114,PROD0065,4,9361.22,2025-01-20,2025-01-31,Delivered
ORD002033,CUST00548,PROD0107,1,328.16,2026-05-29,,Shipped
ORD004913,CUST00364,PROD0073,1,34399.58,2025-10-26,2025-11-03,Delivered
ORD005727,CUST00281,PROD0097,2,166.92,2025-06-16,,Processing
ORD000416,CUST00582,PROD0022,1,459.17,2025-02-25,,Delivered
ORD005626,CUST00480,PROD0085,2,4763.96,2025-10-18,,Shipped
ORD001280,CUST00700,PROD0051,4,1399.76,2025-03-24,2025-03-25,Delivered
ORD001093,CUST00472,PROD0031,4,2204.46,2025-03-11,,Cancelled
ORD004879,CUST00659,PROD0067,5,4271.55,2025-09-29,2025-10-05,Delivered
ORD001843,CUST00414,PROD0093,3,513.19,2025-12-13,,Cancelled
ORD000935,CUST00223,PROD0088,4,34407.7,2025-07-19,2025-07-20,Delivered
ORD002353,CUST00666,PROD0093,5,513.19,2025-10-10,,Shipped
ORD002428,CUST00256,PROD0048,1,56173.09,2025-06-29,,Shipped
ORD003707,CUST00241,PROD0102,2,133.37,2026-06-28,2026-07-05,Delivered
ORD003342,CUST00210,PROD0100,5,7797.29,2025-02-20,2025-03-04,Delivered
ORD000330,CUST00536,PROD0088,3,34407.7,2025-07-08,,Cancelled
ORD005508,CUST00273,PROD0027,2,331.1,2025-03-07,,Returned
ORD002200,CUST00075,PROD0070,1,10505.06,2025-01-31,,Returned
ORD001926,CUST00353,PROD0074,5,2124.57,2026-06-10,,Processing
ORD003693,CUST00506,PROD0014,5,1289.47,2025-08-29,,Returned
ORD002129,CUST00165,PROD0011,5,1483.6,2026-03-22,2026-03-23,Delivered
ORD001025,CUST00075,PROD0058,1,4704.83,2026-05-07,2026-05-17,Delivered
ORD001043,CUST00691,PROD0023,3,11903.15,2025-12-08,2025-12-12,Delivered
ORD004360,CUST00359,PROD0042,2,915.41,2025-08-01,,Delivered
ORD001378,CUST00651,PROD0051,2,1399.76,2026-04-10,2026-04-12,Delivered
ORD002851,CUST00545,PROD0134,3,3036.32,2025-10-22,,Shipped
ORD005093,CUST00157,PROD0065,4,9361.22,2025-06-23,2025-07-03,Delivered
ORD001538,CUST00537,PROD0091,5,1751.39,2026-03-18,2026-03-23,Delivered
ORD000025,CUST00704,PROD0081,4,4820.76,2025-02-24,2025-03-04,Delivered
ORD000686,CUST00589,PROD0109,5,854.47,2026-06-12,,Shipped
ORD000944,CUST00276,PROD0017,2,4701.06,2025-04-09,2025-04-10,Delivered
ORD000683,CUST00180,PROD0106,3,3327.3,2025-02-27,2025-03-03,Delivered
ORD002117,CUST00759,PROD0060,2,7402.46,2025-09-04,2025-09-08,Delivered
ORD003655,CUST00692,PROD0064,5,3664.82,2026-06-06,,Shipped
ORD000193,CUST00770,PROD0061,1,1083.6,2025-01-14,2025-01-24,Delivered
ORD003208,CUST00261,PROD0064,5,3664.82,2026-01-14,,Cancelled
ORD005346,CUST00200,PROD0026,2,4912.92,2025-05-08,,Delivered
ORD004719,CUST00024,PROD0053,4,379.38,2026-01-21,2026-01-27,Delivered
ORD004025,CUST00468,PROD0044,1,1423.72,2026-01-01,2026-01-10,Delivered
ORD002366,CUST00602,PROD0128,4,3825.7,2026-06-26,2026-07-07,Delivered
ORD003800,CUST00323,PROD0047,2,26286.3,2026-04-15,,Processing
ORD000624,CUST00332,PROD0082,5,503.97,2026-06-08,,Processing
ORD000726,CUST00604,PROD0044,1,1423.72,2026-02-15,,Cancelled
ORD001930,CUST00498,PROD0139,5,4171.69,2025-11-25,,Returned
ORD001444,CUST00773,PROD0119,2,2603.43,2025-12-05,2025-12-14,Delivered
ORD000609,CUST00728,PROD0086,4,1450.41,2025-12-18,,Processing
ORD000585,CUST00392,PROD0052,3,1448.8,2025-05-11,2025-05-16,Delivered
ORD003089,CUST00695,PROD0144,3,4806.1,2025-08-02,2025-08-06,Delivered
ORD005820,CUST00485,PROD0090,1,955.06,2025-07-09,2025-07-13,Delivered
ORD002977,CUST00107,PROD0002,3,2472.29,2026-05-27,2026-06-08,Delivered
ORD003403,CUST00496,PROD0115,1,55563.32,2026-05-14,2026-05-26,Delivered
ORD000200,CUST00361,PROD0070,4,10505.06,2026-05-05,2026-05-07,Delivered
ORD003945,CUST00720,PROD0058,3,4704.83,2025-03-26,,Cancelled
ORD003237,CUST00090,PROD0127,2,919.23,2025-06-23,,Returned
ORD000579,CUST00092,PROD0019,2,4410.8,2026-04-01,,Processing
ORD001563,CUST00321,PROD0071,5,632.25,2025-02-06,2025-02-15,Delivered
ORD000997,CUST00549,PROD0078,5,12507.55,2026-04-24,,Returned
ORD001667,CUST00292,PROD0029,4,901.03,2026-03-13,2026-03-25,Delivered
ORD004834,CUST00526,PROD0118,4,828.66,2026-05-24,,Delivered
ORD003729,CUST00373,PROD0074,1,2124.57,2025-12-01,2025-12-12,Delivered
ORD001390,CUST00047,PROD0089,3,16755.29,2025-06-19,,Shipped
ORD001687,CUST00447,PROD0149,3,5764.99,2026-06-03,,Shipped
ORD004806,CUST00717,PROD0119,5,2603.43,2026-03-22,,Processing
ORD004941,CUST00367,PROD0085,3,4763.96,2026-04-03,,Returned
ORD004451,CUST00134,PROD0119,4,2603.43,2025-10-14,,Returned
ORD000776,CUST00567,PROD0114,4,1292.66,2026-04-28,,Returned
ORD002030,CUST00725,PROD0010,2,11743.74,2025-09-18,,Shipped
ORD004787,CUST00467,PROD0036,5,559.64,2026-02-13,2026-02-17,Delivered
ORD005982,CUST00528,PROD0037,2,1155.64,2026-06-04,,Returned
ORD001055,CUST00369,PROD0137,1,1360.59,2026-02-20,,Delivered
ORD005258,CUST00321,PROD0093,1,513.19,2026-05-03,2026-05-07,Delivered
ORD002460,CUST00688,PROD0124,5,2908.87,2025-05-17,2025-05-22,Delivered
ORD000842,CUST00426,PROD0044,2,1423.72,2026-07-05,,Returned
ORD001054,CUST00695,PROD0127,1,919.23,2026-03-11,2026-03-19,Delivered
ORD005640,CUST00297,PROD0023,2,11903.15,2026-04-16,,Cancelled
ORD003462,CUST00677,PROD0051,2,1399.76,2025-03-15,,Shipped
ORD001195,CUST00470,PROD0068,3,1375.21,2026-03-01,,Delivered
ORD001847,CUST00237,PROD0014,2,1289.47,2026-05-06,2026-05-10,Delivered
ORD003650,CUST00431,PROD0133,4,1400.65,2025-04-26,,Returned
ORD000070,CUST00326,PROD0030,2,429.82,2026-06-06,2026-06-07,Delivered
ORD001530,CUST00638,PROD0057,2,1462.31,2025-01-19,2025-01-21,Delivered
ORD000577,CUST00390,PROD0112,3,1969.23,2025-12-09,,Returned
ORD000520,CUST00183,PROD0095,1,6063.96,2026-05-09,2026-05-21,Delivered
ORD005910,CUST00277,PROD0026,1,4912.92,2026-06-08,2026-06-20,Delivered
ORD001087,CUST00573,PROD0034,3,2546.45,2026-01-05,,Processing
ORD003668,CUST00139,PROD0022,2,459.17,2025-03-16,2025-03-28,Delivered
ORD000296,CUST00649,PROD0002,1,2472.29,2026-06-20,2026-06-27,Delivered
ORD003303,CUST00792,PROD0032,5,1176.78,2025-08-29,,Processing
ORD001814,CUST00530,PROD0045,2,1228.68,2025-07-08,2025-07-09,Delivered
ORD004404,CUST00214,PROD0123,5,21424.68,2025-05-10,2025-05-21,Delivered
ORD001762,CUST00709,PROD0104,4,1042.65,2026-03-04,,Returned
ORD002583,CUST00013,PROD0011,2,1483.6,2026-06-28,2026-06-29,Delivered
ORD002576,CUST00636,PROD0013,3,39659.48,2025-06-02,2025-06-05,Delivered
ORD001547,CUST00453,PROD0106,2,3327.3,2025-01-30,2025-02-02,Delivered
ORD000314,CUST00676,PROD0088,1,34407.7,2026-06-10,,Shipped
ORD002082,CUST00335,PROD0136,1,18573.07,2026-04-11,,Shipped
ORD000948,CUST00238,PROD0118,2,828.66,2025-03-09,,Shipped
ORD000559,CUST00227,PROD0062,4,25032.52,2026-02-03,,Shipped
ORD003887,CUST00361,PROD0005,4,560.65,2025-04-20,2025-04-27,Delivered
ORD004855,CUST00222,PROD0019,5,4410.8,2025-12-21,2025-12-30,Delivered
ORD005028,CUST00037,PROD0095,3,6063.96,2025-07-18,2025-07-19,Delivered
ORD004975,CUST00663,PROD0127,5,919.23,2026-03-21,2026-03-29,Delivered
ORD004242,CUST00066,PROD0120,5,418.7,2025-08-17,2025-08-18,Delivered
ORD000003,CUST00449,PROD0065,2,9361.22,2026-03-10,2026-03-18,Delivered
ORD000464,CUST00757,PROD0071,3,632.25,2026-06-24,2026-07-06,Delivered
ORD000635,CUST00720,PROD0063,1,869.54,2025-05-03,,Returned
ORD002123,CUST00251,PROD0043,5,2444.21,2025-03-25,2025-04-02,Delivered
ORD003790,CUST00008,PROD0026,2,4912.92,2025-09-08,,Cancelled
ORD001071,CUST00562,PROD0085,1,4763.96,2025-06-14,,Returned
ORD004410,CUST00503,PROD0073,5,34399.58,2025-11-01,,Processing
ORD004791,CUST00622,PROD0034,2,2546.45,2025-03-30,,Processing
ORD000155,CUST00546,PROD0024,3,1123.83,2025-01-29,2025-02-01,Delivered
ORD002355,CUST00171,PROD0090,5,955.06,2026-06-25,,Returned
ORD005356,CUST00374,PROD0055,2,70.6,2025-07-08,2025-07-18,Delivered
ORD002649,CUST00215,PROD0004,1,2001.32,2025-08-14,2025-08-21,Delivered
ORD003566,CUST00538,PROD0108,5,4953.1,2025-03-12,2025-03-15,Delivered
ORD005830,CUST00684,PROD0008,4,545.71,2025-01-12,,Processing
ORD000611,CUST00456,PROD0034,3,2546.45,2025-06-25,2025-07-03,Delivered
ORD005287,CUST00367,PROD0140,1,899.29,2025-10-04,,Delivered
ORD003485,CUST00706,PROD0064,4,3664.82,2026-01-15,,Shipped
ORD003439,CUST00762,PROD0043,2,2444.21,2025-09-09,2025-09-17,Delivered
ORD003782,CUST00068,PROD0082,1,503.97,2025-01-11,2025-01-14,Delivered
ORD005473,CUST00112,PROD0124,4,2908.87,2025-02-11,2025-02-22,Delivered
ORD004909,CUST00619,PROD0104,3,1042.65,2025-05-02,,Cancelled
ORD002007,CUST00648,PROD0147,1,4832.5,2025-02-11,,Shipped
ORD001876,CUST00650,PROD0142,5,1821.04,2025-05-30,,Processing
ORD005229,CUST00144,PROD0144,3,4806.1,2025-10-25,,Cancelled
ORD003446,CUST00176,PROD0046,3,51.86,2025-12-18,2025-12-23,Delivered
ORD004629,CUST00053,PROD0106,4,3327.3,2025-01-30,2025-01-31,Delivered
ORD000396,CUST00118,PROD0083,5,385.32,2025-09-04,2025-09-11,Delivered
ORD002165,CUST00762,PROD0036,4,559.64,2025-07-19,2025-07-23,Delivered
ORD002400,CUST00662,PROD0001,3,2002.86,2025-07-11,2025-07-16,Delivered
ORD004746,CUST00444,PROD0032,3,1176.78,2026-06-18,2026-06-22,Delivered
ORD001809,CUST00550,PROD0116,3,8033.73,2026-05-07,,Returned
ORD005938,CUST00061,PROD0094,2,1211.97,2026-05-03,2026-05-13,Delivered
ORD000059,CUST00481,PROD0019,1,4410.8,2025-03-11,,Shipped
ORD003612,CUST00009,PROD0048,4,56173.09,2026-04-01,,Processing
ORD004602,CUST00703,PROD0004,3,2001.32,2025-10-15,,Cancelled
ORD002184,CUST00104,PROD0134,3,3036.32,2025-05-29,,Processing
ORD000558,CUST00743,PROD0022,4,459.17,2025-07-14,,Delivered
ORD005692,CUST00310,PROD0106,5,3327.3,2025-01-10,2025-01-19,Delivered
ORD001967,CUST00326,PROD0072,4,263.08,2025-09-09,2025-09-21,Delivered
ORD003804,CUST00513,PROD0030,5,429.82,2025-07-10,,Cancelled
ORD001697,CUST00426,PROD0092,1,1419.85,2025-05-18,2025-05-27,Delivered
ORD000749,CUST00045,PROD0032,4,1176.78,2026-01-18,2026-01-24,Delivered
ORD000299,CUST00235,PROD0071,4,632.25,2025-07-28,,Returned
ORD001751,CUST00367,PROD0007,4,40685.29,2025-03-13,,Shipped
ORD003512,CUST00265,PROD0140,1,899.29,2025-04-17,2025-04-22,Delivered
ORD001183,CUST00393,PROD0140,2,899.29,2026-01-22,,Processing
ORD001241,CUST00090,PROD0072,3,263.08,2026-05-10,2026-05-15,Delivered
ORD005557,CUST00371,PROD0062,4,25032.52,2025-12-17,,Cancelled
ORD002759,CUST00520,PROD0035,1,4733.42,2025-02-13,2025-02-23,Delivered
ORD005637,CUST00091,PROD0088,1,34407.7,2025-02-04,2025-02-16,Delivered
ORD003563,CUST00070,PROD0110,1,1192.79,2026-01-22,2026-01-29,Delivered
ORD002099,CUST00632,PROD0095,1,6063.96,2025-02-07,2025-02-17,Delivered
ORD005984,CUST00419,PROD0121,3,751.76,2026-01-18,2026-01-21,Delivered
ORD004611,CUST00722,PROD0148,4,985.06,2025-01-25,,Shipped
ORD001650,CUST00586,PROD0140,2,899.29,2025-04-07,,Returned
ORD002040,CUST00757,PROD0001,2,2002.86,2025-03-09,2025-03-11,Delivered
ORD001257,CUST00034,PROD0069,4,58378.98,2025-07-30,2025-08-05,Delivered
ORD001646,CUST00429,PROD0089,2,16755.29,2026-02-20,2026-02-28,Delivered
ORD001795,CUST00158,PROD0004,3,2001.32,2025-03-14,,Returned
ORD003859,CUST00115,PROD0069,2,58378.98,2025-10-31,,Shipped
ORD003252,CUST00509,PROD0140,2,899.29,2025-07-02,2025-07-13,Delivered
ORD001788,CUST00364,PROD0021,3,156.01,2026-07-19,,Delivered
ORD005485,CUST00216,PROD0086,2,1450.41,2025-08-29,2025-09-05,Delivered
ORD001685,CUST00409,PROD0048,4,56173.09,2025-07-27,,Returned
ORD000088,CUST00684,PROD0024,2,1123.83,2025-11-08,2025-11-12,Delivered
ORD002842,CUST00307,PROD0105,3,32176.55,2025-08-06,2025-08-14,Delivered
ORD005042,CUST00555,PROD0038,2,8563.39,2026-04-06,,Delivered
ORD005893,CUST00800,PROD0130,3,314.99,2025-06-30,,Shipped
ORD001104,CUST00512,PROD0035,4,4733.42,2025-10-29,2025-11-09,Delivered
ORD003454,CUST00402,PROD0113,4,974.15,2026-03-22,2026-03-31,Delivered
ORD000098,CUST00261,PROD0106,5,3327.3,2026-05-06,2026-05-11,Delivered
ORD000214,CUST00782,PROD0122,3,993.76,2026-04-09,2026-04-20,Delivered
ORD004417,CUST00322,PROD0142,1,1821.04,2026-01-23,,Shipped
ORD003460,CUST00552,PROD0135,3,7336.91,2026-03-10,2026-03-16,Delivered
ORD004102,CUST00314,PROD0086,2,1450.41,2025-03-10,2025-03-21,Delivered
ORD003383,CUST00283,PROD0080,4,4686.49,2026-07-16,2026-07-23,Delivered
ORD005191,CUST00507,PROD0114,3,1292.66,2026-05-19,2026-05-24,Delivered
ORD001308,CUST00072,PROD0018,4,18955.94,2026-01-21,2026-01-31,Delivered
ORD001017,CUST00286,PROD0124,3,2908.87,2025-05-29,2025-06-10,Delivered
ORD003582,CUST00661,PROD0046,1,51.86,2026-01-03,2026-01-10,Delivered
ORD004032,CUST00006,PROD0087,2,13732.01,2025-04-13,,Shipped
ORD000716,CUST00256,PROD0113,3,974.15,2026-02-21,,Shipped
ORD003364,CUST00266,PROD0125,2,11796.3,2025-10-07,2025-10-16,Delivered
ORD004600,CUST00504,PROD0113,1,974.15,2025-07-12,,Cancelled
ORD005412,CUST00373,PROD0041,4,543.32,2025-09-08,,Shipped
ORD003673,CUST00136,PROD0076,1,32834.68,2026-01-22,2026-01-26,Delivered
ORD000222,CUST00453,PROD0064,3,3664.82,2026-02-12,,Shipped
ORD000122,CUST00255,PROD0042,1,915.41,2026-07-15,,Processing
ORD000695,CUST00208,PROD0132,4,305.28,2026-07-15,2026-07-26,Delivered
ORD000740,CUST00412,PROD0093,4,513.19,2025-10-17,,Shipped
ORD004558,CUST00673,PROD0130,4,314.99,2025-04-04,2025-04-13,Delivered
ORD004338,CUST00219,PROD0017,2,4701.06,2025-01-30,2025-02-06,Delivered
ORD005543,CUST00700,PROD0107,5,328.16,2025-11-24,,Processing
ORD004278,CUST00493,PROD0061,4,1083.6,2025-03-20,,Processing
ORD003449,CUST00610,PROD0062,2,25032.52,2025-03-09,,Processing
ORD002721,CUST00557,PROD0075,1,209.7,2026-01-18,,Returned
ORD003700,CUST00250,PROD0118,3,828.66,2026-04-14,,Processing
ORD000928,CUST00435,PROD0126,4,8384.51,2026-04-19,2026-05-01,Delivered
ORD000858,CUST00643,PROD0072,5,263.08,2026-05-28,2026-06-06,Delivered
ORD000031,CUST00061,PROD0064,3,3664.82,2025-02-03,,Shipped
ORD001111,CUST00634,PROD0080,2,4686.49,2025-07-01,2025-07-03,Delivered
ORD002278,CUST00793,PROD0087,3,13732.01,2026-07-09,,Processing
ORD005442,CUST00510,PROD0140,2,899.29,2025-05-23,2025-06-04,Delivered
ORD003697,CUST00269,PROD0109,1,854.47,2025-09-06,,Cancelled
ORD001875,CUST00602,PROD0095,4,6063.96,2026-04-29,2026-05-05,Delivered
ORD001415,CUST00672,PROD0079,4,2916.61,2026-02-24,2026-03-05,Delivered
ORD004650,CUST00131,PROD0045,2,1228.68,2025-11-17,2025-11-26,Delivered
ORD001886,CUST00281,PROD0040,2,2990.7,2025-01-01,2025-01-09,Delivered
ORD002374,CUST00440,PROD0041,1,543.32,2025-09-23,2025-09-27,Delivered
ORD004138,CUST00630,PROD0032,2,1176.78,2026-07-22,,Cancelled
ORD001234,CUST00371,PROD0127,1,919.23,2026-01-18,2026-01-19,Delivered
ORD002444,CUST00102,PROD0029,2,901.03,2025-07-18,,Returned
ORD000729,CUST00583,PROD0069,3,58378.98,2026-05-22,2026-05-29,Delivered
ORD005690,CUST00469,PROD0060,5,7402.46,2025-12-19,,Processing
ORD001757,CUST00411,PROD0061,4,1083.6,2025-09-14,,Returned
ORD000764,CUST00672,PROD0132,1,305.28,2026-06-07,,Cancelled
ORD002845,CUST00549,PROD0123,4,21424.68,2026-01-23,,Cancelled
ORD005439,CUST00184,PROD0134,1,3036.32,2026-07-13,,Shipped
ORD003715,CUST00384,PROD0137,1,1360.59,2025-11-21,2025-12-03,Delivered
ORD000224,CUST00604,PROD0141,3,22625.81,2026-07-21,2026-07-25,Delivered
ORD002557,CUST00148,PROD0145,2,2463.88,2025-03-31,,Cancelled
ORD001016,CUST00631,PROD0014,3,1289.47,2026-04-14,2026-04-24,Delivered
ORD000006,CUST00589,PROD0091,2,1751.39,2025-02-15,,Cancelled
ORD002936,CUST00361,PROD0067,1,4271.55,2026-06-08,,Returned
ORD004763,CUST00015,PROD0107,2,328.16,2025-02-03,2025-02-04,Delivered
ORD005132,CUST00149,PROD0043,4,2444.21,2026-07-17,,Cancelled
ORD005725,CUST00271,PROD0037,5,1155.64,2025-10-08,,Processing
ORD002254,CUST00328,PROD0036,3,559.64,2025-10-29,2025-11-09,Delivered
ORD002530,CUST00142,PROD0095,2,6063.96,2025-11-19,2025-11-30,Delivered
ORD000173,CUST00130,PROD0106,1,3327.3,2025-06-04,2025-06-10,Delivered
ORD003728,CUST00242,PROD0036,3,559.64,2026-04-08,2026-04-16,Delivered
ORD001778,CUST00278,PROD0072,2,263.08,2025-04-27,,Returned
ORD004288,CUST00627,PROD0147,3,4832.5,2025-02-18,,Returned
ORD004737,CUST00355,PROD0092,3,1419.85,2026-06-26,,Processing
ORD002293,CUST00590,PROD0007,5,40685.29,2025-06-19,,Cancelled
ORD000399,CUST00069,PROD0055,3,70.6,2025-01-23,,Delivered
ORD002198,CUST00674,PROD0087,1,13732.01,2025-09-15,,Shipped
ORD003858,CUST00374,PROD0025,5,4203.28,2025-04-13,,Shipped
ORD000647,CUST00478,PROD0093,2,513.19,2026-03-29,,Processing
ORD001488,CUST00450,PROD0087,1,13732.01,2025-07-11,,Shipped
ORD002098,CUST00282,PROD0019,1,4410.8,2026-07-16,2026-07-20,Delivered
ORD005837,CUST00161,PROD0093,1,513.19,2025-07-25,,Shipped
ORD004191,CUST00733,PROD0003,5,14338.6,2025-03-09,,Processing
ORD003370,CUST00363,PROD0060,1,7402.46,2025-12-29,2026-01-04,Delivered
ORD002103,CUST00770,PROD0026,1,4912.92,2026-05-31,2026-06-10,Delivered
ORD002917,CUST00342,PROD0086,5,1450.41,2025-01-13,,Returned
ORD004804,CUST00243,PROD0133,1,1400.65,2026-05-30,2026-05-31,Delivered
ORD002645,CUST00064,PROD0087,2,13732.01,2026-01-16,2026-01-23,Delivered
ORD003072,CUST00449,PROD0143,1,1730.89,2026-07-07,2026-07-19,Delivered
ORD005104,CUST00047,PROD0096,4,32150.75,2026-07-16,2026-07-28,Delivered
ORD001266,CUST00147,PROD0091,3,1751.39,2025-12-08,,Returned
ORD000473,CUST00612,PROD0146,5,9127.13,2025-01-30,2025-02-05,Delivered
ORD004911,CUST00211,PROD0113,5,974.15,2025-10-03,2025-10-04,Delivered
ORD005904,CUST00522,PROD0036,4,559.64,2025-07-21,,Cancelled
ORD001732,CUST00567,PROD0131,5,6853.95,2025-07-02,,Processing
ORD001251,CUST00569,PROD0086,1,1450.41,2026-03-28,,Processing
ORD005992,CUST00247,PROD0129,2,17176.36,2025-05-03,,Cancelled
ORD005722,CUST00437,PROD0021,1,156.01,2026-03-20,,Shipped
ORD003749,CUST00598,PROD0068,2,1375.21,2025-08-18,,Processing
ORD005717,CUST00633,PROD0140,4,899.29,2025-07-01,,Shipped
ORD004206,CUST00469,PROD0084,3,317.91,2025-09-24,2025-10-06,Delivered
ORD005463,CUST00062,PROD0103,3,11738.74,2025-03-07,,Returned
ORD004400,CUST00191,PROD0047,1,26286.3,2025-07-30,,Cancelled
ORD003642,CUST00449,PROD0017,3,4701.06,2026-02-20,,Processing
ORD002447,CUST00736,PROD0143,5,1730.89,2026-01-24,2026-02-01,Delivered
ORD005584,CUST00449,PROD0070,4,10505.06,2025-02-13,2025-02-20,Delivered
ORD003993,CUST00283,PROD0013,3,39659.48,2025-08-27,,Returned
ORD004579,CUST00013,PROD0065,1,9361.22,2025-05-20,2025-05-23,Delivered
ORD005030,CUST00207,PROD0038,1,8563.39,2026-04-19,,Shipped
ORD005262,CUST00066,PROD0001,5,2002.86,2025-03-02,,Delivered
ORD004491,CUST00151,PROD0009,5,390.58,2025-03-01,,Processing
ORD002935,CUST00351,PROD0003,5,14338.6,2026-06-23,,Shipped
ORD000170,CUST00021,PROD0079,4,2916.61,2025-12-06,,Shipped
ORD001052,CUST00549,PROD0079,4,2916.61,2025-11-17,2025-11-19,Delivered
ORD005657,CUST00340,PROD0120,1,418.7,2025-02-11,2025-02-21,Delivered
ORD005551,CUST00181,PROD0017,4,4701.06,2025-03-29,2025-04-02,Delivered
ORD002566,CUST00031,PROD0138,3,3519.99,2025-12-07,2025-12-19,Delivered
ORD003011,CUST00670,PROD0034,2,2546.45,2026-01-29,,Returned
ORD000223,CUST00563,PROD0035,2,4733.42,2026-02-27,,Shipped
ORD005067,CUST00012,PROD0034,5,2546.45,2026-05-04,2026-05-08,Delivered
ORD004381,CUST00791,PROD0025,4,4203.28,2026-02-21,2026-03-03,Delivered
ORD001598,CUST00068,PROD0028,1,302.64,2025-09-06,,Processing
ORD002271,CUST00628,PROD0028,3,302.64,2025-03-31,,Processing
ORD002657,CUST00630,PROD0048,1,56173.09,2026-05-04,2026-05-05,Delivered
ORD002778,CUST00041,PROD0028,1,302.64,2025-03-18,2025-03-29,Delivered
ORD005455,CUST00302,PROD0060,4,7402.46,2026-06-01,,Cancelled
ORD000630,CUST00570,PROD0002,4,2472.29,2025-10-07,2025-10-16,Delivered
ORD000530,CUST00348,PROD0067,2,4271.55,2026-05-12,2026-05-18,Delivered
ORD000765,CUST00315,PROD0119,5,2603.43,2025-09-17,,Shipped
ORD000603,CUST00616,PROD0129,5,17176.36,2025-05-06,,Shipped
ORD005283,CUST00683,PROD0118,2,828.66,2026-03-16,2026-03-25,Delivered
ORD001181,CUST00593,PROD0105,3,32176.55,2026-06-18,,Returned
ORD003669,CUST00379,PROD0050,3,3898.39,2025-10-25,2025-11-05,Delivered
ORD000086,CUST00411,PROD0120,3,418.7,2026-02-21,,Processing
ORD004722,CUST00358,PROD0025,5,4203.28,2025-05-07,2025-05-12,Delivered
ORD003424,CUST00719,PROD0030,4,429.82,2025-03-07,,Delivered
ORD005688,CUST00214,PROD0147,1,4832.5,2025-04-26,,Processing
ORD001197,CUST00339,PROD0044,5,1423.72,2026-03-17,,Cancelled
ORD004069,CUST00362,PROD0017,3,4701.06,2026-06-17,2026-06-29,Delivered
ORD000345,CUST00191,PROD0048,1,56173.09,2025-05-09,,Shipped
ORD004543,CUST00788,PROD0150,4,2716.88,2025-08-12,2025-08-20,Delivered
ORD000864,CUST00051,PROD0012,2,4952.6,2025-02-18,,Cancelled
ORD005197,CUST00403,PROD0013,3,39659.48,2025-10-28,2025-11-05,Delivered
ORD004026,CUST00571,PROD0128,4,3825.7,2025-12-15,2025-12-17,Delivered
ORD000033,CUST00327,PROD0110,2,1192.79,2025-05-23,2025-05-24,Delivered
ORD003380,CUST00176,PROD0099,4,14295.1,2025-07-06,2025-07-17,Delivered
ORD004135,CUST00367,PROD0096,4,32150.75,2025-02-11,2025-02-21,Delivered
ORD000731,CUST00797,PROD0075,3,209.7,2025-08-30,,Returned
ORD004337,CUST00579,PROD0135,4,7336.91,2025-10-22,,Returned
ORD001909,CUST00004,PROD0023,5,11903.15,2025-07-11,,Returned
ORD001564,CUST00784,PROD0095,5,6063.96,2026-01-07,,Shipped
ORD003572,CUST00205,PROD0029,3,901.03,2025-12-17,,Cancelled
ORD005782,CUST00084,PROD0072,2,263.08,2025-02-02,2025-02-04,Delivered
ORD005963,CUST00528,PROD0055,4,70.6,2026-06-29,,Cancelled
ORD000613,CUST00537,PROD0042,5,915.41,2025-10-20,2025-11-01,Delivered
ORD003346,CUST00456,PROD0100,2,7797.29,2026-07-09,2026-07-19,Delivered
ORD001753,CUST00030,PROD0133,5,1400.65,2025-01-18,2025-01-30,Delivered
ORD002053,CUST00478,PROD0138,4,3519.99,2025-10-28,2025-10-29,Delivered
ORD001706,CUST00503,PROD0031,1,2204.46,2025-03-07,,Cancelled
ORD004730,CUST00229,PROD0015,3,2263.06,2025-05-14,2025-05-25,Delivered
ORD001428,CUST00263,PROD0073,5,34399.58,2026-06-03,,Cancelled
ORD002279,CUST00185,PROD0109,3,854.47,2025-11-21,,Shipped
ORD000019,CUST00593,PROD0068,4,1375.21,2026-06-25,,Processing
ORD005881,CUST00439,PROD0013,4,39659.48,2026-03-09,,Returned
ORD004305,CUST00505,PROD0057,4,1462.31,2025-11-17,,Shipped
ORD001412,CUST00483,PROD0056,4,861.22,2025-03-04,,Processing
ORD000043,CUST00398,PROD0032,2,1176.78,2026-03-28,2026-04-04,Delivered
ORD000269,CUST00678,PROD0020,1,4298.98,2025-01-20,2025-01-30,Delivered
ORD001727,CUST00323,PROD0083,5,385.32,2026-05-11,,Cancelled
ORD004319,CUST00396,PROD0124,5,2908.87,2026-02-04,,Delivered
ORD003384,CUST00225,PROD0035,4,4733.42,2025-05-28,,Returned
ORD005590,CUST00406,PROD0120,1,418.7,2025-11-29,,Cancelled
ORD002143,CUST00623,PROD0034,3,2546.45,2026-06-26,2026-06-28,Delivered
ORD003549,CUST00181,PROD0030,2,429.82,2025-12-22,,Processing
ORD003436,CUST00242,PROD0142,2,1821.04,2026-03-08,,Processing
ORD002542,CUST00175,PROD0038,1,8563.39,2026-01-06,2026-01-07,Delivered
ORD001698,CUST00156,PROD0130,4,314.99,2026-07-03,2026-07-13,Delivered
ORD002858,CUST00374,PROD0085,5,4763.96,2026-06-26,,Shipped
ORD001561,CUST00201,PROD0019,4,4410.8,2026-05-19,,Shipped
ORD003151,CUST00270,PROD0024,4,1123.83,2025-10-13,,Processing
ORD004364,CUST00441,PROD0110,3,1192.79,2025-10-25,,Processing
ORD005991,CUST00008,PROD0150,5,2716.88,2025-01-21,,Cancelled
ORD001333,CUST00652,PROD0095,3,6063.96,2025-07-18,,Cancelled
ORD004764,CUST00150,PROD0095,1,6063.96,2026-03-16,,Returned
ORD002506,CUST00627,PROD0046,4,51.86,2025-04-22,2025-04-28,Delivered
ORD002770,CUST00696,PROD0042,5,915.41,2025-12-11,,Cancelled
ORD005213,CUST00093,PROD0063,3,869.54,2025-07-24,,Shipped
ORD000061,CUST00345,PROD0129,4,17176.36,2026-03-10,2026-03-21,Delivered
ORD005199,CUST00589,PROD0066,5,4931.77,2025-03-03,2025-03-08,Delivered
ORD005393,CUST00705,PROD0070,5,10505.06,2025-09-20,,Delivered
ORD000360,CUST00534,PROD0018,2,18955.94,2025-05-20,2025-05-31,Delivered
ORD000853,CUST00467,PROD0046,1,51.86,2025-05-08,,Processing
ORD001601,CUST00351,PROD0026,1,4912.92,2025-12-17,,Processing
ORD001626,CUST00712,PROD0123,3,21424.68,2026-06-05,,Returned
ORD000554,CUST00445,PROD0124,1,2908.87,2026-07-03,,Processing
ORD003737,CUST00466,PROD0040,1,2990.7,2026-04-17,,Processing
ORD005395,CUST00026,PROD0091,4,1751.39,2026-01-13,,Returned
ORD001255,CUST00217,PROD0010,5,11743.74,2025-09-30,2025-10-09,Delivered
ORD002092,CUST00673,PROD0109,3,854.47,2025-10-06,2025-10-17,Delivered
ORD000717,CUST00178,PROD0126,4,8384.51,2026-02-27,,Cancelled
ORD001577,CUST00044,PROD0142,3,1821.04,2025-04-04,2025-04-07,Delivered
ORD000337,CUST00640,PROD0093,3,513.19,2026-07-28,,Shipped
ORD004413,CUST00297,PROD0060,3,7402.46,2026-04-08,2026-04-20,Delivered
ORD005373,CUST00104,PROD0108,2,4953.1,2025-07-01,,Cancelled
ORD002568,CUST00363,PROD0013,3,39659.48,2025-08-31,2025-09-02,Delivered
ORD001237,CUST00081,PROD0029,1,901.03,2025-11-08,,Shipped
ORD005834,CUST00101,PROD0045,3,1228.68,2026-07-29,2026-08-05,Delivered
ORD004929,CUST00727,PROD0125,5,11796.3,2026-04-03,2026-04-08,Delivered
ORD004802,CUST00765,PROD0140,2,899.29,2025-11-08,2025-11-10,Delivered
ORD001079,CUST00163,PROD0039,2,5112.85,2025-05-04,,Cancelled
ORD000926,CUST00516,PROD0071,2,632.25,2025-01-08,,Returned
ORD002846,CUST00333,PROD0017,3,4701.06,2025-08-18,,Cancelled
ORD004654,CUST00509,PROD0121,1,751.76,2025-03-26,2025-04-07,Delivered
ORD003743,CUST00098,PROD0051,5,1399.76,2025-02-16,,Returned
ORD003437,CUST00064,PROD0005,1,560.65,2026-05-01,2026-05-07,Delivered
ORD001373,CUST00771,PROD0093,2,513.19,2026-04-12,2026-04-24,Delivered
ORD005817,CUST00524,PROD0070,4,10505.06,2025-05-10,,Cancelled
ORD001009,CUST00040,PROD0009,5,390.58,2025-11-24,2025-11-29,Delivered
ORD005344,CUST00607,PROD0020,5,4298.98,2025-03-01,,Processing
ORD004398,CUST00746,PROD0084,1,317.91,2025-03-31,2025-04-09,Delivered
ORD001956,CUST00713,PROD0069,3,58378.98,2025-09-24,2025-09-27,Delivered
ORD003511,CUST00570,PROD0016,1,59834.55,2026-03-21,2026-03-22,Delivered
ORD002688,CUST00732,PROD0056,5,861.22,2026-06-30,,Shipped
ORD002306,CUST00443,PROD0064,1,3664.82,2025-12-07,,Shipped
ORD001310,CUST00232,PROD0104,1,1042.65,2025-02-16,2025-02-20,Delivered
ORD002563,CUST00752,PROD0044,1,1423.72,2025-06-25,,Processing
ORD002920,CUST00243,PROD0011,5,1483.6,2026-04-29,,Cancelled
ORD003543,CUST00379,PROD0002,4,2472.29,2026-02-22,2026-03-03,Delivered
ORD004003,CUST00517,PROD0057,4,1462.31,2025-10-03,,Processing
ORD005817,CUST00524,PROD0070,4,10505.06,2025-05-10,,Cancelled
ORD000940,CUST00262,PROD0092,2,1419.85,2025-08-10,2025-08-18,Delivered
ORD004097,CUST00369,PROD0060,5,7402.46,2025-01-21,,Shipped
ORD003757,CUST00320,PROD0107,2,328.16,2026-05-01,2026-05-08,Delivered
ORD005976,CUST00551,PROD0053,5,379.38,2026-03-28,,Processing
ORD003343,CUST00732,PROD0066,5,4931.77,2026-01-14,,Shipped
ORD005958,CUST00420,PROD0009,4,390.58,2025-06-04,2025-06-06,Delivered
ORD000261,CUST00229,PROD0019,3,4410.8,2025-03-10,2025-03-14,Delivered
ORD001136,CUST00354,PROD0041,1,543.32,2025-05-31,2025-06-02,Delivered
ORD005665,CUST00696,PROD0091,5,1751.39,2025-11-04,,Shipped
ORD002356,CUST00694,PROD0110,5,1192.79,2025-09-17,2025-09-21,Delivered
ORD005768,CUST00646,PROD0034,4,2546.45,2026-03-05,,Shipped
ORD003803,CUST00799,PROD0121,2,751.76,2026-02-09,,Processing
ORD001141,CUST00242,PROD0117,5,430.76,2025-09-22,,Shipped
ORD005826,CUST00043,PROD0004,3,2001.32,2026-07-22,,Delivered
ORD005968,CUST00590,PROD0001,2,2002.86,2025-08-12,,Shipped
ORD000487,CUST00733,PROD0071,5,632.25,2025-11-23,2025-11-28,Delivered
ORD005891,CUST00318,PROD0135,3,7336.91,2026-03-19,2026-03-31,Delivered
ORD004509,CUST00731,PROD0129,5,17176.36,2026-04-11,,Returned
ORD004476,CUST00405,PROD0022,1,459.17,2025-12-02,2025-12-03,Delivered
ORD003950,CUST00043,PROD0084,3,317.91,2025-03-01,,Shipped
ORD003680,CUST00782,PROD0147,2,4832.5,2025-09-25,,Processing
ORD005561,CUST00208,PROD0053,5,379.38,2025-11-19,2025-11-23,Delivered
ORD005664,CUST00027,PROD0045,3,1228.68,2025-03-11,2025-03-21,Delivered
ORD002028,CUST00363,PROD0073,3,34399.58,2025-01-19,2025-01-27,Delivered
ORD001233,CUST00528,PROD0143,3,1730.89,2026-05-21,2026-05-28,Delivered
ORD004112,CUST00243,PROD0149,1,5764.99,2025-08-14,,Returned
ORD000397,CUST00021,PROD0066,3,4931.77,2026-04-09,,Cancelled
ORD001913,CUST00798,PROD0135,3,7336.91,2026-06-28,,Shipped
ORD000774,CUST00796,PROD0038,2,8563.39,2026-03-23,2026-03-25,Delivered
ORD003176,CUST00295,PROD0137,4,1360.59,2025-11-12,,Shipped
ORD000486,CUST00177,PROD0080,1,4686.49,2025-11-16,2025-11-22,Delivered
ORD002865,CUST00565,PROD0013,3,39659.48,2025-11-20,,Cancelled
ORD001163,CUST00014,PROD0034,4,2546.45,2026-01-11,,Processing
ORD001400,CUST00788,PROD0134,3,3036.32,2025-07-14,2025-07-25,Delivered
ORD000197,CUST00179,PROD0081,4,4820.76,2025-04-29,2025-04-30,Delivered
ORD005824,CUST00725,PROD0030,4,429.82,2025-10-12,,Processing
ORD002237,CUST00548,PROD0005,2,560.65,2025-05-10,,Processing
ORD002678,CUST00538,PROD0083,2,385.32,2025-02-20,,Returned
ORD001841,CUST00243,PROD0146,1,9127.13,2026-06-08,2026-06-16,Delivered
ORD005166,CUST00009,PROD0029,2,901.03,2025-05-05,,Processing
ORD003597,CUST00317,PROD0108,1,4953.1,2025-05-09,2025-05-18,Delivered
ORD001278,CUST00410,PROD0001,1,2002.86,2025-09-15,,Processing
ORD000447,CUST00480,PROD0078,3,12507.55,2026-04-18,,Cancelled
ORD002605,CUST00353,PROD0101,4,782.0,2026-05-30,2026-06-06,Delivered
ORD002758,CUST00206,PROD0138,1,3519.99,2026-02-03,,Shipped
ORD004362,CUST00707,PROD0144,0,4806.1,2026-06-08,2026-06-11,Delivered
ORD004179,CUST00251,PROD0032,1,1176.78,2026-03-16,,Returned
ORD001114,CUST00584,PROD0012,2,4952.6,2025-09-12,,Shipped
ORD000547,CUST00653,PROD0113,1,974.15,2026-05-19,,Cancelled
ORD004293,CUST00411,PROD0068,3,1375.21,2026-06-22,2026-07-02,Delivered
ORD000971,CUST00396,PROD0099,5,14295.1,2025-06-16,,Cancelled
ORD000831,CUST00699,PROD0012,4,4952.6,2025-01-24,,Cancelled
ORD002747,CUST00159,PROD0139,1,4171.69,2025-05-26,2025-05-27,Delivered
ORD001307,CUST00283,PROD0087,4,13732.01,2025-05-24,,Shipped
ORD003329,CUST00711,PROD0106,1,3327.3,2025-10-17,,Returned
ORD005636,CUST00102,PROD0061,5,1083.6,2026-07-03,,Processing
ORD005451,CUST00233,PROD0093,2,513.19,2025-03-21,,Shipped
ORD002438,CUST00275,PROD0123,3,21424.68,2025-08-22,,Processing
ORD002596,CUST00662,PROD0038,2,8563.39,2025-11-15,,Cancelled
ORD005542,CUST00104,PROD0088,5,34407.7,2025-03-26,,Shipped
ORD000164,CUST00534,PROD0039,5,5112.85,2025-09-04,,Cancelled
ORD004363,CUST00356,PROD0121,5,751.76,2026-06-22,2026-06-25,Delivered
ORD001339,CUST00180,PROD0057,4,1462.31,2025-11-06,,Shipped
ORD005374,CUST00061,PROD0084,5,317.91,2025-04-01,2025-04-13,Delivered
ORD002120,CUST00742,PROD0036,2,559.64,2025-04-02,2025-04-12,Delivered
ORD000187,CUST00571,PROD0013,1,39659.48,2026-03-03,,Cancelled
ORD002998,CUST00459,PROD0103,1,11738.74,2025-11-15,,Cancelled
ORD000156,CUST00250,PROD0055,2,70.6,2025-08-19,,Shipped
ORD002831,CUST00726,PROD0024,3,1123.83,2026-04-04,,Shipped
ORD001632,CUST00650,PROD0107,2,328.16,2026-03-06,2026-03-15,Delivered
ORD002412,CUST00008,PROD0013,1,39659.48,2025-05-08,2025-05-20,Delivered
ORD004387,CUST00173,PROD0078,2,12507.55,2025-12-25,2026-01-06,Delivered
ORD003892,CUST00571,PROD0025,4,4203.28,2026-05-19,,Shipped
ORD000250,CUST00506,PROD0023,1,11903.15,2025-02-25,,Shipped
ORD005476,CUST00791,PROD0039,1,5112.85,2025-12-28,2026-01-06,Delivered
ORD004594,CUST00200,PROD0006,2,812.36,2025-10-06,,Processing
ORD003376,CUST00296,PROD0132,3,305.28,2025-04-19,,Cancelled
ORD001515,CUST00190,PROD0013,4,39659.48,2025-10-16,2025-10-24,Delivered
ORD001683,CUST00104,PROD0086,3,1450.41,2026-07-06,,Processing
ORD004978,CUST00249,PROD0115,1,55563.32,2025-11-10,,Cancelled
ORD000058,CUST00557,PROD0100,5,7797.29,2026-03-07,2026-03-15,Delivered
ORD000011,CUST00687,PROD0037,3,1155.64,2025-11-16,,Returned
ORD000040,CUST00516,PROD0092,1,1419.85,2026-07-02,2026-07-09,Delivered
ORD002024,CUST00154,PROD0096,3,32150.75,2025-01-03,,Returned
ORD003909,CUST00380,PROD0063,2,869.54,2025-04-18,2025-04-29,Delivered
ORD004731,CUST00683,PROD0089,1,16755.29,2026-07-21,,Returned
ORD000169,CUST00196,PROD0067,5,4271.55,2025-07-07,2025-07-11,Delivered
ORD002163,CUST00082,PROD0032,5,1176.78,2025-10-21,,Shipped
ORD003574,CUST00516,PROD0073,5,34399.58,2025-01-30,2025-02-07,Delivered
ORD004433,CUST00610,PROD0004,4,2001.32,2025-11-29,,Returned
ORD001781,CUST00780,PROD0146,3,9127.13,2025-12-14,,Processing
ORD001169,CUST00388,PROD0103,3,11738.74,2025-03-08,,Processing
ORD001859,CUST00585,PROD0131,1,6853.95,2025-11-14,2025-11-17,Delivered
ORD004447,CUST00129,PROD0042,1,915.41,2026-01-27,2026-02-05,Delivered
ORD004345,CUST00455,PROD0107,3,328.16,2025-09-22,,Shipped
ORD003178,CUST00163,PROD0138,2,3519.99,2025-03-31,,Processing
ORD000909,CUST00056,PROD0065,3,9361.22,2025-10-09,2025-10-21,Delivered
ORD005912,CUST00258,PROD0076,5,32834.68,2026-02-08,,Processing
ORD003162,CUST00727,PROD0069,4,58378.98,2026-06-06,2026-06-07,Delivered
ORD004814,CUST00037,PROD0012,5,4952.6,2025-05-12,,Returned
ORD005767,CUST00066,PROD0036,4,559.64,2025-12-03,,Returned
ORD002307,CUST00603,PROD0128,5,3825.7,2025-04-30,,Returned
ORD000873,CUST00699,PROD0025,5,4203.28,2026-02-25,2026-03-05,Delivered
ORD005391,CUST00279,PROD0105,3,32176.55,2026-02-26,2026-03-09,Delivered
ORD005210,CUST00473,PROD0003,4,14338.6,2025-04-15,,Cancelled
ORD005932,CUST00128,PROD0113,3,974.15,2026-02-08,,Shipped
ORD004706,CUST00590,PROD0093,1,513.19,2025-01-31,,Processing
ORD001448,CUST00494,PROD0058,3,4704.83,2025-01-15,,Shipped
ORD000891,CUST00027,PROD0029,3,901.03,2025-08-04,,Returned
ORD002992,CUST00682,PROD0051,5,1399.76,2026-07-18,2026-07-26,Delivered
ORD000051,CUST00316,PROD0090,2,955.06,2025-06-05,,Returned
ORD001529,CUST00767,PROD0034,3,2546.45,2025-10-01,,Processing
ORD004160,CUST00604,PROD0011,2,1483.6,2026-06-24,,Shipped
ORD002525,CUST00795,PROD0053,5,379.38,2025-07-07,2025-07-16,Delivered
ORD004260,CUST00535,PROD0080,4,4686.49,2025-04-10,2025-04-11,Delivered
ORD004827,CUST00514,PROD0024,4,1123.83,2026-06-09,2026-06-21,Delivered
ORD003942,CUST00074,PROD0065,4,9361.22,2026-05-28,2026-06-02,Delivered
ORD005979,CUST00432,PROD0068,3,1375.21,2026-02-04,,Cancelled
ORD005137,CUST00165,PROD0001,4,2002.86,2026-05-06,2026-05-18,Delivered
ORD003904,CUST00218,PROD0086,1,1450.41,2025-08-02,,Shipped
ORD003895,CUST00343,PROD0086,4,1450.41,2026-02-23,2026-03-03,Delivered
ORD002806,CUST00057,PROD0095,1,6063.96,2025-02-18,2025-02-19,Delivered
ORD000522,CUST00384,PROD0020,5,4298.98,2025-11-16,2025-11-22,Delivered
ORD000941,CUST00658,PROD0134,1,3036.32,2026-02-04,,Returned
ORD003244,CUST00312,PROD0143,3,1730.89,2025-04-02,2025-04-13,Delivered
ORD002491,CUST00793,PROD0081,1,4820.76,2026-04-17,,Returned
ORD003936,CUST00035,PROD0096,1,32150.75,2026-06-24,2026-06-29,Delivered
ORD000643,CUST00240,PROD0004,2,2001.32,2026-06-15,,Processing
ORD004988,CUST00056,PROD0084,5,317.91,2026-01-30,,Returned
ORD001642,CUST00455,PROD0078,3,12507.55,2026-04-19,,Shipped
ORD000204,CUST00262,PROD0012,1,4952.6,2025-09-25,,Processing
ORD004565,CUST00755,PROD0007,3,40685.29,2025-11-28,2025-12-10,Delivered
ORD002367,CUST00403,PROD0113,1,974.15,2026-03-01,,Shipped
ORD004903,CUST00797,PROD0104,5,1042.65,2026-04-27,,Cancelled
ORD005809,CUST00749,PROD0127,4,919.23,2025-12-27,,Returned
ORD000082,CUST00019,PROD0118,1,828.66,2025-04-08,2025-04-19,Delivered
ORD004270,CUST00325,PROD0095,5,6063.96,2025-02-14,2025-02-23,Delivered
ORD004995,CUST00139,PROD0065,4,9361.22,2025-04-13,2025-04-14,Delivered
ORD005408,CUST00556,PROD0041,3,543.32,2025-01-17,,Processing
ORD002105,CUST00381,PROD0147,1,4832.5,2025-10-09,2025-10-12,Delivered
ORD001283,CUST00746,PROD0035,4,4733.42,2026-07-22,,Shipped
ORD000407,CUST00166,PROD0101,4,782.0,2026-06-01,2026-06-08,Delivered
ORD003665,CUST00620,PROD0143,2,1730.89,2026-05-11,,Returned
ORD003018,CUST00338,PROD0098,5,648.17,2025-12-27,,Shipped
ORD005631,CUST00410,PROD0113,4,974.15,2025-12-21,2025-12-24,Delivered
ORD004468,CUST00173,PROD0017,2,4701.06,2026-04-23,2026-04-25,Delivered
ORD001443,CUST00464,PROD0053,5,379.38,2026-01-16,,Shipped
ORD001586,CUST00075,PROD0121,4,751.76,2025-06-17,2025-06-24,Delivered
ORD004502,CUST00548,PROD0042,5,915.41,2026-06-14,2026-06-26,Delivered
ORD005528,CUST00031,PROD0092,3,1419.85,2026-04-25,2026-05-03,Delivered
ORD000588,CUST00783,PROD0056,5,861.22,2026-04-30,,Shipped
ORD003954,CUST00463,PROD0147,1,4832.5,2026-07-15,2026-07-19,Delivered
ORD001672,CUST00771,PROD0150,4,2716.88,2025-08-15,,Cancelled
ORD003017,CUST00588,PROD0042,1,915.41,2026-02-05,2026-02-12,Delivered
ORD004254,CUST00487,PROD0143,4,1730.89,2025-04-21,2025-04-28,Delivered
ORD005882,CUST00021,PROD0066,4,4931.77,2026-05-09,2026-05-10,Delivered
ORD000394,CUST00529,PROD0041,5,543.32,2026-03-30,,Processing
ORD002219,CUST00543,PROD0068,5,1375.21,2025-02-20,,Processing
ORD003534,CUST00345,PROD0088,4,34407.7,2026-04-08,,Cancelled
ORD000039,CUST00352,PROD0095,4,6063.96,2026-05-15,2026-05-27,Delivered
ORD004581,CUST00444,PROD0060,3,7402.46,2026-05-30,,Returned
ORD000104,CUST00541,PROD0015,2,2263.06,2026-02-02,2026-02-05,Delivered
ORD001738,CUST00030,PROD0003,4,14338.6,2026-02-28,,Shipped
ORD005385,CUST00203,PROD0008,2,545.71,2025-10-24,,Cancelled
ORD000213,CUST00446,PROD0094,1,1211.97,2025-08-17,,Processing
ORD004401,CUST00157,PROD0134,5,3036.32,2026-01-20,2026-01-29,Delivered
ORD002013,CUST00075,PROD0079,3,2916.61,2026-02-15,2026-02-20,Delivered
ORD004859,CUST00076,PROD0001,3,2002.86,2025-10-17,2025-10-24,Delivered
ORD001641,CUST00601,PROD0025,4,4203.28,2025-10-17,2025-10-21,Delivered
ORD003285,CUST00689,PROD0074,3,2124.57,2025-08-19,2025-08-21,Delivered
ORD005007,CUST00304,PROD0040,2,2990.7,2025-04-22,,Returned
ORD001716,CUST00261,PROD0047,5,26286.3,2025-08-12,2025-08-23,Delivered
ORD005952,CUST00023,PROD0007,4,40685.29,2025-07-19,2025-07-22,Delivered
ORD001658,CUST00376,PROD0108,4,4953.1,2026-04-25,2026-05-07,Delivered
ORD003520,CUST00724,PROD0150,3,2716.88,2025-01-17,,Shipped
ORD005787,CUST00643,PROD0038,4,8563.39,2025-12-02,2025-12-11,Delivered
ORD003288,CUST00475,PROD0085,4,4763.96,2026-02-20,2026-03-02,Delivered
ORD004232,CUST00522,PROD0007,5,40685.29,2025-02-13,,Delivered
ORD000784,CUST00048,PROD0120,2,418.7,2025-10-28,,Cancelled
ORD000232,CUST00286,PROD0074,1,2124.57,2026-01-26,,Cancelled
ORD000149,CUST00136,PROD0125,5,11796.3,2026-01-18,2026-01-20,Delivered
ORD001019,CUST00204,PROD0044,1,1423.72,2025-04-09,,Returned
ORD005987,CUST00043,PROD0094,3,1211.97,2025-02-03,2025-02-13,Delivered
ORD004889,CUST00390,PROD0015,3,2263.06,2025-03-31,2025-04-12,Delivered
ORD002159,CUST00460,PROD0028,3,302.64,2026-03-01,2026-03-11,Delivered
ORD000388,CUST00709,PROD0126,1,8384.51,2026-04-25,2026-05-01,Delivered
ORD004894,CUST00502,PROD0010,2,11743.74,2025-08-12,,Returned
ORD005165,CUST00291,PROD0012,1,4952.6,2025-10-29,,Delivered
ORD005115,CUST00151,PROD0148,1,985.06,2025-11-17,2025-11-29,Delivered
ORD002476,CUST00331,PROD0085,5,4763.96,2026-01-24,,Delivered
ORD002464,CUST00639,PROD0134,2,3036.32,2025-09-01,2025-09-04,Delivered
ORD000272,CUST00768,PROD0119,5,2603.43,2026-06-07,,Cancelled
ORD004233,CUST00297,PROD0107,1,328.16,2025-02-21,2025-03-01,Delivered
ORD001137,CUST00233,PROD0146,4,9127.13,2025-06-03,,Returned
ORD005158,CUST00363,PROD0034,1,2546.45,2026-05-28,,Shipped
ORD000141,CUST00464,PROD0108,1,4953.1,2026-03-01,2026-03-11,Delivered
ORD001351,CUST00639,PROD0098,4,648.17,2025-09-01,2025-09-06,Delivered
ORD000700,CUST00733,PROD0042,3,915.41,2025-08-30,2025-09-01,Delivered
ORD000758,CUST00090,PROD0115,4,55563.32,2026-05-03,,Cancelled
ORD003919,CUST00511,PROD0122,3,993.76,2025-01-26,2025-01-27,Delivered
ORD005083,CUST00044,PROD0028,1,302.64,2025-03-11,,Shipped
ORD004871,CUST00742,PROD0047,4,26286.3,2025-01-05,,Cancelled
ORD003188,CUST00122,PROD0040,4,2990.7,2025-11-02,,Returned
ORD003629,CUST00635,PROD0103,4,11738.74,2025-01-13,2025-01-20,Delivered
ORD001458,CUST00509,PROD0037,4,1155.64,2026-07-28,,Returned
ORD002931,CUST00590,PROD0092,5,1419.85,2026-07-08,,Delivered
ORD004140,CUST00355,PROD0050,2,3898.39,2025-02-23,2025-03-05,Delivered
ORD005282,CUST00057,PROD0070,5,10505.06,2025-03-19,2025-03-26,Delivered
ORD003509,CUST00779,PROD0056,4,861.22,2026-03-06,2026-03-17,Delivered
ORD005118,CUST00070,PROD0065,1,9361.22,2025-05-09,,Shipped
ORD001080,CUST00230,PROD0071,2,632.25,2025-05-30,2025-06-09,Delivered
ORD001854,CUST00795,PROD0052,5,1448.8,2025-09-20,2025-09-26,Delivered
ORD001536,CUST00613,PROD0089,1,16755.29,2025-08-01,,Processing
ORD002151,CUST00127,PROD0075,2,209.7,2025-07-29,2025-08-04,Delivered
ORD002147,CUST00070,PROD0048,3,56173.09,2025-07-16,2025-07-24,Delivered
ORD002012,CUST00769,PROD0087,2,13732.01,2026-04-30,,Processing
ORD005499,CUST00018,PROD0136,4,18573.07,2026-01-19,2026-01-25,Delivered
ORD000894,CUST00161,PROD0096,3,32150.75,2026-03-16,2026-03-17,Delivered
ORD003215,CUST00558,PROD0117,5,430.76,2026-02-22,2026-02-28,Delivered
ORD002790,CUST00190,PROD0003,4,14338.6,2025-11-02,2025-11-10,Delivered
ORD003019,CUST00480,PROD0121,1,751.76,2026-02-03,,Processing
ORD003493,CUST00542,PROD0061,5,1083.6,2026-07-14,2026-07-21,Delivered
ORD005267,CUST00055,PROD0115,5,55563.32,2025-01-31,,Delivered
ORD001232,CUST00105,PROD0078,3,12507.55,2025-11-21,,Cancelled
ORD003483,CUST00194,PROD0041,3,543.32,2025-09-10,2025-09-20,Delivered
ORD004849,CUST00439,PROD0067,2,4271.55,2025-03-17,2025-03-25,Delivered
ORD004771,CUST00033,PROD0028,5,302.64,2026-02-19,2026-02-24,Delivered
ORD003016,CUST00063,PROD0076,2,32834.68,2025-05-19,,Cancelled
ORD003373,CUST00723,PROD0093,5,513.19,2026-01-10,,Shipped
ORD001303,CUST00304,PROD0149,3,5764.99,2025-02-04,,Returned
ORD003073,CUST00787,PROD0067,1,4271.55,2025-06-10,,Processing
ORD003409,CUST00764,PROD0083,1,385.32,2025-07-23,,Returned
ORD001108,CUST00654,PROD0053,5,379.38,2026-02-09,,Returned
ORD001062,CUST00293,PROD0132,1,305.28,2026-04-20,,Returned
ORD000229,CUST00388,PROD0069,2,58378.98,2025-10-21,2025-10-22,Delivered
ORD005021,CUST00770,PROD0122,1,993.76,2026-03-29,,Shipped
ORD001714,CUST00615,PROD0004,1,2001.32,2025-12-01,,Shipped
ORD004407,CUST00678,PROD0144,5,4806.1,2026-06-09,2026-06-18,Delivered
ORD004739,CUST00320,PROD0061,5,1083.6,2026-04-08,2026-04-17,Delivered
ORD005889,CUST00361,PROD0065,3,9361.22,2026-04-02,2026-04-05,Delivered
ORD003495,CUST00797,PROD0063,1,869.54,2026-05-25,,Returned
ORD000317,CUST00033,PROD0057,2,1462.31,2025-11-20,,Processing
ORD003845,CUST00757,PROD0139,4,4171.69,2025-08-27,,Shipped
ORD002192,CUST00073,PROD0093,2,513.19,2026-06-17,2026-06-22,Delivered
ORD000738,CUST00346,PROD0034,1,2546.45,2025-11-21,,Cancelled
ORD003990,CUST00239,PROD0131,1,6853.95,2025-08-01,2025-08-13,Delivered
ORD003792,CUST00254,PROD0141,2,22625.81,2026-01-06,2026-01-07,Delivered
ORD005648,CUST00058,PROD0126,3,8384.51,2025-07-18,,Cancelled
ORD003867,CUST00697,PROD0099,3,14295.1,2025-10-01,2025-10-02,Delivered
ORD001994,CUST00095,PROD0063,2,869.54,2025-01-23,,Returned
ORD005941,CUST00130,PROD0133,5,1400.65,2025-02-07,2025-02-10,Delivered
ORD003274,CUST00051,PROD0103,1,11738.74,2025-12-05,,Cancelled
ORD005972,CUST00566,PROD0145,4,2463.88,2025-06-17,2025-06-22,Delivered
ORD001941,CUST00208,PROD0071,3,632.25,2026-03-17,2026-03-21,Delivered
ORD004944,CUST00032,PROD0074,5,2124.57,2025-09-12,,Returned
ORD002719,CUST00500,PROD0012,2,4952.6,2026-07-08,,Returned
ORD002676,CUST00779,PROD0145,4,2463.88,2025-07-10,,Returned
ORD001124,CUST00208,PROD0074,3,2124.57,2025-04-17,,Returned
ORD005131,CUST00103,PROD0142,2,1821.04,2026-06-08,2026-06-15,Delivered
ORD004769,CUST00187,PROD0057,1,1462.31,2025-10-19,,Cancelled
ORD003235,CUST00657,PROD0042,3,915.41,2025-08-19,2025-08-27,Delivered
ORD000301,CUST00543,PROD0148,3,985.06,2026-02-12,2026-02-24,Delivered
ORD000483,CUST00185,PROD0135,3,7336.91,2025-12-02,2025-12-11,Delivered
ORD004455,CUST00577,PROD0014,3,1289.47,2025-09-22,,Cancelled
ORD001276,CUST00042,PROD0076,1,32834.68,2026-04-10,2026-04-15,Delivered
ORD004464,CUST00576,PROD0103,1,11738.74,2026-01-22,,Delivered
ORD000077,CUST00501,PROD0063,4,869.54,2026-01-13,,Returned
ORD001848,CUST00675,PROD0036,5,559.64,2025-11-24,,Cancelled
ORD003889,CUST00756,PROD0135,3,7336.91,2026-04-04,,Processing
ORD000286,CUST00065,PROD0133,4,1400.65,2025-01-20,2025-01-24,Delivered
ORD002710,CUST00522,PROD0101,3,782.0,2025-07-05,,Processing
ORD000942,CUST00592,PROD0002,1,2472.29,2026-01-22,2026-01-28,Delivered
ORD005774,CUST00346,PROD0061,3,1083.6,2025-01-31,2025-02-05,Delivered
ORD002954,CUST00459,PROD0025,2,4203.28,2026-04-02,2026-04-11,Delivered
ORD002867,CUST00382,PROD0130,5,314.99,2025-01-22,2025-02-02,Delivered
ORD005026,CUST00368,PROD0057,2,1462.31,2025-10-19,,Processing
ORD000791,CUST00187,PROD0132,5,305.28,2025-04-17,,Returned
ORD005743,CUST00276,PROD0091,2,1751.39,2025-04-24,,Cancelled
ORD003657,CUST00790,PROD0124,3,2908.87,2026-07-27,2026-08-07,Delivered
ORD004991,CUST00083,PROD0123,4,21424.68,2025-09-25,,Shipped
ORD005795,CUST00125,PROD0112,5,1969.23,2025-09-19,2025-09-24,Delivered
ORD005407,CUST00145,PROD0145,3,2463.88,2025-08-04,,Cancelled
ORD005495,CUST00271,PROD0077,4,2052.65,2025-09-01,2025-09-07,Delivered
ORD000429,CUST00146,PROD0039,3,5112.85,2026-02-07,2026-02-09,Delivered
ORD004700,CUST00442,PROD0139,2,4171.69,2026-04-20,2026-04-27,Delivered
ORD000710,CUST00278,PROD0029,3,901.03,2026-07-13,,Returned
ORD001741,CUST00783,PROD0018,2,18955.94,2026-07-04,2026-07-16,Delivered
ORD003879,CUST00654,PROD0053,3,379.38,2025-01-23,,Processing
ORD001806,CUST00318,PROD0042,1,915.41,2025-03-05,,Returned
ORD003022,CUST00710,PROD0100,1,7797.29,2025-01-05,2025-01-09,Delivered
ORD002706,CUST00003,PROD0037,5,1155.64,2025-10-15,2025-10-18,Delivered
ORD005770,CUST00492,PROD0118,3,828.66,2025-06-03,2025-06-07,Delivered
ORD004528,CUST00528,PROD0134,1,3036.32,2025-06-19,2025-06-25,Delivered
ORD002824,CUST00598,PROD0015,1,2263.06,2025-09-13,2025-09-24,Delivered
ORD000178,CUST00145,PROD0010,5,11743.74,2025-07-24,2025-07-30,Delivered
ORD002244,CUST00669,PROD0071,4,632.25,2025-03-21,2025-04-02,Delivered
ORD003114,CUST00495,PROD0092,5,1419.85,2026-06-28,2026-07-04,Delivered
ORD000383,CUST00399,PROD0142,2,1821.04,2025-10-17,,Cancelled
ORD000797,CUST00414,PROD0107,3,328.16,2025-09-09,,Cancelled
ORD002634,CUST00311,PROD0057,3,1462.31,2025-08-19,2025-08-26,Delivered
ORD002149,CUST00025,PROD0062,5,25032.52,2026-05-28,2026-06-02,Delivered
ORD005935,CUST00714,PROD0100,2,7797.29,2025-05-01,,Processing
ORD003363,CUST00708,PROD0017,5,4701.06,2026-05-03,,Returned
ORD003078,CUST00563,PROD0102,3,133.37,2025-06-25,2025-07-04,Delivered
ORD004027,CUST00430,PROD0047,4,26286.3,2025-09-24,,Processing
ORD004306,CUST00222,PROD0051,2,1399.76,2025-02-07,2025-02-09,Delivered
ORD001156,CUST00656,PROD0034,3,2546.45,2025-10-25,,Cancelled
ORD005875,CUST00048,PROD0121,5,751.76,2025-02-03,,Delivered
ORD005916,CUST00252,PROD0084,2,317.91,2026-03-19,,Processing
ORD000781,CUST00577,PROD0017,3,4701.06,2026-03-04,2026-03-12,Delivered
ORD001328,CUST00322,PROD0021,5,156.01,2026-05-06,,Shipped
ORD003147,CUST00651,PROD0138,3,3519.99,2025-08-19,2025-08-26,Delivered
ORD004185,CUST00037,PROD0119,4,2603.43,2025-06-25,,Shipped
ORD000947,CUST00334,PROD0004,4,2001.32,2025-11-20,,Cancelled
ORD001118,CUST00143,PROD0140,1,899.29,2025-01-22,2025-01-31,Delivered
ORD001316,CUST00615,PROD0050,1,3898.39,2025-01-25,,Delivered
ORD000208,CUST00770,PROD0072,1,263.08,2026-06-04,,Cancelled
ORD003587,CUST00646,PROD0058,4,4704.83,2026-05-14,2026-05-15,Delivered
ORD005993,CUST00544,PROD0135,4,7336.91,2026-07-28,,Processing
ORD000041,CUST00607,PROD0069,3,58378.98,2025-10-18,2025-10-28,Delivered
ORD004864,CUST00493,PROD0060,4,7402.46,2026-04-08,2026-04-18,Delivered
ORD004980,CUST00683,PROD0104,3,1042.65,2025-05-28,,Shipped
ORD002114,CUST00571,PROD0051,4,1399.76,2025-10-30,,Returned
ORD004969,CUST00419,PROD0044,1,1423.72,2026-07-28,2026-08-06,Delivered
ORD005501,CUST00025,PROD0020,5,4298.98,2025-08-14,,Returned
ORD001337,CUST00391,PROD0063,3,869.54,2025-05-13,,Cancelled
ORD005365,CUST00438,PROD0149,2,5764.99,2025-05-11,,Shipped
ORD000075,CUST00564,PROD0073,3,34399.58,2025-12-02,,Returned
ORD000961,CUST00379,PROD0053,2,379.38,2025-04-04,2025-04-08,Delivered
ORD004122,CUST00393,PROD0116,3,8033.73,2026-05-27,,Processing
ORD001239,CUST00684,PROD0033,3,5639.02,2025-06-01,,Cancelled
ORD001623,CUST00367,PROD0103,2,11738.74,2025-07-30,2025-08-01,Delivered
ORD001084,CUST00198,PROD0047,1,26286.3,2025-01-01,,Processing
ORD005138,CUST00682,PROD0077,5,2052.65,2025-10-17,,Cancelled
ORD004029,CUST00176,PROD0115,5,55563.32,2025-01-23,,Processing
ORD003432,CUST00088,PROD0116,4,8033.73,2025-05-07,,Cancelled
ORD005032,CUST00620,PROD0055,5,70.6,2026-04-27,,Returned
ORD005593,CUST00746,PROD0105,1,32176.55,2025-12-16,,Processing
ORD005075,CUST00781,PROD0053,1,379.38,2025-05-09,2025-05-14,Delivered
ORD004188,CUST00124,PROD0087,4,13732.01,2025-11-11,2025-11-14,Delivered
ORD001063,CUST00127,PROD0092,1,1419.85,2026-04-17,,Shipped
ORD000642,CUST00340,PROD0078,3,12507.55,2026-01-07,,Processing
ORD005579,CUST00158,PROD0018,5,18955.94,2026-04-27,,Processing
ORD004637,CUST00260,PROD0070,2,10505.06,2026-05-01,2026-05-02,Delivered
ORD000454,CUST00049,PROD0108,0,4953.1,2025-11-13,,Shipped
ORD004560,CUST00343,PROD0030,3,429.82,2025-08-12,,Returned
ORD005071,CUST00735,PROD0116,2,8033.73,2025-06-19,2025-06-29,Delivered
ORD000437,CUST00799,PROD0146,5,9127.13,2025-08-25,2025-08-29,Delivered
ORD005497,CUST00201,PROD0045,3,1228.68,2026-02-01,2026-02-11,Delivered
ORD004184,CUST00781,PROD0148,4,985.06,2026-04-06,,Cancelled
ORD004501,CUST00253,PROD0035,1,4733.42,2025-12-09,,Shipped
ORD004372,CUST00390,PROD0108,1,4953.1,2026-04-08,2026-04-12,Delivered
ORD001049,CUST00448,PROD0146,3,9127.13,2025-02-24,,Processing
ORD003850,CUST00279,PROD0138,4,3519.99,2025-05-19,,Shipped
ORD001498,CUST00337,PROD0040,5,2990.7,2026-01-19,,Returned
ORD003057,CUST00306,PROD0087,3,13732.01,2025-09-18,,Cancelled
ORD004198,CUST00674,PROD0004,1,2001.32,2025-03-09,,Shipped
ORD003160,CUST00450,PROD0011,4,1483.6,2026-07-30,2026-08-04,Delivered
ORD000309,CUST00096,PROD0001,2,2002.86,2025-03-30,,Cancelled
ORD002280,CUST00653,PROD0129,2,17176.36,2025-11-08,2025-11-10,Delivered
ORD001421,CUST00249,PROD0027,5,331.1,2026-02-12,2026-02-15,Delivered
ORD000581,CUST00144,PROD0026,2,4912.92,2026-02-27,,Cancelled
ORD002626,CUST00301,PROD0046,2,51.86,2025-03-09,2025-03-15,Delivered
ORD004001,CUST00045,PROD0109,4,854.47,2026-02-24,,Returned
ORD001249,CUST00605,PROD0136,4,18573.07,2025-12-27,2026-01-05,Delivered
ORD000811,CUST00648,PROD0147,2,4832.5,2026-01-22,2026-01-24,Delivered
ORD004473,CUST00160,PROD0011,4,1483.6,2026-04-24,2026-05-06,Delivered
ORD000556,CUST00175,PROD0021,4,156.01,2025-10-24,2025-10-27,Delivered
ORD005347,CUST00068,PROD0091,4,1751.39,2025-06-25,,Shipped
ORD000707,CUST00074,PROD0061,5,1083.6,2025-05-06,,Processing
ORD001382,CUST00085,PROD0087,5,13732.01,2025-04-21,2025-05-03,Delivered
ORD003875,CUST00709,PROD0121,3,751.76,2025-04-15,,Cancelled
ORD004675,CUST00094,PROD0114,2,1292.66,2026-03-14,,Cancelled
ORD000902,CUST00555,PROD0097,5,166.92,2025-06-10,,Shipped
ORD000352,CUST00471,PROD0137,3,1360.59,2025-12-22,2025-12-24,Delivered
ORD000785,CUST00258,PROD0093,4,513.19,2025-06-15,2025-06-20,Delivered
ORD005778,CUST00513,PROD0087,5,13732.01,2026-05-06,2026-05-16,Delivered
ORD000555,CUST00301,PROD0078,4,12507.55,2025-02-26,2025-03-04,Delivered
ORD004441,CUST00302,PROD0068,4,1375.21,2025-02-06,2025-02-18,Delivered
ORD003212,CUST00456,PROD0125,2,11796.3,2025-05-19,,Shipped
ORD000513,CUST00499,PROD0049,5,191.03,2026-01-29,,Cancelled
ORD001401,CUST00135,PROD0036,5,559.64,2026-01-21,2026-01-26,Delivered
ORD005905,CUST00641,PROD0075,5,209.7,2026-05-21,2026-06-02,Delivered
ORD004896,CUST00217,PROD0148,3,985.06,2025-03-13,2025-03-14,Delivered
ORD002051,CUST00740,PROD0035,1,4733.42,2026-06-18,2026-06-28,Delivered
ORD000888,CUST00552,PROD0150,3,2716.88,2025-02-14,2025-02-18,Delivered
ORD005249,CUST00393,PROD0126,4,8384.51,2025-10-07,2025-10-17,Delivered
ORD003900,CUST00211,PROD0132,1,305.28,2026-02-26,,Shipped
ORD003992,CUST00205,PROD0019,5,4410.8,2025-05-05,,Returned
ORD000233,CUST00369,PROD0081,5,4820.76,2025-02-25,,Shipped
ORD002531,CUST00544,PROD0022,2,459.17,2025-07-06,,Processing
ORD002212,CUST00462,PROD0050,2,3898.39,2025-07-27,2025-07-29,Delivered
ORD005256,CUST00129,PROD0064,1,3664.82,2025-01-27,2025-01-28,Delivered
ORD004432,CUST00591,PROD0064,5,3664.82,2025-04-06,2025-04-14,Delivered
ORD002640,CUST00745,PROD0068,5,1375.21,2025-09-22,,Returned
ORD003635,CUST00432,PROD0074,4,2124.57,2025-05-17,,Processing
ORD002485,CUST00007,PROD0143,5,1730.89,2025-05-02,,Returned
ORD002521,CUST00248,PROD0082,2,503.97,2026-01-27,,Shipped
ORD001423,CUST00500,PROD0070,1,10505.06,2025-03-20,,Cancelled
ORD000788,CUST00572,PROD0092,2,1419.85,2025-06-28,2025-06-30,Delivered
ORD003871,CUST00079,PROD0017,5,4701.06,2025-07-16,2025-07-26,Delivered
ORD001188,CUST00248,PROD0142,5,1821.04,2025-06-16,,Cancelled
ORD000053,CUST00327,PROD0110,3,1192.79,2025-05-24,,Shipped
ORD000739,CUST00587,PROD0067,1,4271.55,2025-11-17,2025-11-25,Delivered
ORD004542,CUST00584,PROD0010,1,11743.74,2025-09-18,2025-09-24,Delivered
ORD004503,CUST00164,PROD0073,4,34399.58,2025-09-19,,Shipped
ORD005146,CUST00622,PROD0080,3,4686.49,2025-04-20,,Cancelled
ORD004530,CUST00690,PROD0070,4,10505.06,2026-06-23,2026-07-02,Delivered
ORD001620,CUST00046,PROD0084,3,317.91,2025-08-24,2025-08-28,Delivered
ORD001103,CUST00395,PROD0095,3,6063.96,2025-03-27,,Shipped
ORD002071,CUST00764,PROD0128,1,3825.7,2025-04-28,2025-05-10,Delivered
ORD000291,CUST00609,PROD0010,5,11743.74,2026-05-31,2026-06-08,Delivered
ORD001996,CUST00049,PROD0077,3,2052.65,2025-04-20,2025-04-24,Delivered
ORD000125,CUST00512,PROD0139,3,4171.69,2025-10-16,,Delivered
ORD000572,CUST00464,PROD0116,4,8033.73,2025-09-02,2025-09-12,Delivered
ORD002408,CUST00686,PROD0048,4,56173.09,2026-01-21,,Cancelled
ORD005152,CUST00053,PROD0114,3,1292.66,2025-05-23,2025-05-26,Delivered
ORD003659,CUST00790,PROD0052,1,1448.8,2025-06-05,,Processing
ORD003559,CUST00069,PROD0114,3,1292.66,2025-09-03,2025-09-09,Delivered
ORD002818,CUST00606,PROD0046,2,51.86,2025-07-05,2025-07-11,Delivered
ORD002409,CUST00298,PROD0138,5,3519.99,2025-09-12,,Cancelled
ORD005852,CUST00163,PROD0010,2,11743.74,2025-04-19,2025-04-21,Delivered
ORD004680,CUST00513,PROD0066,3,4931.77,2025-06-25,,Returned
ORD005819,CUST00479,PROD0112,5,1969.23,2025-01-22,2025-01-28,Delivered
ORD000733,CUST00148,PROD0102,2,133.37,2026-01-28,,Shipped
ORD001807,CUST00717,PROD0016,5,59834.55,2026-03-17,,Returned
ORD000264,CUST00298,PROD0079,5,2916.61,2025-06-06,,Processing
ORD000713,CUST00122,PROD0062,3,25032.52,2026-07-20,,Shipped
ORD004915,CUST00718,PROD0063,1,869.54,2026-03-15,,Processing
ORD001277,CUST00125,PROD0014,4,1289.47,2025-11-10,,Cancelled
ORD002776,CUST00336,PROD0022,5,459.17,2025-12-11,2025-12-22,Delivered
ORD001590,CUST00399,PROD0102,2,133.37,2025-06-11,2025-06-17,Delivered
ORD003967,CUST00543,PROD0022,5,459.17,2025-04-16,,Cancelled
ORD004168,CUST00009,PROD0139,2,4171.69,2025-07-26,,Processing
ORD001350,CUST00673,PROD0074,5,2124.57,2026-04-20,,Shipped
ORD002514,CUST00763,PROD0080,5,4686.49,2025-03-26,2025-03-27,Delivered
ORD001763,CUST00727,PROD0100,4,7797.29,2026-01-08,,Processing
ORD000370,CUST00130,PROD0051,3,1399.76,2025-02-23,2025-02-27,Delivered
ORD003481,CUST00248,PROD0121,2,751.76,2025-12-31,2026-01-06,Delivered
ORD001253,CUST00649,PROD0104,2,1042.65,2025-10-10,,Returned
ORD003880,CUST00611,PROD0144,5,4806.1,2026-01-18,,Shipped
ORD004437,CUST00679,PROD0095,3,6063.96,2025-12-15,,Processing
ORD001194,CUST00405,PROD0102,1,133.37,2026-01-19,,Shipped
ORD002638,CUST00396,PROD0040,4,2990.7,2025-04-13,2025-04-22,Delivered
ORD001274,CUST00369,PROD0038,4,8563.39,2025-06-03,,Shipped
ORD003155,CUST00238,PROD0118,1,828.66,2026-02-10,2026-02-19,Delivered
ORD003305,CUST00785,PROD0002,3,2472.29,2026-04-25,2026-04-29,Delivered
ORD000836,CUST00047,PROD0082,2,503.97,2026-02-27,,Shipped
ORD004487,CUST00508,PROD0102,5,133.37,2026-04-04,2026-04-16,Delivered
ORD003108,CUST00265,PROD0034,2,2546.45,2025-04-06,2025-04-18,Delivered
ORD000064,CUST00687,PROD0062,1,25032.52,2025-09-08,,Cancelled
ORD004870,CUST00339,PROD0079,5,2916.61,2025-04-09,,Returned
ORD003636,CUST00786,PROD0072,5,263.08,2025-02-23,2025-02-26,Delivered
ORD002109,CUST00011,PROD0044,3,1423.72,2025-02-05,2025-02-16,Delivered
ORD003236,CUST00340,PROD0104,1,1042.65,2025-01-14,,Returned
ORD002410,CUST00296,PROD0141,4,22625.81,2025-11-16,,Cancelled
ORD005378,CUST00472,PROD0039,2,5112.85,2026-03-29,2026-04-04,Delivered
ORD000376,CUST00367,PROD0050,1,3898.39,2026-01-22,2026-01-27,Delivered
ORD005738,CUST00162,PROD0008,4,545.71,2026-03-21,2026-03-26,Delivered
ORD002760,CUST00622,PROD0114,5,1292.66,2026-05-07,,Processing
ORD003783,CUST00088,PROD0134,2,3036.32,2026-07-28,2026-08-01,Delivered
ORD005967,CUST00603,PROD0038,2,8563.39,2026-03-17,2026-03-27,Delivered
ORD001410,CUST00310,PROD0030,3,429.82,2026-02-12,,Returned
ORD001286,CUST00495,PROD0092,4,1419.85,2025-12-29,,Returned
ORD002577,CUST00622,PROD0092,2,1419.85,2025-04-16,,Processing
ORD005458,CUST00011,PROD0022,4,459.17,2025-06-17,2025-06-25,Delivered
ORD002571,CUST00354,PROD0042,1,915.41,2025-02-25,2025-03-07,Delivered
ORD004268,CUST00236,PROD0058,3,4704.83,2025-02-09,,Cancelled
ORD004779,CUST00548,PROD0090,5,955.06,2025-02-11,,Shipped
ORD003104,CUST00507,PROD0017,3,4701.06,2025-08-24,,Processing
ORD005756,CUST00017,PROD0055,4,70.6,2026-05-15,2026-05-16,Delivered
ORD003174,CUST00178,PROD0146,5,9127.13,2025-06-13,2025-06-22,Delivered
ORD005503,CUST00007,PROD0044,3,1423.72,2025-11-29,2025-11-30,Delivered
ORD001708,CUST00607,PROD0031,3,2204.46,2025-04-02,,Cancelled
ORD003997,CUST00308,PROD0136,4,18573.07,2025-12-06,2025-12-16,Delivered
ORD005342,CUST00087,PROD0125,5,11796.3,2026-04-14,,Cancelled
ORD004623,CUST00459,PROD0027,3,331.1,2026-01-31,2026-02-07,Delivered
ORD002573,CUST00570,PROD0072,3,263.08,2026-05-14,2026-05-26,Delivered
ORD000637,CUST00152,PROD0122,1,993.76,2026-01-18,2026-01-23,Delivered
ORD000735,CUST00252,PROD0121,3,751.76,2025-02-16,,Shipped
ORD003337,CUST00260,PROD0087,2,13732.01,2025-09-15,2025-09-27,Delivered
ORD000536,CUST00233,PROD0074,4,2124.57,2026-01-27,2026-01-29,Delivered
ORD005126,CUST00626,PROD0010,3,11743.74,2025-03-16,,Returned
ORD004993,CUST00182,PROD0028,3,302.64,2026-03-21,2026-03-26,Delivered
ORD000451,CUST00148,PROD0042,1,915.41,2025-04-04,,Returned
ORD000996,CUST00368,PROD0050,2,3898.39,2026-06-17,2026-06-20,Delivered
ORD003395,CUST00528,PROD0039,2,5112.85,2026-02-13,2026-02-15,Delivered
ORD003062,CUST00250,PROD0076,2,32834.68,2026-07-11,2026-07-16,Delivered
ORD001125,CUST00605,PROD0095,3,6063.96,2025-03-20,2025-03-31,Delivered
ORD005948,CUST00210,PROD0135,3,7336.91,2025-06-26,,Processing
ORD004932,CUST00683,PROD0071,2,632.25,2025-12-30,,Processing
ORD000485,CUST00363,PROD0023,3,11903.15,2026-04-24,2026-05-03,Delivered
ORD004749,CUST00765,PROD0050,5,3898.39,2025-01-12,2025-01-14,Delivered
ORD004147,CUST00250,PROD0088,2,34407.7,2025-04-20,2025-04-25,Delivered
ORD001394,CUST00586,PROD0095,2,6063.96,2025-10-16,,Cancelled
ORD005611,CUST00625,PROD0079,5,2916.61,2025-06-28,,Shipped
ORD002592,CUST00226,PROD0043,4,2444.21,2025-07-14,2025-07-21,Delivered
ORD001460,CUST00653,PROD0007,3,40685.29,2026-04-23,,Cancelled
ORD004396,CUST00487,PROD0023,1,11903.15,2025-07-12,2025-07-13,Delivered
ORD004633,CUST00589,PROD0015,5,2263.06,2025-11-29,,Returned
ORD003393,CUST00043,PROD0054,5,1632.64,2025-09-27,,Returned
ORD005327,CUST00639,PROD0023,3,11903.15,2025-09-11,2025-09-13,Delivered
ORD003438,CUST00741,PROD0071,4,632.25,2025-05-04,,Shipped
ORD001835,CUST00325,PROD0095,4,6063.96,2025-06-01,,Cancelled
ORD003421,CUST00513,PROD0007,4,40685.29,2025-08-01,,Shipped
ORD002223,CUST00306,PROD0132,2,305.28,2025-07-11,2025-07-14,Delivered
ORD001929,CUST00602,PROD0109,2,854.47,2025-05-23,2025-06-03,Delivered
ORD003282,CUST00349,PROD0137,4,1360.59,2025-02-14,,Returned
ORD001275,CUST00349,PROD0143,2,1730.89,2025-11-07,,Shipped
ORD002927,CUST00610,PROD0022,2,459.17,2025-01-18,,Shipped
ORD004928,CUST00285,PROD0136,3,18573.07,2026-04-05,,Processing
ORD005272,CUST00077,PROD0139,3,4171.69,2025-01-06,,Processing
ORD001228,CUST00261,PROD0012,3,4952.6,2026-03-08,2026-03-16,Delivered
ORD004668,CUST00627,PROD0004,2,2001.32,2026-04-29,,Delivered
ORD001605,CUST00338,PROD0067,5,4271.55,2026-06-28,2026-07-01,Delivered
ORD001206,CUST00103,PROD0029,4,901.03,2025-05-06,2025-05-11,Delivered
ORD002110,CUST00393,PROD0028,1,302.64,2025-06-11,2025-06-14,Delivered
ORD005394,CUST00795,PROD0048,2,56173.09,2025-11-30,,Shipped
ORD001416,CUST00091,PROD0029,5,901.03,2025-12-04,,Delivered
ORD002782,CUST00732,PROD0095,5,6063.96,2025-06-21,2025-07-02,Delivered
ORD000820,CUST00313,PROD0078,3,12507.55,2026-05-13,2026-05-16,Delivered
ORD005851,CUST00003,PROD0057,3,1462.31,2026-06-15,,Cancelled
ORD004369,CUST00428,PROD0091,3,1751.39,2025-04-04,2025-04-10,Delivered
ORD003261,CUST00069,PROD0021,1,156.01,2025-07-24,,Cancelled
ORD003638,CUST00544,PROD0020,1,4298.98,2025-12-06,,Cancelled
ORD005207,CUST00223,PROD0121,3,751.76,2025-01-30,2025-02-06,Delivered
ORD001914,CUST00668,PROD0082,2,503.97,2026-05-07,2026-05-18,Delivered
ORD000298,CUST00432,PROD0067,5,4271.55,2026-03-10,,Processing
ORD004577,CUST00633,PROD0043,3,2444.21,2026-05-05,,Processing
ORD005263,CUST00027,PROD0123,1,21424.68,2025-06-10,,Shipped
ORD000188,CUST00125,PROD0141,3,22625.81,2026-05-01,2026-05-13,Delivered
ORD000194,CUST00215,PROD0024,5,1123.83,2025-03-18,,Shipped
ORD003191,CUST00043,PROD0045,3,1228.68,2025-11-03,,Processing
ORD005298,CUST00026,PROD0049,2,191.03,2026-06-12,,Cancelled
ORD005397,CUST00672,PROD0070,1,10505.06,2025-10-19,,Cancelled
ORD000160,CUST00288,PROD0065,2,9361.22,2026-04-23,,Cancelled
ORD003896,CUST00672,PROD0035,3,4733.42,2025-07-02,,Cancelled
ORD002300,CUST00142,PROD0056,5,861.22,2025-07-10,,Processing
ORD000933,CUST00451,PROD0130,3,314.99,2026-02-24,2026-03-01,Delivered
ORD002690,CUST00236,PROD0016,2,59834.55,2025-04-28,2025-05-06,Delivered
ORD003221,CUST00401,PROD0104,1,1042.65,2025-01-31,2025-02-05,Delivered
ORD003222,CUST00134,PROD0120,4,418.7,2025-05-31,2025-06-05,Delivered
ORD005491,CUST00169,PROD0093,1,513.19,2025-11-10,,Shipped
ORD002018,CUST00101,PROD0009,3,390.58,2025-06-10,2025-06-16,Delivered
ORD003276,CUST00052,PROD0095,1,6063.96,2025-05-13,2025-05-24,Delivered
ORD000777,CUST00246,PROD0063,2,869.54,2025-10-29,,Cancelled
ORD003527,CUST00086,PROD0020,2,4298.98,2025-03-26,2025-04-01,Delivered
ORD005471,CUST00236,PROD0069,5,58378.98,2026-02-13,,Delivered
ORD005726,CUST00307,PROD0019,3,4410.8,2025-01-03,,Processing
ORD001407,CUST00023,PROD0125,4,11796.3,2026-02-06,,Processing
ORD000477,CUST00595,PROD0017,2,4701.06,2025-10-15,,Processing
ORD000102,CUST00644,PROD0072,1,263.08,2026-04-29,,Processing
ORD005448,CUST00378,PROD0049,5,191.03,2026-02-11,2026-02-18,Delivered
ORD001869,CUST00392,PROD0006,5,812.36,2026-05-07,2026-05-11,Delivered
ORD000755,CUST00104,PROD0006,2,812.36,2025-06-16,,Cancelled
ORD003487,CUST00631,PROD0105,2,32176.55,2026-07-19,2026-07-22,Delivered
ORD005419,CUST00028,PROD0063,5,869.54,2026-01-04,,Cancelled
ORD001300,CUST00443,PROD0026,5,4912.92,2026-05-20,,Shipped
ORD001088,CUST00264,PROD0071,2,632.25,2026-01-29,2026-02-01,Delivered
ORD004114,CUST00182,PROD0129,4,17176.36,2025-02-28,,Shipped
ORD004073,CUST00107,PROD0121,5,751.76,2025-09-28,2025-10-07,Delivered
ORD005576,CUST00130,PROD0111,3,42616.44,2025-11-26,,Delivered
ORD001962,CUST00242,PROD0043,2,2444.21,2025-01-18,2025-01-20,Delivered
ORD005354,CUST00795,PROD0016,2,59834.55,2025-10-17,,Shipped
ORD003770,CUST00536,PROD0093,3,513.19,2026-03-29,,Returned
ORD002995,CUST00168,PROD0108,5,4953.1,2025-01-24,,Cancelled
ORD005454,CUST00611,PROD0141,3,22625.81,2026-02-27,,Returned
ORD005110,CUST00089,PROD0078,1,12507.55,2025-06-05,,Shipped
ORD002359,CUST00215,PROD0021,3,156.01,2025-03-07,2025-03-10,Delivered
ORD005091,CUST00704,PROD0078,3,12507.55,2025-11-28,,Cancelled
ORD002382,CUST00335,PROD0024,2,1123.83,2025-07-13,2025-07-18,Delivered
ORD002541,CUST00085,PROD0045,5,1228.68,2026-01-03,2026-01-09,Delivered
ORD005190,CUST00607,PROD0018,1,18955.94,2025-06-27,,Cancelled
ORD000899,CUST00271,PROD0083,3,385.32,2026-06-23,,Returned
ORD003962,CUST00262,PROD0137,1,1360.59,2025-04-13,,Cancelled
ORD002714,CUST00432,PROD0105,4,32176.55,2026-03-28,2026-04-08,Delivered
ORD001900,CUST00254,PROD0013,3,39659.48,2025-05-01,,Returned
ORD004812,CUST00704,PROD0131,4,6853.95,2025-06-12,,Shipped
ORD003203,CUST00796,PROD0115,1,55563.32,2025-05-16,2025-05-23,Delivered
ORD004250,CUST00520,PROD0023,5,11903.15,2025-02-19,,Returned
ORD002240,CUST00275,PROD0132,5,305.28,2025-03-09,2025-03-14,Delivered
ORD004741,CUST00223,PROD0110,1,1192.79,2025-11-03,2025-11-07,Delivered
ORD003917,CUST00637,PROD0091,2,1751.39,2026-04-02,,Shipped
ORD004937,CUST00246,PROD0030,3,429.82,2025-02-01,2025-02-12,Delivered
ORD002679,CUST00184,PROD0003,2,14338.6,2026-01-12,2026-01-15,Delivered
ORD001971,CUST00701,PROD0134,3,3036.32,2026-02-19,,Cancelled
ORD004253,CUST00765,PROD0062,1,25032.52,2025-07-24,,Cancelled
ORD002899,CUST00315,PROD0060,1,7402.46,2025-01-13,2025-01-19,Delivered
ORD001659,CUST00544,PROD0020,3,4298.98,2026-07-24,2026-08-05,Delivered
ORD000763,CUST00781,PROD0064,5,3664.82,2026-03-14,2026-03-23,Delivered
ORD005443,CUST00256,PROD0093,2,513.19,2025-02-13,2025-02-17,Delivered
ORD002610,CUST00057,PROD0047,1,26286.3,2025-09-03,,Returned
ORD001090,CUST00047,PROD0020,5,4298.98,2025-12-18,,Returned
ORD003088,CUST00698,PROD0087,3,13732.01,2025-12-03,2025-12-10,Delivered
ORD004973,CUST00009,PROD0124,3,2908.87,2025-06-02,,Shipped
ORD004124,CUST00367,PROD0056,1,861.22,2026-07-09,,Processing
ORD005625,CUST00371,PROD0143,1,1730.89,2026-04-13,2026-04-25,Delivered
ORD002930,CUST00725,PROD0120,5,418.7,2025-11-04,2025-11-15,Delivered
ORD002047,CUST00532,PROD0127,5,919.23,2026-04-14,,Processing
ORD004678,CUST00505,PROD0034,2,2546.45,2025-03-04,,Cancelled
ORD004956,CUST00704,PROD0032,4,1176.78,2026-07-26,2026-08-01,Delivered
ORD001207,CUST00065,PROD0024,1,1123.83,2026-05-22,2026-05-29,Delivered
ORD002309,CUST00440,PROD0085,2,4763.96,2026-04-25,,Returned
ORD003731,CUST00292,PROD0013,4,39659.48,2026-07-10,2026-07-16,Delivered
ORD001679,CUST00047,PROD0075,4,209.7,2025-01-30,,Shipped
ORD003877,CUST00666,PROD0045,3,1228.68,2025-09-13,2025-09-20,Delivered
ORD004664,CUST00674,PROD0150,1,2716.88,2026-02-23,,Cancelled
ORD003002,CUST00772,PROD0030,2,429.82,2025-04-20,2025-04-30,Delivered
ORD004587,CUST00303,PROD0018,5,18955.94,2026-01-24,,Shipped
ORD002701,CUST00086,PROD0053,3,379.38,2025-07-07,,Cancelled
ORD004060,CUST00752,PROD0046,5,51.86,2025-11-17,2025-11-24,Delivered
ORD001705,CUST00240,PROD0139,5,4171.69,2025-11-19,2025-12-01,Delivered
ORD003036,CUST00633,PROD0067,2,4271.55,2026-01-21,2026-02-01,Delivered
ORD003815,CUST00762,PROD0065,4,9361.22,2025-11-17,,Cancelled
ORD004778,CUST00711,PROD0088,4,34407.7,2026-03-19,2026-03-30,Delivered
ORD002802,CUST00170,PROD0092,5,1419.85,2025-04-17,2025-04-26,Delivered
ORD001470,CUST00188,PROD0004,4,2001.32,2026-03-03,2026-03-07,Delivered
ORD000195,CUST00584,PROD0060,4,7402.46,2025-10-31,,Returned
ORD000411,CUST00674,PROD0051,5,1399.76,2026-06-21,2026-06-23,Delivered
ORD005341,CUST00721,PROD0138,3,3519.99,2025-05-21,,Processing
ORD005793,CUST00239,PROD0117,4,430.76,2025-07-28,,Processing
ORD000387,CUST00076,PROD0066,1,4931.77,2026-01-11,2026-01-12,Delivered
ORD001336,CUST00401,PROD0113,2,974.15,2025-10-17,,Processing
ORD003963,CUST00055,PROD0141,3,22625.81,2025-11-17,,Returned
ORD001330,CUST00566,PROD0078,2,12507.55,2025-01-22,2025-01-26,Delivered
ORD000549,CUST00632,PROD0028,4,302.64,2025-09-23,2025-09-25,Delivered
ORD001389,CUST00373,PROD0054,4,1632.64,2026-06-16,,Processing
ORD001965,CUST00465,PROD0070,5,10505.06,2025-01-22,2025-01-29,Delivered
ORD005549,CUST00076,PROD0127,2,919.23,2026-04-05,2026-04-16,Delivered
ORD002700,CUST00749,PROD0100,2,7797.29,2025-03-28,2025-04-06,Delivered
ORD000565,CUST00507,PROD0030,0,429.82,2025-08-14,2025-08-21,Delivered
ORD004655,CUST00042,PROD0135,4,7336.91,2025-02-08,,Shipped
ORD005162,CUST00326,PROD0123,1,21424.68,2025-08-03,2025-08-08,Delivered
ORD003922,CUST00536,PROD0054,2,1632.64,2025-03-02,2025-03-03,Delivered
ORD004551,CUST00761,PROD0068,4,1375.21,2026-05-27,2026-05-30,Delivered
ORD003833,CUST00031,PROD0135,5,7336.91,2025-02-24,,Delivered
ORD000339,CUST00796,PROD0138,2,3519.99,2025-10-19,,Processing
ORD005920,CUST00726,PROD0024,3,1123.83,2025-01-02,,Returned
ORD004481,CUST00551,PROD0122,3,993.76,2026-04-17,,Processing
ORD002328,CUST00729,PROD0078,5,12507.55,2025-04-17,,Shipped
ORD004220,CUST00776,PROD0014,3,1289.47,2025-06-05,,Shipped
ORD002662,CUST00332,PROD0124,2,2908.87,2025-03-23,2025-03-26,Delivered
ORD004283,CUST00448,PROD0037,3,1155.64,2026-05-13,2026-05-18,Delivered
ORD003204,CUST00505,PROD0079,1,2916.61,2025-12-27,2026-01-08,Delivered
ORD000614,CUST00648,PROD0040,2,2990.7,2025-09-01,2025-09-07,Delivered
ORD005965,CUST00771,PROD0057,2,1462.31,2025-11-04,,Returned
ORD005230,CUST00634,PROD0150,1,2716.88,2025-05-24,,Delivered
ORD002019,CUST00320,PROD0065,4,9361.22,2025-07-11,,Returned
ORD001660,CUST00462,PROD0016,4,59834.55,2025-05-24,,Returned
ORD004799,CUST00677,PROD0070,3,10505.06,2025-08-20,,Shipped
ORD000503,CUST00722,PROD0119,3,2603.43,2026-07-23,,Returned
ORD005136,CUST00583,PROD0082,2,503.97,2025-11-16,,Delivered
ORD003806,CUST00141,PROD0129,4,17176.36,2025-05-25,2025-06-04,Delivered
ORD002433,CUST00329,PROD0002,5,2472.29,2025-01-16,,Returned
ORD003600,CUST00593,PROD0101,4,782.0,2026-07-15,2026-07-22,Delivered
ORD001058,CUST00568,PROD0132,3,305.28,2025-02-22,,Returned
ORD002848,CUST00711,PROD0088,1,34407.7,2025-01-30,2025-01-31,Delivered
ORD004522,CUST00780,PROD0018,5,18955.94,2026-02-28,2026-03-05,Delivered
ORD003281,CUST00286,PROD0094,2,1211.97,2025-04-25,,Delivered
ORD004161,CUST00026,PROD0021,2,156.01,2025-01-22,2025-02-03,Delivered
ORD004137,CUST00427,PROD0048,4,56173.09,2025-03-13,2025-03-21,Delivered
ORD004460,CUST00785,PROD0138,3,3519.99,2025-01-15,2025-01-27,Delivered
ORD005720,CUST00072,PROD0039,5,5112.85,2025-01-15,2025-01-27,Delivered
ORD000515,CUST00673,PROD0125,4,11796.3,2025-05-20,2025-05-31,Delivered
ORD002415,CUST00325,PROD0109,1,854.47,2025-08-21,,Cancelled
ORD002761,CUST00209,PROD0084,4,317.91,2026-02-16,,Cancelled
ORD003006,CUST00551,PROD0003,1,14338.6,2025-03-20,,Returned
ORD000016,CUST00502,PROD0102,1,133.37,2025-07-22,,Cancelled
ORD005850,CUST00138,PROD0142,1,1821.04,2025-02-19,,Cancelled
ORD003778,CUST00724,PROD0141,2,22625.81,2026-02-11,2026-02-17,Delivered
ORD005274,CUST00608,PROD0113,2,974.15,2025-09-12,,Cancelled
ORD001143,CUST00017,PROD0055,4,70.6,2025-02-27,,Cancelled
ORD002757,CUST00699,PROD0077,1,2052.65,2025-04-17,2025-04-26,Delivered
ORD001372,CUST00654,PROD0050,5,3898.39,2025-10-28,,Processing
ORD004377,CUST00694,PROD0099,5,14295.1,2026-04-28,2026-05-02,Delivered
ORD002286,CUST00430,PROD0126,2,8384.51,2026-05-27,,Cancelled
ORD003335,CUST00542,PROD0066,4,4931.77,2025-04-14,2025-04-17,Delivered
ORD000998,CUST00092,PROD0124,5,2908.87,2025-09-04,2025-09-07,Delivered
ORD003001,CUST00043,PROD0013,1,39659.48,2025-04-02,2025-04-03,Delivered
ORD004887,CUST00655,PROD0149,2,5764.99,2025-07-11,2025-07-15,Delivered
ORD001502,CUST00474,PROD0101,5,782.0,2025-03-15,,Returned
ORD001097,CUST00219,PROD0144,4,4806.1,2026-02-15,,Shipped
ORD002285,CUST00775,PROD0073,5,34399.58,2026-06-22,,Cancelled
ORD005051,CUST00204,PROD0103,3,11738.74,2026-03-21,,Returned
ORD005475,CUST00111,PROD0042,4,915.41,2026-04-17,2026-04-23,Delivered
ORD001397,CUST00575,PROD0036,3,559.64,2025-04-30,2025-05-12,Delivered
ORD005221,CUST00063,PROD0086,2,1450.41,2026-06-05,,Delivered
ORD001399,CUST00289,PROD0117,5,430.76,2025-03-17,2025-03-24,Delivered
ORD003490,CUST00364,PROD0074,4,2124.57,2026-07-16,,Cancelled
ORD001101,CUST00264,PROD0075,1,209.7,2025-06-01,2025-06-06,Delivered
ORD005206,CUST00317,PROD0118,3,828.66,2025-07-22,,Processing
ORD000207,CUST00247,PROD0130,4,314.99,2026-05-23,2026-05-31,Delivered
ORD005890,CUST00521,PROD0134,5,3036.32,2025-12-19,2025-12-21,Delivered
ORD003113,CUST00422,PROD0139,3,4171.69,2026-03-20,2026-03-29,Delivered
ORD003953,CUST00642,PROD0046,2,51.86,2026-07-05,2026-07-15,Delivered
ORD003863,CUST00052,PROD0148,3,985.06,2025-04-16,,Returned
ORD003589,CUST00175,PROD0097,3,166.92,2026-05-20,,Processing
ORD004835,CUST00655,PROD0099,4,14295.1,2025-12-28,2025-12-29,Delivered
ORD001553,CUST00449,PROD0046,4,51.86,2026-05-28,2026-06-07,Delivered
ORD003330,CUST00143,PROD0081,5,4820.76,2026-05-13,2026-05-15,Delivered
ORD005022,CUST00534,PROD0038,1,8563.39,2026-06-25,2026-06-28,Delivered
ORD004284,CUST00672,PROD0057,3,1462.31,2025-03-22,2025-03-26,Delivered
ORD002828,CUST00160,PROD0089,2,16755.29,2025-11-17,,Cancelled
ORD000826,CUST00030,PROD0100,2,7797.29,2026-02-09,2026-02-20,Delivered
ORD004682,CUST00660,PROD0011,4,1483.6,2025-08-21,2025-08-28,Delivered
ORD005432,CUST00658,PROD0082,4,503.97,2025-01-15,2025-01-27,Delivered
ORD003058,CUST00102,PROD0008,2,545.71,2026-06-24,2026-06-27,Delivered
ORD005792,CUST00755,PROD0050,4,3898.39,2025-08-21,,Shipped
ORD000776,CUST00567,PROD0114,4,1292.66,2026-04-28,,Returned
ORD000878,CUST00329,PROD0033,3,5639.02,2026-03-23,,Processing
ORD002809,CUST00638,PROD0143,3,1730.89,2025-07-16,,Shipped
ORD000869,CUST00096,PROD0088,1,34407.7,2025-12-08,2025-12-10,Delivered
ORD005515,CUST00203,PROD0102,4,133.37,2026-04-09,,Shipped
ORD004331,CUST00501,PROD0143,5,1730.89,2025-05-24,2025-06-02,Delivered
ORD002869,CUST00216,PROD0137,2,1360.59,2026-05-01,2026-05-12,Delivered
ORD005182,CUST00393,PROD0117,1,430.76,2025-05-24,,Returned
ORD000427,CUST00721,PROD0091,3,1751.39,2025-11-06,,Shipped
ORD000462,CUST00172,PROD0149,3,5764.99,2025-02-06,,Shipped
ORD003984,CUST00744,PROD0101,3,782.0,2025-07-29,2025-08-05,Delivered
ORD005098,CUST00568,PROD0020,3,4298.98,2025-03-29,2025-04-01,Delivered
ORD004257,CUST00237,PROD0015,3,2263.06,2025-10-30,2025-11-08,Delivered
ORD003977,CUST00373,PROD0033,3,5639.02,2025-07-15,,Returned
ORD003748,CUST00390,PROD0088,2,34407.7,2025-03-08,,Returned
ORD004462,CUST00660,PROD0014,4,1289.47,2025-03-30,,Returned
ORD003130,CUST00506,PROD0083,4,385.32,2025-10-15,2025-10-26,Delivered
ORD002104,CUST00204,PROD0090,3,955.06,2026-04-09,2026-04-10,Delivered
ORD001479,CUST00340,PROD0106,2,3327.3,2025-07-12,2025-07-15,Delivered
ORD002295,CUST00540,PROD0119,3,2603.43,2025-09-24,,Shipped
ORD005553,CUST00318,PROD0023,5,11903.15,2025-11-05,,Cancelled
ORD005731,CUST00364,PROD0086,2,1450.41,2026-06-08,2026-06-20,Delivered
ORD004321,CUST00203,PROD0033,1,5639.02,2025-05-05,,Delivered
ORD005315,CUST00269,PROD0141,5,22625.81,2025-08-25,2025-08-27,Delivered
ORD004506,CUST00065,PROD0021,3,156.01,2026-03-17,,Returned
ORD003811,CUST00287,PROD0098,2,648.17,2026-05-22,2026-06-03,Delivered
ORD000544,CUST00432,PROD0076,4,32834.68,2025-03-19,,Returned
ORD001656,CUST00776,PROD0058,2,4704.83,2026-07-08,,Cancelled
ORD000470,CUST00707,PROD0055,1,70.6,2025-07-26,,Shipped
ORD001020,CUST00271,PROD0014,1,1289.47,2026-06-12,,Processing
ORD002453,CUST00311,PROD0130,3,314.99,2026-06-11,,Cancelled
ORD000274,CUST00795,PROD0046,5,51.86,2025-05-30,,Processing
ORD000846,CUST00283,PROD0018,3,18955.94,2025-04-02,2025-04-05,Delivered
ORD003171,CUST00613,PROD0109,1,854.47,2026-07-13,,Returned
ORD002281,CUST00731,PROD0086,1,1450.41,2025-05-20,2025-05-21,Delivered
ORD001210,CUST00029,PROD0046,5,51.86,2025-02-02,,Processing
ORD004652,CUST00580,PROD0126,5,8384.51,2026-07-23,2026-07-24,Delivered
ORD003619,CUST00730,PROD0137,3,1360.59,2025-04-23,2025-04-30,Delivered
ORD003320,CUST00502,PROD0039,2,5112.85,2026-05-20,,Returned
ORD000967,CUST00307,PROD0117,3,430.76,2026-01-20,,Returned
ORD005978,CUST00027,PROD0093,4,513.19,2025-04-30,2025-05-11,Delivered
ORD002121,CUST00522,PROD0140,1,899.29,2025-11-26,2025-12-07,Delivered
ORD001509,CUST00233,PROD0042,3,915.41,2025-05-12,,Cancelled
ORD003388,CUST00366,PROD0115,5,55563.32,2025-11-27,2025-12-08,Delivered
ORD003161,CUST00169,PROD0106,4,3327.3,2025-02-04,2025-02-08,Delivered
ORD000665,CUST00754,PROD0027,2,331.1,2025-03-08,2025-03-14,Delivered
ORD002598,CUST00318,PROD0118,2,828.66,2026-01-10,,Processing
ORD003687,CUST00769,PROD0138,3,3519.99,2025-09-28,2025-10-10,Delivered
ORD002490,CUST00325,PROD0142,1,1821.04,2026-01-13,2026-01-21,Delivered
ORD001552,CUST00377,PROD0053,5,379.38,2026-04-18,2026-04-29,Delivered
ORD002739,CUST00139,PROD0005,3,560.65,2026-05-30,,Returned
ORD003941,CUST00207,PROD0079,4,2916.61,2025-11-11,2025-11-15,Delivered
ORD000092,CUST00302,PROD0057,2,1462.31,2025-07-22,,Processing
ORD002371,CUST00624,PROD0146,1,9127.13,2026-04-02,2026-04-14,Delivered
ORD002767,CUST00266,PROD0135,1,7336.91,2025-06-14,2025-06-16,Delivered
ORD002249,CUST00293,PROD0048,2,56173.09,2026-01-13,,Shipped
ORD004063,CUST00743,PROD0062,3,25032.52,2025-12-31,,Cancelled
ORD003211,CUST00132,PROD0150,1,2716.88,2025-05-13,,Shipped
ORD003494,CUST00620,PROD0129,1,17176.36,2025-04-14,2025-04-26,Delivered
ORD001771,CUST00404,PROD0051,2,1399.76,2026-02-26,,Returned
ORD000009,CUST00287,PROD0119,5,2603.43,2026-05-28,,Processing
ORD005430,CUST00429,PROD0048,1,56173.09,2025-04-26,,Processing
ORD003838,CUST00445,PROD0015,2,2263.06,2026-05-03,,Processing
ORD003287,CUST00597,PROD0090,5,955.06,2025-08-05,,Shipped
ORD002658,CUST00190,PROD0041,1,543.32,2025-03-14,,Returned
ORD001686,CUST00327,PROD0087,4,13732.01,2026-01-06,,Delivered
ORD004691,CUST00424,PROD0014,1,1289.47,2026-07-11,,Shipped
ORD003394,CUST00182,PROD0053,5,379.38,2025-01-24,2025-02-04,Delivered
ORD002089,CUST00170,PROD0063,5,869.54,2026-06-27,,Returned
ORD001046,CUST00517,PROD0070,5,10505.06,2025-04-12,2025-04-18,Delivered
ORD003124,CUST00544,PROD0068,3,1375.21,2025-02-23,,Processing
ORD001288,CUST00324,PROD0078,2,12507.55,2026-06-09,2026-06-19,Delivered
ORD001263,CUST00124,PROD0012,1,4952.6,2025-10-25,2025-10-28,Delivered
ORD000217,CUST00030,PROD0028,3,302.64,2025-07-20,2025-07-27,Delivered
ORD001793,CUST00234,PROD0082,5,503.97,2025-04-27,2025-04-29,Delivered
ORD001736,CUST00248,PROD0100,2,7797.29,2026-01-16,2026-01-19,Delivered
ORD002234,CUST00407,PROD0146,2,9127.13,2025-03-16,2025-03-18,Delivered
ORD003003,CUST00475,PROD0143,4,1730.89,2025-02-16,,Cancelled
ORD001809,CUST00550,PROD0116,3,8033.73,2026-05-07,,Returned
ORD005234,CUST00055,PROD0027,4,331.1,2025-10-31,2025-11-11,Delivered
ORD005516,CUST00611,PROD0009,1,390.58,2025-03-11,2025-03-16,Delivered
ORD005734,CUST00491,PROD0057,2,1462.31,2025-03-19,,Processing
ORD004262,CUST00528,PROD0075,2,209.7,2025-11-17,,Shipped
ORD004256,CUST00127,PROD0036,3,559.64,2025-10-25,,Processing
ORD005918,CUST00357,PROD0100,3,7797.29,2026-06-29,,Processing
ORD001359,CUST00399,PROD0071,3,632.25,2026-05-22,2026-06-02,Delivered
ORD005039,CUST00142,PROD0076,3,32834.68,2025-06-02,2025-06-08,Delivered
ORD002780,CUST00493,PROD0017,5,4701.06,2026-05-04,2026-05-11,Delivered
ORD003739,CUST00402,PROD0041,4,543.32,2026-07-29,,Shipped
ORD000499,CUST00561,PROD0028,3,302.64,2026-07-24,2026-07-29,Delivered
ORD004083,CUST00155,PROD0078,1,12507.55,2026-07-04,,Returned
ORD000939,CUST00396,PROD0137,4,1360.59,2025-06-22,2025-07-03,Delivered
ORD001200,CUST00003,PROD0033,5,5639.02,2025-05-02,,Cancelled
ORD004251,CUST00390,PROD0038,1,8563.39,2025-02-03,,Processing
ORD004893,CUST00413,PROD0120,3,418.7,2026-03-14,,Cancelled
ORD001267,CUST00798,PROD0070,5,10505.06,2025-01-22,,Cancelled
ORD004182,CUST00024,PROD0061,5,1083.6,2026-02-26,,Cancelled
ORD005704,CUST00165,PROD0144,4,4806.1,2025-07-09,2025-07-19,Delivered
ORD004767,CUST00250,PROD0059,5,685.94,2025-08-15,2025-08-18,Delivered
ORD004371,CUST00003,PROD0033,2,5639.02,2026-03-16,,Delivered
ORD004030,CUST00601,PROD0145,5,2463.88,2025-04-13,2025-04-21,Delivered
ORD001767,CUST00350,PROD0139,4,4171.69,2025-11-04,,Cancelled
ORD001069,CUST00004,PROD0036,3,559.64,2026-03-21,,Processing
ORD002971,CUST00700,PROD0118,1,828.66,2025-01-31,2025-02-04,Delivered
ORD003471,CUST00198,PROD0096,4,32150.75,2025-05-24,2025-05-26,Delivered
ORD003482,CUST00730,PROD0104,3,1042.65,2025-12-07,2025-12-12,Delivered
ORD001014,CUST00522,PROD0122,3,993.76,2026-02-05,2026-02-14,Delivered
ORD003129,CUST00358,PROD0012,4,4952.6,2025-01-22,2025-01-30,Delivered
ORD000525,CUST00172,PROD0078,0,12507.55,2025-09-24,,Returned
ORD000435,CUST00365,PROD0106,3,3327.3,2026-03-30,,Shipped
ORD002946,CUST00216,PROD0075,4,209.7,2026-04-10,,Delivered
ORD002044,CUST00376,PROD0137,2,1360.59,2026-05-06,,Processing
ORD005212,CUST00196,PROD0046,1,51.86,2025-11-13,2025-11-24,Delivered
ORD001936,CUST00274,PROD0146,4,9127.13,2025-07-23,2025-07-30,Delivered
ORD002324,CUST00177,PROD0023,1,11903.15,2025-04-26,,Cancelled
ORD000325,CUST00069,PROD0148,2,985.06,2025-02-25,,Cancelled
ORD001427,CUST00084,PROD0024,2,1123.83,2026-02-21,,Shipped
ORD003499,CUST00480,PROD0051,5,1399.76,2025-11-01,,Cancelled
ORD000589,CUST00374,PROD0110,2,1192.79,2025-09-11,,Cancelled
ORD004738,CUST00248,PROD0029,2,901.03,2025-04-15,,Cancelled
ORD001024,CUST00755,PROD0003,1,14338.6,2025-04-30,2025-05-08,Delivered
ORD004520,CUST00738,PROD0034,2,2546.45,2026-04-06,,Shipped
ORD005755,CUST00274,PROD0127,1,919.23,2025-12-09,2025-12-15,Delivered
ORD000988,CUST00221,PROD0134,3,3036.32,2026-05-13,,Processing
ORD004815,CUST00716,PROD0083,5,385.32,2026-04-03,2026-04-04,Delivered
ORD004519,CUST00039,PROD0008,3,545.71,2025-08-26,,Cancelled
ORD003551,CUST00683,PROD0075,1,209.7,2026-01-04,2026-01-14,Delivered
ORD000249,CUST00701,PROD0019,2,4410.8,2025-01-25,,Processing
ORD005015,CUST00380,PROD0015,2,2263.06,2026-04-11,,Delivered
ORD000736,CUST00111,PROD0098,3,648.17,2026-02-09,,Delivered
ORD001501,CUST00697,PROD0035,4,4733.42,2025-12-01,,Cancelled
ORD004243,CUST00214,PROD0114,5,1292.66,2026-01-16,,Shipped
ORD004536,CUST00370,PROD0087,2,13732.01,2026-04-28,,Returned
ORD002687,CUST00227,PROD0085,5,4763.96,2026-03-07,,Returned
ORD003122,CUST00068,PROD0023,3,11903.15,2025-06-29,2025-06-30,Delivered
ORD002883,CUST00399,PROD0097,4,166.92,2025-01-05,2025-01-10,Delivered
ORD002753,CUST00638,PROD0050,2,3898.39,2025-04-20,2025-04-21,Delivered
ORD005092,CUST00639,PROD0001,2,2002.86,2025-05-07,,Processing
ORD003469,CUST00431,PROD0064,2,3664.82,2026-06-16,2026-06-19,Delivered
ORD004970,CUST00411,PROD0134,1,3036.32,2026-02-27,,Cancelled
ORD004649,CUST00257,PROD0145,3,2463.88,2026-07-27,2026-08-08,Delivered
ORD005226,CUST00458,PROD0063,1,869.54,2025-11-10,,Shipped
ORD004986,CUST00164,PROD0053,5,379.38,2026-02-28,,Shipped
ORD004303,CUST00051,PROD0018,4,18955.94,2025-01-13,2025-01-20,Delivered
ORD002077,CUST00727,PROD0052,2,1448.8,2025-07-31,,Processing
ORD002587,CUST00269,PROD0101,4,782.0,2025-02-11,2025-02-23,Delivered
ORD004061,CUST00133,PROD0029,3,901.03,2025-08-31,,Cancelled
ORD005066,CUST00511,PROD0056,1,861.22,2025-11-25,,Cancelled
ORD001927,CUST00148,PROD0062,5,25032.52,2025-07-15,,Shipped
ORD005162,CUST00326,PROD0123,1,21424.68,2025-08-03,2025-08-08,Delivered
ORD000191,CUST00507,PROD0128,2,3825.7,2025-07-24,2025-07-30,Delivered
ORD004480,CUST00348,PROD0009,1,390.58,2025-01-13,,Returned
ORD002888,CUST00239,PROD0003,3,14338.6,2025-05-27,,Cancelled
ORD001989,CUST00568,PROD0050,4,3898.39,2025-07-18,2025-07-25,Delivered
ORD000094,CUST00758,PROD0114,2,1292.66,2025-04-05,2025-04-06,Delivered
ORD002232,CUST00159,PROD0084,2,317.91,2025-03-30,,Processing
ORD004556,CUST00237,PROD0143,5,1730.89,2025-11-27,2025-11-29,Delivered
ORD001213,CUST00675,PROD0056,3,861.22,2025-04-28,2025-05-04,Delivered
ORD002750,CUST00340,PROD0149,4,5764.99,2025-08-27,2025-09-04,Delivered
ORD003005,CUST00724,PROD0149,3,5764.99,2026-04-23,,Processing
ORD003855,CUST00698,PROD0076,1,32834.68,2025-07-04,2025-07-15,Delivered
ORD005311,CUST00237,PROD0004,4,2001.32,2025-05-06,2025-05-17,Delivered
ORD003063,CUST00573,PROD0104,5,1042.65,2026-07-21,2026-07-27,Delivered
ORD003625,CUST00732,PROD0146,4,9127.13,2025-05-21,2025-05-30,Delivered
ORD005513,CUST00274,PROD0059,2,685.94,2025-04-26,2025-05-05,Delivered
ORD004204,CUST00395,PROD0145,1,2463.88,2025-02-08,2025-02-15,Delivered
ORD001000,CUST00399,PROD0072,2,263.08,2025-09-21,2025-10-02,Delivered
ORD003029,CUST00609,PROD0085,2,4763.96,2025-11-14,,Delivered
ORD001119,CUST00274,PROD0107,2,328.16,2025-01-02,2025-01-06,Delivered
ORD005973,CUST00503,PROD0125,4,11796.3,2025-08-30,,Cancelled
ORD001430,CUST00244,PROD0102,2,133.37,2026-04-03,,Returned
ORD002746,CUST00456,PROD0040,1,2990.7,2026-03-05,,Cancelled
ORD001852,CUST00075,PROD0043,4,2444.21,2025-08-06,2025-08-17,Delivered
ORD001513,CUST00578,PROD0046,4,51.86,2026-06-29,,Delivered
ORD000133,CUST00477,PROD0025,1,4203.28,2025-12-19,,Cancelled
ORD003820,CUST00263,PROD0015,4,2263.06,2025-12-04,2025-12-09,Delivered
ORD003826,CUST00208,PROD0015,3,2263.06,2025-06-15,2025-06-23,Delivered
ORD004892,CUST00552,PROD0149,4,5764.99,2025-07-30,,Shipped
ORD003503,CUST00556,PROD0021,1,156.01,2025-07-05,,Cancelled
ORD002131,CUST00570,PROD0093,5,513.19,2025-10-09,2025-10-16,Delivered
ORD003883,CUST00363,PROD0067,4,4271.55,2025-05-08,,Delivered
ORD005370,CUST00734,PROD0018,2,18955.94,2025-02-14,,Returned
ORD001616,CUST00295,PROD0100,1,7797.29,2025-01-09,,Processing
ORD004830,CUST00739,PROD0012,2,4952.6,2025-08-08,2025-08-11,Delivered
ORD004420,CUST00201,PROD0001,4,2002.86,2026-06-05,2026-06-12,Delivered
ORD003177,CUST00465,PROD0104,5,1042.65,2025-10-26,2025-10-30,Delivered
ORD003656,CUST00795,PROD0100,4,7797.29,2025-05-26,,Returned
ORD005413,CUST00224,PROD0106,5,3327.3,2025-06-19,2025-07-01,Delivered
ORD002646,CUST00658,PROD0123,2,21424.68,2025-03-10,2025-03-19,Delivered
ORD005566,CUST00142,PROD0028,3,302.64,2025-05-07,,Shipped
ORD001202,CUST00683,PROD0003,5,14338.6,2025-06-06,2025-06-16,Delivered
ORD003708,CUST00502,PROD0140,5,899.29,2026-01-02,2026-01-14,Delivered
ORD004596,CUST00481,PROD0101,3,782.0,2025-03-01,,Returned
ORD000277,CUST00792,PROD0121,4,751.76,2025-02-17,,Processing
ORD001344,CUST00138,PROD0070,3,10505.06,2026-01-29,2026-01-30,Delivered
ORD003443,CUST00373,PROD0098,5,648.17,2025-12-09,2025-12-20,Delivered
ORD002172,CUST00013,PROD0023,1,11903.15,2026-01-31,,Returned
ORD005962,CUST00743,PROD0126,3,8384.51,2025-09-17,,Cancelled
ORD003771,CUST00455,PROD0017,1,4701.06,2025-12-06,2025-12-18,Delivered
ORD005154,CUST00799,PROD0053,2,379.38,2025-04-18,,Cancelled
ORD001944,CUST00719,PROD0070,4,10505.06,2025-05-08,2025-05-15,Delivered
ORD001974,CUST00716,PROD0096,1,32150.75,2025-11-19,2025-11-20,Delivered
ORD000348,CUST00133,PROD0022,4,459.17,2025-11-13,2025-11-25,Delivered
ORD001935,CUST00054,PROD0127,4,919.23,2026-07-18,,Shipped
ORD000587,CUST00708,PROD0044,5,1423.72,2026-07-21,2026-07-28,Delivered
ORD000087,CUST00481,PROD0054,4,1632.64,2025-11-12,,Shipped
ORD000655,CUST00047,PROD0149,1,5764.99,2026-06-26,2026-07-01,Delivered
ORD003277,CUST00044,PROD0003,5,14338.6,2026-07-13,2026-07-14,Delivered
ORD005179,CUST00096,PROD0101,2,782.0,2025-02-03,,Shipped
ORD005559,CUST00111,PROD0029,5,901.03,2025-12-05,2025-12-11,Delivered
ORD001282,CUST00474,PROD0080,2,4686.49,2026-03-23,2026-04-03,Delivered
ORD002868,CUST00401,PROD0102,1,133.37,2025-05-05,2025-05-15,Delivered
ORD002251,CUST00213,PROD0117,5,430.76,2025-02-09,2025-02-12,Delivered
ORD001933,CUST00353,PROD0146,4,9127.13,2026-07-05,2026-07-10,Delivered
ORD001438,CUST00255,PROD0033,1,5639.02,2025-06-15,2025-06-18,Delivered
ORD001828,CUST00203,PROD0069,1,58378.98,2026-04-06,2026-04-11,Delivered
ORD002087,CUST00504,PROD0026,3,4912.92,2026-06-13,,Cancelled
ORD002934,CUST00241,PROD0143,4,1730.89,2026-06-11,2026-06-15,Delivered
ORD000690,CUST00169,PROD0112,2,1969.23,2026-05-24,2026-06-02,Delivered
ORD002498,CUST00190,PROD0130,2,314.99,2025-01-03,2025-01-06,Delivered
ORD005622,CUST00632,PROD0089,2,16755.29,2025-04-21,2025-05-03,Delivered
ORD001952,CUST00407,PROD0071,2,632.25,2025-10-25,,Cancelled
ORD003717,CUST00263,PROD0142,5,1821.04,2025-07-12,2025-07-15,Delivered
ORD001157,CUST00356,PROD0100,2,7797.29,2025-08-02,2025-08-05,Delivered
ORD005823,CUST00251,PROD0074,1,2124.57,2025-11-29,2025-12-04,Delivered
ORD002026,CUST00276,PROD0130,3,314.99,2026-06-28,2026-07-05,Delivered
ORD002561,CUST00244,PROD0033,1,5639.02,2026-04-01,2026-04-07,Delivered
ORD005641,CUST00730,PROD0028,5,302.64,2025-12-02,,Cancelled
ORD004817,CUST00214,PROD0049,1,191.03,2026-01-16,,Cancelled
ORD003331,CUST00585,PROD0147,4,4832.5,2026-07-09,2026-07-14,Delivered
ORD002635,CUST00483,PROD0090,1,955.06,2026-04-26,2026-04-27,Delivered
ORD002665,CUST00626,PROD0080,2,4686.49,2025-04-29,2025-05-10,Delivered
ORD003318,CUST00148,PROD0112,5,1969.23,2025-03-13,,Delivered
ORD002376,CUST00576,PROD0029,1,901.03,2026-04-01,,Shipped
ORD002029,CUST00269,PROD0119,5,2603.43,2025-08-25,2025-09-02,Delivered
ORD000847,CUST00383,PROD0111,2,42616.44,2026-06-01,,Processing
ORD005233,CUST00562,PROD0065,4,9361.22,2025-02-01,2025-02-08,Delivered
ORD000669,CUST00576,PROD0117,1,430.76,2025-05-06,,Returned
ORD003688,CUST00196,PROD0075,1,209.7,2025-02-10,2025-02-11,Delivered
ORD005729,CUST00528,PROD0010,4,11743.74,2026-03-01,2026-03-04,Delivered
ORD003756,CUST00354,PROD0078,3,12507.55,2026-01-02,2026-01-14,Delivered
ORD004810,CUST00763,PROD0084,1,317.91,2025-03-11,,Delivered
ORD000844,CUST00765,PROD0070,5,10505.06,2025-09-14,,Processing
ORD003359,CUST00571,PROD0063,4,869.54,2025-07-18,,Shipped
ORD001724,CUST00249,PROD0145,5,2463.88,2026-06-29,,Cancelled
ORD004875,CUST00238,PROD0050,4,3898.39,2025-10-08,,Returned
ORD004044,CUST00594,PROD0120,5,418.7,2025-12-11,,Shipped
ORD005789,CUST00642,PROD0144,5,4806.1,2026-07-01,,Processing
ORD004585,CUST00014,PROD0023,2,11903.15,2026-05-30,2026-05-31,Delivered
ORD001702,CUST00184,PROD0071,5,632.25,2025-09-16,,Returned
ORD002080,CUST00329,PROD0118,5,828.66,2025-10-24,,Cancelled
ORD004316,CUST00142,PROD0039,2,5112.85,2026-07-28,,Cancelled
ORD005076,CUST00416,PROD0090,2,955.06,2026-05-30,2026-06-11,Delivered
ORD002549,CUST00304,PROD0019,4,4410.8,2025-08-06,,Processing
ORD002233,CUST00600,PROD0086,5,1450.41,2026-04-04,,Shipped
ORD000912,CUST00732,PROD0054,4,1632.64,2025-08-28,,Returned
ORD002876,CUST00449,PROD0016,1,59834.55,2025-12-08,,Processing
ORD005343,CUST00319,PROD0145,5,2463.88,2025-02-19,2025-02-22,Delivered
ORD005628,CUST00559,PROD0002,1,2472.29,2025-12-02,,Shipped
ORD000593,CUST00010,PROD0105,2,32176.55,2025-05-16,,Shipped
ORD004475,CUST00677,PROD0096,4,32150.75,2026-01-24,2026-02-04,Delivered
ORD000845,CUST00599,PROD0055,5,70.6,2026-06-07,2026-06-10,Delivered
ORD005871,CUST00167,PROD0099,3,14295.1,2026-01-26,2026-01-29,Delivered
ORD005599,CUST00577,PROD0078,5,12507.55,2026-05-09,,Cancelled
ORD004357,CUST00654,PROD0022,1,459.17,2025-03-07,2025-03-14,Delivered
ORD000696,CUST00704,PROD0148,4,985.06,2025-08-07,,Shipped
ORD000757,CUST00275,PROD0080,5,4686.49,2025-05-15,2025-05-21,Delivered
ORD000832,CUST00065,PROD0107,1,328.16,2026-06-25,,Cancelled
ORD000644,CUST00644,PROD0125,4,11796.3,2025-12-15,2025-12-19,Delivered
ORD004079,CUST00383,PROD0074,1,2124.57,2025-04-23,2025-05-05,Delivered
ORD000074,CUST00684,PROD0129,1,17176.36,2025-07-03,2025-07-10,Delivered
ORD002836,CUST00360,PROD0126,5,8384.51,2026-07-02,2026-07-06,Delivered
ORD005647,CUST00263,PROD0001,4,2002.86,2025-04-14,2025-04-20,Delivered
ORD000308,CUST00793,PROD0133,2,1400.65,2025-06-23,,Processing
ORD003981,CUST00334,PROD0047,3,26286.3,2025-01-14,,Processing
ORD001678,CUST00063,PROD0007,2,40685.29,2025-07-05,,Processing
ORD000687,CUST00571,PROD0121,5,751.76,2025-01-23,,Cancelled
ORD004477,CUST00437,PROD0001,1,2002.86,2026-04-26,2026-05-04,Delivered
ORD000026,CUST00219,PROD0144,5,4806.1,2026-05-22,,Returned
ORD002050,CUST00796,PROD0087,4,13732.01,2025-01-08,,Returned
ORD002884,CUST00601,PROD0097,3,166.92,2025-09-20,,Cancelled
ORD002046,CUST00238,PROD0043,2,2444.21,2026-05-11,2026-05-23,Delivered
ORD005054,CUST00754,PROD0062,5,25032.52,2026-04-16,,Delivered
ORD004638,CUST00098,PROD0125,5,11796.3,2025-12-05,,Processing
ORD003134,CUST00074,PROD0114,4,1292.66,2025-05-31,2025-06-04,Delivered
ORD002602,CUST00644,PROD0100,5,7797.29,2025-10-03,,Processing
ORD000353,CUST00594,PROD0106,3,3327.3,2025-06-09,2025-06-10,Delivered
ORD004726,CUST00330,PROD0006,5,812.36,2025-07-22,2025-07-29,Delivered
ORD000151,CUST00714,PROD0015,2,2263.06,2025-02-03,2025-02-09,Delivered
ORD001318,CUST00687,PROD0136,4,18573.07,2025-07-14,,Returned
ORD005214,CUST00063,PROD0035,3,4733.42,2026-03-11,2026-03-18,Delivered
ORD000904,CUST00419,PROD0091,2,1751.39,2025-02-12,,Processing
ORD002781,CUST00765,PROD0127,4,919.23,2025-04-08,2025-04-15,Delivered
ORD001354,CUST00364,PROD0065,5,9361.22,2025-01-13,,Shipped
ORD000048,CUST00657,PROD0109,2,854.47,2026-05-05,2026-05-12,Delivered
ORD001691,CUST00139,PROD0011,2,1483.6,2026-07-16,,Shipped
ORD002076,CUST00125,PROD0095,3,6063.96,2026-02-25,,Shipped
ORD001476,CUST00571,PROD0044,1,1423.72,2025-08-11,,Processing
ORD005153,CUST00094,PROD0149,4,5764.99,2025-09-08,2025-09-10,Delivered
ORD000950,CUST00211,PROD0128,1,3825.7,2026-07-04,2026-07-09,Delivered
ORD001135,CUST00088,PROD0007,4,40685.29,2026-01-16,2026-01-27,Delivered
ORD001168,CUST00350,PROD0022,2,459.17,2025-04-21,,Cancelled
ORD000799,CUST00188,PROD0093,1,513.19,2026-03-30,2026-04-11,Delivered
ORD005524,CUST00168,PROD0056,5,861.22,2025-10-07,,Delivered
ORD003746,CUST00494,PROD0090,1,955.06,2025-12-29,2026-01-10,Delivered
ORD000375,CUST00452,PROD0033,4,5639.02,2025-08-27,,Processing
ORD005300,CUST00081,PROD0110,1,1192.79,2025-01-26,,Shipped
ORD004935,CUST00002,PROD0085,3,4763.96,2025-09-26,,Returned
ORD003604,CUST00117,PROD0128,1,3825.7,2025-03-27,2025-04-06,Delivered
ORD002964,CUST00445,PROD0084,2,317.91,2026-04-24,,Processing
ORD003292,CUST00523,PROD0040,4,2990.7,2026-02-20,2026-02-24,Delivered
ORD003725,CUST00218,PROD0089,2,16755.29,2025-07-05,2025-07-09,Delivered
ORD004267,CUST00257,PROD0084,4,317.91,2025-02-27,2025-03-02,Delivered
ORD001072,CUST00442,PROD0069,1,58378.98,2026-03-08,,Returned
ORD004329,CUST00105,PROD0019,5,4410.8,2026-04-16,,Shipped
ORD002955,CUST00697,PROD0024,5,1123.83,2026-07-23,,Processing
ORD001673,CUST00442,PROD0069,1,58378.98,2026-05-15,,Cancelled
ORD005224,CUST00500,PROD0092,2,1419.85,2025-10-15,,Returned
ORD001569,CUST00354,PROD0044,3,1423.72,2025-06-09,,Processing
ORD005760,CUST00789,PROD0102,3,133.37,2026-05-14,,Returned
ORD005514,CUST00528,PROD0068,5,1375.21,2026-07-16,,Delivered
ORD005202,CUST00303,PROD0032,1,1176.78,2025-07-16,2025-07-25,Delivered
ORD004692,CUST00587,PROD0054,3,1632.64,2025-02-04,,Returned
ORD005526,CUST00530,PROD0007,2,40685.29,2026-06-28,,Cancelled
ORD005574,CUST00221,PROD0092,1,1419.85,2026-01-29,2026-02-10,Delivered
ORD001540,CUST00368,PROD0032,1,1176.78,2026-02-10,2026-02-12,Delivered
ORD005698,CUST00217,PROD0087,1,13732.01,2025-11-21,,Returned
ORD001599,CUST00732,PROD0123,5,21424.68,2026-04-27,,Cancelled
ORD004999,CUST00197,PROD0122,4,993.76,2026-02-25,2026-03-05,Delivered
ORD002311,CUST00419,PROD0063,2,869.54,2025-06-02,2025-06-05,Delivered
ORD000843,CUST00062,PROD0001,4,2002.86,2025-10-24,2025-10-25,Delivered
ORD003467,CUST00737,PROD0027,3,331.1,2025-03-19,,Processing
ORD001446,CUST00358,PROD0080,2,4686.49,2025-07-24,,Returned
ORD003491,CUST00438,PROD0148,1,985.06,2026-02-27,,Cancelled
ORD001396,CUST00124,PROD0031,4,2204.46,2026-03-19,,Shipped
ORD002517,CUST00718,PROD0135,2,7336.91,2025-12-12,,Cancelled
ORD002213,CUST00008,PROD0092,2,1419.85,2025-07-27,,Cancelled
ORD004902,CUST00717,PROD0047,4,26286.3,2025-02-02,,Returned
ORD005663,CUST00147,PROD0090,3,955.06,2025-05-09,,Shipped
ORD000974,CUST00633,PROD0008,2,545.71,2025-09-25,,Returned
ORD000574,CUST00314,PROD0136,1,18573.07,2026-01-06,2026-01-14,Delivered
ORD003676,CUST00570,PROD0149,1,5764.99,2025-09-22,,Delivered
ORD001497,CUST00211,PROD0079,1,2916.61,2025-07-09,2025-07-16,Delivered
ORD001190,CUST00323,PROD0023,1,11903.15,2026-02-26,,Returned
ORD001061,CUST00280,PROD0001,5,2002.86,2026-02-08,,Shipped
ORD000946,CUST00370,PROD0102,4,133.37,2025-05-04,2025-05-06,Delivered
ORD000251,CUST00007,PROD0019,5,4410.8,2025-08-22,,Cancelled
ORD004524,CUST00070,PROD0004,4,2001.32,2026-07-12,,Returned
ORD002242,CUST00527,PROD0092,2,1419.85,2025-08-29,,Cancelled
ORD004054,CUST00777,PROD0063,3,869.54,2025-05-08,,Processing
ORD001820,CUST00531,PROD0107,4,328.16,2025-01-14,2025-01-20,Delivered
ORD003183,CUST00521,PROD0063,1,869.54,2025-05-31,,Returned
ORD005293,CUST00446,PROD0118,5,828.66,2025-12-24,2025-12-30,Delivered
ORD000220,CUST00246,PROD0124,5,2908.87,2025-07-01,2025-07-13,Delivered
ORD004850,CUST00106,PROD0027,2,331.1,2026-02-24,,Cancelled
ORD000792,CUST00461,PROD0029,1,901.03,2025-04-15,2025-04-24,Delivered
ORD002079,CUST00671,PROD0065,1,9361.22,2026-03-20,2026-03-21,Delivered
ORD000240,CUST00117,PROD0048,5,56173.09,2025-03-11,2025-03-18,Delivered
ORD000349,CUST00308,PROD0033,2,5639.02,2026-06-24,2026-06-25,Delivered
ORD000177,CUST00033,PROD0110,4,1192.79,2026-03-16,,Cancelled
ORD001180,CUST00678,PROD0082,1,503.97,2025-06-04,2025-06-12,Delivered
ORD003852,CUST00429,PROD0049,3,191.03,2025-04-06,,Cancelled
ORD005714,CUST00533,PROD0016,5,59834.55,2026-03-04,,Cancelled
ORD005401,CUST00484,PROD0049,5,191.03,2025-06-06,,Processing
ORD001081,CUST00049,PROD0098,4,648.17,2026-06-22,2026-06-26,Delivered
ORD001631,CUST00324,PROD0121,1,751.76,2025-03-04,2025-03-16,Delivered
ORD002204,CUST00195,PROD0072,1,263.08,2025-10-28,2025-11-09,Delivered
ORD002445,CUST00284,PROD0138,5,3519.99,2026-05-19,2026-05-27,Delivered
ORD005842,CUST00278,PROD0111,3,42616.44,2025-09-12,2025-09-15,Delivered
ORD003840,CUST00252,PROD0141,1,22625.81,2025-06-06,,Shipped
ORD003874,CUST00053,PROD0133,5,1400.65,2025-08-24,,Shipped
ORD002325,CUST00451,PROD0034,2,2546.45,2025-02-12,2025-02-20,Delivered
ORD004592,CUST00027,PROD0056,5,861.22,2026-07-31,2026-08-09,Delivered
ORD005414,CUST00024,PROD0046,2,51.86,2025-09-04,,Shipped
ORD002150,CUST00768,PROD0120,5,418.7,2025-03-05,2025-03-10,Delivered
ORD005031,CUST00262,PROD0016,1,59834.55,2025-07-08,2025-07-17,Delivered
ORD001008,CUST00706,PROD0128,4,3825.7,2025-05-31,,Shipped
ORD003496,CUST00357,PROD0098,1,648.17,2026-04-28,2026-04-30,Delivered
ORD005176,CUST00361,PROD0058,3,4704.83,2025-04-27,2025-05-05,Delivered
ORD002250,CUST00460,PROD0093,4,513.19,2026-01-26,,Processing
ORD002420,CUST00226,PROD0097,3,166.92,2026-07-25,,Cancelled
ORD001964,CUST00732,PROD0046,2,51.86,2026-07-01,2026-07-02,Delivered
ORD004449,CUST00796,PROD0038,1,8563.39,2025-01-03,2025-01-04,Delivered
ORD005236,CUST00010,PROD0150,3,2716.88,2025-09-10,,Shipped
ORD002749,CUST00661,PROD0106,2,3327.3,2025-02-13,,Processing
ORD005629,CUST00503,PROD0120,4,418.7,2026-05-24,,Shipped
ORD001613,CUST00344,PROD0049,1,191.03,2026-03-18,,Returned
ORD005024,CUST00567,PROD0029,5,901.03,2025-01-26,2025-01-31,Delivered
ORD003414,CUST00204,PROD0077,1,2052.65,2025-03-09,2025-03-12,Delivered
ORD004500,CUST00453,PROD0068,2,1375.21,2025-12-21,,Returned
ORD003243,CUST00358,PROD0121,4,751.76,2025-11-26,2025-12-04,Delivered
ORD004549,CUST00707,PROD0074,4,2124.57,2026-04-17,,Cancelled
ORD004290,CUST00451,PROD0068,3,1375.21,2026-02-04,,Processing
ORD005145,CUST00709,PROD0091,1,1751.39,2025-04-12,,Cancelled
ORD000848,CUST00658,PROD0067,4,4271.55,2025-10-07,,Processing
ORD003186,CUST00170,PROD0149,2,5764.99,2026-06-08,,Processing
ORD001176,CUST00137,PROD0014,1,1289.47,2026-03-15,,Shipped
ORD005285,CUST00531,PROD0117,4,430.76,2025-02-23,2025-02-28,Delivered
ORD002724,CUST00218,PROD0047,3,26286.3,2025-02-21,,Processing
ORD000972,CUST00292,PROD0090,5,955.06,2026-05-16,,Processing
ORD001145,CUST00382,PROD0104,4,1042.65,2025-06-18,,Processing
ORD002381,CUST00231,PROD0139,1,4171.69,2026-03-05,,Processing
ORD004547,CUST00516,PROD0010,3,11743.74,2025-04-17,,Cancelled
ORD004459,CUST00563,PROD0141,4,22625.81,2025-09-14,,Returned
ORD004017,CUST00027,PROD0013,1,39659.48,2026-06-03,,Shipped
ORD005934,CUST00769,PROD0103,2,11738.74,2025-01-17,,Cancelled
ORD000775,CUST00403,PROD0038,4,8563.39,2026-03-09,2026-03-12,Delivered
ORD005253,CUST00473,PROD0001,4,2002.86,2026-03-28,2026-04-02,Delivered
ORD004216,CUST00753,PROD0015,2,2263.06,2025-08-24,2025-08-30,Delivered
ORD005371,CUST00578,PROD0029,2,901.03,2026-03-29,2026-04-08,Delivered
ORD005235,CUST00127,PROD0056,2,861.22,2026-01-16,2026-01-28,Delivered
ORD003374,CUST00462,PROD0132,4,305.28,2025-10-01,,Delivered
ORD003301,CUST00707,PROD0148,5,985.06,2026-02-12,,Shipped
ORD003660,CUST00479,PROD0041,4,543.32,2025-07-03,,Cancelled
ORD003662,CUST00567,PROD0016,2,59834.55,2025-11-24,,Processing
ORD002547,CUST00543,PROD0149,3,5764.99,2025-08-19,2025-08-26,Delivered
ORD000439,CUST00498,PROD0096,2,32150.75,2026-02-01,,Returned
ORD004826,CUST00551,PROD0139,0,4171.69,2026-07-19,2026-07-31,Delivered
ORD002199,CUST00681,PROD0139,2,4171.69,2025-09-04,,Shipped
ORD004201,CUST00298,PROD0107,4,328.16,2026-05-08,2026-05-14,Delivered
ORD000457,CUST00264,PROD0056,5,861.22,2026-05-03,,Cancelled
ORD002844,CUST00566,PROD0049,3,191.03,2025-10-13,,Returned
ORD004285,CUST00188,PROD0027,1,331.1,2026-07-30,,Delivered
ORD004259,CUST00699,PROD0118,2,828.66,2026-06-17,,Returned
ORD004508,CUST00717,PROD0037,5,1155.64,2025-07-05,,Returned
ORD003971,CUST00618,PROD0103,2,11738.74,2026-01-26,,Cancelled
ORD002088,CUST00571,PROD0017,5,4701.06,2025-04-20,,Shipped
ORD004423,CUST00357,PROD0142,3,1821.04,2025-02-14,2025-02-16,Delivered
ORD003519,CUST00319,PROD0026,1,4912.92,2026-05-23,2026-05-26,Delivered
ORD004982,CUST00470,PROD0100,4,7797.29,2026-03-05,2026-03-07,Delivered
ORD003747,CUST00145,PROD0077,3,2052.65,2025-01-24,2025-02-02,Delivered
ORD003307,CUST00337,PROD0002,1,2472.29,2025-07-10,2025-07-20,Delivered
ORD005586,CUST00659,PROD0069,3,58378.98,2026-05-08,2026-05-16,Delivered
ORD005689,CUST00323,PROD0027,1,331.1,2025-11-19,,Returned
ORD000440,CUST00668,PROD0042,2,915.41,2025-08-20,,Cancelled
ORD005681,CUST00147,PROD0097,4,166.92,2026-05-16,,Returned
ORD000532,CUST00707,PROD0043,2,2444.21,2025-12-20,,Shipped
ORD005140,CUST00183,PROD0107,2,328.16,2025-03-14,2025-03-20,Delivered
ORD003924,CUST00480,PROD0092,5,1419.85,2025-06-03,,Shipped
ORD000258,CUST00439,PROD0101,5,782.0,2026-07-15,,Shipped
ORD000618,CUST00133,PROD0002,5,2472.29,2026-06-04,,Shipped
ORD002452,CUST00278,PROD0027,5,331.1,2025-03-12,,Returned
ORD004318,CUST00577,PROD0117,1,430.76,2025-09-25,2025-09-30,Delivered
ORD005461,CUST00059,PROD0050,3,3898.39,2025-01-29,2025-02-05,Delivered
ORD002111,CUST00190,PROD0059,2,685.94,2025-09-30,,Processing
ORD002072,CUST00196,PROD0148,2,985.06,2025-05-03,,Delivered
ORD002439,CUST00296,PROD0099,5,14295.1,2025-02-19,,Processing
ORD002775,CUST00206,PROD0053,5,379.38,2026-01-30,2026-02-07,Delivered
ORD003441,CUST00592,PROD0029,5,901.03,2026-01-28,,Returned
ORD005011,CUST00555,PROD0106,3,3327.3,2026-02-12,2026-02-16,Delivered
ORD005010,CUST00727,PROD0073,2,34399.58,2025-03-31,,Cancelled
ORD001503,CUST00063,PROD0007,2,40685.29,2025-07-02,,Processing
ORD001041,CUST00340,PROD0112,4,1969.23,2025-01-27,2025-01-29,Delivered
ORD000046,CUST00118,PROD0060,4,7402.46,2025-04-04,2025-04-08,Delivered
ORD005873,CUST00759,PROD0061,1,1083.6,2025-06-28,,Processing
ORD000504,CUST00128,PROD0079,4,2916.61,2025-03-13,2025-03-24,Delivered
ORD004132,CUST00369,PROD0098,5,648.17,2025-12-24,2025-12-31,Delivered
ORD001074,CUST00500,PROD0029,1,901.03,2025-01-22,2025-01-28,Delivered
ORD003260,CUST00415,PROD0031,5,2204.46,2025-04-05,,Shipped
ORD002350,CUST00656,PROD0028,2,302.64,2025-02-01,,Processing
ORD004836,CUST00411,PROD0097,2,166.92,2025-06-15,2025-06-17,Delivered
ORD001556,CUST00422,PROD0138,1,3519.99,2026-07-01,,Returned
ORD004148,CUST00391,PROD0080,2,4686.49,2026-06-27,,Processing
ORD005180,CUST00307,PROD0049,2,191.03,2025-07-07,2025-07-18,Delivered
ORD002075,CUST00452,PROD0088,2,34407.7,2026-04-03,2026-04-15,Delivered
ORD003402,CUST00723,PROD0131,5,6853.95,2026-02-28,2026-03-04,Delivered
ORD001694,CUST00367,PROD0107,5,328.16,2026-07-19,2026-07-26,Delivered
ORD005844,CUST00496,PROD0028,2,302.64,2026-03-30,,Shipped
ORD001044,CUST00724,PROD0097,2,166.92,2026-01-23,2026-01-26,Delivered
ORD002481,CUST00690,PROD0069,5,58378.98,2026-04-26,2026-05-02,Delivered
ORD000192,CUST00272,PROD0042,1,915.41,2026-07-16,2026-07-28,Delivered
ORD003431,CUST00745,PROD0048,1,56173.09,2026-07-26,,Cancelled
ORD005658,CUST00738,PROD0116,2,8033.73,2026-06-16,,Processing
ORD002505,CUST00327,PROD0144,1,4806.1,2025-04-04,,Processing
ORD004832,CUST00374,PROD0075,4,209.7,2025-07-31,,Shipped
ORD003789,CUST00402,PROD0141,2,22625.81,2026-04-03,2026-04-04,Delivered
ORD003706,CUST00616,PROD0110,4,1192.79,2025-04-11,,Returned
ORD000384,CUST00751,PROD0083,1,385.32,2025-04-09,2025-04-10,Delivered
ORD002529,CUST00272,PROD0114,4,1292.66,2025-02-25,,Delivered
ORD005065,CUST00680,PROD0010,2,11743.74,2025-03-20,,Returned
ORD002323,CUST00752,PROD0118,4,828.66,2026-04-23,2026-04-25,Delivered
ORD003169,CUST00016,PROD0007,3,40685.29,2025-11-27,,Shipped
ORD003744,CUST00116,PROD0126,2,8384.51,2025-11-19,,Processing
ORD005133,CUST00188,PROD0006,4,812.36,2025-02-10,2025-02-21,Delivered
ORD003340,CUST00493,PROD0130,4,314.99,2025-03-07,2025-03-10,Delivered
ORD002994,CUST00179,PROD0074,5,2124.57,2026-05-30,2026-06-08,Delivered
ORD004421,CUST00215,PROD0049,2,191.03,2026-05-29,,Shipped
ORD000810,CUST00705,PROD0002,4,2472.29,2025-12-14,2025-12-20,Delivered
ORD003488,CUST00745,PROD0100,4,7797.29,2025-06-04,2025-06-10,Delivered
ORD004762,CUST00292,PROD0139,1,4171.69,2026-02-02,2026-02-04,Delivered
ORD001369,CUST00624,PROD0009,2,390.58,2026-01-26,2026-01-28,Delivered
ORD000698,CUST00203,PROD0038,2,8563.39,2025-06-04,,Cancelled
ORD000271,CUST00061,PROD0039,3,5112.85,2026-02-06,,Shipped
ORD005955,CUST00323,PROD0096,2,32150.75,2025-12-26,,Cancelled
ORD002882,CUST00616,PROD0047,4,26286.3,2025-01-29,,Cancelled
ORD003713,CUST00354,PROD0123,4,21424.68,2025-06-05,,Processing
ORD005396,CUST00751,PROD0034,2,2546.45,2026-05-12,,Cancelled
ORD004356,CUST00338,PROD0089,1,16755.29,2025-05-30,,Returned
ORD004695,CUST00533,PROD0103,1,11738.74,2025-05-11,,Returned
ORD000467,CUST00236,PROD0145,4,2463.88,2026-06-17,,Returned
ORD000699,CUST00182,PROD0082,1,503.97,2025-07-28,,Shipped
ORD004315,CUST00338,PROD0110,2,1192.79,2025-10-07,,Returned
ORD001393,CUST00569,PROD0044,1,1423.72,2025-02-10,2025-02-11,Delivered
ORD003733,CUST00084,PROD0141,5,22625.81,2026-03-05,2026-03-16,Delivered
ORD003458,CUST00282,PROD0106,2,3327.3,2025-04-17,,Returned
ORD002630,CUST00327,PROD0040,5,2990.7,2026-02-05,2026-02-15,Delivered
ORD000794,CUST00037,PROD0114,5,1292.66,2026-05-26,2026-06-06,Delivered
ORD002644,CUST00369,PROD0048,2,56173.09,2025-12-29,2026-01-05,Delivered
ORD004111,CUST00575,PROD0147,3,4832.5,2026-01-12,,Returned
ORD003766,CUST00144,PROD0026,2,4912.92,2025-08-09,2025-08-18,Delivered
ORD003930,CUST00008,PROD0021,1,156.01,2026-07-15,,Processing
ORD001584,CUST00192,PROD0073,3,34399.58,2025-09-28,2025-10-04,Delivered
ORD002336,CUST00543,PROD0034,2,2546.45,2025-01-28,2025-02-09,Delivered
ORD000175,CUST00248,PROD0081,1,4820.76,2025-01-05,,Shipped
ORD000275,CUST00202,PROD0057,4,1462.31,2025-08-26,,Shipped
ORD005020,CUST00151,PROD0136,3,18573.07,2025-11-24,,Cancelled
ORD005763,CUST00687,PROD0015,3,2263.06,2026-04-27,,Delivered
ORD000344,CUST00665,PROD0093,5,513.19,2026-06-18,,Cancelled
ORD001572,CUST00628,PROD0072,5,263.08,2025-05-03,2025-05-09,Delivered
ORD003692,CUST00393,PROD0056,4,861.22,2025-07-25,2025-07-26,Delivered
ORD003568,CUST00732,PROD0103,5,11738.74,2025-06-14,,Cancelled
ORD004405,CUST00387,PROD0101,1,782.0,2025-08-14,,Returned
ORD003166,CUST00701,PROD0130,4,314.99,2025-12-03,,Processing
ORD003401,CUST00013,PROD0117,1,430.76,2025-09-06,2025-09-13,Delivered
ORD002191,CUST00270,PROD0056,3,861.22,2026-07-30,2026-08-05,Delivered
ORD001012,CUST00146,PROD0014,2,1289.47,2026-05-15,,Shipped
ORD002009,CUST00287,PROD0126,1,8384.51,2025-10-01,,Shipped
ORD005486,CUST00195,PROD0027,4,331.1,2026-03-11,2026-03-16,Delivered
ORD000578,CUST00081,PROD0027,1,331.1,2026-07-05,2026-07-06,Delivered
ORD001621,CUST00431,PROD0070,2,10505.06,2025-08-11,2025-08-14,Delivered
ORD000109,CUST00183,PROD0037,1,1155.64,2026-06-23,2026-06-29,Delivered
ORD002164,CUST00698,PROD0060,4,7402.46,2026-06-27,,Processing
ORD001836,CUST00375,PROD0041,5,543.32,2026-03-31,2026-04-05,Delivered
ORD005957,CUST00001,PROD0128,3,3825.7,2026-02-27,,Processing
ORD001689,CUST00509,PROD0104,3,1042.65,2025-05-30,,Processing
ORD001774,CUST00074,PROD0081,3,4820.76,2025-07-27,2025-08-01,Delivered
ORD000625,CUST00480,PROD0038,4,8563.39,2026-01-14,,Processing
ORD004367,CUST00432,PROD0018,4,18955.94,2025-06-14,,Cancelled
ORD004304,CUST00244,PROD0014,4,1289.47,2026-04-25,2026-05-03,Delivered
ORD005151,CUST00059,PROD0135,5,7336.91,2025-08-24,,Shipped
ORD000183,CUST00268,PROD0035,3,4733.42,2026-05-17,2026-05-20,Delivered
ORD001560,CUST00532,PROD0087,2,13732.01,2025-09-06,2025-09-11,Delivered
ORD005436,CUST00741,PROD0112,5,1969.23,2025-04-29,,Returned
ORD004960,CUST00570,PROD0095,3,6063.96,2026-04-28,,Processing
ORD003765,CUST00652,PROD0139,2,4171.69,2025-05-09,,Returned
ORD005777,CUST00652,PROD0011,5,1483.6,2026-03-04,2026-03-14,Delivered
ORD003336,CUST00246,PROD0137,1,1360.59,2025-04-17,,Shipped
ORD000281,CUST00102,PROD0132,3,305.28,2025-08-05,2025-08-08,Delivered
ORD005829,CUST00794,PROD0096,2,32150.75,2026-02-23,,Processing
ORD002288,CUST00761,PROD0043,3,2444.21,2025-10-22,2025-10-31,Delivered
ORD002898,CUST00407,PROD0073,4,34399.58,2026-04-06,,Shipped
ORD005409,CUST00339,PROD0149,2,5764.99,2025-12-09,,Cancelled
ORD004309,CUST00150,PROD0109,4,854.47,2025-10-14,2025-10-18,Delivered
ORD005667,CUST00734,PROD0115,5,55563.32,2025-02-07,2025-02-11,Delivered
ORD003232,CUST00521,PROD0094,2,1211.97,2025-01-03,,Cancelled
ORD003671,CUST00657,PROD0149,5,5764.99,2026-05-02,,Cancelled
ORD004339,CUST00087,PROD0112,5,1969.23,2025-09-02,2025-09-08,Delivered
ORD000670,CUST00622,PROD0060,2,7402.46,2025-01-31,2025-02-02,Delivered
ORD002290,CUST00700,PROD0002,3,2472.29,2025-04-05,,Cancelled
ORD000021,CUST00461,PROD0045,3,1228.68,2025-03-28,,Processing
ORD005585,CUST00545,PROD0077,1,2052.65,2026-05-15,2026-05-26,Delivered
ORD002291,CUST00567,PROD0003,1,14338.6,2026-06-17,,Cancelled
ORD000103,CUST00424,PROD0150,2,2716.88,2025-06-13,2025-06-24,Delivered
ORD000341,CUST00690,PROD0074,4,2124.57,2025-05-29,,Processing
ORD003641,CUST00708,PROD0018,1,18955.94,2025-10-16,,Shipped
ORD005484,CUST00322,PROD0117,4,430.76,2025-06-20,,Returned
ORD001115,CUST00700,PROD0004,1,2001.32,2025-04-19,,Processing
ORD001214,CUST00109,PROD0033,0,5639.02,2025-10-08,2025-10-10,Delivered
ORD002392,CUST00235,PROD0110,1,1192.79,2025-09-30,,Shipped
ORD003239,CUST00378,PROD0150,5,2716.88,2025-03-14,2025-03-23,Delivered
ORD004823,CUST00519,PROD0149,4,5764.99,2025-06-18,,Cancelled
ORD005209,CUST00152,PROD0028,1,302.64,2025-04-27,2025-05-08,Delivered
ORD000226,CUST00707,PROD0083,1,385.32,2025-12-27,,Returned
ORD003047,CUST00088,PROD0053,2,379.38,2026-05-05,2026-05-11,Delivered
ORD004631,CUST00226,PROD0121,3,751.76,2025-05-09,,Returned
ORD003928,CUST00797,PROD0147,1,4832.5,2025-03-13,2025-03-18,Delivered
ORD005806,CUST00561,PROD0103,1,11738.74,2025-04-20,,Shipped
ORD004544,CUST00173,PROD0033,2,5639.02,2026-07-18,,Returned
ORD001651,CUST00643,PROD0031,5,2204.46,2025-10-30,,Processing
ORD003168,CUST00479,PROD0078,2,12507.55,2026-06-12,,Returned
ORD000049,CUST00181,PROD0027,3,331.1,2026-01-12,2026-01-19,Delivered
ORD001810,CUST00781,PROD0126,3,8384.51,2026-07-14,2026-07-24,Delivered
ORD005741,CUST00573,PROD0043,3,2444.21,2025-07-02,2025-07-05,Delivered
ORD000718,CUST00005,PROD0042,3,915.41,2026-06-03,,Processing
ORD003608,CUST00726,PROD0129,4,17176.36,2026-01-25,2026-01-28,Delivered
ORD003929,CUST00619,PROD0093,4,513.19,2025-03-21,,Cancelled
ORD002653,CUST00364,PROD0018,3,18955.94,2025-03-30,,Shipped
ORD001418,CUST00476,PROD0093,5,513.19,2025-07-23,,Cancelled
ORD000677,CUST00685,PROD0043,4,2444.21,2026-03-18,,Shipped
ORD005645,CUST00083,PROD0123,4,21424.68,2025-08-14,2025-08-15,Delivered
ORD005057,CUST00370,PROD0031,5,2204.46,2025-05-14,,Returned
ORD005420,CUST00018,PROD0083,4,385.32,2025-03-30,,Shipped
ORD005194,CUST00009,PROD0077,4,2052.65,2025-03-02,,Cancelled
ORD000113,CUST00538,PROD0045,4,1228.68,2025-11-11,2025-11-14,Delivered
ORD002124,CUST00724,PROD0113,5,974.15,2026-01-16,2026-01-28,Delivered
ORD000153,CUST00019,PROD0126,5,8384.51,2026-04-02,,Returned
ORD003185,CUST00751,PROD0070,2,10505.06,2025-04-27,2025-04-29,Delivered
ORD002081,CUST00643,PROD0074,2,2124.57,2025-10-18,2025-10-25,Delivered
ORD002669,CUST00488,PROD0145,4,2463.88,2025-10-18,,Delivered
ORD000755,CUST00104,PROD0006,2,812.36,2025-06-16,,Cancelled
ORD000651,CUST00364,PROD0132,5,305.28,2025-03-02,,Delivered
ORD003120,CUST00386,PROD0077,4,2052.65,2025-06-26,,Cancelled
ORD003344,CUST00024,PROD0148,5,985.06,2026-07-04,,Cancelled
ORD005866,CUST00315,PROD0048,4,56173.09,2025-04-12,,Processing
ORD000017,CUST00513,PROD0002,2,2472.29,2025-07-30,2025-08-09,Delivered
ORD000653,CUST00455,PROD0090,1,955.06,2025-04-03,,Shipped
ORD003417,CUST00323,PROD0131,4,6853.95,2026-07-27,2026-07-30,Delivered
ORD000570,CUST00257,PROD0041,1,543.32,2026-05-14,2026-05-15,Delivered
ORD005537,CUST00021,PROD0142,3,1821.04,2026-03-06,2026-03-08,Delivered
ORD001957,CUST00246,PROD0133,5,1400.65,2026-06-28,2026-07-05,Delivered
ORD004643,CUST00406,PROD0018,4,18955.94,2025-07-29,,Shipped
ORD001664,CUST00587,PROD0071,3,632.25,2025-01-12,2025-01-21,Delivered
ORD002207,CUST00343,PROD0127,4,919.23,2026-03-30,,Shipped
ORD000822,CUST00735,PROD0141,3,22625.81,2025-03-11,,Cancelled
ORD002569,CUST00255,PROD0040,5,2990.7,2026-05-07,,Shipped
ORD002895,CUST00044,PROD0051,1,1399.76,2026-03-12,2026-03-14,Delivered
ORD001710,CUST00071,PROD0091,2,1751.39,2026-03-17,,Returned
ORD002378,CUST00640,PROD0078,5,12507.55,2025-05-22,2025-05-30,Delivered
ORD000672,CUST00018,PROD0025,1,4203.28,2026-06-17,,Returned
ORD000066,CUST00668,PROD0003,2,14338.6,2026-05-24,,Shipped
ORD003927,CUST00357,PROD0106,4,3327.3,2025-02-02,2025-02-03,Delivered
ORD002892,CUST00640,PROD0001,5,2002.86,2025-06-27,,Shipped
ORD003802,CUST00293,PROD0078,3,12507.55,2025-09-23,,Cancelled
ORD002027,CUST00766,PROD0011,4,1483.6,2026-07-15,,Returned
ORD000129,CUST00579,PROD0122,1,993.76,2025-11-12,,Returned
ORD002612,CUST00735,PROD0074,1,2124.57,2025-09-29,2025-10-03,Delivered
ORD000347,CUST00335,PROD0141,1,22625.81,2025-01-27,2025-01-29,Delivered
ORD003140,CUST00214,PROD0075,2,209.7,2025-02-16,,Cancelled
ORD005751,CUST00389,PROD0066,2,4931.77,2025-09-30,,Processing
ORD004229,CUST00544,PROD0118,4,828.66,2025-03-16,2025-03-21,Delivered
ORD004028,CUST00480,PROD0123,5,21424.68,2025-10-01,,Cancelled
ORD002346,CUST00351,PROD0031,5,2204.46,2025-05-06,2025-05-07,Delivered
ORD002852,CUST00194,PROD0071,5,632.25,2026-06-14,,Returned
ORD000221,CUST00323,PROD0100,5,7797.29,2025-11-26,,Cancelled
ORD001790,CUST00647,PROD0100,1,7797.29,2025-10-04,,Processing
ORD004593,CUST00241,PROD0075,1,209.7,2025-11-25,2025-11-29,Delivered
ORD001550,CUST00703,PROD0100,5,7797.29,2026-06-08,2026-06-16,Delivered
ORD002157,CUST00109,PROD0130,4,314.99,2025-12-02,2025-12-10,Delivered
ORD004877,CUST00083,PROD0127,4,919.23,2025-12-26,,Cancelled
ORD002829,CUST00092,PROD0129,3,17176.36,2026-05-16,2026-05-24,Delivered
ORD001126,CUST00032,PROD0100,4,7797.29,2026-05-05,2026-05-15,Delivered
ORD005672,CUST00115,PROD0050,1,3898.39,2026-06-25,2026-07-02,Delivered
ORD002697,CUST00447,PROD0085,5,4763.96,2025-12-12,,Returned
ORD005446,CUST00109,PROD0103,4,11738.74,2026-06-02,2026-06-09,Delivered
ORD002623,CUST00136,PROD0049,2,191.03,2026-04-25,2026-04-30,Delivered
ORD003296,CUST00674,PROD0016,3,59834.55,2025-05-13,,Shipped
ORD001264,CUST00005,PROD0078,3,12507.55,2026-04-09,,Processing
ORD005558,CUST00071,PROD0092,3,1419.85,2025-11-02,2025-11-06,Delivered
ORD002591,CUST00481,PROD0049,2,191.03,2026-03-03,2026-03-08,Delivered
ORD003724,CUST00287,PROD0010,4,11743.74,2025-10-09,2025-10-16,Delivered
ORD002847,CUST00342,PROD0148,3,985.06,2026-01-21,,Cancelled
ORD005352,CUST00519,PROD0004,2,2001.32,2025-02-24,,Returned
ORD000750,CUST00579,PROD0118,4,828.66,2026-04-10,,Shipped
ORD005450,CUST00109,PROD0124,3,2908.87,2025-08-02,2025-08-07,Delivered
ORD004955,CUST00641,PROD0092,5,1419.85,2025-12-11,,Cancelled
ORD003686,CUST00607,PROD0036,4,559.64,2026-03-10,2026-03-19,Delivered
ORD003515,CUST00436,PROD0011,2,1483.6,2025-10-26,2025-10-30,Delivered
ORD005703,CUST00244,PROD0054,5,1632.64,2025-12-19,,Shipped
ORD004780,CUST00587,PROD0071,1,632.25,2025-11-09,2025-11-14,Delivered
ORD005381,CUST00019,PROD0056,1,861.22,2025-01-15,2025-01-16,Delivered
ORD002362,CUST00267,PROD0115,5,55563.32,2026-05-13,,Delivered
ORD001082,CUST00241,PROD0016,5,59834.55,2026-03-14,2026-03-19,Delivered
ORD005946,CUST00571,PROD0041,1,543.32,2025-09-13,,Shipped
ORD001353,CUST00437,PROD0102,1,133.37,2025-10-08,,Shipped
ORD004994,CUST00248,PROD0011,1,1483.6,2025-10-26,2025-11-06,Delivered
ORD004866,CUST00053,PROD0045,1,1228.68,2026-01-08,,Cancelled
ORD002275,CUST00639,PROD0036,3,559.64,2026-07-25,,Cancelled
ORD005470,CUST00161,PROD0103,4,11738.74,2026-03-26,2026-04-05,Delivered
ORD002830,CUST00085,PROD0014,5,1289.47,2025-02-18,,Shipped
ORD000351,CUST00535,PROD0139,2,4171.69,2026-04-13,,Cancelled
ORD000897,CUST00390,PROD0021,4,156.01,2025-03-08,,Cancelled
ORD001595,CUST00595,PROD0036,4,559.64,2025-10-08,2025-10-12,Delivered
ORD003284,CUST00667,PROD0036,1,559.64,2025-11-23,,Shipped
ORD004361,CUST00480,PROD0064,1,3664.82,2026-06-05,2026-06-16,Delivered
ORD003068,CUST00178,PROD0103,2,11738.74,2026-04-02,,Processing
ORD002974,CUST00190,PROD0084,2,317.91,2025-09-22,,Cancelled
ORD001893,CUST00327,PROD0008,3,545.71,2026-04-30,2026-05-07,Delivered
ORD001908,CUST00482,PROD0092,4,1419.85,2026-02-15,2026-02-18,Delivered
ORD004672,CUST00111,PROD0070,5,10505.06,2025-06-08,,Returned
ORD005217,CUST00094,PROD0138,2,3519.99,2026-02-16,2026-02-28,Delivered
ORD005045,CUST00503,PROD0018,5,18955.94,2025-10-13,2025-10-22,Delivered
ORD002369,CUST00671,PROD0125,4,11796.3,2025-09-30,2025-10-03,Delivered
ORD004925,CUST00756,PROD0024,5,1123.83,2025-12-01,2025-12-06,Delivered
ORD003010,CUST00507,PROD0110,1,1192.79,2026-07-20,2026-07-30,Delivered
ORD002354,CUST00388,PROD0103,2,11738.74,2025-04-27,2025-04-28,Delivered
ORD002139,CUST00261,PROD0064,5,3664.82,2025-07-18,2025-07-27,Delivered
ORD001603,CUST00185,PROD0106,2,3327.3,2025-06-04,,Shipped
ORD004854,CUST00457,PROD0054,3,1632.64,2025-04-02,,Shipped
ORD005838,CUST00333,PROD0086,2,1450.41,2025-03-10,,Returned
ORD001743,CUST00300,PROD0067,1,4271.55,2025-05-03,2025-05-05,Delivered
ORD005156,CUST00258,PROD0007,1,40685.29,2025-08-29,2025-09-07,Delivered
ORD004496,CUST00127,PROD0133,3,1400.65,2025-03-14,,Shipped
ORD000568,CUST00582,PROD0107,2,328.16,2026-01-14,2026-01-22,Delivered
ORD004953,CUST00289,PROD0027,4,331.1,2025-02-20,,Processing
ORD004684,CUST00755,PROD0032,2,1176.78,2025-12-17,2025-12-25,Delivered
ORD004987,CUST00685,PROD0134,3,3036.32,2026-05-23,2026-05-24,Delivered
ORD002944,CUST00213,PROD0038,1,8563.39,2026-01-03,2026-01-07,Delivered
ORD001068,CUST00171,PROD0138,3,3519.99,2025-04-22,,Returned
ORD004907,CUST00636,PROD0064,4,3664.82,2026-02-26,,Returned
ORD001224,CUST00312,PROD0003,3,14338.6,2025-08-07,,Processing
ORD003918,CUST00664,PROD0062,4,25032.52,2026-02-03,,Cancelled
ORD001472,CUST00363,PROD0071,5,632.25,2025-07-23,,Cancelled
ORD004452,CUST00250,PROD0014,3,1289.47,2025-10-20,,Processing
ORD001554,CUST00795,PROD0063,4,869.54,2025-03-13,2025-03-24,Delivered
ORD004484,CUST00276,PROD0067,2,4271.55,2025-02-27,2025-03-06,Delivered
ORD004159,CUST00370,PROD0143,5,1730.89,2025-01-07,2025-01-08,Delivered
ORD000211,CUST00177,PROD0005,1,560.65,2026-02-18,2026-02-27,Delivered
ORD001727,CUST00323,PROD0083,5,385.32,2026-05-11,,Cancelled
ORD001113,CUST00233,PROD0026,4,4912.92,2026-01-29,2026-01-30,Delivered
ORD003944,CUST00318,PROD0027,1,331.1,2025-06-20,,Returned
ORD001548,CUST00495,PROD0021,5,156.01,2026-02-23,,Processing
ORD004703,CUST00280,PROD0147,1,4832.5,2025-08-15,,Returned
ORD001187,CUST00800,PROD0110,5,1192.79,2025-12-10,2025-12-18,Delivered
ORD001035,CUST00363,PROD0061,1,1083.6,2025-07-12,,Shipped
ORD004852,CUST00493,PROD0110,5,1192.79,2026-05-20,,Returned
ORD002677,CUST00325,PROD0029,5,901.03,2026-01-02,,Cancelled
ORD001242,CUST00509,PROD0022,3,459.17,2026-07-26,2026-08-07,Delivered
ORD003557,CUST00375,PROD0058,1,4704.83,2026-01-30,,Processing
ORD002745,CUST00622,PROD0122,3,993.76,2025-06-24,,Processing
ORD001332,CUST00399,PROD0097,2,166.92,2026-03-17,2026-03-19,Delivered
ORD004752,CUST00091,PROD0096,1,32150.75,2025-12-31,2026-01-10,Delivered
ORD004311,CUST00004,PROD0059,5,685.94,2025-04-22,2025-04-26,Delivered
ORD001099,CUST00155,PROD0117,5,430.76,2026-06-22,,Shipped
ORD005319,CUST00052,PROD0129,3,17176.36,2025-05-24,,Cancelled
ORD001335,CUST00153,PROD0138,5,3519.99,2025-02-16,2025-02-17,Delivered
ORD005900,CUST00756,PROD0107,1,328.16,2025-08-19,,Processing
ORD003271,CUST00565,PROD0097,1,166.92,2026-01-08,2026-01-11,Delivered
ORD001013,CUST00364,PROD0041,1,543.32,2026-07-16,,Processing
ORD000498,CUST00241,PROD0119,2,2603.43,2025-10-17,2025-10-26,Delivered
ORD000479,CUST00688,PROD0009,3,390.58,2026-02-28,,Returned
ORD001775,CUST00394,PROD0081,5,4820.76,2026-04-03,,Processing
ORD000408,CUST00072,PROD0038,2,8563.39,2025-12-11,,Returned
ORD001262,CUST00311,PROD0150,1,2716.88,2026-05-16,,Returned
ORD004059,CUST00758,PROD0070,5,10505.06,2025-02-04,,Cancelled
ORD000137,CUST00523,PROD0045,2,1228.68,2025-08-05,2025-08-06,Delivered
ORD002860,CUST00259,PROD0041,5,543.32,2026-02-05,2026-02-07,Delivered
ORD002940,CUST00441,PROD0072,5,263.08,2025-10-03,,Cancelled
ORD004612,CUST00419,PROD0043,2,2444.21,2026-03-15,2026-03-24,Delivered
ORD000706,CUST00657,PROD0134,5,3036.32,2026-06-22,,Returned
ORD005523,CUST00398,PROD0121,3,751.76,2025-04-13,,Processing
ORD000571,CUST00104,PROD0073,4,34399.58,2026-05-03,2026-05-06,Delivered
ORD005353,CUST00008,PROD0081,5,4820.76,2026-06-24,2026-07-05,Delivered
ORD001985,CUST00245,PROD0084,3,317.91,2026-01-12,2026-01-20,Delivered
ORD002810,CUST00502,PROD0115,5,55563.32,2025-02-23,,Returned
ORD001384,CUST00278,PROD0035,2,4733.42,2026-06-06,2026-06-07,Delivered
ORD005974,CUST00398,PROD0147,5,4832.5,2025-11-21,2025-12-01,Delivered
ORD002426,CUST00443,PROD0014,1,1289.47,2026-02-11,,Processing
ORD004808,CUST00625,PROD0107,2,328.16,2025-11-04,2025-11-08,Delivered
ORD005466,CUST00456,PROD0112,5,1969.23,2026-07-24,2026-08-04,Delivered
ORD005016,CUST00618,PROD0112,5,1969.23,2026-05-15,,Cancelled
ORD003280,CUST00048,PROD0041,2,543.32,2026-04-17,,Returned
ORD002763,CUST00578,PROD0037,4,1155.64,2025-05-29,2025-06-02,Delivered
ORD001429,CUST00343,PROD0128,4,3825.7,2026-01-17,2026-01-25,Delivered
ORD004300,CUST00131,PROD0006,1,812.36,2025-10-15,,Shipped
ORD004505,CUST00140,PROD0027,4,331.1,2026-07-15,,Returned
ORD002668,CUST00410,PROD0007,3,40685.29,2026-05-13,,Shipped
ORD004353,CUST00285,PROD0019,5,4410.8,2025-01-07,,Processing
ORD001092,CUST00509,PROD0065,5,9361.22,2025-12-22,,Returned
ORD003428,CUST00260,PROD0053,4,379.38,2026-04-06,2026-04-18,Delivered
ORD000591,CUST00202,PROD0121,5,751.76,2025-02-04,,Cancelled
ORD001747,CUST00093,PROD0037,4,1155.64,2025-02-12,2025-02-16,Delivered
ORD000958,CUST00520,PROD0007,2,40685.29,2025-12-06,2025-12-10,Delivered
ORD005469,CUST00396,PROD0026,3,4912.92,2025-12-10,,Returned
ORD003678,CUST00691,PROD0030,1,429.82,2025-12-03,2025-12-04,Delivered
ORD004034,CUST00253,PROD0147,4,4832.5,2025-10-06,,Returned
ORD004065,CUST00392,PROD0022,2,459.17,2025-08-25,2025-08-29,Delivered
ORD000402,CUST00787,PROD0124,2,2908.87,2026-05-15,2026-05-25,Delivered
ORD002733,CUST00323,PROD0065,3,9361.22,2025-07-02,,Processing
ORD001534,CUST00406,PROD0128,2,3825.7,2026-06-30,,Cancelled
ORD001116,CUST00745,PROD0022,2,459.17,2025-05-23,,Returned
ORD004425,CUST00264,PROD0081,3,4820.76,2025-05-02,,Returned
ORD004327,CUST00214,PROD0015,3,2263.06,2025-01-25,2025-02-01,Delivered
ORD004575,CUST00284,PROD0003,2,14338.6,2025-07-25,2025-07-30,Delivered
ORD005433,CUST00554,PROD0021,4,156.01,2026-01-21,2026-01-24,Delivered
ORD000255,CUST00093,PROD0098,4,648.17,2025-02-01,2025-02-10,Delivered
ORD002340,CUST00401,PROD0073,5,34399.58,2025-04-20,,Processing
ORD002190,CUST00691,PROD0031,4,2204.46,2026-03-04,,Returned
ORD002979,CUST00109,PROD0126,4,8384.51,2026-07-02,2026-07-08,Delivered
ORD005953,CUST00309,PROD0046,5,51.86,2025-08-17,,Processing
ORD001922,CUST00790,PROD0038,1,8563.39,2026-01-14,,Cancelled
ORD002916,CUST00564,PROD0122,5,993.76,2025-11-17,2025-11-19,Delivered
ORD004274,CUST00658,PROD0009,5,390.58,2026-07-25,2026-08-01,Delivered
ORD005295,CUST00571,PROD0002,5,2472.29,2026-07-07,,Processing
ORD005560,CUST00512,PROD0029,1,901.03,2025-02-21,,Cancelled
ORD004294,CUST00438,PROD0028,2,302.64,2026-02-07,,Shipped
ORD004566,CUST00768,PROD0145,1,2463.88,2026-03-30,,Shipped
ORD000267,CUST00540,PROD0119,4,2603.43,2026-01-03,,Returned
ORD002421,CUST00097,PROD0128,4,3825.7,2025-02-21,,Cancelled
ORD003242,CUST00586,PROD0114,5,1292.66,2026-03-02,2026-03-08,Delivered
ORD004399,CUST00180,PROD0136,5,18573.07,2026-04-21,2026-04-27,Delivered
ORD004531,CUST00247,PROD0137,3,1360.59,2026-04-05,,Processing
ORD002843,CUST00397,PROD0013,1,39659.48,2026-06-09,2026-06-15,Delivered
ORD001425,CUST00702,PROD0080,3,4686.49,2026-03-12,2026-03-17,Delivered
ORD005011,CUST00555,PROD0106,3,3327.3,2026-02-12,2026-02-16,Delivered
ORD005160,CUST00672,PROD0035,5,4733.42,2025-09-26,2025-10-03,Delivered
ORD004115,CUST00525,PROD0034,3,2546.45,2026-01-27,,Processing
ORD003931,CUST00123,PROD0056,4,861.22,2025-10-11,,Cancelled
ORD002424,CUST00205,PROD0082,2,503.97,2025-07-16,2025-07-23,Delivered
ORD003672,CUST00551,PROD0112,3,1969.23,2026-02-13,,Returned
ORD000684,CUST00150,PROD0022,1,459.17,2025-11-09,,Processing
ORD000118,CUST00391,PROD0066,1,4931.77,2025-01-02,,Cancelled
ORD000319,CUST00079,PROD0103,3,11738.74,2025-03-19,2025-03-27,Delivered
ORD002168,CUST00737,PROD0076,2,32834.68,2026-06-17,,Cancelled
ORD000908,CUST00724,PROD0031,1,2204.46,2026-01-04,2026-01-10,Delivered
ORD004419,CUST00724,PROD0120,4,418.7,2026-02-02,2026-02-08,Delivered
ORD001896,CUST00415,PROD0025,4,4203.28,2026-01-24,2026-02-03,Delivered
ORD002463,CUST00557,PROD0053,5,379.38,2025-08-20,,Returned
ORD001226,CUST00613,PROD0072,5,263.08,2025-03-18,,Cancelled
ORD001614,CUST00669,PROD0039,3,5112.85,2025-03-16,,Processing
ORD005940,CUST00262,PROD0118,4,828.66,2025-03-04,,Processing
ORD005587,CUST00764,PROD0046,5,51.86,2025-07-26,,Cancelled
ORD005050,CUST00514,PROD0034,1,2546.45,2025-04-18,,Processing
ORD004912,CUST00051,PROD0090,4,955.06,2025-08-07,,Processing
ORD000279,CUST00594,PROD0020,5,4298.98,2025-09-15,2025-09-24,Delivered
ORD003758,CUST00347,PROD0114,3,1292.66,2026-01-30,2026-02-01,Delivered
ORD005732,CUST00768,PROD0080,3,4686.49,2025-03-16,,Cancelled
ORD001050,CUST00745,PROD0064,5,3664.82,2026-03-05,2026-03-13,Delivered
ORD004094,CUST00404,PROD0057,1,1462.31,2025-08-20,,Cancelled
ORD003894,CUST00199,PROD0112,5,1969.23,2026-06-14,2026-06-19,Delivered
ORD000659,CUST00798,PROD0081,1,4820.76,2026-04-23,2026-05-01,Delivered
ORD001138,CUST00562,PROD0036,5,559.64,2025-11-03,,Cancelled
ORD004492,CUST00495,PROD0103,2,11738.74,2025-10-18,,Processing
ORD002654,CUST00457,PROD0020,5,4298.98,2025-12-17,,Cancelled
ORD004120,CUST00620,PROD0080,3,4686.49,2026-04-11,2026-04-13,Delivered
ORD000802,CUST00786,PROD0103,5,11738.74,2025-11-08,,Processing
ORD003137,CUST00159,PROD0071,3,632.25,2025-04-30,,Returned
ORD003251,CUST00550,PROD0080,1,4686.49,2026-07-07,2026-07-11,Delivered
ORD002195,CUST00022,PROD0038,4,8563.39,2025-09-30,,Cancelled
ORD001864,CUST00791,PROD0146,2,9127.13,2025-04-10,,Processing
ORD003714,CUST00221,PROD0127,4,919.23,2025-10-31,2025-11-09,Delivered
ORD003319,CUST00422,PROD0101,3,782.0,2025-09-09,2025-09-12,Delivered
ORD003794,CUST00182,PROD0057,4,1462.31,2025-01-10,2025-01-21,Delivered
ORD000015,CUST00782,PROD0110,4,1192.79,2025-08-26,2025-08-29,Delivered
ORD003640,CUST00531,PROD0135,5,7336.91,2025-02-06,,Shipped
ORD000322,CUST00469,PROD0092,2,1419.85,2025-04-20,2025-05-01,Delivered
ORD003008,CUST00537,PROD0143,5,1730.89,2026-03-31,2026-04-08,Delivered
ORD000793,CUST00667,PROD0031,2,2204.46,2026-01-06,,Shipped
ORD000403,CUST00506,PROD0148,4,985.06,2025-03-22,,Processing
ORD001291,CUST00490,PROD0028,3,302.64,2025-04-10,,Returned
ORD004434,CUST00373,PROD0104,1,1042.65,2025-06-07,2025-06-16,Delivered
ORD002465,CUST00758,PROD0141,4,22625.81,2025-01-31,2025-02-10,Delivered
ORD005740,CUST00259,PROD0082,3,503.97,2025-09-19,2025-09-29,Delivered
ORD002133,CUST00671,PROD0094,3,1211.97,2025-06-24,,Cancelled
ORD003351,CUST00428,PROD0092,4,1419.85,2025-12-27,2026-01-01,Delivered
ORD005710,CUST00146,PROD0008,2,545.71,2025-06-12,2025-06-19,Delivered
ORD004673,CUST00512,PROD0078,5,12507.55,2026-03-27,2026-04-06,Delivered
ORD001186,CUST00796,PROD0117,4,430.76,2026-02-25,,Processing
ORD000289,CUST00598,PROD0018,2,18955.94,2026-01-23,,Delivered
ORD005849,CUST00398,PROD0050,2,3898.39,2025-10-17,,Processing
ORD002805,CUST00711,PROD0028,5,302.64,2025-12-22,2025-12-23,Delivered
ORD001475,CUST00570,PROD0030,1,429.82,2025-07-06,2025-07-12,Delivered
ORD005535,CUST00682,PROD0083,4,385.32,2025-08-17,,Shipped
ORD000332,CUST00089,PROD0047,5,26286.3,2025-05-15,2025-05-17,Delivered
ORD005609,CUST00537,PROD0134,3,3036.32,2025-03-08,,Shipped
ORD000915,CUST00196,PROD0079,1,2916.61,2026-05-27,,Processing
ORD004384,CUST00652,PROD0147,4,4832.5,2025-04-12,2025-04-18,Delivered
ORD001130,CUST00229,PROD0128,5,3825.7,2026-07-01,2026-07-08,Delivered
ORD001230,CUST00266,PROD0002,4,2472.29,2025-10-19,,Cancelled
ORD005728,CUST00510,PROD0027,1,331.1,2026-06-08,,Cancelled
ORD005604,CUST00110,PROD0028,5,302.64,2025-04-03,,Cancelled
ORD005723,CUST00725,PROD0057,1,1462.31,2025-08-23,2025-09-04,Delivered
ORD005985,CUST00095,PROD0011,1,1483.6,2025-03-03,2025-03-09,Delivered
ORD001733,CUST00045,PROD0012,2,4952.6,2025-04-12,2025-04-16,Delivered
ORD004330,CUST00170,PROD0132,1,305.28,2025-05-23,,Delivered
ORD000905,CUST00694,PROD0116,4,8033.73,2026-03-19,,Processing
ORD001177,CUST00629,PROD0051,3,1399.76,2026-03-06,,Returned
ORD000476,CUST00748,PROD0081,5,4820.76,2026-07-03,2026-07-13,Delivered
ORD000621,CUST00064,PROD0057,4,1462.31,2026-01-01,,Processing
ORD002619,CUST00567,PROD0046,4,51.86,2026-06-02,,Shipped
ORD004352,CUST00612,PROD0102,4,133.37,2025-01-24,2025-01-28,Delivered
ORD004222,CUST00549,PROD0034,3,2546.45,2025-08-27,2025-09-04,Delivered
ORD003009,CUST00346,PROD0015,2,2263.06,2026-04-25,,Cancelled
ORD001887,CUST00457,PROD0079,2,2916.61,2026-02-20,2026-03-01,Delivered
ORD000983,CUST00238,PROD0048,2,56173.09,2025-03-02,2025-03-07,Delivered
ORD005609,CUST00537,PROD0134,3,3036.32,2025-03-08,,Shipped
ORD005061,CUST00677,PROD0121,1,751.76,2025-07-01,2025-07-02,Delivered
ORD000326,CUST00566,PROD0139,1,4171.69,2026-05-30,,Cancelled
ORD000148,CUST00562,PROD0114,3,1292.66,2025-10-03,2025-10-07,Delivered
ORD000080,CUST00001,PROD0079,1,2916.61,2025-07-30,2025-08-06,Delivered
ORD000879,CUST00071,PROD0150,5,2716.88,2025-05-30,,Returned
ORD001717,CUST00035,PROD0096,5,32150.75,2025-07-01,2025-07-10,Delivered
ORD003127,CUST00234,PROD0148,2,985.06,2025-09-09,2025-09-18,Delivered
ORD005355,CUST00447,PROD0089,1,16755.29,2026-05-15,,Processing
ORD004803,CUST00204,PROD0136,2,18573.07,2025-08-22,2025-08-30,Delivered
ORD005646,CUST00727,PROD0058,3,4704.83,2025-09-14,2025-09-21,Delivered
ORD005254,CUST00345,PROD0065,5,9361.22,2026-01-30,,Cancelled
ORD000022,CUST00314,PROD0062,3,25032.52,2025-04-30,,Processing
ORD004109,CUST00432,PROD0097,5,166.92,2025-08-11,2025-08-12,Delivered
ORD001940,CUST00268,PROD0109,2,854.47,2025-02-10,2025-02-11,Delivered
ORD004677,CUST00353,PROD0128,4,3825.7,2025-12-25,2025-12-29,Delivered
ORD002921,CUST00487,PROD0037,2,1155.64,2025-05-03,,Shipped
ORD004149,CUST00347,PROD0114,4,1292.66,2025-11-06,,Processing
ORD000385,CUST00236,PROD0046,1,51.86,2025-07-26,,Returned
ORD002308,CUST00214,PROD0150,4,2716.88,2025-01-03,2025-01-11,Delivered
ORD002633,CUST00423,PROD0114,2,1292.66,2025-07-14,2025-07-15,Delivered
ORD002554,CUST00793,PROD0065,2,9361.22,2025-01-15,2025-01-17,Delivered
ORD003974,CUST00435,PROD0059,2,685.94,2025-12-27,2025-12-30,Delivered
ORD001100,CUST00117,PROD0076,3,32834.68,2026-07-20,,Delivered
ORD002723,CUST00496,PROD0127,3,919.23,2025-09-24,2025-10-04,Delivered
ORD001477,CUST00723,PROD0021,2,156.01,2025-11-12,2025-11-24,Delivered
ORD005613,CUST00178,PROD0030,5,429.82,2026-06-12,2026-06-16,Delivered
ORD005588,CUST00090,PROD0129,3,17176.36,2025-04-03,2025-04-10,Delivered
ORD003066,CUST00480,PROD0069,4,58378.98,2025-03-21,,Cancelled
ORD000038,CUST00381,PROD0107,4,328.16,2026-04-08,2026-04-15,Delivered
ORD000631,CUST00321,PROD0036,2,559.64,2025-07-10,,Shipped
ORD003179,CUST00444,PROD0005,1,560.65,2025-10-17,,Cancelled
ORD003828,CUST00051,PROD0025,5,4203.28,2026-07-02,2026-07-09,Delivered
ORD001256,CUST00698,PROD0104,4,1042.65,2026-02-07,2026-02-19,Delivered
ORD001338,CUST00241,PROD0032,1,1176.78,2025-03-20,2025-03-28,Delivered
ORD004385,CUST00037,PROD0085,3,4763.96,2025-06-13,2025-06-16,Delivered
ORD000679,CUST00364,PROD0142,5,1821.04,2026-04-27,2026-05-06,Delivered
ORD004891,CUST00379,PROD0105,3,32176.55,2026-06-13,,Returned
ORD002784,CUST00030,PROD0030,4,429.82,2026-05-31,,Processing
ORD004181,CUST00450,PROD0118,3,828.66,2025-04-24,2025-04-29,Delivered
ORD003200,CUST00646,PROD0056,4,861.22,2025-01-20,2025-01-23,Delivered
ORD000382,CUST00521,PROD0138,4,3519.99,2025-07-14,,Returned
ORD003356,CUST00640,PROD0018,5,18955.94,2026-04-29,2026-05-02,Delivered
ORD001248,CUST00452,PROD0029,2,901.03,2025-01-17,,Delivered
ORD002793,CUST00222,PROD0118,3,828.66,2026-05-25,,Processing
ORD001098,CUST00416,PROD0048,1,56173.09,2025-06-13,2025-06-23,Delivered
ORD003092,CUST00654,PROD0070,1,10505.06,2025-06-15,2025-06-23,Delivered
ORD000433,CUST00481,PROD0038,5,8563.39,2025-06-11,2025-06-20,Delivered
ORD003112,CUST00007,PROD0111,3,42616.44,2025-04-08,2025-04-11,Delivered
ORD003461,CUST00217,PROD0105,5,32176.55,2025-01-03,,Cancelled
ORD005517,CUST00342,PROD0066,4,4931.77,2025-01-15,,Returned
ORD002316,CUST00444,PROD0061,4,1083.6,2025-03-25,,Processing
ORD004659,CUST00775,PROD0045,3,1228.68,2026-05-17,,Processing
ORD004245,CUST00493,PROD0021,3,156.01,2026-02-01,,Shipped
ORD002335,CUST00418,PROD0141,3,22625.81,2026-07-07,,Cancelled
ORD004479,CUST00131,PROD0145,4,2463.88,2025-06-17,2025-06-29,Delivered
ORD005552,CUST00001,PROD0060,1,7402.46,2026-06-01,,Shipped
ORD004324,CUST00600,PROD0027,3,331.1,2025-12-02,,Returned
ORD004088,CUST00257,PROD0102,3,133.37,2026-04-25,2026-05-07,Delivered
ORD000545,CUST00519,PROD0110,3,1192.79,2025-09-21,2025-09-26,Delivered
ORD005200,CUST00144,PROD0132,1,305.28,2026-04-21,2026-04-26,Delivered
ORD003314,CUST00649,PROD0059,2,685.94,2026-06-13,,Shipped
ORD002785,CUST00227,PROD0108,5,4953.1,2026-07-01,2026-07-10,Delivered
ORD005372,CUST00394,PROD0081,4,4820.76,2025-03-31,2025-04-02,Delivered
ORD005846,CUST00606,PROD0078,5,12507.55,2025-05-03,,Cancelled
ORD004116,CUST00079,PROD0101,3,782.0,2026-07-08,,Processing
ORD002961,CUST00673,PROD0005,2,560.65,2026-07-07,2026-07-10,Delivered
ORD005863,CUST00115,PROD0026,4,4912.92,2025-10-05,2025-10-14,Delivered
ORD003456,CUST00254,PROD0123,2,21424.68,2025-03-29,2025-04-08,Delivered
ORD004333,CUST00566,PROD0033,2,5639.02,2025-08-12,2025-08-17,Delivered
ORD000673,CUST00305,PROD0076,4,32834.68,2026-05-18,,Shipped
ORD001645,CUST00264,PROD0042,4,915.41,2025-11-27,,Returned
ORD001462,CUST00328,PROD0114,3,1292.66,2026-06-23,2026-07-03,Delivered
ORD000722,CUST00080,PROD0116,4,8033.73,2025-05-17,2025-05-28,Delivered
ORD003354,CUST00077,PROD0015,3,2263.06,2025-03-15,,Cancelled
ORD005368,CUST00753,PROD0121,5,751.76,2026-07-07,,Processing
ORD004838,CUST00596,PROD0043,4,2444.21,2026-07-23,,Returned
ORD004289,CUST00005,PROD0076,5,32834.68,2026-04-15,,Delivered
ORD005803,CUST00289,PROD0115,3,55563.32,2026-06-05,2026-06-16,Delivered
ORD001655,CUST00441,PROD0136,2,18573.07,2026-01-19,2026-01-30,Delivered
ORD000469,CUST00564,PROD0031,2,2204.46,2026-03-01,2026-03-07,Delivered
ORD002337,CUST00586,PROD0037,4,1155.64,2025-02-25,2025-03-03,Delivered
ORD000143,CUST00254,PROD0089,4,16755.29,2025-09-28,,Returned
ORD003628,CUST00720,PROD0040,1,2990.7,2025-10-04,2025-10-16,Delivered
ORD003075,CUST00752,PROD0041,4,543.32,2025-07-04,2025-07-07,Delivered
ORD000134,CUST00623,PROD0059,5,685.94,2025-03-04,,Cancelled
ORD004597,CUST00245,PROD0040,3,2990.7,2026-04-16,2026-04-18,Delivered
ORD004635,CUST00055,PROD0009,5,390.58,2025-04-27,2025-05-04,Delivered
ORD005596,CUST00112,PROD0131,2,6853.95,2026-01-18,,Cancelled
ORD002317,CUST00124,PROD0118,1,828.66,2025-12-22,2026-01-03,Delivered
ORD003165,CUST00772,PROD0148,3,985.06,2025-03-25,2025-04-03,Delivered
ORD000493,CUST00106,PROD0137,1,1360.59,2026-04-22,2026-04-24,Delivered
ORD002416,CUST00636,PROD0108,3,4953.1,2025-09-12,2025-09-14,Delivered
ORD003268,CUST00528,PROD0114,1,1292.66,2025-10-24,2025-11-03,Delivered
ORD004299,CUST00272,PROD0105,1,32176.55,2025-06-19,,Delivered
ORD001464,CUST00138,PROD0071,4,632.25,2026-02-12,,Shipped
ORD002516,CUST00069,PROD0047,1,26286.3,2026-04-25,2026-05-07,Delivered
ORD003910,CUST00328,PROD0057,3,1462.31,2026-03-27,2026-04-04,Delivered
ORD005067,CUST00012,PROD0034,5,2546.45,2026-05-04,2026-05-08,Delivered
ORD002484,CUST00368,PROD0118,1,828.66,2026-06-25,,Cancelled
ORD003561,CUST00617,PROD0006,5,812.36,2025-10-12,2025-10-19,Delivered
ORD004080,CUST00539,PROD0088,1,34407.7,2025-08-07,,Returned
ORD004178,CUST00556,PROD0042,5,915.41,2025-04-16,,Processing
ORD000273,CUST00169,PROD0129,1,17176.36,2025-09-02,2025-09-11,Delivered
ORD004045,CUST00323,PROD0058,3,4704.83,2025-10-04,,Returned
ORD001700,CUST00622,PROD0112,1,1969.23,2025-06-25,,Returned
ORD002832,CUST00654,PROD0121,2,751.76,2026-01-10,2026-01-16,Delivered
ORD003960,CUST00751,PROD0092,3,1419.85,2025-07-20,2025-07-26,Delivered
ORD001866,CUST00269,PROD0006,3,812.36,2025-02-05,,Shipped
ORD001955,CUST00571,PROD0126,4,8384.51,2026-04-02,2026-04-09,Delivered
ORD003769,CUST00515,PROD0038,5,8563.39,2025-06-29,2025-07-03,Delivered
ORD002926,CUST00240,PROD0088,2,34407.7,2025-08-08,,Shipped
ORD005081,CUST00723,PROD0002,5,2472.29,2026-07-04,,Processing
ORD004798,CUST00771,PROD0039,2,5112.85,2025-05-07,2025-05-10,Delivered
ORD000937,CUST00210,PROD0022,5,459.17,2025-09-06,2025-09-14,Delivered
ORD001823,CUST00059,PROD0005,4,560.65,2026-01-14,2026-01-18,Delivered
ORD004497,CUST00182,PROD0109,5,854.47,2026-07-22,2026-07-25,Delivered
ORD002814,CUST00775,PROD0065,2,9361.22,2025-02-14,,Returned
ORD003037,CUST00493,PROD0042,2,915.41,2026-01-28,2026-02-02,Delivered
ORD004846,CUST00028,PROD0079,5,2916.61,2025-08-19,,Shipped
ORD002064,CUST00613,PROD0064,1,3664.82,2025-12-09,2025-12-20,Delivered
ORD005742,CUST00484,PROD0141,1,22625.81,2026-01-01,2026-01-02,Delivered
ORD000580,CUST00786,PROD0051,3,1399.76,2025-08-24,,Processing
ORD001873,CUST00237,PROD0070,2,10505.06,2025-08-29,,Delivered
ORD003935,CUST00785,PROD0038,5,8563.39,2025-01-17,2025-01-23,Delivered
ORD005858,CUST00145,PROD0149,2,5764.99,2025-01-01,2025-01-03,Delivered
ORD005676,CUST00451,PROD0020,4,4298.98,2026-06-06,2026-06-12,Delivered
ORD004628,CUST00036,PROD0070,3,10505.06,2025-10-15,,Processing
ORD004526,CUST00296,PROD0077,3,2052.65,2026-06-07,,Cancelled
ORD005316,CUST00567,PROD0080,3,4686.49,2026-03-27,,Cancelled
ORD004395,CUST00641,PROD0145,4,2463.88,2026-03-30,,Returned
ORD000182,CUST00114,PROD0134,5,3036.32,2026-06-21,,Cancelled
ORD002908,CUST00292,PROD0148,4,985.06,2025-07-29,2025-08-04,Delivered
ORD005899,CUST00720,PROD0116,5,8033.73,2025-03-11,,Cancelled
ORD002582,CUST00721,PROD0006,2,812.36,2025-04-02,2025-04-10,Delivered
ORD000604,CUST00669,PROD0095,1,6063.96,2025-07-12,2025-07-14,Delivered
ORD002326,CUST00154,PROD0136,4,18573.07,2025-09-12,2025-09-13,Delivered
ORD004679,CUST00271,PROD0102,5,133.37,2025-08-20,2025-08-23,Delivered
ORD003027,CUST00713,PROD0012,2,4952.6,2025-04-14,2025-04-21,Delivered
ORD002924,CUST00337,PROD0105,1,32176.55,2025-05-29,,Shipped
ORD005507,CUST00593,PROD0007,4,40685.29,2026-02-28,,Returned
ORD004990,CUST00260,PROD0001,1,2002.86,2025-12-28,2026-01-09,Delivered
ORD003507,CUST00437,PROD0008,1,545.71,2026-02-15,,Shipped
ORD004517,CUST00030,PROD0142,4,1821.04,2025-05-20,2025-05-21,Delivered
ORD001508,CUST00051,PROD0028,4,302.64,2025-03-26,2025-04-06,Delivered
ORD003633,CUST00238,PROD0109,4,854.47,2026-01-26,2026-02-07,Delivered
ORD003464,CUST00455,PROD0129,4,17176.36,2025-12-10,,Processing
ORD002257,CUST00528,PROD0084,2,317.91,2026-06-30,,Returned
ORD001791,CUST00533,PROD0132,4,305.28,2026-02-21,2026-02-27,Delivered
ORD005019,CUST00551,PROD0049,5,191.03,2025-08-24,2025-09-04,Delivered
ORD003595,CUST00323,PROD0021,4,156.01,2026-05-26,,Cancelled
ORD002140,CUST00016,PROD0069,2,58378.98,2025-06-08,2025-06-20,Delivered
ORD005654,CUST00315,PROD0035,5,4733.42,2025-06-30,,Cancelled
ORD002073,CUST00469,PROD0012,1,4952.6,2026-02-09,2026-02-14,Delivered
ORD001487,CUST00472,PROD0092,1,1419.85,2025-06-12,,Returned
ORD001756,CUST00571,PROD0122,5,993.76,2026-01-31,,Cancelled
ORD005296,CUST00332,PROD0138,2,3519.99,2026-02-22,2026-03-06,Delivered
ORD001905,CUST00557,PROD0145,1,2463.88,2026-03-25,,Processing
ORD000186,CUST00292,PROD0137,5,1360.59,2025-02-19,2025-03-02,Delivered
ORD003187,CUST00627,PROD0052,4,1448.8,2025-02-17,,Returned
ORD000093,CUST00213,PROD0022,5,459.17,2025-09-23,2025-09-25,Delivered
ORD002768,CUST00571,PROD0015,2,2263.06,2026-03-19,,Cancelled
ORD004143,CUST00027,PROD0034,2,2546.45,2025-12-16,,Cancelled
ORD003957,CUST00404,PROD0119,2,2603.43,2025-02-23,2025-02-26,Delivered
ORD001915,CUST00241,PROD0055,0,70.6,2025-06-26,2025-06-29,Delivered
ORD005575,CUST00739,PROD0071,3,632.25,2026-02-08,,Shipped
ORD000238,CUST00366,PROD0040,1,2990.7,2025-06-07,2025-06-18,Delivered
ORD005144,CUST00428,PROD0018,3,18955.94,2025-10-29,,Cancelled
ORD004728,CUST00391,PROD0126,2,8384.51,2025-10-06,,Cancelled
ORD004126,CUST00049,PROD0117,5,430.76,2026-01-04,,Shipped
ORD000377,CUST00099,PROD0113,5,974.15,2025-10-29,,Returned
ORD005776,CUST00002,PROD0126,2,8384.51,2026-04-06,2026-04-11,Delivered
ORD002021,CUST00177,PROD0109,3,854.47,2025-07-08,2025-07-13,Delivered
ORD001533,CUST00175,PROD0082,3,503.97,2026-04-01,,Returned
ORD002952,CUST00540,PROD0067,4,4271.55,2025-09-08,2025-09-09,Delivered
ORD004056,CUST00019,PROD0104,1,1042.65,2025-05-06,2025-05-10,Delivered
ORD001910,CUST00364,PROD0140,3,899.29,2026-07-25,,Returned
ORD003110,CUST00011,PROD0078,5,12507.55,2026-05-10,2026-05-17,Delivered
ORD003049,CUST00214,PROD0033,2,5639.02,2026-06-26,,Returned
ORD005172,CUST00341,PROD0020,2,4298.98,2025-08-07,2025-08-16,Delivered
ORD005679,CUST00012,PROD0114,3,1292.66,2026-03-25,2026-03-31,Delivered
ORD000490,CUST00421,PROD0087,5,13732.01,2026-03-31,2026-04-01,Delivered
ORD000443,CUST00407,PROD0011,5,1483.6,2026-01-25,,Cancelled
ORD002738,CUST00736,PROD0050,1,3898.39,2026-07-07,2026-07-12,Delivered
ORD003034,CUST00434,PROD0085,1,4763.96,2025-05-18,,Processing
ORD002186,CUST00734,PROD0027,3,331.1,2025-01-22,,Shipped
ORD000307,CUST00367,PROD0003,2,14338.6,2026-06-15,2026-06-16,Delivered
ORD002685,CUST00788,PROD0067,3,4271.55,2026-04-07,2026-04-17,Delivered
ORD004624,CUST00188,PROD0043,4,2444.21,2025-01-23,,Processing
ORD004388,CUST00307,PROD0128,4,3825.7,2025-06-28,2025-07-08,Delivered
ORD004340,CUST00344,PROD0017,4,4701.06,2026-04-19,,Shipped
ORD004972,CUST00294,PROD0048,3,56173.09,2025-07-10,,Cancelled
ORD005848,CUST00148,PROD0132,5,305.28,2025-01-13,2025-01-22,Delivered
ORD002625,CUST00755,PROD0084,5,317.91,2025-02-16,2025-02-19,Delivered
ORD005003,CUST00027,PROD0076,5,32834.68,2026-02-21,2026-02-27,Delivered
ORD003375,CUST00376,PROD0034,5,2546.45,2025-11-24,,Cancelled
ORD005380,CUST00023,PROD0124,1,2908.87,2025-02-27,2025-03-03,Delivered
ORD004214,CUST00441,PROD0109,3,854.47,2025-04-14,2025-04-19,Delivered
ORD004068,CUST00750,PROD0058,3,4704.83,2026-05-07,,Cancelled
ORD004087,CUST00513,PROD0003,2,14338.6,2025-01-02,,Returned
ORD005995,CUST00447,PROD0120,4,418.7,2025-09-11,,Returned
ORD005196,CUST00366,PROD0004,2,2001.32,2025-09-06,,Processing
ORD001754,CUST00679,PROD0010,2,11743.74,2025-04-17,,Delivered
ORD005571,CUST00191,PROD0009,2,390.58,2025-08-23,2025-08-31,Delivered
ORD000552,CUST00404,PROD0001,5,2002.86,2026-05-18,,Cancelled
ORD002025,CUST00120,PROD0129,2,17176.36,2025-08-05,,Processing
ORD004754,CUST00579,PROD0129,4,17176.36,2026-05-20,,Returned
ORD002060,CUST00603,PROD0140,3,899.29,2026-07-20,,Shipped
ORD004584,CUST00096,PROD0075,2,209.7,2025-04-29,2025-04-30,Delivered
ORD004878,CUST00458,PROD0086,5,1450.41,2026-04-01,,Cancelled
ORD001494,CUST00781,PROD0135,2,7336.91,2025-05-23,,Processing
ORD002503,CUST00051,PROD0047,2,26286.3,2025-09-26,2025-09-28,Delivered
ORD003602,CUST00616,PROD0032,5,1176.78,2025-12-31,2026-01-02,Delivered
ORD003290,CUST00592,PROD0081,4,4820.76,2026-01-25,2026-02-01,Delivered
ORD003836,CUST00069,PROD0050,4,3898.39,2025-05-04,2025-05-12,Delivered
ORD005653,CUST00051,PROD0129,4,17176.36,2026-07-01,2026-07-04,Delivered
ORD004704,CUST00690,PROD0120,5,418.7,2025-08-11,2025-08-23,Delivered
ORD001690,CUST00749,PROD0035,4,4733.42,2025-04-17,2025-04-23,Delivered
ORD004595,CUST00119,PROD0008,4,545.71,2025-03-20,,Returned
ORD004478,CUST00633,PROD0008,2,545.71,2025-01-13,2025-01-16,Delivered
ORD005522,CUST00261,PROD0123,5,21424.68,2026-04-26,2026-05-03,Delivered
ORD004693,CUST00304,PROD0069,2,58378.98,2025-07-15,2025-07-26,Delivered
ORD004271,CUST00006,PROD0130,1,314.99,2025-12-11,,Cancelled
ORD002440,CUST00658,PROD0044,3,1423.72,2025-09-29,2025-10-04,Delivered
ORD004187,CUST00419,PROD0127,2,919.23,2026-01-21,,Returned
ORD001405,CUST00690,PROD0098,5,648.17,2025-08-29,,Processing
ORD004152,CUST00357,PROD0044,1,1423.72,2025-09-13,,Returned
ORD005107,CUST00495,PROD0029,3,901.03,2025-04-23,2025-04-25,Delivered
ORD005068,CUST00774,PROD0046,4,51.86,2025-06-25,2025-07-05,Delivered
ORD001296,CUST00556,PROD0114,4,1292.66,2025-02-26,,Shipped
ORD002580,CUST00127,PROD0089,5,16755.29,2025-08-25,,Returned
ORD000496,CUST00169,PROD0101,2,782.0,2025-12-05,,Returned
ORD000785,CUST00258,PROD0093,4,513.19,2025-06-15,2025-06-20,Delivered
ORD001993,CUST00552,PROD0084,5,317.91,2025-06-09,,Shipped
ORD002855,CUST00150,PROD0014,2,1289.47,2025-05-27,,Returned
ORD000730,CUST00035,PROD0056,3,861.22,2025-07-13,2025-07-20,Delivered
ORD000708,CUST00232,PROD0100,2,7797.29,2026-03-10,2026-03-12,Delivered
ORD003412,CUST00444,PROD0069,3,58378.98,2026-03-13,,Shipped
ORD001112,CUST00694,PROD0063,4,869.54,2026-02-17,2026-03-01,Delivered
ORD000111,CUST00251,PROD0035,2,4733.42,2026-03-24,,Returned
ORD002134,CUST00687,PROD0011,5,1483.6,2025-02-10,,Returned
ORD001663,CUST00699,PROD0032,5,1176.78,2025-06-05,,Returned
ORD005903,CUST00667,PROD0014,1,1289.47,2025-10-15,2025-10-23,Delivered
ORD001134,CUST00771,PROD0054,2,1632.64,2025-02-27,2025-03-11,Delivered
ORD003148,CUST00062,PROD0072,4,263.08,2025-06-27,,Cancelled
ORD000167,CUST00674,PROD0049,3,191.03,2025-08-16,,Returned
ORD005046,CUST00024,PROD0013,1,39659.48,2025-07-21,,Returned
ORD001261,CUST00634,PROD0046,3,51.86,2025-03-20,2025-03-30,Delivered
ORD005814,CUST00136,PROD0119,4,2603.43,2025-05-19,,Returned
ORD004057,CUST00792,PROD0026,1,4912.92,2025-03-21,,Processing
ORD001223,CUST00650,PROD0038,3,8563.39,2025-05-06,,Processing
ORD001040,CUST00033,PROD0050,3,3898.39,2026-06-08,2026-06-15,Delivered
ORD002875,CUST00075,PROD0103,5,11738.74,2025-09-09,,Processing
ORD000358,CUST00448,PROD0057,3,1462.31,2025-03-23,2025-04-01,Delivered
ORD004962,CUST00730,PROD0012,5,4952.6,2025-09-06,,Cancelled
ORD003712,CUST00739,PROD0062,3,25032.52,2026-07-03,2026-07-09,Delivered
ORD002545,CUST00354,PROD0068,1,1375.21,2025-09-05,,Shipped
ORD005915,CUST00133,PROD0085,1,4763.96,2025-07-04,2025-07-09,Delivered
ORD003131,CUST00440,PROD0122,4,993.76,2025-05-13,,Shipped
ORD003040,CUST00400,PROD0129,4,17176.36,2025-05-06,,Cancelled
ORD001403,CUST00188,PROD0055,1,70.6,2026-03-21,,Returned
ORD000803,CUST00052,PROD0072,5,263.08,2025-05-31,,Returned
ORD005219,CUST00320,PROD0047,2,26286.3,2025-05-17,,Processing
ORD000527,CUST00001,PROD0007,3,40685.29,2026-05-12,2026-05-21,Delivered
ORD005417,CUST00083,PROD0044,5,1423.72,2026-07-17,,Returned
ORD002982,CUST00626,PROD0103,2,11738.74,2025-05-14,2025-05-24,Delivered
ORD002194,CUST00446,PROD0008,5,545.71,2025-05-31,,Processing
ORD004723,CUST00097,PROD0102,1,133.37,2026-03-29,2026-04-05,Delivered
ORD001574,CUST00482,PROD0009,4,390.58,2025-04-12,2025-04-17,Delivered
ORD003050,CUST00368,PROD0014,4,1289.47,2025-01-31,,Cancelled
ORD003347,CUST00277,PROD0040,2,2990.7,2026-02-09,2026-02-18,Delivered
ORD001521,CUST00760,PROD0111,3,42616.44,2025-12-20,2026-01-01,Delivered
ORD003798,CUST00158,PROD0117,1,430.76,2026-03-21,,Shipped
ORD003682,CUST00131,PROD0130,5,314.99,2025-07-31,,Returned
ORD005598,CUST00321,PROD0116,3,8033.73,2026-07-26,,Returned
ORD004010,CUST00618,PROD0082,1,503.97,2026-01-02,,Cancelled
ORD004789,CUST00263,PROD0012,1,4952.6,2026-02-10,,Cancelled
ORD003202,CUST00300,PROD0116,4,8033.73,2025-03-02,,Cancelled
ORD002574,CUST00172,PROD0135,1,7336.91,2025-03-09,,Processing
ORD002586,CUST00141,PROD0015,3,2263.06,2026-02-20,,Processing
ORD002943,CUST00158,PROD0044,1,1423.72,2025-06-20,,Returned
ORD000674,CUST00800,PROD0088,5,34407.7,2026-07-14,2026-07-21,Delivered
ORD003299,CUST00458,PROD0094,2,1211.97,2025-04-10,,Returned
ORD000139,CUST00080,PROD0018,1,18955.94,2026-02-02,,Cancelled
ORD003844,CUST00760,PROD0108,2,4953.1,2025-04-19,2025-04-26,Delivered
ORD003734,CUST00470,PROD0130,2,314.99,2025-10-31,2025-11-11,Delivered
ORD000987,CUST00062,PROD0025,2,4203.28,2026-06-19,,Cancelled
ORD000920,CUST00669,PROD0078,1,12507.55,2025-06-25,2025-06-26,Delivered
ORD002621,CUST00764,PROD0007,5,40685.29,2026-02-25,2026-03-01,Delivered
ORD002474,CUST00273,PROD0105,5,32176.55,2025-11-20,2025-11-21,Delivered
ORD003763,CUST00466,PROD0006,2,812.36,2025-12-11,,Cancelled
ORD002945,CUST00176,PROD0016,1,59834.55,2025-01-19,,Cancelled
ORD002976,CUST00786,PROD0057,3,1462.31,2026-01-28,2026-02-07,Delivered
ORD005111,CUST00604,PROD0079,4,2916.61,2026-05-31,,Cancelled
ORD002754,CUST00282,PROD0058,2,4704.83,2025-03-07,2025-03-10,Delivered
ORD003613,CUST00164,PROD0037,4,1155.64,2025-07-07,,Processing
ORD005888,CUST00539,PROD0127,4,919.23,2026-04-07,,Returned
ORD003500,CUST00137,PROD0083,3,385.32,2025-05-28,2025-06-04,Delivered
ORD000096,CUST00460,PROD0098,4,648.17,2025-06-26,2025-06-29,Delivered
ORD003381,CUST00045,PROD0023,3,11903.15,2025-04-05,2025-04-13,Delivered
ORD001665,CUST00103,PROD0121,2,751.76,2026-03-25,2026-04-03,Delivered
ORD001246,CUST00357,PROD0057,3,1462.31,2026-01-30,2026-02-06,Delivered
ORD005257,CUST00494,PROD0050,1,3898.39,2026-07-24,2026-07-25,Delivered
ORD003118,CUST00386,PROD0143,2,1730.89,2025-06-26,,Processing
ORD003447,CUST00077,PROD0066,5,4931.77,2026-02-13,2026-02-16,Delivered
ORD004627,CUST00669,PROD0023,3,11903.15,2025-01-28,,Shipped
ORD003793,CUST00501,PROD0051,1,1399.76,2026-02-01,2026-02-13,Delivered
ORD001466,CUST00332,PROD0045,4,1228.68,2026-07-13,,Delivered
ORD001094,CUST00471,PROD0129,1,17176.36,2025-06-20,,Shipped
ORD005855,CUST00788,PROD0089,5,16755.29,2026-06-21,,Cancelled
ORD002803,CUST00439,PROD0143,2,1730.89,2025-02-12,,Returned
ORD002859,CUST00387,PROD0026,3,4912.92,2025-07-31,,Returned
ORD003622,CUST00637,PROD0019,2,4410.8,2025-04-23,,Cancelled
ORD000488,CUST00068,PROD0030,1,429.82,2026-07-28,2026-08-01,Delivered
ORD003357,CUST00305,PROD0052,5,1448.8,2026-02-21,,Cancelled
ORD002729,CUST00469,PROD0049,4,191.03,2025-03-20,2025-03-23,Delivered
ORD005409,CUST00339,PROD0149,2,5764.99,2025-12-09,,Cancelled
ORD003796,CUST00764,PROD0125,4,11796.3,2026-05-09,,Delivered
ORD000042,CUST00154,PROD0013,1,39659.48,2025-04-12,,Returned
ORD001170,CUST00214,PROD0125,2,11796.3,2026-05-03,,Shipped
ORD003233,CUST00417,PROD0026,5,4912.92,2026-03-17,,Processing
ORD002315,CUST00072,PROD0016,1,59834.55,2025-07-26,,Shipped
ORD005040,CUST00545,PROD0128,4,3825.7,2026-01-13,,Shipped
ORD002299,CUST00348,PROD0017,4,4701.06,2025-08-09,,Returned
ORD003159,CUST00772,PROD0043,5,2444.21,2025-04-23,,Shipped
ORD001931,CUST00554,PROD0134,2,3036.32,2025-05-01,2025-05-05,Delivered
ORD000559,CUST00227,PROD0062,4,25032.52,2026-02-03,,Shipped
ORD000616,CUST00717,PROD0038,3,8563.39,2026-04-05,2026-04-14,Delivered
ORD005951,CUST00025,PROD0093,2,513.19,2026-07-14,,Returned
ORD003090,CUST00639,PROD0076,2,32834.68,2026-02-08,,Cancelled
ORD005307,CUST00612,PROD0128,3,3825.7,2025-03-10,2025-03-18,Delivered
ORD002273,CUST00613,PROD0016,5,59834.55,2025-05-15,2025-05-20,Delivered
ORD002526,CUST00399,PROD0084,1,317.91,2025-02-13,,Shipped
ORD000119,CUST00093,PROD0108,2,4953.1,2026-02-28,,Cancelled
ORD002880,CUST00092,PROD0026,4,4912.92,2025-10-25,,Cancelled
ORD005089,CUST00506,PROD0049,3,191.03,2026-04-15,,Cancelled
ORD003121,CUST00649,PROD0065,2,9361.22,2025-01-14,2025-01-17,Delivered
ORD000165,CUST00310,PROD0082,2,503.97,2025-01-27,,Returned
ORD005073,CUST00519,PROD0113,3,974.15,2025-02-26,,Processing
ORD005129,CUST00021,PROD0137,5,1360.59,2025-08-01,2025-08-09,Delivered
ORD000854,CUST00020,PROD0114,1,1292.66,2025-08-15,,Shipped
ORD004895,CUST00696,PROD0147,5,4832.5,2026-05-01,2026-05-07,Delivered
ORD001720,CUST00670,PROD0087,4,13732.01,2026-07-16,,Returned
ORD005506,CUST00654,PROD0107,1,328.16,2026-03-12,,Cancelled
ORD001164,CUST00646,PROD0022,4,459.17,2026-06-03,,Shipped
ORD002470,CUST00415,PROD0099,1,14295.1,2025-01-12,2025-01-17,Delivered
ORD001760,CUST00501,PROD0006,4,812.36,2025-11-04,2025-11-12,Delivered
ORD004050,CUST00363,PROD0040,5,2990.7,2025-09-26,2025-09-30,Delivered
ORD003115,CUST00003,PROD0123,2,21424.68,2026-02-19,2026-03-03,Delivered
ORD003768,CUST00212,PROD0015,2,2263.06,2026-01-14,2026-01-21,Delivered
ORD000057,CUST00095,PROD0019,5,4410.8,2025-01-13,,Processing
ORD003256,CUST00074,PROD0098,3,648.17,2026-03-24,2026-03-28,Delivered
ORD004510,CUST00491,PROD0085,3,4763.96,2025-10-13,,Shipped
ORD004766,CUST00086,PROD0017,5,4701.06,2025-03-25,2025-04-05,Delivered
ORD004666,CUST00184,PROD0053,5,379.38,2025-08-09,,Processing
ORD002804,CUST00041,PROD0139,5,4171.69,2025-08-31,,Returned
ORD003033,CUST00420,PROD0029,2,901.03,2026-07-14,,Returned
ORD004698,CUST00674,PROD0099,5,14295.1,2025-01-17,,Cancelled
ORD003835,CUST00760,PROD0090,2,955.06,2025-06-25,,Cancelled
ORD004039,CUST00421,PROD0014,4,1289.47,2026-02-19,,Shipped
ORD000219,CUST00427,PROD0130,2,314.99,2026-05-26,2026-06-04,Delivered
ORD002347,CUST00705,PROD0106,5,3327.3,2025-08-24,,Returned
ORD002218,CUST00226,PROD0032,2,1176.78,2025-08-12,2025-08-23,Delivered
ORD002370,CUST00683,PROD0047,2,26286.3,2026-06-12,,Shipped
ORD004578,CUST00624,PROD0146,1,9127.13,2025-01-28,,Returned
ORD002675,CUST00626,PROD0057,4,1462.31,2025-07-23,,Cancelled
ORD004203,CUST00791,PROD0061,4,1083.6,2025-11-29,2025-12-11,Delivered
ORD000174,CUST00300,PROD0118,2,828.66,2025-11-20,2025-11-28,Delivered
ORD005695,CUST00049,PROD0064,3,3664.82,2025-12-19,2025-12-31,Delivered
ORD005833,CUST00443,PROD0024,2,1123.83,2025-07-15,,Cancelled
ORD000980,CUST00627,PROD0025,1,4203.28,2026-03-04,,Cancelled
ORD000128,CUST00388,PROD0025,1,4203.28,2025-07-31,,Shipped
ORD000938,CUST00004,PROD0044,1,1423.72,2025-04-13,,Shipped
ORD000297,CUST00312,PROD0081,4,4820.76,2026-01-06,2026-01-13,Delivered
ORD003213,CUST00588,PROD0135,4,7336.91,2025-07-08,,Cancelled
ORD004992,CUST00073,PROD0068,2,1375.21,2026-03-01,,Delivered
ORD005498,CUST00141,PROD0114,2,1292.66,2025-09-17,2025-09-23,Delivered
ORD005701,CUST00124,PROD0135,4,7336.91,2025-06-14,,Cancelled
ORD000546,CUST00574,PROD0100,3,7797.29,2025-03-03,,Shipped
ORD000584,CUST00646,PROD0035,4,4733.42,2025-07-18,,Processing
ORD005884,CUST00384,PROD0120,5,418.7,2025-06-27,2025-06-29,Delivered
ORD001174,CUST00170,PROD0046,1,51.86,2025-05-26,,Shipped
ORD004844,CUST00589,PROD0080,4,4686.49,2025-12-26,2025-12-31,Delivered
ORD002217,CUST00557,PROD0120,4,418.7,2026-07-14,,Processing
ORD004190,CUST00408,PROD0121,5,751.76,2026-03-05,,Delivered
ORD005808,CUST00088,PROD0016,1,59834.55,2025-10-28,2025-10-30,Delivered
ORD000510,CUST00229,PROD0014,1,1289.47,2026-07-28,2026-08-02,Delivered
ORD005225,CUST00783,PROD0124,3,2908.87,2025-10-20,,Cancelled
ORD004238,CUST00450,PROD0103,5,11738.74,2026-07-04,,Cancelled
ORD005879,CUST00296,PROD0064,5,3664.82,2025-03-16,2025-03-19,Delivered
ORD002448,CUST00233,PROD0139,1,4171.69,2025-03-10,,Cancelled
ORD001819,CUST00788,PROD0123,5,21424.68,2025-10-24,2025-11-02,Delivered
ORD002205,CUST00281,PROD0105,2,32176.55,2026-06-19,,Returned
ORD004607,CUST00408,PROD0074,5,2124.57,2026-06-23,2026-07-03,Delivered
ORD002127,CUST00220,PROD0123,3,21424.68,2026-05-18,2026-05-21,Delivered
ORD003550,CUST00702,PROD0082,4,503.97,2025-05-30,2025-05-31,Delivered
ORD004946,CUST00770,PROD0094,5,1211.97,2025-10-19,,Shipped
ORD000877,CUST00524,PROD0124,5,2908.87,2026-04-01,2026-04-04,Delivered
ORD003321,CUST00024,PROD0056,2,861.22,2025-03-19,2025-03-26,Delivered
ORD001972,CUST00537,PROD0129,4,17176.36,2025-05-10,2025-05-12,Delivered
ORD004868,CUST00436,PROD0121,1,751.76,2026-01-08,,Returned
ORD003926,CUST00027,PROD0109,3,854.47,2025-09-09,2025-09-13,Delivered
ORD004626,CUST00438,PROD0098,5,648.17,2025-09-19,,Returned
ORD001106,CUST00257,PROD0150,1,2716.88,2026-01-27,,Shipped
ORD003873,CUST00248,PROD0132,2,305.28,2025-10-04,2025-10-08,Delivered
ORD005113,CUST00403,PROD0048,5,56173.09,2025-05-08,,Cancelled
ORD001038,CUST00640,PROD0098,2,648.17,2026-02-14,2026-02-19,Delivered
ORD001676,CUST00157,PROD0108,4,4953.1,2025-02-10,,Returned
ORD003911,CUST00406,PROD0013,4,39659.48,2025-08-14,,Returned
ORD004537,CUST00567,PROD0097,1,166.92,2025-09-07,2025-09-16,Delivered
ORD001695,CUST00419,PROD0149,4,5764.99,2026-02-01,,Processing
ORD000001,CUST00606,PROD0141,1,22625.81,2026-04-18,,Returned
ORD003788,CUST00040,PROD0062,4,25032.52,2026-07-09,2026-07-10,Delivered
ORD005583,CUST00648,PROD0020,4,4298.98,2026-05-11,,Returned
ORD005337,CUST00003,PROD0138,4,3519.99,2025-09-14,,Returned
ORD001580,CUST00362,PROD0022,4,459.17,2025-07-22,2025-08-01,Delivered
ORD005411,CUST00243,PROD0038,2,8563.39,2025-05-27,,Returned
ORD004279,CUST00062,PROD0058,1,4704.83,2025-04-23,2025-05-05,Delivered
ORD000748,CUST00065,PROD0107,1,328.16,2025-09-10,,Delivered
ORD004076,CUST00088,PROD0022,1,459.17,2026-05-16,2026-05-22,Delivered
ORD002835,CUST00388,PROD0067,3,4271.55,2025-07-28,,Processing
ORD003907,CUST00576,PROD0014,2,1289.47,2026-03-09,,Shipped
ORD003117,CUST00531,PROD0082,3,503.97,2025-03-24,,Cancelled
ORD002473,CUST00289,PROD0108,5,4953.1,2025-05-22,,Processing
ORD001486,CUST00168,PROD0083,3,385.32,2026-01-22,2026-01-28,Delivered
ORD004997,CUST00381,PROD0026,2,4912.92,2025-08-18,,Processing
ORD000682,CUST00159,PROD0150,1,2716.88,2025-12-16,2025-12-23,Delivered
ORD000209,CUST00655,PROD0061,1,1083.6,2026-04-16,,Returned
ORD004618,CUST00794,PROD0089,2,16755.29,2026-03-29,,Cancelled
ORD002215,CUST00629,PROD0027,1,331.1,2025-06-17,,Cancelled
ORD003948,CUST00646,PROD0051,3,1399.76,2026-03-05,2026-03-11,Delivered
ORD003080,CUST00703,PROD0116,1,8033.73,2026-06-02,,Cancelled
ORD003813,CUST00308,PROD0027,3,331.1,2025-07-10,2025-07-12,Delivered
ORD000639,CUST00611,PROD0014,3,1289.47,2026-01-05,,Processing
ORD004686,CUST00732,PROD0105,5,32176.55,2025-08-02,2025-08-10,Delivered
ORD004554,CUST00004,PROD0062,5,25032.52,2025-09-26,,Shipped
ORD006000,CUST00247,PROD0007,1,40685.29,2025-01-18,2025-01-30,Delivered
ORD005700,CUST00537,PROD0069,2,58378.98,2026-04-21,,Cancelled
ORD001818,CUST00442,PROD0016,3,59834.55,2025-04-19,,Processing
ORD002725,CUST00691,PROD0139,2,4171.69,2026-07-04,2026-07-15,Delivered
ORD000414,CUST00095,PROD0007,3,40685.29,2025-06-23,,Returned
ORD004276,CUST00775,PROD0078,2,12507.55,2025-01-16,2025-01-21,Delivered
ORD004856,CUST00285,PROD0046,4,51.86,2026-05-19,2026-05-23,Delivered
ORD002178,CUST00264,PROD0123,5,21424.68,2026-06-26,,Cancelled
ORD002837,CUST00585,PROD0108,1,4953.1,2025-03-12,2025-03-23,Delivered
ORD000420,CUST00624,PROD0135,1,7336.91,2025-09-19,2025-09-24,Delivered
ORD000747,CUST00151,PROD0145,5,2463.88,2025-08-06,2025-08-15,Delivered
ORD002461,CUST00045,PROD0036,3,559.64,2026-01-21,2026-01-23,Delivered
ORD001361,CUST00316,PROD0149,3,5764.99,2025-02-12,2025-02-13,Delivered
ORD003245,CUST00759,PROD0089,1,16755.29,2025-10-02,,Cancelled
ORD005578,CUST00487,PROD0138,3,3519.99,2025-12-05,,Returned
ORD002094,CUST00773,PROD0051,2,1399.76,2025-11-29,,Processing
ORD005964,CUST00226,PROD0050,4,3898.39,2025-10-30,,Processing
ORD000821,CUST00524,PROD0013,3,39659.48,2025-10-18,2025-10-30,Delivered
ORD001916,CUST00793,PROD0038,1,8563.39,2026-05-05,2026-05-15,Delivered
ORD001670,CUST00127,PROD0027,3,331.1,2025-10-10,,Processing
ORD003651,CUST00659,PROD0113,3,974.15,2026-06-18,2026-06-21,Delivered
ORD005926,CUST00113,PROD0090,2,955.06,2026-02-01,,Processing
ORD002752,CUST00339,PROD0067,5,4271.55,2026-06-11,,Processing
ORD005070,CUST00753,PROD0104,5,1042.65,2025-07-21,,Processing
ORD001029,CUST00314,PROD0047,5,26286.3,2025-07-04,,Returned
ORD001630,CUST00672,PROD0037,2,1155.64,2025-07-01,2025-07-04,Delivered
ORD001147,CUST00644,PROD0086,1,1450.41,2025-09-03,2025-09-12,Delivered
ORD002137,CUST00198,PROD0032,4,1176.78,2025-09-16,2025-09-25,Delivered
ORD005387,CUST00595,PROD0106,5,3327.3,2025-10-19,,Processing
ORD004857,CUST00147,PROD0126,4,8384.51,2025-04-28,2025-04-29,Delivered
ORD001546,CUST00338,PROD0119,2,2603.43,2025-04-11,,Cancelled
ORD004409,CUST00435,PROD0003,1,14338.6,2026-04-27,,Returned
ORD005324,CUST00102,PROD0142,3,1821.04,2025-02-11,2025-02-21,Delivered
ORD005614,CUST00426,PROD0001,4,2002.86,2025-12-04,,Cancelled
ORD000596,CUST00679,PROD0119,1,2603.43,2025-03-14,,Processing
ORD004000,CUST00683,PROD0131,5,6853.95,2025-12-18,,Shipped
ORD003616,CUST00615,PROD0113,5,974.15,2025-10-28,,Cancelled
ORD002864,CUST00064,PROD0147,2,4832.5,2025-04-18,,Returned
ORD005429,CUST00560,PROD0063,1,869.54,2026-07-17,,Cancelled
ORD000295,CUST00038,PROD0022,3,459.17,2026-07-11,,Shipped
ORD003577,CUST00174,PROD0075,3,209.7,2025-07-05,2025-07-11,Delivered
ORD001030,CUST00008,PROD0032,1,1176.78,2025-05-12,2025-05-23,Delivered
ORD002125,CUST00641,PROD0081,4,4820.76,2025-04-28,,Shipped
ORD001449,CUST00297,PROD0110,5,1192.79,2025-11-10,,Cancelled
ORD001142,CUST00157,PROD0059,4,685.94,2025-06-10,2025-06-19,Delivered
ORD002248,CUST00230,PROD0137,3,1360.59,2026-06-21,,Cancelled
ORD004291,CUST00311,PROD0033,2,5639.02,2026-04-14,,Returned
ORD002522,CUST00580,PROD0036,5,559.64,2025-02-18,,Processing
ORD002450,CUST00441,PROD0084,5,317.91,2026-05-31,,Shipped
ORD001297,CUST00407,PROD0124,2,2908.87,2025-08-29,,Shipped
ORD001657,CUST00763,PROD0072,1,263.08,2026-02-15,,Cancelled
ORD000244,CUST00018,PROD0063,1,869.54,2025-11-25,2025-12-02,Delivered
ORD005908,CUST00598,PROD0015,4,2263.06,2025-07-06,2025-07-12,Delivered
ORD002873,CUST00416,PROD0103,1,11738.74,2025-12-18,,Returned
ORD005630,CUST00404,PROD0023,2,11903.15,2026-02-14,,Cancelled
ORD002939,CUST00705,PROD0136,2,18573.07,2026-02-07,2026-02-11,Delivered
ORD001027,CUST00164,PROD0138,2,3519.99,2026-02-20,,Cancelled
ORD004373,CUST00113,PROD0136,2,18573.07,2025-01-03,,Shipped
ORD005143,CUST00624,PROD0086,3,1450.41,2025-04-14,,Delivered
ORD002048,CUST00201,PROD0095,2,6063.96,2025-02-12,,Returned
ORD003816,CUST00227,PROD0131,4,6853.95,2025-01-23,,Cancelled
ORD002849,CUST00695,PROD0088,4,34407.7,2025-08-22,2025-08-31,Delivered
ORD005204,CUST00180,PROD0098,3,648.17,2025-04-10,2025-04-13,Delivered
ORD002197,CUST00765,PROD0110,1,1192.79,2025-05-30,,Processing
ORD005624,CUST00724,PROD0150,3,2716.88,2025-02-18,2025-02-24,Delivered
ORD003701,CUST00224,PROD0057,1,1462.31,2025-04-01,,Processing
ORD004853,CUST00594,PROD0146,2,9127.13,2026-01-05,,Cancelled
ORD001247,CUST00352,PROD0109,2,854.47,2025-11-11,2025-11-14,Delivered
ORD004313,CUST00597,PROD0055,4,70.6,2025-04-25,,Returned
ORD001898,CUST00029,PROD0033,5,5639.02,2025-01-29,,Returned
ORD004639,CUST00157,PROD0032,3,1176.78,2025-07-05,,Processing
ORD005427,CUST00558,PROD0050,2,3898.39,2026-02-09,2026-02-20,Delivered
ORD001526,CUST00775,PROD0132,5,305.28,2025-09-07,,Processing
ORD001149,CUST00466,PROD0069,1,58378.98,2025-02-15,,Returned
ORD002751,CUST00113,PROD0105,2,32176.55,2025-10-31,2025-11-07,Delivered
ORD000395,CUST00043,PROD0084,3,317.91,2026-02-27,,Cancelled
ORD005130,CUST00530,PROD0060,5,7402.46,2026-07-19,2026-07-23,Delivered
ORD005784,CUST00565,PROD0026,4,4912.92,2025-11-24,,Returned
ORD003546,CUST00536,PROD0084,2,317.91,2026-06-23,,Processing
ORD003163,CUST00720,PROD0113,2,974.15,2025-01-23,,Returned
ORD000495,CUST00491,PROD0060,2,7402.46,2025-05-28,,Shipped
ORD001701,CUST00494,PROD0015,3,2263.06,2026-05-04,2026-05-15,Delivered
ORD005308,CUST00581,PROD0017,3,4701.06,2025-04-22,,Returned
ORD005897,CUST00357,PROD0014,2,1289.47,2025-11-21,,Cancelled
ORD003920,CUST00540,PROD0108,4,4953.1,2025-12-30,,Shipped
ORD000107,CUST00073,PROD0057,1,1462.31,2026-06-24,2026-06-30,Delivered
ORD005860,CUST00415,PROD0031,4,2204.46,2026-02-05,,Returned
ORD003795,CUST00241,PROD0063,4,869.54,2025-01-13,,Shipped
ORD000432,CUST00370,PROD0052,2,1448.8,2025-11-13,2025-11-20,Delivered
ORD002528,CUST00203,PROD0130,4,314.99,2025-04-08,2025-04-11,Delivered
ORD000734,CUST00558,PROD0025,5,4203.28,2025-03-02,,Processing
ORD003723,CUST00066,PROD0032,1,1176.78,2025-06-03,2025-06-05,Delivered
ORD001591,CUST00311,PROD0107,3,328.16,2025-08-23,,Returned
ORD003932,CUST00102,PROD0080,3,4686.49,2026-04-27,,Cancelled
ORD005716,CUST00267,PROD0135,5,7336.91,2025-06-29,2025-07-09,Delivered
ORD001240,CUST00707,PROD0115,1,55563.32,2026-06-19,2026-06-29,Delivered
ORD001582,CUST00257,PROD0050,5,3898.39,2026-04-13,,Shipped
ORD003540,CUST00075,PROD0108,2,4953.1,2025-09-24,,Returned
ORD003382,CUST00628,PROD0076,2,32834.68,2026-01-26,,Processing
ORD004824,CUST00652,PROD0120,1,418.7,2025-04-05,2025-04-17,Delivered
ORD000453,CUST00081,PROD0044,3,1423.72,2025-06-03,2025-06-06,Delivered
ORD002228,CUST00713,PROD0147,4,4832.5,2025-01-24,,Cancelled
ORD004493,CUST00727,PROD0066,3,4931.77,2025-12-05,,Cancelled
ORD002393,CUST00212,PROD0017,4,4701.06,2025-01-12,,Processing
ORD003938,CUST00284,PROD0005,3,560.65,2025-10-12,2025-10-22,Delivered
ORD003716,CUST00115,PROD0032,4,1176.78,2025-04-22,,Processing
ORD002546,CUST00161,PROD0033,2,5639.02,2025-07-18,,Shipped
ORD004829,CUST00585,PROD0117,4,430.76,2025-08-13,2025-08-21,Delivered
ORD001609,CUST00204,PROD0102,4,133.37,2025-02-19,2025-02-28,Delivered
ORD005999,CUST00352,PROD0094,1,1211.97,2026-03-31,,Cancelled
ORD003516,CUST00406,PROD0085,3,4763.96,2026-07-21,2026-07-22,Delivered
ORD003779,CUST00121,PROD0118,4,828.66,2026-05-11,2026-05-17,Delivered
ORD000962,CUST00694,PROD0120,3,418.7,2025-06-18,2025-06-25,Delivered
ORD002303,CUST00787,PROD0094,2,1211.97,2026-07-08,,Processing
ORD000993,CUST00761,PROD0106,2,3327.3,2025-01-04,,Processing
ORD000365,CUST00296,PROD0009,3,390.58,2025-03-24,2025-03-29,Delivered
ORD002686,CUST00030,PROD0068,1,1375.21,2026-06-23,2026-06-26,Delivered
ORD004750,CUST00676,PROD0091,4,1751.39,2025-04-07,2025-04-13,Delivered
ORD000835,CUST00058,PROD0047,1,26286.3,2025-03-01,,Cancelled
ORD004886,CUST00441,PROD0137,2,1360.59,2025-07-23,,Processing
ORD003475,CUST00185,PROD0066,3,4931.77,2026-02-26,,Processing
ORD005670,CUST00082,PROD0052,3,1448.8,2025-01-18,2025-01-28,Delivered
ORD004687,CUST00585,PROD0067,2,4271.55,2025-06-03,,Processing
ORD005326,CUST00241,PROD0036,3,559.64,2026-03-01,,Delivered
ORD004312,CUST00712,PROD0063,1,869.54,2025-02-26,2025-03-05,Delivered
ORD004540,CUST00033,PROD0089,3,16755.29,2026-05-07,,Processing
ORD001426,CUST00763,PROD0026,3,4912.92,2026-04-28,,Shipped
ORD002911,CUST00049,PROD0010,2,11743.74,2025-11-09,,Cancelled
ORD004681,CUST00538,PROD0062,1,25032.52,2025-02-03,,Shipped
ORD002894,CUST00578,PROD0061,3,1083.6,2026-07-05,2026-07-13,Delivered
ORD004383,CUST00418,PROD0002,3,2472.29,2025-01-19,,Cancelled
ORD001268,CUST00117,PROD0037,3,1155.64,2026-05-25,2026-06-04,Delivered
ORD002321,CUST00491,PROD0022,2,459.17,2026-05-27,2026-05-30,Delivered
ORD002119,CUST00572,PROD0086,5,1450.41,2025-05-20,2025-05-27,Delivered
ORD004089,CUST00524,PROD0124,4,2908.87,2025-04-22,2025-04-30,Delivered
ORD005909,CUST00168,PROD0088,1,34407.7,2025-09-17,2025-09-27,Delivered
ORD005336,CUST00431,PROD0111,2,42616.44,2025-07-28,,Processing
ORD001834,CUST00479,PROD0037,3,1155.64,2025-01-26,,Cancelled
ORD004298,CUST00579,PROD0007,5,40685.29,2026-02-20,,Processing
ORD000608,CUST00727,PROD0006,3,812.36,2025-07-13,2025-07-17,Delivered
ORD000634,CUST00691,PROD0121,1,751.76,2025-10-22,2025-10-30,Delivered
ORD003620,CUST00520,PROD0115,4,55563.32,2026-05-20,2026-06-01,Delivered
ORD002482,CUST00259,PROD0050,4,3898.39,2026-03-06,2026-03-11,Delivered
ORD000023,CUST00689,PROD0037,5,1155.64,2026-02-02,2026-02-12,Delivered
ORD000404,CUST00597,PROD0112,4,1969.23,2025-05-04,2025-05-15,Delivered
ORD000906,CUST00622,PROD0082,3,503.97,2026-01-27,2026-02-04,Delivered
ORD003937,CUST00604,PROD0060,2,7402.46,2025-01-04,2025-01-12,Delivered
ORD003152,CUST00250,PROD0005,1,560.65,2025-08-14,2025-08-19,Delivered
ORD000436,CUST00212,PROD0049,1,191.03,2025-05-15,2025-05-25,Delivered
ORD000817,CUST00236,PROD0132,5,305.28,2025-05-01,,Returned
ORD002449,CUST00438,PROD0011,3,1483.6,2025-12-03,2025-12-04,Delivered
ORD005686,CUST00505,PROD0046,3,51.86,2026-03-31,,Shipped
ORD000500,CUST00754,PROD0106,2,3327.3,2025-09-07,2025-09-15,Delivered
ORD005605,CUST00402,PROD0120,1,418.7,2026-06-21,,Processing
ORD000917,CUST00058,PROD0006,5,812.36,2025-02-02,2025-02-08,Delivered
ORD002181,CUST00734,PROD0149,1,5764.99,2025-10-24,2025-10-25,Delivered
ORD001953,CUST00035,PROD0121,1,751.76,2026-07-31,2026-08-08,Delivered
ORD000759,CUST00074,PROD0109,3,854.47,2025-07-10,,Cancelled
ORD003571,CUST00211,PROD0132,1,305.28,2025-02-02,2025-02-10,Delivered
ORD003218,CUST00003,PROD0127,4,919.23,2025-07-11,,Cancelled
ORD002379,CUST00618,PROD0134,5,3036.32,2025-08-27,,Returned
ORD000523,CUST00304,PROD0121,4,751.76,2026-06-09,,Processing
ORD003588,CUST00454,PROD0048,5,56173.09,2025-12-16,2025-12-23,Delivered
ORD000724,CUST00171,PROD0101,4,782.0,2025-08-18,2025-08-27,Delivered
ORD000994,CUST00343,PROD0093,1,513.19,2025-11-30,2025-12-10,Delivered
ORD001319,CUST00197,PROD0091,3,1751.39,2026-07-27,2026-08-04,Delivered
ORD002122,CUST00529,PROD0008,1,545.71,2025-01-12,,Delivered
ORD001822,CUST00748,PROD0096,2,32150.75,2026-01-14,,Returned
ORD001128,CUST00641,PROD0082,4,503.97,2026-03-11,,Cancelled
ORD000702,CUST00522,PROD0010,2,11743.74,2025-06-13,2025-06-14,Delivered
ORD001918,CUST00329,PROD0111,1,42616.44,2025-11-25,2025-11-29,Delivered
ORD005149,CUST00768,PROD0108,4,4953.1,2026-05-30,2026-06-11,Delivered
ORD001244,CUST00659,PROD0049,4,191.03,2025-04-18,2025-04-28,Delivered
ORD001946,CUST00205,PROD0112,5,1969.23,2026-01-31,2026-02-04,Delivered
ORD001969,CUST00342,PROD0001,3,2002.86,2026-04-17,,Returned
ORD001001,CUST00282,PROD0126,1,8384.51,2025-12-07,2025-12-18,Delivered
ORD002910,CUST00689,PROD0055,2,70.6,2026-03-06,2026-03-15,Delivered
ORD005205,CUST00095,PROD0021,4,156.01,2025-02-28,2025-03-05,Delivered
ORD000236,CUST00088,PROD0011,4,1483.6,2025-10-13,,Shipped
ORD004874,CUST00714,PROD0089,5,16755.29,2026-01-23,,Shipped
ORD002063,CUST00468,PROD0121,3,751.76,2026-02-20,2026-02-25,Delivered
ORD004919,CUST00670,PROD0109,5,854.47,2025-02-25,,Processing
ORD000886,CUST00373,PROD0085,4,4763.96,2025-07-30,2025-07-31,Delivered
ORD002689,CUST00005,PROD0064,2,3664.82,2025-04-17,,Returned
ORD001772,CUST00135,PROD0034,4,2546.45,2025-11-20,2025-12-01,Delivered
ORD000646,CUST00102,PROD0030,2,429.82,2025-01-18,,Processing
ORD005444,CUST00683,PROD0120,5,418.7,2025-12-21,2025-12-30,Delivered
ORD002770,CUST00696,PROD0042,5,915.41,2025-12-11,,Cancelled
ORD000883,CUST00677,PROD0145,3,2463.88,2025-11-03,,Processing
ORD001493,CUST00694,PROD0069,5,58378.98,2026-02-15,2026-02-18,Delivered
ORD002180,CUST00679,PROD0116,1,8033.73,2025-02-18,,Processing
ORD001208,CUST00454,PROD0106,1,3327.3,2026-05-14,2026-05-18,Delivered
ORD001260,CUST00140,PROD0037,1,1155.64,2026-05-01,,Processing
ORD000073,CUST00777,PROD0082,3,503.97,2025-03-21,,Processing
ORD002500,CUST00183,PROD0088,4,34407.7,2025-10-09,,Returned
ORD002604,CUST00388,PROD0093,2,513.19,2026-03-24,,Returned
ORD002260,CUST00181,PROD0058,5,4704.83,2025-04-19,,Cancelled
ORD001821,CUST00721,PROD0110,5,1192.79,2025-05-05,2025-05-14,Delivered
ORD001463,CUST00315,PROD0095,3,6063.96,2026-05-30,,Shipped
ORD005059,CUST00306,PROD0116,5,8033.73,2025-09-02,,Processing
ORD001581,CUST00435,PROD0003,5,14338.6,2026-03-17,,Returned
ORD004748,CUST00340,PROD0001,1,2002.86,2025-06-21,,Processing
ORD002216,CUST00798,PROD0057,4,1462.31,2025-09-01,,Processing
ORD004733,CUST00458,PROD0091,1,1751.39,2026-02-17,,Processing
ORD001417,CUST00473,PROD0024,3,1123.83,2025-12-28,,Delivered
ORD001437,CUST00037,PROD0124,5,2908.87,2026-07-23,2026-07-30,Delivered
ORD003175,CUST00485,PROD0083,2,385.32,2025-08-27,2025-09-04,Delivered
ORD001559,CUST00642,PROD0149,1,5764.99,2025-06-23,,Cancelled
ORD005468,CUST00070,PROD0021,2,156.01,2026-07-10,2026-07-20,Delivered
ORD004710,CUST00438,PROD0037,5,1155.64,2026-01-02,,Delivered
ORD005043,CUST00196,PROD0099,1,14295.1,2025-05-05,,Cancelled
ORD005297,CUST00377,PROD0052,3,1448.8,2025-03-16,,Cancelled
ORD004616,CUST00001,PROD0123,3,21424.68,2025-04-11,2025-04-19,Delivered
ORD001252,CUST00724,PROD0013,4,39659.48,2026-03-09,,Shipped
ORD002601,CUST00580,PROD0008,3,545.71,2025-10-01,,Returned
ORD002235,CUST00499,PROD0084,5,317.91,2026-02-12,2026-02-21,Delivered
ORD002263,CUST00623,PROD0125,3,11796.3,2025-09-25,2025-09-29,Delivered
ORD002148,CUST00228,PROD0072,3,263.08,2026-06-10,2026-06-14,Delivered
ORD003032,CUST00735,PROD0082,4,503.97,2025-09-10,,Processing
ORD001292,CUST00496,PROD0085,1,4763.96,2025-05-05,2025-05-17,Delivered
ORD002786,CUST00391,PROD0128,2,3825.7,2025-01-18,,Cancelled
ORD002504,CUST00786,PROD0019,4,4410.8,2026-07-10,2026-07-18,Delivered
ORD000158,CUST00557,PROD0045,5,1228.68,2025-01-09,,Shipped
ORD002380,CUST00483,PROD0096,4,32150.75,2025-01-12,2025-01-13,Delivered
ORD001290,CUST00149,PROD0002,4,2472.29,2026-06-15,2026-06-17,Delivered
ORD001661,CUST00256,PROD0063,4,869.54,2025-06-13,,Cancelled
ORD005108,CUST00155,PROD0093,4,513.19,2025-07-14,2025-07-19,Delivered
ORD003839,CUST00172,PROD0076,3,32834.68,2026-06-13,2026-06-19,Delivered
ORD002170,CUST00731,PROD0112,1,1969.23,2026-06-16,2026-06-28,Delivered
ORD005555,CUST00577,PROD0139,1,4171.69,2025-06-12,2025-06-22,Delivered
ORD002169,CUST00380,PROD0011,3,1483.6,2025-01-22,2025-01-30,Delivered
ORD001991,CUST00291,PROD0057,4,1462.31,2025-06-19,2025-06-21,Delivered
ORD005188,CUST00687,PROD0035,1,4733.42,2025-02-02,,Returned
ORD003689,CUST00482,PROD0013,1,39659.48,2025-11-08,2025-11-14,Delivered
ORD005568,CUST00284,PROD0144,2,4806.1,2025-09-19,,Returned
ORD003294,CUST00045,PROD0002,1,2472.29,2026-03-28,2026-04-04,Delivered
ORD001451,CUST00383,PROD0046,3,51.86,2025-04-15,,Cancelled
ORD002023,CUST00352,PROD0052,2,1448.8,2026-03-04,2026-03-15,Delivered
ORD002177,CUST00358,PROD0136,4,18573.07,2025-07-18,,Shipped
ORD001457,CUST00012,PROD0021,5,156.01,2025-08-08,,Shipped
ORD004157,CUST00417,PROD0045,5,1228.68,2025-04-26,,Cancelled
ORD000865,CUST00463,PROD0115,3,55563.32,2025-01-06,2025-01-12,Delivered
ORD005880,CUST00275,PROD0032,5,1176.78,2026-03-18,,Returned
ORD001797,CUST00579,PROD0048,1,56173.09,2025-04-04,,Cancelled
ORD002970,CUST00694,PROD0105,1,32176.55,2025-02-25,2025-03-06,Delivered
ORD005052,CUST00411,PROD0052,3,1448.8,2026-01-06,2026-01-16,Delivered
ORD002466,CUST00098,PROD0133,5,1400.65,2025-02-20,2025-02-23,Delivered
ORD004756,CUST00745,PROD0042,5,915.41,2026-01-10,,Returned
ORD002211,CUST00073,PROD0018,3,18955.94,2025-01-24,,Shipped
ORD001742,CUST00045,PROD0102,3,133.37,2026-07-04,,Shipped
ORD001635,CUST00491,PROD0009,2,390.58,2026-02-22,,Cancelled
ORD001414,CUST00681,PROD0067,1,4271.55,2025-10-02,2025-10-08,Delivered
ORD001324,CUST00197,PROD0080,4,4686.49,2025-02-28,2025-03-10,Delivered
ORD002794,CUST00213,PROD0147,3,4832.5,2026-02-20,2026-03-01,Delivered
ORD005836,CUST00059,PROD0094,1,1211.97,2026-05-10,,Returned
ORD004845,CUST00797,PROD0100,2,7797.29,2026-04-24,2026-05-02,Delivered
ORD002659,CUST00156,PROD0035,1,4733.42,2025-06-03,2025-06-07,Delivered
ORD003369,CUST00627,PROD0044,5,1423.72,2025-09-14,2025-09-25,Delivered
ORD002144,CUST00257,PROD0065,1,9361.22,2026-04-19,,Cancelled
ORD001535,CUST00292,PROD0104,1,1042.65,2025-03-22,,Returned
ORD005232,CUST00081,PROD0024,4,1123.83,2025-03-03,2025-03-06,Delivered
ORD005854,CUST00115,PROD0111,4,42616.44,2026-03-09,2026-03-18,Delivered
ORD000830,CUST00742,PROD0063,5,869.54,2026-03-31,,Processing
ORD004705,CUST00264,PROD0043,1,2444.21,2026-06-07,,Cancelled
ORD003026,CUST00452,PROD0109,5,854.47,2025-03-18,,Processing
ORD003664,CUST00583,PROD0002,5,2472.29,2026-04-29,2026-05-10,Delivered
ORD000303,CUST00026,PROD0141,5,22625.81,2025-02-23,,Cancelled
ORD000441,CUST00539,PROD0004,3,2001.32,2026-02-27,2026-03-03,Delivered
ORD003479,CUST00739,PROD0092,2,1419.85,2026-03-24,,Returned
ORD005739,CUST00581,PROD0057,2,1462.31,2025-05-05,2025-05-10,Delivered
ORD003345,CUST00244,PROD0084,5,317.91,2026-03-15,,Shipped
ORD003430,CUST00797,PROD0039,4,5112.85,2025-12-23,,Cancelled
ORD000108,CUST00305,PROD0034,3,2546.45,2025-07-01,2025-07-02,Delivered
ORD000052,CUST00585,PROD0023,0,11903.15,2025-05-24,,Cancelled
ORD004642,CUST00357,PROD0122,3,993.76,2025-06-22,2025-06-23,Delivered
ORD003423,CUST00439,PROD0092,5,1419.85,2025-10-18,2025-10-29,Delivered
ORD003955,CUST00042,PROD0067,4,4271.55,2025-07-13,2025-07-25,Delivered
ORD000446,CUST00373,PROD0011,5,1483.6,2026-02-01,2026-02-05,Delivered
ORD002905,CUST00665,PROD0062,5,25032.52,2025-03-19,,Returned
ORD004230,CUST00008,PROD0144,4,4806.1,2026-05-28,,Cancelled
ORD001792,CUST00573,PROD0050,4,3898.39,2025-10-16,2025-10-24,Delivered
ORD000827,CUST00275,PROD0072,1,263.08,2025-06-19,,Shipped
ORD003138,CUST00653,PROD0119,4,2603.43,2026-02-02,,Processing
ORD003249,CUST00063,PROD0094,2,1211.97,2025-04-30,2025-05-11,Delivered
ORD003596,CUST00509,PROD0110,3,1192.79,2025-03-01,2025-03-12,Delivered
ORD001883,CUST00145,PROD0066,5,4931.77,2025-06-18,,Processing
ORD004180,CUST00109,PROD0073,5,34399.58,2025-06-18,,Returned
ORD003989,CUST00158,PROD0072,4,263.08,2025-10-11,2025-10-21,Delivered
ORD002451,CUST00208,PROD0059,3,685.94,2025-08-24,2025-08-25,Delivered
ORD000800,CUST00492,PROD0022,3,459.17,2025-11-19,2025-11-26,Delivered
ORD005208,CUST00527,PROD0040,2,2990.7,2025-05-07,,Processing
ORD005266,CUST00250,PROD0133,4,1400.65,2025-12-26,,Returned
ORD000772,CUST00775,PROD0093,4,513.19,2025-11-06,,Delivered
ORD005063,CUST00691,PROD0148,1,985.06,2025-06-02,,Returned
ORD003741,CUST00612,PROD0079,3,2916.61,2025-03-03,2025-03-13,Delivered
ORD004215,CUST00432,PROD0006,5,812.36,2026-07-06,2026-07-18,Delivered
ORD000320,CUST00632,PROD0147,3,4832.5,2025-07-07,,Returned
ORD002423,CUST00169,PROD0126,4,8384.51,2025-12-15,2025-12-25,Delivered
ORD000808,CUST00449,PROD0078,4,12507.55,2026-06-02,2026-06-08,Delivered
ORD002550,CUST00292,PROD0034,4,2546.45,2025-07-08,2025-07-16,Delivered
ORD001294,CUST00184,PROD0002,4,2472.29,2025-07-25,2025-07-26,Delivered
ORD005612,CUST00161,PROD0098,2,648.17,2025-11-29,2025-12-05,Delivered
ORD003522,CUST00557,PROD0137,4,1360.59,2025-11-03,2025-11-11,Delivered
ORD002715,CUST00361,PROD0094,1,1211.97,2026-03-25,2026-04-02,Delivered
ORD005931,CUST00640,PROD0053,4,379.38,2025-08-31,,Cancelled
ORD003730,CUST00041,PROD0101,5,782.0,2026-01-12,,Returned
ORD005493,CUST00048,PROD0068,5,1375.21,2025-09-29,,Processing
ORD005304,CUST00223,PROD0062,5,25032.52,2026-04-15,2026-04-17,Delivered
ORD001450,CUST00054,PROD0144,5,4806.1,2025-07-27,2025-07-29,Delivered
ORD000329,CUST00231,PROD0048,5,56173.09,2025-09-27,,Shipped
ORD003959,CUST00699,PROD0023,2,11903.15,2025-09-13,,Processing
ORD000662,CUST00268,PROD0114,2,1292.66,2026-07-22,,Shipped
ORD005290,CUST00682,PROD0057,2,1462.31,2026-04-26,,Processing
ORD005705,CUST00649,PROD0032,5,1176.78,2025-06-08,,Shipped
ORD000890,CUST00128,PROD0068,1,1375.21,2025-01-22,,Cancelled
ORD002622,CUST00203,PROD0116,2,8033.73,2026-03-17,,Processing
ORD004424,CUST00637,PROD0101,3,782.0,2025-07-20,,Returned
ORD000379,CUST00166,PROD0120,3,418.7,2026-07-22,2026-07-31,Delivered
ORD000477,CUST00595,PROD0017,2,4701.06,2025-10-15,,Processing
ORD004415,CUST00308,PROD0146,1,9127.13,2026-04-19,,Cancelled
ORD000091,CUST00206,PROD0141,2,22625.81,2025-04-07,2025-04-10,Delivered
ORD002838,CUST00218,PROD0047,4,26286.3,2025-02-08,,Returned
ORD003391,CUST00420,PROD0127,5,919.23,2025-03-01,,Shipped
ORD005270,CUST00757,PROD0057,1,1462.31,2025-02-18,,Cancelled
ORD003196,CUST00684,PROD0117,1,430.76,2025-06-29,2025-07-10,Delivered
ORD004883,CUST00121,PROD0135,5,7336.91,2026-02-12,2026-02-23,Delivered
ORD004604,CUST00351,PROD0008,4,545.71,2025-04-21,2025-04-22,Delivered
ORD001980,CUST00430,PROD0111,1,42616.44,2025-10-29,,Returned
ORD003916,CUST00721,PROD0074,2,2124.57,2025-10-20,,Processing
ORD001166,CUST00115,PROD0097,2,166.92,2026-02-13,2026-02-20,Delivered
ORD000973,CUST00296,PROD0015,4,2263.06,2026-03-11,,Delivered
ORD002893,CUST00690,PROD0131,4,6853.95,2025-10-04,,Processing
ORD000364,CUST00060,PROD0108,3,4953.1,2026-05-26,,Returned
ORD004582,CUST00046,PROD0052,2,1448.8,2026-03-19,,Returned
ORD001334,CUST00330,PROD0061,2,1083.6,2025-04-05,2025-04-09,Delivered
ORD003405,CUST00599,PROD0011,3,1483.6,2026-03-27,,Processing
ORD005064,CUST00578,PROD0148,1,985.06,2026-03-07,2026-03-11,Delivered
ORD003951,CUST00788,PROD0020,2,4298.98,2026-07-22,,Processing
ORD004320,CUST00169,PROD0144,1,4806.1,2026-05-05,,Processing
ORD000333,CUST00225,PROD0143,4,1730.89,2026-01-26,2026-02-07,Delivered
ORD005241,CUST00118,PROD0028,4,302.64,2025-10-22,2025-10-30,Delivered
ORD005193,CUST00579,PROD0134,4,3036.32,2025-09-21,2025-09-28,Delivered
ORD002189,CUST00686,PROD0006,5,812.36,2026-04-30,,Cancelled
ORD004287,CUST00023,PROD0001,3,2002.86,2025-11-16,2025-11-25,Delivered
ORD002841,CUST00190,PROD0048,3,56173.09,2025-03-06,2025-03-08,Delivered
ORD005362,CUST00625,PROD0114,3,1292.66,2026-05-03,,Processing
ORD001356,CUST00343,PROD0113,1,974.15,2026-04-23,,Processing
ORD003853,CUST00569,PROD0017,1,4701.06,2025-07-31,,Returned
ORD001037,CUST00352,PROD0033,5,5639.02,2026-03-09,,Shipped
ORD001506,CUST00079,PROD0087,4,13732.01,2025-07-04,2025-07-09,Delivered
ORD003884,CUST00150,PROD0088,3,34407.7,2025-05-20,,Returned
ORD004082,CUST00764,PROD0139,1,4171.69,2025-08-10,,Cancelled
ORD004759,CUST00611,PROD0035,1,4733.42,2026-07-31,2026-08-11,Delivered
ORD002043,CUST00078,PROD0065,1,9361.22,2025-03-30,2025-04-02,Delivered
ORD000068,CUST00779,PROD0135,1,7336.91,2025-09-27,2025-10-05,Delivered
ORD000629,CUST00772,PROD0135,3,7336.91,2025-03-09,,Cancelled
ORD005223,CUST00667,PROD0116,2,8033.73,2026-01-05,,Shipped
ORD001212,CUST00757,PROD0050,5,3898.39,2025-01-31,2025-02-09,Delivered
ORD002419,CUST00012,PROD0149,3,5764.99,2025-07-03,,Shipped
ORD003834,CUST00338,PROD0054,1,1632.64,2026-05-27,,Cancelled
ORD002878,CUST00089,PROD0064,1,3664.82,2025-12-09,,Cancelled
ORD002158,CUST00136,PROD0142,5,1821.04,2025-01-09,2025-01-13,Delivered
ORD003024,CUST00798,PROD0138,2,3519.99,2025-05-21,,Shipped
ORD002322,CUST00033,PROD0039,2,5112.85,2025-04-29,2025-05-01,Delivered
ORD004167,CUST00673,PROD0102,1,133.37,2026-05-08,,Processing
ORD004527,CUST00226,PROD0060,3,7402.46,2026-03-20,,Shipped
ORD005748,CUST00672,PROD0044,4,1423.72,2025-09-14,,Cancelled
ORD004301,CUST00209,PROD0103,4,11738.74,2025-11-04,,Cancelled
ORD003404,CUST00160,PROD0056,1,861.22,2025-11-27,,Processing
ORD003476,CUST00401,PROD0056,3,861.22,2025-07-10,,Cancelled
ORD001360,CUST00064,PROD0013,2,39659.48,2025-04-28,2025-05-01,Delivered
ORD001057,CUST00386,PROD0135,2,7336.91,2025-06-29,,Processing
ORD003736,CUST00531,PROD0112,4,1969.23,2025-11-03,,Processing
ORD000876,CUST00702,PROD0147,2,4832.5,2026-06-06,,Processing
ORD005796,CUST00176,PROD0002,1,2472.29,2025-10-06,,Returned
ORD001726,CUST00009,PROD0110,4,1192.79,2026-03-22,,Delivered
ORD000374,CUST00317,PROD0016,1,59834.55,2025-12-31,2026-01-12,Delivered
ORD003283,CUST00159,PROD0127,3,919.23,2025-11-26,,Shipped
ORD002443,CUST00041,PROD0095,3,6063.96,2026-04-24,2026-04-28,Delivered
ORD004714,CUST00767,PROD0059,5,685.94,2025-09-21,,Processing
ORD002740,CUST00569,PROD0149,3,5764.99,2025-01-13,,Returned
ORD004154,CUST00767,PROD0054,5,1632.64,2025-05-15,,Returned
ORD001453,CUST00390,PROD0044,1,1423.72,2025-08-26,2025-09-05,Delivered
ORD002284,CUST00138,PROD0134,2,3036.32,2026-03-12,2026-03-23,Delivered
ORD003444,CUST00369,PROD0113,4,974.15,2025-09-27,,Shipped
ORD001703,CUST00097,PROD0035,4,4733.42,2025-08-09,,Shipped
ORD005189,CUST00250,PROD0036,1,559.64,2025-10-11,,Shipped
ORD005005,CUST00433,PROD0029,3,901.03,2025-08-09,2025-08-10,Delivered
ORD005289,CUST00646,PROD0101,5,782.0,2025-07-02,2025-07-03,Delivered
ORD002532,CUST00243,PROD0092,1,1419.85,2025-01-11,,Cancelled
ORD000507,CUST00486,PROD0075,4,209.7,2026-04-03,2026-04-14,Delivered
ORD004948,CUST00694,PROD0034,2,2546.45,2025-12-16,,Returned
ORD000361,CUST00563,PROD0070,5,10505.06,2026-05-19,,Processing
ORD003109,CUST00345,PROD0083,5,385.32,2025-04-23,2025-05-05,Delivered
ORD001682,CUST00785,PROD0083,4,385.32,2025-12-23,,Returned
ORD005127,CUST00710,PROD0073,4,34399.58,2025-05-21,,Shipped
ORD000881,CUST00494,PROD0014,4,1289.47,2025-12-19,2025-12-30,Delivered
ORD001934,CUST00170,PROD0032,4,1176.78,2026-07-18,2026-07-20,Delivered
ORD004066,CUST00112,PROD0070,2,10505.06,2025-02-18,,Returned
ORD002227,CUST00248,PROD0140,3,899.29,2026-02-23,,Processing
ORD005428,CUST00606,PROD0002,5,2472.29,2026-07-21,2026-07-24,Delivered
ORD002314,CUST00159,PROD0054,3,1632.64,2026-06-11,2026-06-15,Delivered
ORD000619,CUST00311,PROD0075,5,209.7,2025-05-31,,Returned
ORD001817,CUST00612,PROD0128,4,3825.7,2026-03-22,,Returned
ORD000582,CUST00117,PROD0019,4,4410.8,2026-05-12,,Cancelled
ORD003070,CUST00516,PROD0047,3,26286.3,2025-10-14,2025-10-16,Delivered
ORD002406,CUST00517,PROD0038,1,8563.39,2025-10-06,,Returned
ORD001600,CUST00312,PROD0125,2,11796.3,2025-10-14,,Cancelled
ORD003897,CUST00457,PROD0121,5,751.76,2025-06-21,,Returned
ORD004713,CUST00243,PROD0103,2,11738.74,2026-03-29,2026-04-08,Delivered
ORD000855,CUST00276,PROD0092,2,1419.85,2025-04-03,,Shipped
ORD000210,CUST00570,PROD0128,4,3825.7,2025-11-20,,Returned
ORD003086,CUST00347,PROD0053,2,379.38,2025-01-07,2025-01-13,Delivered
ORD002296,CUST00429,PROD0035,4,4733.42,2025-06-08,2025-06-14,Delivered
ORD000907,CUST00720,PROD0020,3,4298.98,2025-03-26,2025-03-31,Delivered
ORD004518,CUST00564,PROD0008,4,545.71,2025-12-10,,Shipped
ORD000795,CUST00637,PROD0032,2,1176.78,2026-03-26,2026-03-30,Delivered
ORD005971,CUST00052,PROD0082,1,503.97,2025-09-16,,Delivered
ORD003773,CUST00216,PROD0112,5,1969.23,2026-01-17,2026-01-18,Delivered
ORD005634,CUST00260,PROD0068,5,1375.21,2025-10-31,,Shipped
ORD001688,CUST00623,PROD0144,5,4806.1,2025-07-02,2025-07-06,Delivered
ORD003298,CUST00543,PROD0114,5,1292.66,2025-09-29,,Cancelled
ORD002508,CUST00081,PROD0009,4,390.58,2025-03-14,,Processing
ORD000181,CUST00191,PROD0017,1,4701.06,2025-11-02,,Returned
ORD004694,CUST00308,PROD0138,5,3519.99,2025-08-04,,Shipped
ORD000852,CUST00484,PROD0114,1,1292.66,2025-12-28,,Processing
ORD004788,CUST00376,PROD0033,3,5639.02,2026-02-14,,Cancelled
ORD005520,CUST00501,PROD0070,4,10505.06,2025-11-28,,Cancelled
ORD003567,CUST00658,PROD0006,5,812.36,2025-10-15,,Returned
ORD005286,CUST00124,PROD0111,3,42616.44,2025-12-31,2026-01-05,Delivered
ORD005923,CUST00745,PROD0106,5,3327.3,2026-05-25,,Returned
ORD001069,CUST00004,PROD0036,3,559.64,2026-03-21,,Processing
ORD004209,CUST00470,PROD0147,2,4832.5,2025-07-21,2025-08-01,Delivered
ORD004839,CUST00568,PROD0110,3,1192.79,2025-08-09,2025-08-13,Delivered
ORD003533,CUST00514,PROD0146,5,9127.13,2025-08-15,2025-08-21,Delivered
ORD000900,CUST00311,PROD0069,5,58378.98,2026-02-15,2026-02-19,Delivered
ORD004822,CUST00421,PROD0123,1,21424.68,2025-05-06,2025-05-10,Delivered
ORD003442,CUST00508,PROD0033,4,5639.02,2025-08-12,,Processing
ORD002489,CUST00604,PROD0092,4,1419.85,2026-06-19,,Delivered
ORD001857,CUST00452,PROD0053,2,379.38,2025-11-02,,Shipped
ORD000606,CUST00578,PROD0038,4,8563.39,2025-06-04,2025-06-09,Delivered
ORD001348,CUST00085,PROD0068,5,1375.21,2025-08-10,,Processing
ORD002403,CUST00697,PROD0009,2,390.58,2025-10-24,2025-11-03,Delivered
ORD002716,CUST00245,PROD0081,2,4820.76,2025-02-28,,Shipped
ORD005085,CUST00232,PROD0039,1,5112.85,2025-01-02,2025-01-11,Delivered
ORD005291,CUST00660,PROD0128,1,3825.7,2025-05-25,,Cancelled
ORD001610,CUST00243,PROD0112,1,1969.23,2026-06-01,,Returned
ORD003015,CUST00564,PROD0129,1,17176.36,2025-01-16,,Shipped
ORD003207,CUST00793,PROD0140,2,899.29,2025-05-02,,Returned
ORD000838,CUST00111,PROD0099,1,14295.1,2025-10-03,,Processing
ORD005874,CUST00360,PROD0066,1,4931.77,2026-06-30,,Processing
ORD000163,CUST00691,PROD0084,3,317.91,2025-09-25,,Shipped
ORD005328,CUST00447,PROD0146,2,9127.13,2025-09-05,2025-09-07,Delivered
ORD002084,CUST00194,PROD0070,2,10505.06,2026-05-07,,Returned
ORD003125,CUST00119,PROD0050,2,3898.39,2025-03-10,,Shipped
ORD000753,CUST00251,PROD0015,1,2263.06,2026-07-15,,Cancelled
ORD002833,CUST00285,PROD0113,5,974.15,2025-10-30,,Returned
ORD001622,CUST00316,PROD0032,4,1176.78,2025-01-27,,Delivered
ORD004231,CUST00222,PROD0115,4,55563.32,2025-03-21,2025-04-01,Delivered
ORD000857,CUST00497,PROD0054,1,1632.64,2025-07-20,,Cancelled
ORD005864,CUST00612,PROD0145,3,2463.88,2025-07-14,,Delivered
ORD002593,CUST00314,PROD0023,3,11903.15,2025-05-31,2025-06-07,Delivered
ORD001961,CUST00294,PROD0014,5,1289.47,2025-06-30,,Returned
ORD005801,CUST00152,PROD0125,5,11796.3,2025-06-02,2025-06-13,Delivered
ORD004671,CUST00153,PROD0009,5,390.58,2026-06-12,,Shipped
ORD000004,CUST00241,PROD0150,4,2716.88,2026-07-02,,Cancelled
ORD002666,CUST00387,PROD0080,2,4686.49,2025-02-01,,Processing
ORD005255,CUST00154,PROD0056,4,861.22,2025-03-11,,Processing
ORD001376,CUST00662,PROD0150,2,2716.88,2025-09-24,,Processing
ORD004890,CUST00632,PROD0046,3,51.86,2025-01-31,2025-02-01,Delivered
ORD003231,CUST00699,PROD0137,2,1360.59,2025-01-05,,Returned
ORD002405,CUST00759,PROD0147,5,4832.5,2025-02-12,2025-02-19,Delivered
ORD001285,CUST00683,PROD0025,2,4203.28,2026-06-24,,Processing
ORD000715,CUST00792,PROD0003,4,14338.6,2025-09-19,2025-09-23,Delivered
ORD003584,CUST00756,PROD0032,2,1176.78,2025-06-10,2025-06-15,Delivered
ORD005049,CUST00671,PROD0022,3,459.17,2026-04-21,,Cancelled
ORD005259,CUST00144,PROD0027,2,331.1,2026-05-03,,Shipped
ORD001325,CUST00189,PROD0008,1,545.71,2025-12-13,,Shipped
ORD001712,CUST00033,PROD0021,3,156.01,2026-04-08,,Shipped
ORD002797,CUST00416,PROD0103,5,11738.74,2026-07-04,2026-07-11,Delivered
ORD003306,CUST00689,PROD0123,4,21424.68,2025-04-01,,Shipped
ORD002361,CUST00767,PROD0109,1,854.47,2025-11-15,2025-11-17,Delivered
ORD003609,CUST00610,PROD0138,3,3519.99,2025-04-16,2025-04-27,Delivered
ORD002885,CUST00102,PROD0009,1,390.58,2026-04-18,2026-04-24,Delivered
ORD004239,CUST00241,PROD0046,5,51.86,2025-02-05,,Returned
ORD005445,CUST00021,PROD0056,2,861.22,2026-01-31,2026-02-02,Delivered
ORD001454,CUST00629,PROD0122,1,993.76,2025-11-28,2025-12-01,Delivered
ORD004784,CUST00499,PROD0135,4,7336.91,2025-05-07,,Shipped
ORD002570,CUST00774,PROD0080,1,4686.49,2025-04-09,2025-04-12,Delivered
ORD000124,CUST00247,PROD0014,1,1289.47,2025-12-06,2025-12-13,Delivered
ORD002357,CUST00358,PROD0086,2,1450.41,2025-07-25,,Cancelled
ORD003975,CUST00140,PROD0013,2,39659.48,2025-06-11,2025-06-12,Delivered
ORD005382,CUST00031,PROD0036,3,559.64,2026-06-11,,Returned
ORD003539,CUST00061,PROD0071,1,632.25,2025-08-16,,Cancelled
ORD005765,CUST00618,PROD0034,5,2546.45,2025-10-16,,Shipped
ORD002298,CUST00217,PROD0141,2,22625.81,2026-03-27,,Returned
ORD001516,CUST00267,PROD0095,3,6063.96,2026-03-12,,Shipped
ORD001433,CUST00335,PROD0134,5,3036.32,2025-08-27,,Returned
ORD002819,CUST00658,PROD0076,4,32834.68,2025-01-31,,Returned
ORD005038,CUST00664,PROD0133,5,1400.65,2025-09-21,2025-09-28,Delivered
ORD002266,CUST00554,PROD0061,3,1083.6,2025-02-08,,Processing
ORD000649,CUST00116,PROD0079,2,2916.61,2025-08-03,2025-08-10,Delivered
ORD000293,CUST00679,PROD0012,5,4952.6,2026-03-16,,Returned
ORD003004,CUST00133,PROD0091,5,1751.39,2025-02-22,,Shipped
ORD000050,CUST00619,PROD0035,2,4733.42,2025-03-12,2025-03-22,Delivered
ORD005914,CUST00590,PROD0030,4,429.82,2025-05-08,,Returned
ORD004406,CUST00546,PROD0139,5,4171.69,2025-12-28,,Processing
ORD003323,CUST00264,PROD0097,1,166.92,2025-12-10,,Processing
ORD004248,CUST00747,PROD0022,4,459.17,2025-11-08,,Cancelled
ORD003983,CUST00062,PROD0149,1,5764.99,2025-09-21,,Processing
ORD000034,CUST00463,PROD0072,5,263.08,2026-07-06,,Processing
ORD003051,CUST00163,PROD0060,2,7402.46,2025-02-28,,Processing
ORD000884,CUST00639,PROD0027,4,331.1,2025-02-13,2025-02-14,Delivered
ORD005415,CUST00119,PROD0107,4,328.16,2025-04-18,,Processing
ORD003639,CUST00124,PROD0122,3,993.76,2026-06-28,2026-07-07,Delivered
ORD004712,CUST00223,PROD0044,2,1423.72,2025-04-16,,Processing
ORD002821,CUST00369,PROD0084,3,317.91,2025-08-17,,Cancelled
ORD004163,CUST00533,PROD0070,1,10505.06,2026-02-12,,Returned
ORD004532,CUST00113,PROD0012,2,4952.6,2025-03-23,2025-04-02,Delivered
ORD001452,CUST00770,PROD0148,5,985.06,2025-10-11,,Returned
ORD004861,CUST00118,PROD0135,4,7336.91,2025-04-10,,Shipped
ORD005699,CUST00012,PROD0035,4,4733.42,2025-07-16,2025-07-27,Delivered
ORD000866,CUST00674,PROD0007,2,40685.29,2026-03-10,2026-03-14,Delivered
ORD003041,CUST00189,PROD0124,5,2908.87,2025-08-24,2025-08-28,Delivered
ORD003225,CUST00491,PROD0034,1,2546.45,2026-07-08,,Processing
ORD004511,CUST00669,PROD0076,1,32834.68,2025-08-30,2025-09-01,Delivered
ORD000868,CUST00237,PROD0086,3,1450.41,2025-09-11,,Returned
ORD004753,CUST00501,PROD0057,0,1462.31,2026-02-26,,Returned
ORD003753,CUST00643,PROD0014,5,1289.47,2026-01-08,2026-01-17,Delivered
ORD004873,CUST00414,PROD0017,1,4701.06,2026-06-21,,Returned
ORD004562,CUST00411,PROD0126,2,8384.51,2026-06-08,2026-06-14,Delivered
ORD004208,CUST00726,PROD0037,1,1155.64,2026-03-20,,Processing
ORD005310,CUST00342,PROD0053,2,379.38,2026-06-21,2026-06-27,Delivered
ORD004005,CUST00579,PROD0123,3,21424.68,2025-12-19,2025-12-28,Delivered
ORD003477,CUST00130,PROD0077,5,2052.65,2026-03-30,2026-04-02,Delivered
ORD001340,CUST00061,PROD0063,5,869.54,2025-10-01,2025-10-02,Delivered
ORD003861,CUST00011,PROD0079,4,2916.61,2026-02-26,2026-02-28,Delivered
ORD004314,CUST00764,PROD0117,2,430.76,2025-04-17,2025-04-27,Delivered
ORD003214,CUST00591,PROD0033,1,5639.02,2026-01-29,,Cancelled
ORD004591,CUST00308,PROD0103,4,11738.74,2025-02-25,2025-03-05,Delivered
ORD000380,CUST00272,PROD0068,5,1375.21,2026-01-11,2026-01-22,Delivered
ORD000889,CUST00706,PROD0068,2,1375.21,2025-12-14,2025-12-17,Delivered
ORD002383,CUST00527,PROD0022,2,459.17,2026-06-08,,Shipped
ORD005872,CUST00602,PROD0107,2,328.16,2026-04-15,2026-04-18,Delivered
ORD001110,CUST00455,PROD0046,2,51.86,2026-05-18,,Shipped
ORD000367,CUST00223,PROD0004,1,2001.32,2025-09-12,,Returned
ORD003295,CUST00315,PROD0081,4,4820.76,2025-02-25,,Returned
ORD001473,CUST00334,PROD0001,3,2002.86,2025-10-08,,Processing
ORD003513,CUST00003,PROD0022,1,459.17,2025-02-18,2025-02-19,Delivered
ORD001826,CUST00107,PROD0064,4,3664.82,2026-07-31,2026-08-06,Delivered
ORD003554,CUST00794,PROD0033,5,5639.02,2025-04-08,,Shipped
ORD003742,CUST00654,PROD0103,4,11738.74,2025-06-19,2025-06-27,Delivered
ORD003322,CUST00130,PROD0123,1,21424.68,2026-03-30,2026-04-08,Delivered
ORD000691,CUST00186,PROD0013,3,39659.48,2026-02-16,2026-02-28,Delivered
ORD001499,CUST00795,PROD0089,1,16755.29,2026-04-28,,Cancelled
ORD001881,CUST00091,PROD0038,5,8563.39,2025-12-16,2025-12-26,Delivered
ORD004351,CUST00309,PROD0069,4,58378.98,2025-08-30,2025-09-01,Delivered
ORD005825,CUST00620,PROD0043,5,2444.21,2026-03-21,,Returned
ORD005536,CUST00782,PROD0091,2,1751.39,2025-12-05,2025-12-08,Delivered
ORD005986,CUST00501,PROD0030,4,429.82,2025-08-24,,Processing
ORD000444,CUST00235,PROD0147,5,4832.5,2026-07-04,2026-07-13,Delivered
ORD000989,CUST00214,PROD0110,3,1192.79,2026-01-15,,Processing
ORD000008,CUST00336,PROD0133,5,1400.65,2025-08-15,,Processing
ORD001422,CUST00237,PROD0059,2,685.94,2025-02-04,2025-02-11,Delivered
ORD001007,CUST00158,PROD0138,4,3519.99,2025-11-20,,Shipped
ORD000130,CUST00783,PROD0068,1,1375.21,2026-07-12,2026-07-18,Delivered
ORD003583,CUST00390,PROD0122,1,993.76,2026-02-10,2026-02-16,Delivered
ORD002648,CUST00713,PROD0144,3,4806.1,2025-05-05,,Processing
ORD000201,CUST00118,PROD0016,2,59834.55,2025-04-17,,Returned
ORD005264,CUST00245,PROD0047,2,26286.3,2025-11-28,,Cancelled
ORD005749,CUST00212,PROD0062,5,25032.52,2025-08-24,,Shipped
ORD001073,CUST00301,PROD0033,3,5639.02,2026-02-14,,Cancelled
ORD000742,CUST00539,PROD0039,5,5112.85,2026-03-27,2026-03-30,Delivered
ORD004007,CUST00173,PROD0075,5,209.7,2026-01-31,,Cancelled
ORD002639,CUST00599,PROD0047,0,26286.3,2026-05-20,,Cancelled
ORD001888,CUST00583,PROD0007,1,40685.29,2025-02-01,2025-02-05,Delivered
ORD000992,CUST00012,PROD0072,2,263.08,2026-01-13,,Returned
ORD002036,CUST00248,PROD0140,2,899.29,2025-01-15,2025-01-21,Delivered
ORD003781,CUST00162,PROD0021,3,156.01,2025-07-21,,Shipped
ORD005547,CUST00274,PROD0091,2,1751.39,2025-01-23,2025-01-27,Delivered
ORD000123,CUST00095,PROD0124,1,2908.87,2026-03-18,2026-03-28,Delivered
ORD004801,CUST00397,PROD0057,3,1462.31,2025-07-21,,Returned
ORD003809,CUST00380,PROD0074,1,2124.57,2025-06-19,2025-06-30,Delivered
ORD001374,CUST00185,PROD0105,3,32176.55,2025-03-23,2025-03-29,Delivered
ORD004620,CUST00145,PROD0132,1,305.28,2025-04-24,,Shipped
ORD000828,CUST00613,PROD0032,5,1176.78,2025-03-29,2025-04-08,Delivered
ORD003398,CUST00762,PROD0126,1,8384.51,2026-02-16,,Delivered
ORD001796,CUST00552,PROD0085,1,4763.96,2025-05-05,2025-05-09,Delivered
ORD001175,CUST00407,PROD0021,3,156.01,2026-04-08,2026-04-19,Delivered
ORD003272,CUST00525,PROD0137,3,1360.59,2025-01-17,,Processing
ORD002907,CUST00022,PROD0120,1,418.7,2026-07-26,2026-08-07,Delivered
ORD001977,CUST00170,PROD0125,4,11796.3,2026-04-23,,Processing
ORD004813,CUST00262,PROD0102,4,133.37,2026-03-22,,Cancelled
ORD002499,CUST00533,PROD0128,1,3825.7,2025-01-19,2025-01-30,Delivered
ORD001874,CUST00283,PROD0112,5,1969.23,2026-05-16,2026-05-21,Delivered
ORD003857,CUST00135,PROD0048,2,56173.09,2026-03-21,,Shipped
ORD005907,CUST00638,PROD0066,2,4931.77,2026-06-01,,Cancelled
ORD001265,CUST00078,PROD0066,4,4931.77,2025-09-17,,Returned
ORD000127,CUST00372,PROD0110,1,1192.79,2025-10-29,,Returned
ORD001484,CUST00074,PROD0132,2,305.28,2025-09-22,,Returned
ORD004055,CUST00309,PROD0082,5,503.97,2025-12-15,2025-12-23,Delivered
ORD005102,CUST00067,PROD0093,1,513.19,2025-05-24,,Processing
ORD003532,CUST00209,PROD0135,3,7336.91,2026-03-13,,Shipped
ORD002162,CUST00067,PROD0095,5,6063.96,2025-12-21,2025-12-23,Delivered
ORD003248,CUST00433,PROD0083,4,385.32,2025-09-24,,Cancelled
ORD003649,CUST00744,PROD0024,1,1123.83,2026-01-10,,Cancelled
ORD005921,CUST00112,PROD0047,5,26286.3,2025-01-31,2025-02-11,Delivered
ORD003385,CUST00459,PROD0116,5,8033.73,2026-05-30,2026-06-02,Delivered
ORD002909,CUST00487,PROD0077,2,2052.65,2025-07-09,2025-07-14,Delivered
ORD000363,CUST00017,PROD0113,1,974.15,2025-08-27,2025-08-28,Delivered
ORD002116,CUST00798,PROD0144,4,4806.1,2026-02-09,2026-02-10,Delivered
ORD003082,CUST00454,PROD0044,1,1423.72,2026-07-13,2026-07-23,Delivered
ORD001543,CUST00667,PROD0028,3,302.64,2026-05-30,,Cancelled
ORD003661,CUST00119,PROD0144,2,4806.1,2025-09-19,2025-09-30,Delivered
ORD005002,CUST00401,PROD0021,5,156.01,2025-10-01,,Returned
ORD001860,CUST00416,PROD0128,4,3825.7,2025-12-02,,Cancelled
ORD001048,CUST00354,PROD0033,3,5639.02,2025-01-10,2025-01-21,Delivered
ORD001379,CUST00505,PROD0142,4,1821.04,2025-04-14,,Delivered
ORD001769,CUST00051,PROD0111,2,42616.44,2026-03-30,2026-04-06,Delivered
ORD000885,CUST00010,PROD0059,4,685.94,2025-08-07,,Returned
ORD003704,CUST00499,PROD0025,5,4203.28,2025-05-08,2025-05-19,Delivered
ORD003831,CUST00523,PROD0046,4,51.86,2025-04-16,,Shipped
ORD001766,CUST00313,PROD0079,2,2916.61,2026-02-07,,Returned
ORD004514,CUST00265,PROD0097,2,166.92,2026-06-13,2026-06-15,Delivered
ORD003943,CUST00444,PROD0033,1,5639.02,2025-07-12,,Shipped
ORD000575,CUST00364,PROD0054,3,1632.64,2025-02-24,2025-02-27,Delivered
ORD003378,CUST00512,PROD0141,4,22625.81,2025-10-14,,Returned
ORD002329,CUST00128,PROD0026,1,4912.92,2025-10-19,,Cancelled
ORD004770,CUST00375,PROD0130,5,314.99,2025-04-18,,Cancelled
ORD004175,CUST00357,PROD0012,1,4952.6,2026-07-30,,Processing
ORD002942,CUST00303,PROD0106,3,3327.3,2025-10-08,2025-10-11,Delivered
ORD003644,CUST00585,PROD0123,3,21424.68,2026-04-15,,Processing
ORD001368,CUST00665,PROD0131,5,6853.95,2025-12-19,,Cancelled
ORD001349,CUST00118,PROD0112,4,1969.23,2025-02-28,,Cancelled
ORD003812,CUST00489,PROD0029,1,901.03,2026-04-14,2026-04-25,Delivered
ORD002437,CUST00510,PROD0038,1,8563.39,2025-06-18,2025-06-27,Delivered
ORD005464,CUST00708,PROD0070,4,10505.06,2025-03-21,,Returned
ORD002430,CUST00071,PROD0103,2,11738.74,2025-11-20,,Delivered
ORD000392,CUST00271,PROD0143,5,1730.89,2026-03-02,,Processing
ORD004557,CUST00224,PROD0013,2,39659.48,2025-09-08,2025-09-20,Delivered
ORD004234,CUST00518,PROD0129,5,17176.36,2025-04-11,2025-04-12,Delivered
ORD005804,CUST00462,PROD0016,3,59834.55,2025-07-12,2025-07-18,Delivered
ORD005621,CUST00545,PROD0072,1,263.08,2025-08-19,,Processing
ORD005892,CUST00012,PROD0059,5,685.94,2026-02-10,,Returned
ORD000990,CUST00692,PROD0093,4,513.19,2026-01-23,2026-01-29,Delivered
ORD005856,CUST00790,PROD0041,1,543.32,2026-04-14,,Shipped
ORD004760,CUST00280,PROD0123,1,21424.68,2026-04-28,,Processing
ORD002755,CUST00315,PROD0045,1,1228.68,2026-01-17,2026-01-29,Delivered
ORD002171,CUST00665,PROD0005,1,560.65,2025-07-17,2025-07-23,Delivered
ORD005644,CUST00005,PROD0018,2,18955.94,2025-01-12,,Cancelled
ORD003601,CUST00566,PROD0110,2,1192.79,2025-12-10,2025-12-13,Delivered
ORD005650,CUST00089,PROD0052,5,1448.8,2025-09-07,,Cancelled
ORD001203,CUST00406,PROD0034,4,2546.45,2026-01-02,2026-01-13,Delivered
ORD004018,CUST00052,PROD0053,2,379.38,2025-11-04,2025-11-06,Delivered
ORD001023,CUST00660,PROD0023,4,11903.15,2026-01-27,,Returned
ORD002863,CUST00780,PROD0138,1,3519.99,2025-10-09,2025-10-10,Delivered
ORD000880,CUST00273,PROD0088,3,34407.7,2026-01-13,2026-01-14,Delivered
ORD004020,CUST00016,PROD0125,1,11796.3,2025-12-21,,Shipped
ORD000283,CUST00241,PROD0054,5,1632.64,2025-06-15,,Cancelled
ORD005813,CUST00237,PROD0076,2,32834.68,2026-06-09,2026-06-17,Delivered
ORD000423,CUST00360,PROD0098,5,648.17,2025-04-12,,Returned
ORD001951,CUST00386,PROD0104,2,1042.65,2025-08-12,,Processing
ORD002488,CUST00088,PROD0006,5,812.36,2025-08-31,2025-09-02,Delivered
ORD001549,CUST00344,PROD0064,2,3664.82,2026-04-29,,Processing
ORD003345,CUST00244,PROD0084,5,317.91,2026-03-15,,Shipped
ORD005013,CUST00746,PROD0117,3,430.76,2025-12-06,2025-12-13,Delivered
ORD001680,CUST00418,PROD0089,3,16755.29,2025-09-12,,Returned
ORD004316,CUST00142,PROD0039,0,5112.85,2026-07-28,,Cancelled
ORD003607,CUST00558,PROD0054,2,1632.64,2025-09-23,,Processing
ORD005989,CUST00103,PROD0035,2,4733.42,2025-08-28,2025-09-04,Delivered
ORD004574,CUST00649,PROD0093,2,513.19,2025-06-26,2025-07-08,Delivered
ORD005330,CUST00141,PROD0137,3,1360.59,2025-12-18,,Returned
ORD000002,CUST00359,PROD0018,4,18955.94,2026-05-27,,Shipped
ORD004630,CUST00294,PROD0106,2,3327.3,2025-06-05,2025-06-09,Delivered
ORD004589,CUST00542,PROD0010,5,11743.74,2025-06-07,2025-06-11,Delivered
ORD001692,CUST00586,PROD0127,2,919.23,2025-08-13,2025-08-21,Delivered
ORD003856,CUST00160,PROD0070,1,10505.06,2026-06-22,2026-06-29,Delivered
ORD000612,CUST00131,PROD0013,2,39659.48,2025-12-28,,Returned
ORD000013,CUST00563,PROD0082,1,503.97,2025-11-04,2025-11-05,Delivered
ORD002783,CUST00347,PROD0020,5,4298.98,2025-05-11,,Returned
ORD005519,CUST00210,PROD0091,5,1751.39,2026-01-13,,Processing
ORD005309,CUST00334,PROD0108,2,4953.1,2025-09-22,2025-09-24,Delivered
ORD000184,CUST00547,PROD0005,2,560.65,2025-08-18,,Delivered
ORD002769,CUST00634,PROD0044,1,1423.72,2025-03-05,,Processing
ORD003042,CUST00697,PROD0079,2,2916.61,2026-06-27,2026-07-05,Delivered
ORD001219,CUST00388,PROD0146,3,9127.13,2026-01-18,2026-01-26,Delivered
ORD000425,CUST00613,PROD0006,1,812.36,2025-09-11,,Shipped
ORD005431,CUST00214,PROD0005,2,560.65,2025-04-11,,Returned
ORD001527,CUST00326,PROD0122,2,993.76,2026-03-24,2026-03-29,Delivered
ORD001752,CUST00511,PROD0042,2,915.41,2026-07-15,2026-07-17,Delivered
ORD002988,CUST00567,PROD0097,5,166.92,2025-06-06,2025-06-08,Delivered
ORD000199,CUST00185,PROD0024,3,1123.83,2025-12-17,2025-12-24,Delivered
ORD000465,CUST00330,PROD0028,5,302.64,2026-06-26,,Returned
ORD003593,CUST00226,PROD0075,4,209.7,2025-10-22,,Returned
ORD004809,CUST00760,PROD0039,3,5112.85,2025-11-15,2025-11-18,Delivered
ORD005306,CUST00313,PROD0129,4,17176.36,2026-03-16,2026-03-21,Delivered
ORD001371,CUST00368,PROD0121,5,751.76,2026-06-17,,Processing
ORD004949,CUST00314,PROD0040,3,2990.7,2026-01-08,2026-01-14,Delivered
ORD003097,CUST00686,PROD0026,5,4912.92,2025-05-16,,Cancelled
ORD005788,CUST00577,PROD0037,5,1155.64,2025-05-01,,Returned
ORD000813,CUST00228,PROD0021,1,156.01,2025-03-05,2025-03-13,Delivered
ORD000562,CUST00516,PROD0138,2,3519.99,2025-08-27,2025-09-08,Delivered
ORD004796,CUST00166,PROD0059,3,685.94,2025-07-23,2025-08-04,Delivered
ORD004252,CUST00615,PROD0089,4,16755.29,2025-12-06,2025-12-14,Delivered
ORD000362,CUST00028,PROD0039,1,5112.85,2026-07-02,2026-07-04,Delivered
ORD000521,CUST00520,PROD0072,4,263.08,2026-06-14,2026-06-18,Delivered
ORD004952,CUST00055,PROD0051,1,1399.76,2025-10-17,2025-10-29,Delivered
ORD005744,CUST00785,PROD0001,1,2002.86,2025-06-11,,Cancelled
ORD001589,CUST00103,PROD0077,5,2052.65,2025-08-04,2025-08-10,Delivered
ORD004196,CUST00003,PROD0030,4,429.82,2025-07-08,,Cancelled
ORD004979,CUST00344,PROD0056,5,861.22,2025-12-09,2025-12-15,Delivered
ORD000911,CUST00580,PROD0149,1,5764.99,2026-04-29,2026-05-06,Delivered
ORD005062,CUST00235,PROD0052,1,1448.8,2026-01-25,,Cancelled
ORD001868,CUST00798,PROD0023,2,11903.15,2026-04-12,,Shipped
ORD000697,CUST00708,PROD0137,5,1360.59,2026-03-21,2026-03-30,Delivered
ORD001558,CUST00016,PROD0131,4,6853.95,2026-03-15,2026-03-18,Delivered
ORD004555,CUST00795,PROD0108,3,4953.1,2025-02-02,,Cancelled
ORD003652,CUST00129,PROD0011,3,1483.6,2025-01-29,2025-02-04,Delivered
ORD001681,CUST00198,PROD0084,4,317.91,2025-09-27,2025-10-06,Delivered
ORD002225,CUST00786,PROD0044,5,1423.72,2026-07-14,,Returned
ORD000703,CUST00352,PROD0141,2,22625.81,2025-02-13,2025-02-14,Delivered
ORD003440,CUST00413,PROD0093,4,513.19,2025-11-11,,Cancelled
ORD003093,CUST00508,PROD0101,3,782.0,2025-05-18,2025-05-21,Delivered
ORD003417,CUST00323,PROD0131,4,6853.95,2026-07-27,2026-07-30,Delivered
ORD003255,CUST00426,PROD0004,2,2001.32,2026-02-06,2026-02-16,Delivered
ORD002016,CUST00481,PROD0086,3,1450.41,2025-09-02,,Cancelled
ORD005384,CUST00657,PROD0123,2,21424.68,2026-07-21,,Shipped
ORD003901,CUST00439,PROD0063,4,869.54,2026-07-27,,Cancelled
ORD001812,CUST00655,PROD0119,4,2603.43,2026-04-09,2026-04-21,Delivered
ORD001579,CUST00341,PROD0026,5,4912.92,2025-02-22,2025-02-26,Delivered
ORD001746,CUST00137,PROD0022,0,459.17,2025-09-05,,Processing
ORD004957,CUST00589,PROD0124,4,2908.87,2026-03-01,2026-03-10,Delivered
ORD004876,CUST00049,PROD0044,4,1423.72,2025-07-25,,Returned
ORD000934,CUST00363,PROD0119,1,2603.43,2025-03-16,,Returned
ORD003727,CUST00261,PROD0051,1,1399.76,2025-05-20,2025-05-27,Delivered
ORD001986,CUST00167,PROD0132,1,305.28,2026-07-16,2026-07-19,Delivered
ORD001999,CUST00319,PROD0017,3,4701.06,2025-02-28,,Cancelled
ORD003028,CUST00551,PROD0141,0,22625.81,2025-10-25,2025-10-29,Delivered
ORD005525,CUST00412,PROD0059,5,685.94,2025-02-27,,Processing
ORD001117,CUST00611,PROD0079,3,2916.61,2026-05-06,2026-05-07,Delivered
ORD004412,CUST00160,PROD0110,2,1192.79,2026-01-30,,Processing
ORD000654,CUST00279,PROD0090,3,955.06,2025-06-14,2025-06-23,Delivered
ORD003038,CUST00190,PROD0095,3,6063.96,2026-03-09,,Returned
ORD005163,CUST00071,PROD0127,3,919.23,2025-08-07,,Shipped
ORD001326,CUST00714,PROD0086,1,1450.41,2025-05-23,,Processing
ORD002932,CUST00507,PROD0028,5,302.64,2025-04-24,2025-04-27,Delivered
ORD003241,CUST00526,PROD0071,4,632.25,2025-10-21,2025-10-26,Delivered
ORD000056,CUST00758,PROD0014,2,1289.47,2026-05-22,2026-05-26,Delivered
ORD005331,CUST00080,PROD0096,2,32150.75,2025-10-24,2025-11-03,Delivered
ORD005930,CUST00493,PROD0099,3,14295.1,2026-03-02,2026-03-13,Delivered
ORD005502,CUST00435,PROD0046,2,51.86,2025-02-19,,Returned
ORD005492,CUST00115,PROD0038,1,8563.39,2025-03-21,,Returned
ORD005885,CUST00057,PROD0121,4,751.76,2025-12-21,2025-12-25,Delivered
ORD001036,CUST00756,PROD0035,0,4733.42,2026-07-20,,Processing
ORD001920,CUST00609,PROD0131,4,6853.95,2025-06-11,,Shipped
ORD000528,CUST00352,PROD0065,2,9361.22,2025-10-15,,Shipped
ORD000752,CUST00787,PROD0146,2,9127.13,2025-08-05,,Shipped
ORD002256,CUST00439,PROD0027,3,331.1,2026-02-19,,Shipped
ORD005017,CUST00677,PROD0001,3,2002.86,2026-04-19,2026-04-22,Delivered
ORD000287,CUST00536,PROD0124,2,2908.87,2025-08-13,2025-08-23,Delivered
ORD001312,CUST00270,PROD0099,4,14295.1,2025-03-07,,Shipped
ORD003480,CUST00091,PROD0063,3,869.54,2026-07-18,,Processing
ORD005155,CUST00004,PROD0062,1,25032.52,2026-03-19,,Shipped
ORD000368,CUST00347,PROD0009,2,390.58,2026-04-17,2026-04-25,Delivered
ORD005302,CUST00320,PROD0014,3,1289.47,2025-03-23,,Shipped
ORD000478,CUST00255,PROD0137,2,1360.59,2026-02-03,2026-02-08,Delivered
ORD005364,CUST00638,PROD0047,4,26286.3,2026-02-21,2026-02-27,Delivered
ORD003634,CUST00580,PROD0128,1,3825.7,2025-07-31,2025-08-06,Delivered
ORD005608,CUST00332,PROD0117,3,430.76,2026-02-05,,Shipped
ORD001287,CUST00393,PROD0106,4,3327.3,2025-01-29,2025-02-05,Delivered
ORD005539,CUST00213,PROD0110,3,1192.79,2025-06-15,,Cancelled
ORD004213,CUST00038,PROD0071,3,632.25,2025-09-12,2025-09-13,Delivered
ORD004171,CUST00339,PROD0115,5,55563.32,2025-06-07,2025-06-14,Delivered
ORD000617,CUST00244,PROD0104,4,1042.65,2025-05-29,,Processing
ORD004456,CUST00594,PROD0129,5,17176.36,2025-11-28,,Shipped
ORD005691,CUST00288,PROD0110,3,1192.79,2026-03-07,2026-03-18,Delivered
ORD003425,CUST00004,PROD0043,1,2444.21,2026-06-10,,Cancelled
ORD002904,CUST00005,PROD0145,2,2463.88,2025-06-13,,Processing
ORD001858,CUST00055,PROD0119,1,2603.43,2025-08-24,,Shipped
ORD004950,CUST00386,PROD0116,4,8033.73,2026-04-03,2026-04-10,Delivered
ORD004210,CUST00503,PROD0005,3,560.65,2025-11-24,2025-12-06,Delivered
ORD003610,CUST00060,PROD0146,1,9127.13,2025-12-16,2025-12-17,Delivered
ORD002703,CUST00461,PROD0075,2,209.7,2025-09-29,2025-10-10,Delivered
ORD004471,CUST00572,PROD0143,1,1730.89,2026-06-19,2026-07-01,Delivered
ORD005960,CUST00655,PROD0080,3,4686.49,2025-01-27,,Delivered
ORD000072,CUST00561,PROD0108,2,4953.1,2025-11-26,,Cancelled
ORD000771,CUST00465,PROD0123,4,21424.68,2026-02-19,,Returned
ORD005364,CUST00638,PROD0047,4,26286.3,2026-02-21,2026-02-27,Delivered
ORD001654,CUST00076,PROD0039,5,5112.85,2026-06-28,2026-07-07,Delivered
ORD002958,CUST00475,PROD0062,3,25032.52,2026-02-27,2026-03-07,Delivered
ORD002202,CUST00035,PROD0101,4,782.0,2025-03-06,2025-03-13,Delivered
ORD004156,CUST00763,PROD0020,3,4298.98,2025-06-11,,Processing
ORD001937,CUST00090,PROD0028,4,302.64,2026-03-24,,Processing
ORD005034,CUST00277,PROD0096,1,32150.75,2025-12-30,2026-01-07,Delivered
ORD002584,CUST00384,PROD0139,3,4171.69,2025-03-10,,Cancelled
ORD000189,CUST00158,PROD0078,4,12507.55,2025-04-14,,Shipped
ORD004821,CUST00307,PROD0091,4,1751.39,2025-11-16,2025-11-20,Delivered
ORD001222,CUST00588,PROD0092,2,1419.85,2025-03-16,,Processing
ORD001749,CUST00348,PROD0090,4,955.06,2025-07-25,2025-08-01,Delivered
ORD000595,CUST00437,PROD0150,1,2716.88,2026-04-11,2026-04-23,Delivered
ORD004608,CUST00465,PROD0063,4,869.54,2025-12-10,2025-12-20,Delivered
ORD000290,CUST00464,PROD0130,4,314.99,2025-06-03,2025-06-06,Delivered
ORD005653,CUST00051,PROD0129,4,17176.36,2026-07-01,2026-07-04,Delivered
ORD003774,CUST00247,PROD0150,4,2716.88,2026-05-11,,Delivered
ORD000172,CUST00436,PROD0019,4,4410.8,2025-07-19,2025-07-30,Delivered
ORD002774,CUST00541,PROD0111,2,42616.44,2026-04-14,2026-04-18,Delivered
ORD000903,CUST00043,PROD0022,2,459.17,2025-03-28,,Returned
ORD002429,CUST00015,PROD0116,4,8033.73,2026-05-05,,Returned
ORD003081,CUST00211,PROD0001,4,2002.86,2026-05-23,,Cancelled
ORD004498,CUST00180,PROD0148,4,985.06,2025-05-01,2025-05-02,Delivered
ORD005449,CUST00250,PROD0005,2,560.65,2025-06-25,,Shipped
ORD001445,CUST00311,PROD0003,3,14338.6,2026-03-03,2026-03-11,Delivered
ORD000633,CUST00760,PROD0144,4,4806.1,2025-08-18,2025-08-21,Delivered
ORD000142,CUST00642,PROD0026,1,4912.92,2026-07-31,,Shipped
ORD003786,CUST00779,PROD0003,5,14338.6,2025-07-30,,Cancelled
ORD001236,CUST00612,PROD0095,5,6063.96,2025-01-06,,Shipped
ORD000239,CUST00605,PROD0078,4,12507.55,2026-07-18,2026-07-30,Delivered
ORD002966,CUST00343,PROD0003,3,14338.6,2025-03-31,2025-04-09,Delivered
ORD000666,CUST00547,PROD0032,2,1176.78,2026-03-11,,Shipped
ORD001800,CUST00395,PROD0048,4,56173.09,2025-10-22,2025-10-30,Delivered
ORD002651,CUST00532,PROD0094,4,1211.97,2025-03-06,,Shipped
ORD000931,CUST00769,PROD0012,2,4952.6,2025-06-11,,Shipped
ORD002372,CUST00458,PROD0043,4,2444.21,2025-05-23,2025-05-31,Delivered
ORD001644,CUST00738,PROD0099,1,14295.1,2025-07-22,2025-07-25,Delivered
ORD001902,CUST00218,PROD0085,4,4763.96,2025-04-23,2025-04-27,Delivered
ORD001803,CUST00623,PROD0059,2,685.94,2026-02-09,,Shipped
ORD002567,CUST00382,PROD0146,4,9127.13,2026-04-27,2026-05-04,Delivered
ORD001925,CUST00034,PROD0126,3,8384.51,2026-06-30,2026-07-05,Delivered
ORD004939,CUST00405,PROD0093,3,513.19,2025-12-27,2026-01-02,Delivered
ORD000036,CUST00228,PROD0016,3,59834.55,2025-05-10,2025-05-13,Delivered
ORD004660,CUST00003,PROD0048,2,56173.09,2026-05-24,,Shipped
ORD000768,CUST00183,PROD0077,3,2052.65,2026-04-11,,Shipped
ORD003422,CUST00219,PROD0121,3,751.76,2026-02-03,2026-02-09,Delivered
ORD002390,CUST00691,PROD0012,5,4952.6,2026-03-08,,Shipped
ORD002333,CUST00627,PROD0055,5,70.6,2025-12-20,,Returned
ORD000850,CUST00778,PROD0122,0,993.76,2025-01-10,,Cancelled
ORD002377,CUST00605,PROD0131,1,6853.95,2025-03-14,,Cancelled
ORD004157,CUST00417,PROD0045,5,1228.68,2025-04-26,,Cancelled
ORD003637,CUST00299,PROD0024,5,1123.83,2025-08-09,2025-08-20,Delivered
ORD003643,CUST00510,PROD0055,3,70.6,2025-07-15,2025-07-20,Delivered
ORD004307,CUST00525,PROD0114,1,1292.66,2026-03-10,2026-03-15,Delivered
ORD001185,CUST00398,PROD0078,3,12507.55,2026-05-30,,Returned
ORD000601,CUST00153,PROD0149,2,5764.99,2025-08-19,,Processing
ORD000044,CUST00445,PROD0034,3,2546.45,2025-06-12,2025-06-23,Delivered
ORD001816,CUST00067,PROD0041,3,543.32,2026-07-17,2026-07-21,Delivered
ORD005053,CUST00215,PROD0010,3,11743.74,2025-05-04,,Processing
ORD005724,CUST00724,PROD0100,4,7797.29,2025-08-29,,Cancelled
ORD003145,CUST00665,PROD0086,2,1450.41,2026-05-29,,Shipped
ORD003326,CUST00174,PROD0112,4,1969.23,2026-01-11,2026-01-18,Delivered
ORD000247,CUST00651,PROD0138,5,3519.99,2025-01-08,2025-01-12,Delivered
ORD005715,CUST00290,PROD0081,4,4820.76,2025-10-27,2025-11-01,Delivered
ORD004690,CUST00520,PROD0149,2,5764.99,2025-04-15,2025-04-19,Delivered
ORD003069,CUST00369,PROD0003,1,14338.6,2025-10-26,2025-10-30,Delivered
ORD001281,CUST00389,PROD0064,4,3664.82,2026-03-09,2026-03-14,Delivered
ORD004117,CUST00709,PROD0062,4,25032.52,2026-01-30,,Shipped
ORD000461,CUST00653,PROD0042,3,915.41,2026-07-30,,Returned
ORD002609,CUST00251,PROD0096,5,32150.75,2026-01-26,,Shipped
ORD002183,CUST00424,PROD0147,4,4832.5,2025-10-31,,Returned
ORD001293,CUST00240,PROD0144,4,4806.1,2025-05-20,2025-05-25,Delivered
ORD003599,CUST00253,PROD0019,5,4410.8,2025-03-03,2025-03-07,Delivered
ORD000743,CUST00560,PROD0010,4,11743.74,2025-09-24,,Returned
ORD004943,CUST00037,PROD0031,2,2204.46,2025-08-11,,Returned
ORD005924,CUST00212,PROD0024,4,1123.83,2025-05-03,,Shipped
ORD005772,CUST00390,PROD0092,2,1419.85,2026-01-11,,Cancelled
ORD005981,CUST00746,PROD0123,4,21424.68,2026-05-10,2026-05-18,Delivered
ORD002425,CUST00299,PROD0067,4,4271.55,2026-01-26,2026-02-02,Delivered
ORD005238,CUST00133,PROD0063,4,869.54,2025-04-03,,Shipped
ORD003626,CUST00101,PROD0014,4,1289.47,2025-01-25,2025-02-05,Delivered
ORD005682,CUST00643,PROD0044,3,1423.72,2026-04-29,,Cancelled
ORD003535,CUST00709,PROD0094,3,1211.97,2026-06-01,2026-06-04,Delivered
ORD002259,CUST00784,PROD0057,3,1462.31,2026-06-27,,Processing
ORD005840,CUST00434,PROD0109,2,854.47,2025-04-25,,Shipped
ORD003228,CUST00355,PROD0008,5,545.71,2026-05-12,,Cancelled
ORD000895,CUST00503,PROD0049,5,191.03,2025-10-29,,Processing
ORD002914,CUST00107,PROD0101,4,782.0,2025-05-19,,Processing
ORD005340,CUST00431,PROD0079,4,2916.61,2026-03-08,2026-03-15,Delivered
ORD001132,CUST00343,PROD0093,5,513.19,2026-05-01,2026-05-02,Delivered
ORD003732,CUST00432,PROD0096,2,32150.75,2025-09-18,2025-09-23,Delivered
ORD004108,CUST00692,PROD0084,1,317.91,2026-05-07,,Processing
ORD002717,CUST00201,PROD0095,2,6063.96,2025-02-27,2025-03-03,Delivered
ORD003254,CUST00022,PROD0142,4,1821.04,2025-10-13,2025-10-24,Delivered
ORD002431,CUST00325,PROD0046,3,51.86,2025-04-13,,Processing
ORD000400,CUST00618,PROD0040,2,2990.7,2025-09-29,2025-10-03,Delivered
ORD004625,CUST00048,PROD0070,4,10505.06,2025-12-26,2026-01-07,Delivered
ORD003868,CUST00270,PROD0062,4,25032.52,2026-01-27,,Cancelled
ORD005544,CUST00784,PROD0140,3,899.29,2025-03-12,,Returned
ORD001576,CUST00501,PROD0047,2,26286.3,2025-08-22,2025-08-23,Delivered
ORD000778,CUST00049,PROD0086,1,1450.41,2025-04-16,,Cancelled
ORD001903,CUST00469,PROD0002,4,2472.29,2025-06-30,2025-07-05,Delivered
ORD004931,CUST00234,PROD0138,2,3519.99,2026-05-13,2026-05-22,Delivered
ORD000671,CUST00762,PROD0046,4,51.86,2025-12-01,,Shipped
ORD001779,CUST00638,PROD0011,2,1483.6,2026-01-26,,Cancelled
ORD000628,CUST00131,PROD0042,4,915.41,2026-03-01,2026-03-04,Delivered
ORD001165,CUST00301,PROD0011,5,1483.6,2025-02-28,2025-03-03,Delivered
ORD000823,CUST00319,PROD0147,3,4832.5,2026-04-09,,Cancelled
ORD000304,CUST00173,PROD0002,1,2472.29,2025-05-29,,Cancelled
ORD003964,CUST00136,PROD0111,2,42616.44,2025-11-09,,Shipped
ORD000978,CUST00168,PROD0079,4,2916.61,2025-04-02,,Processing
ORD000818,CUST00335,PROD0009,2,390.58,2026-07-27,2026-08-06,Delivered
ORD004881,CUST00764,PROD0010,2,11743.74,2025-09-17,,Processing
ORD005521,CUST00280,PROD0126,5,8384.51,2026-05-31,2026-06-01,Delivered
ORD005990,CUST00763,PROD0096,2,32150.75,2026-01-13,,Returned
ORD004906,CUST00493,PROD0065,3,9361.22,2026-06-18,2026-06-30,Delivered
ORD002881,CUST00121,PROD0011,2,1483.6,2026-06-05,,Returned
ORD001300,CUST00443,PROD0026,5,4912.92,2026-05-20,,Shipped
ORD005917,CUST00174,PROD0115,4,55563.32,2026-05-25,2026-05-30,Delivered
ORD004281,CUST00063,PROD0147,4,4832.5,2025-01-07,2025-01-08,Delivered
ORD000754,CUST00294,PROD0103,3,11738.74,2025-07-02,,Cancelled
ORD002478,CUST00654,PROD0024,1,1123.83,2025-01-14,,Cancelled
ORD001892,CUST00658,PROD0011,4,1483.6,2025-02-02,,Processing
ORD003865,CUST00080,PROD0080,2,4686.49,2025-11-04,2025-11-15,Delivered
ORD000680,CUST00189,PROD0127,5,919.23,2026-01-22,,Processing
ORD005949,CUST00059,PROD0091,4,1751.39,2025-03-29,,Cancelled
ORD004842,CUST00355,PROD0025,2,4203.28,2025-07-27,,Shipped
ORD001066,CUST00113,PROD0106,1,3327.3,2026-05-15,2026-05-26,Delivered
ORD000929,CUST00758,PROD0117,3,430.76,2025-11-01,2025-11-08,Delivered
ORD004189,CUST00674,PROD0013,2,39659.48,2025-10-04,2025-10-15,Delivered
ORD002365,CUST00291,PROD0082,2,503.97,2025-02-13,2025-02-23,Delivered
ORD002811,CUST00673,PROD0005,1,560.65,2026-06-28,2026-07-05,Delivered
ORD000863,CUST00068,PROD0032,5,1176.78,2026-04-23,,Processing
ORD004393,CUST00314,PROD0140,4,899.29,2025-03-11,2025-03-14,Delivered
ORD000369,CUST00478,PROD0083,2,385.32,2025-02-13,2025-02-18,Delivered
ORD004665,CUST00114,PROD0005,2,560.65,2026-07-09,,Processing
ORD002698,CUST00176,PROD0143,4,1730.89,2025-03-22,2025-03-24,Delivered
ORD004052,CUST00066,PROD0120,1,418.7,2025-09-15,,Returned
ORD000445,CUST00361,PROD0011,2,1483.6,2026-06-16,,Cancelled
ORD003675,CUST00053,PROD0098,3,648.17,2025-07-20,2025-08-01,Delivered
ORD002334,CUST00343,PROD0025,2,4203.28,2026-04-10,2026-04-15,Delivered
ORD003478,CUST00397,PROD0111,4,42616.44,2025-07-17,2025-07-29,Delivered
ORD003829,CUST00031,PROD0081,4,4820.76,2025-09-07,,Cancelled
ORD002933,CUST00426,PROD0104,3,1042.65,2026-07-03,,Shipped
ORD003969,CUST00173,PROD0034,2,2546.45,2025-09-14,2025-09-21,Delivered
ORD000438,CUST00418,PROD0021,4,156.01,2025-05-18,,Returned
ORD001653,CUST00274,PROD0050,2,3898.39,2025-08-16,2025-08-28,Delivered
ORD004472,CUST00627,PROD0132,4,305.28,2026-05-13,,Processing
ORD005276,CUST00048,PROD0027,5,331.1,2025-05-08,2025-05-09,Delivered
ORD000037,CUST00347,PROD0101,4,782.0,2025-05-26,,Shipped
ORD001811,CUST00496,PROD0091,4,1751.39,2026-04-22,,Processing
ORD001342,CUST00384,PROD0142,2,1821.04,2025-05-06,2025-05-07,Delivered
ORD003463,CUST00271,PROD0051,1,1399.76,2026-02-18,2026-02-21,Delivered
ORD005504,CUST00527,PROD0036,3,559.64,2026-02-19,2026-03-03,Delivered
ORD004192,CUST00263,PROD0059,4,685.94,2026-03-02,,Shipped
ORD005853,CUST00767,PROD0146,3,9127.13,2026-03-05,2026-03-16,Delivered
ORD000598,CUST00339,PROD0015,5,2263.06,2026-01-08,2026-01-15,Delivered
ORD003764,CUST00021,PROD0127,1,919.23,2025-11-15,2025-11-27,Delivered
ORD002229,CUST00655,PROD0031,4,2204.46,2026-05-05,,Cancelled
ORD000032,CUST00597,PROD0023,4,11903.15,2025-05-01,2025-05-13,Delivered
ORD005807,CUST00620,PROD0006,3,812.36,2025-03-04,,Processing
ORD004716,CUST00420,PROD0074,4,2124.57,2026-01-06,,Processing
ORD000760,CUST00079,PROD0011,5,1483.6,2025-12-16,2025-12-27,Delivered
ORD000422,CUST00353,PROD0093,1,513.19,2025-01-20,,Cancelled
ORD004350,CUST00344,PROD0014,2,1289.47,2025-12-31,2026-01-12,Delivered
ORD002631,CUST00266,PROD0125,2,11796.3,2025-12-19,,Processing
ORD000114,CUST00604,PROD0147,4,4832.5,2025-02-03,,Processing
ORD005511,CUST00629,PROD0082,1,503.97,2025-05-23,,Delivered
ORD000323,CUST00434,PROD0002,5,2472.29,2025-02-13,,Processing
ORD005687,CUST00680,PROD0133,5,1400.65,2025-05-30,2025-06-11,Delivered
ORD003617,CUST00795,PROD0043,3,2444.21,2025-10-22,2025-10-23,Delivered
ORD005128,CUST00560,PROD0111,3,42616.44,2025-10-24,,Cancelled
ORD000561,CUST00195,PROD0087,1,13732.01,2026-02-20,2026-03-03,Delivered
ORD002617,CUST00687,PROD0141,4,22625.81,2025-04-05,,Shipped
ORD003197,CUST00458,PROD0072,3,263.08,2025-08-12,,Cancelled
ORD003759,CUST00129,PROD0096,4,32150.75,2025-06-20,,Shipped
ORD005447,CUST00346,PROD0138,4,3519.99,2025-05-19,2025-05-22,Delivered
ORD001131,CUST00415,PROD0108,5,4953.1,2025-08-13,,Delivered
ORD003846,CUST00630,PROD0067,1,4271.55,2025-08-01,,Shipped
ORD004199,CUST00017,PROD0058,2,4704.83,2025-12-04,,Shipped
ORD003505,CUST00669,PROD0007,4,40685.29,2026-07-18,2026-07-24,Delivered
ORD002535,CUST00320,PROD0113,3,974.15,2025-02-14,2025-02-22,Delivered
ORD001850,CUST00237,PROD0107,5,328.16,2025-03-11,,Delivered
ORD000567,CUST00280,PROD0012,5,4952.6,2025-06-27,2025-06-29,Delivered
ORD000230,CUST00272,PROD0053,5,379.38,2025-02-03,,Returned
ORD004664,CUST00674,PROD0150,1,2716.88,2026-02-23,,Cancelled
ORD004538,CUST00263,PROD0115,5,55563.32,2025-08-20,,Returned
ORD005246,CUST00360,PROD0130,1,314.99,2025-05-06,,Processing
ORD002305,CUST00748,PROD0119,4,2603.43,2025-08-13,,Cancelled
ORD002086,CUST00710,PROD0029,3,901.03,2026-01-15,,Shipped
ORD004118,CUST00092,PROD0143,4,1730.89,2026-02-18,,Returned
ORD005709,CUST00789,PROD0062,1,25032.52,2025-09-25,2025-09-29,Delivered
ORD001947,CUST00579,PROD0105,4,32176.55,2026-03-30,,Cancelled
ORD005490,CUST00171,PROD0056,2,861.22,2026-01-09,2026-01-14,Delivered
ORD000196,CUST00267,PROD0026,2,4912.92,2025-02-10,,Processing
ORD005635,CUST00719,PROD0082,4,503.97,2026-05-07,,Cancelled
ORD005480,CUST00495,PROD0103,4,11738.74,2025-07-20,,Shipped
ORD003615,CUST00008,PROD0099,5,14295.1,2026-04-26,,Shipped
ORD002820,CUST00543,PROD0123,4,21424.68,2025-11-07,,Shipped
ORD001431,CUST00283,PROD0028,3,302.64,2025-12-07,2025-12-09,Delivered
ORD002941,CUST00392,PROD0115,1,55563.32,2026-06-01,2026-06-05,Delivered
ORD003541,CUST00257,PROD0027,1,331.1,2025-01-04,,Cancelled
ORD002694,CUST00164,PROD0038,5,8563.39,2025-08-17,2025-08-18,Delivered
ORD004908,CUST00158,PROD0086,5,1450.41,2025-01-12,2025-01-13,Delivered
ORD001051,CUST00346,PROD0129,3,17176.36,2025-10-10,2025-10-15,Delivered
ORD003264,CUST00589,PROD0031,1,2204.46,2026-02-17,,Shipped
ORD000650,CUST00578,PROD0020,1,4298.98,2026-05-11,2026-05-15,Delivered
ORD004202,CUST00222,PROD0006,2,812.36,2025-06-20,2025-07-02,Delivered
ORD001998,CUST00405,PROD0103,4,11738.74,2025-12-06,2025-12-10,Delivered
ORD003132,CUST00632,PROD0135,3,7336.91,2025-01-11,,Processing
ORD004782,CUST00541,PROD0074,4,2124.57,2026-02-20,2026-03-02,Delivered
ORD000076,CUST00052,PROD0095,2,6063.96,2025-10-26,,Shipped
ORD001813,CUST00786,PROD0007,2,40685.29,2025-11-21,2025-11-28,Delivered
ORD001033,CUST00419,PROD0076,5,32834.68,2026-04-01,,Returned
ORD002789,CUST00227,PROD0145,2,2463.88,2025-12-18,2025-12-28,Delivered
ORD002070,CUST00654,PROD0064,5,3664.82,2025-05-08,,Shipped
ORD002674,CUST00207,PROD0006,4,812.36,2025-09-08,,Processing
ORD001270,CUST00409,PROD0028,3,302.64,2026-07-12,2026-07-17,Delivered
ORD003085,CUST00800,PROD0147,1,4832.5,2025-08-19,2025-08-25,Delivered
ORD002748,CUST00439,PROD0041,2,543.32,2025-10-20,2025-10-26,Delivered
ORD005736,CUST00054,PROD0004,4,2001.32,2025-03-20,2025-03-31,Delivered
ORD002496,CUST00458,PROD0094,3,1211.97,2025-05-16,,Processing
ORD003670,CUST00159,PROD0124,4,2908.87,2026-04-26,,Cancelled
ORD005913,CUST00497,PROD0033,5,5639.02,2025-11-01,2025-11-02,Delivered
ORD003703,CUST00622,PROD0052,5,1448.8,2026-04-04,,Shipped
ORD005184,CUST00588,PROD0015,3,2263.06,2026-01-03,,Processing
ORD000563,CUST00061,PROD0005,4,560.65,2025-02-16,2025-02-17,Delivered
ORD005086,CUST00691,PROD0107,5,328.16,2025-04-27,2025-05-08,Delivered
ORD002067,CUST00565,PROD0049,4,191.03,2026-07-15,2026-07-22,Delivered
ORD000458,CUST00362,PROD0021,5,156.01,2025-01-07,,Shipped
ORD004469,CUST00663,PROD0068,2,1375.21,2026-07-25,2026-07-31,Delivered
ORD000705,CUST00169,PROD0024,4,1123.83,2025-05-24,2025-06-03,Delivered
ORD002813,CUST00312,PROD0032,1,1176.78,2025-08-25,,Shipped
ORD003528,CUST00474,PROD0111,2,42616.44,2026-02-02,,Cancelled
ORD001153,CUST00628,PROD0007,5,40685.29,2026-01-27,2026-02-01,Delivered
ORD003684,CUST00773,PROD0146,1,9127.13,2025-09-16,2025-09-28,Delivered
ORD003180,CUST00411,PROD0007,4,40685.29,2025-07-03,,Processing
ORD002221,CUST00297,PROD0014,2,1289.47,2026-04-08,,Shipped
ORD000115,CUST00235,PROD0057,5,1462.31,2025-04-17,2025-04-23,Delivered
ORD001439,CUST00593,PROD0010,4,11743.74,2026-05-23,,Returned
ORD001704,CUST00759,PROD0078,3,12507.55,2025-08-27,,Cancelled
ORD004286,CUST00060,PROD0022,2,459.17,2025-06-10,2025-06-18,Delivered
ORD001511,CUST00522,PROD0014,3,1289.47,2026-03-12,2026-03-22,Delivered
ORD003013,CUST00116,PROD0011,4,1483.6,2026-03-06,2026-03-07,Delivered
ORD004093,CUST00613,PROD0013,3,39659.48,2025-04-16,,Cancelled
ORD004858,CUST00579,PROD0058,5,4704.83,2025-04-19,,Shipped
ORD004959,CUST00317,PROD0014,3,1289.47,2025-07-25,,Returned
ORD004571,CUST00313,PROD0126,3,8384.51,2025-10-30,2025-10-31,Delivered
ORD001596,CUST00718,PROD0076,3,32834.68,2025-01-25,,Cancelled
ORD004265,CUST00675,PROD0132,5,305.28,2026-05-24,,Processing
ORD005243,CUST00709,PROD0101,2,782.0,2026-05-03,2026-05-11,Delivered
ORD001026,CUST00429,PROD0112,3,1969.23,2025-05-09,,Processing
ORD001471,CUST00141,PROD0038,3,8563.39,2025-03-27,,Returned
ORD002615,CUST00698,PROD0027,1,331.1,2025-01-31,2025-02-08,Delivered
ORD005329,CUST00569,PROD0068,1,1375.21,2026-02-15,,Shipped
ORD002960,CUST00362,PROD0038,1,8563.39,2025-04-08,2025-04-13,Delivered
ORD000343,CUST00094,PROD0075,3,209.7,2026-02-09,,Returned
ORD002986,CUST00197,PROD0145,4,2463.88,2025-11-05,2025-11-09,Delivered
ORD004308,CUST00160,PROD0024,3,1123.83,2025-10-21,2025-10-27,Delivered
ORD002008,CUST00770,PROD0026,1,4912.92,2025-03-26,2025-03-30,Delivered
ORD002160,CUST00147,PROD0063,4,869.54,2025-12-08,,Returned
ORD004653,CUST00767,PROD0084,4,317.91,2025-10-08,,Returned
ORD001215,CUST00517,PROD0076,4,32834.68,2026-05-23,,Cancelled
ORD000887,CUST00525,PROD0092,1,1419.85,2026-07-23,2026-07-28,Delivered
ORD000656,CUST00414,PROD0138,1,3519.99,2025-04-12,,Returned
ORD001618,CUST00463,PROD0118,2,828.66,2025-12-30,2026-01-03,Delivered
ORD002656,CUST00150,PROD0055,5,70.6,2025-11-25,,Returned
ORD002850,CUST00721,PROD0088,2,34407.7,2025-04-08,,Cancelled
ORD000161,CUST00232,PROD0027,1,331.1,2026-06-08,,Shipped
ORD002854,CUST00715,PROD0126,3,8384.51,2025-12-23,2026-01-01,Delivered
ORD000516,CUST00140,PROD0109,5,854.47,2025-07-04,,Cancelled
ORD003216,CUST00542,PROD0040,5,2990.7,2026-07-16,2026-07-22,Delivered
ORD002663,CUST00513,PROD0008,4,545.71,2025-12-14,,Returned
ORD000205,CUST00233,PROD0135,5,7336.91,2025-08-18,2025-08-25,Delivered
ORD001821,CUST00721,PROD0110,5,1192.79,2025-05-05,2025-05-14,Delivered
ORD002427,CUST00214,PROD0089,2,16755.29,2025-02-24,,Cancelled
ORD001761,CUST00370,PROD0059,4,685.94,2025-05-09,,Processing
ORD002684,CUST00558,PROD0079,5,2916.61,2025-05-05,2025-05-15,Delivered
ORD001435,CUST00726,PROD0105,1,32176.55,2025-10-02,,Returned
ORD002493,CUST00073,PROD0048,1,56173.09,2025-04-09,2025-04-14,Delivered
ORD004292,CUST00035,PROD0069,1,58378.98,2026-04-11,2026-04-15,Delivered
ORD002455,CUST00572,PROD0068,4,1375.21,2025-02-24,2025-03-05,Delivered
ORD001059,CUST00473,PROD0044,3,1423.72,2025-04-26,2025-05-05,Delivered
ORD003648,CUST00532,PROD0027,4,331.1,2026-06-24,2026-07-02,Delivered
ORD000825,CUST00663,PROD0116,4,8033.73,2025-06-02,2025-06-12,Delivered
ORD004525,CUST00220,PROD0013,4,39659.48,2026-03-03,,Processing
ORD001047,CUST00513,PROD0047,3,26286.3,2026-06-29,,Cancelled
ORD002176,CUST00518,PROD0068,3,1375.21,2025-02-11,2025-02-16,Delivered
ORD004212,CUST00106,PROD0064,5,3664.82,2025-04-11,2025-04-12,Delivered
ORD002984,CUST00335,PROD0120,1,418.7,2025-06-13,2025-06-24,Delivered
ORD005564,CUST00336,PROD0008,4,545.71,2025-01-24,,Cancelled
ORD002220,CUST00198,PROD0037,4,1155.64,2025-10-29,2025-10-31,Delivered
ORD001313,CUST00722,PROD0010,1,11743.74,2026-03-29,2026-04-01,Delivered
ORD003681,CUST00602,PROD0117,5,430.76,2025-07-28,,Processing
ORD003304,CUST00309,PROD0127,3,919.23,2026-07-27,,Cancelled
ORD000131,CUST00299,PROD0048,4,56173.09,2025-02-15,,Returned
ORD004128,CUST00266,PROD0122,4,993.76,2025-11-11,,Processing
ORD003474,CUST00270,PROD0094,2,1211.97,2026-06-14,2026-06-18,Delivered
ORD001420,CUST00365,PROD0056,5,861.22,2025-09-12,2025-09-13,Delivered
ORD001102,CUST00049,PROD0064,2,3664.82,2026-07-02,2026-07-13,Delivered
ORD005279,CUST00253,PROD0050,3,3898.39,2025-07-26,,Shipped
ORD005673,CUST00496,PROD0146,2,9127.13,2026-04-04,2026-04-11,Delivered
ORD004043,CUST00466,PROD0019,3,4410.8,2026-07-04,2026-07-07,Delivered
ORD004448,CUST00213,PROD0061,2,1083.6,2025-03-16,2025-03-26,Delivered
ORD003309,CUST00238,PROD0035,2,4733.42,2026-02-19,,Shipped
ORD002702,CUST00753,PROD0035,1,4733.42,2025-09-12,,Shipped
ORD000767,CUST00271,PROD0047,4,26286.3,2025-02-16,,Cancelled
ORD004237,CUST00393,PROD0012,3,4952.6,2025-02-06,,Cancelled
ORD002155,CUST00552,PROD0051,4,1399.76,2025-08-10,,Cancelled
ORD004332,CUST00442,PROD0097,5,166.92,2025-02-22,,Cancelled
ORD001519,CUST00173,PROD0010,5,11743.74,2025-04-25,2025-05-04,Delivered
ORD004297,CUST00672,PROD0090,4,955.06,2026-02-11,2026-02-22,Delivered
ORD000918,CUST00221,PROD0147,4,4832.5,2026-01-26,,Cancelled
ORD002816,CUST00629,PROD0078,1,12507.55,2026-01-22,2026-01-24,Delivered
ORD005569,CUST00296,PROD0149,4,5764.99,2025-09-13,2025-09-23,Delivered
ORD003705,CUST00038,PROD0122,4,993.76,2025-12-31,2026-01-12,Delivered
ORD005482,CUST00535,PROD0117,2,430.76,2026-07-25,,Processing
ORD002825,CUST00527,PROD0018,4,18955.94,2025-08-31,2025-09-11,Delivered
ORD004193,CUST00191,PROD0104,4,1042.65,2025-05-22,,Processing
ORD001773,CUST00042,PROD0022,1,459.17,2025-01-09,,Processing
ORD004366,CUST00703,PROD0141,3,22625.81,2025-05-22,,Returned
ORD004091,CUST00445,PROD0017,4,4701.06,2025-07-09,,Returned
ORD000257,CUST00791,PROD0096,1,32150.75,2026-07-21,,Delivered
ORD000804,CUST00584,PROD0053,5,379.38,2026-03-29,,Cancelled
ORD002386,CUST00389,PROD0059,1,685.94,2025-09-22,,Cancelled
ORD000027,CUST00105,PROD0114,4,1292.66,2025-06-21,2025-06-25,Delivered
ORD000984,CUST00417,PROD0113,5,974.15,2025-04-22,2025-04-24,Delivered
ORD005616,CUST00101,PROD0042,5,915.41,2025-03-22,,Returned
ORD001585,CUST00613,PROD0129,3,17176.36,2026-03-27,,Delivered
ORD003077,CUST00283,PROD0110,1,1192.79,2025-05-09,,Cancelled
ORD003822,CUST00160,PROD0033,5,5639.02,2025-06-10,,Returned
ORD002792,CUST00059,PROD0113,5,974.15,2026-02-10,,Delivered
ORD000246,CUST00743,PROD0012,3,4952.6,2025-07-17,2025-07-19,Delivered
ORD000551,CUST00506,PROD0100,3,7797.29,2025-06-05,,Cancelled
ORD005103,CUST00474,PROD0018,3,18955.94,2026-03-18,2026-03-26,Delivered
ORD004435,CUST00101,PROD0007,3,40685.29,2026-01-31,,Shipped
ORD003720,CUST00055,PROD0012,1,4952.6,2025-07-08,,Shipped
ORD004923,CUST00227,PROD0031,3,2204.46,2025-10-09,2025-10-20,Delivered
ORD005587,CUST00764,PROD0046,5,51.86,2025-07-26,,Cancelled
ORD003961,CUST00447,PROD0016,3,59834.55,2025-10-31,,Returned
ORD000964,CUST00319,PROD0021,3,156.01,2026-02-12,2026-02-20,Delivered
ORD000607,CUST00301,PROD0139,2,4171.69,2026-05-01,,Cancelled
ORD002642,CUST00531,PROD0040,2,2990.7,2025-06-15,2025-06-26,Delivered
ORD002039,CUST00131,PROD0080,5,4686.49,2026-07-16,2026-07-18,Delivered
ORD003762,CUST00351,PROD0109,5,854.47,2025-08-28,,Cancelled
ORD004317,CUST00056,PROD0063,5,869.54,2025-06-07,,Cancelled
ORD005269,CUST00462,PROD0120,3,418.7,2025-01-13,,Shipped
ORD001611,CUST00488,PROD0148,3,985.06,2025-03-10,2025-03-19,Delivered
ORD004408,CUST00152,PROD0061,5,1083.6,2026-04-24,2026-04-25,Delivered
ORD004489,CUST00424,PROD0023,4,11903.15,2025-11-05,2025-11-11,Delivered
ORD000505,CUST00423,PROD0098,3,648.17,2026-05-22,2026-05-24,Delivered
ORD005271,CUST00760,PROD0090,5,955.06,2026-05-12,,Processing
ORD003084,CUST00790,PROD0077,2,2052.65,2025-02-03,,Shipped
ORD002385,CUST00118,PROD0101,5,782.0,2026-05-04,,Delivered
ORD005350,CUST00680,PROD0091,1,1751.39,2026-06-19,,Shipped
ORD004107,CUST00409,PROD0022,1,459.17,2026-02-23,,Returned
ORD003502,CUST00246,PROD0077,1,2052.65,2025-08-09,,Shipped
ORD002709,CUST00533,PROD0013,2,39659.48,2025-06-15,,Shipped
ORD003741,CUST00612,PROD0079,3,2916.61,2025-03-03,2025-03-13,Delivered
ORD005942,CUST00395,PROD0099,5,14295.1,2025-04-09,,Shipped
ORD000664,CUST00780,PROD0027,4,331.1,2026-03-25,2026-03-27,Delivered
ORD000936,CUST00157,PROD0035,3,4733.42,2026-04-21,,Returned
ORD001189,CUST00223,PROD0073,4,34399.58,2025-10-18,2025-10-20,Delivered
ORD003472,CUST00567,PROD0012,1,4952.6,2025-04-27,,Shipped
ORD003517,CUST00106,PROD0020,4,4298.98,2025-03-04,2025-03-12,Delivered
ORD000537,CUST00707,PROD0091,4,1751.39,2025-10-07,,Shipped
ORD004727,CUST00423,PROD0094,5,1211.97,2025-04-21,,Shipped
ORD000475,CUST00723,PROD0138,3,3519.99,2026-04-19,2026-04-28,Delivered
ORD004640,CUST00292,PROD0073,5,34399.58,2026-02-01,,Processing
ORD001757,CUST00411,PROD0061,4,1083.6,2025-09-14,,Returned
ORD001830,CUST00436,PROD0124,5,2908.87,2025-05-30,,Processing
ORD004225,CUST00124,PROD0086,4,1450.41,2025-11-18,,Returned
ORD004905,CUST00096,PROD0103,1,11738.74,2025-08-12,2025-08-15,Delivered
ORD001469,CUST00702,PROD0005,3,560.65,2025-11-21,,Processing
ORD003377,CUST00200,PROD0063,2,869.54,2025-06-22,2025-07-04,Delivered
ORD002402,CUST00331,PROD0078,4,12507.55,2025-05-29,2025-06-08,Delivered
ORD003054,CUST00406,PROD0022,3,459.17,2026-04-06,,Shipped
ORD000798,CUST00144,PROD0036,4,559.64,2026-02-28,,Returned
ORD004513,CUST00073,PROD0112,2,1969.23,2026-04-10,2026-04-22,Delivered
ORD003416,CUST00261,PROD0094,4,1211.97,2025-06-14,2025-06-25,Delivered
ORD001906,CUST00626,PROD0111,1,42616.44,2026-06-22,2026-06-29,Delivered
ORD000060,CUST00756,PROD0011,1,1483.6,2026-02-12,,Shipped
ORD003584,CUST00756,PROD0032,2,1176.78,2025-06-10,2025-06-15,Delivered
ORD005550,CUST00159,PROD0049,2,191.03,2026-06-04,,Shipped
ORD005363,CUST00420,PROD0080,5,4686.49,2025-04-20,,Returned
ORD002276,CUST00330,PROD0084,5,317.91,2026-06-03,,Returned
ORD004504,CUST00057,PROD0079,4,2916.61,2025-01-06,2025-01-16,Delivered
ORD002862,CUST00153,PROD0112,5,1969.23,2025-04-27,2025-05-07,Delivered
ORD002057,CUST00455,PROD0024,2,1123.83,2026-06-22,2026-06-28,Delivered
ORD004707,CUST00304,PROD0102,4,133.37,2026-03-21,,Cancelled
ORD003484,CUST00322,PROD0077,1,2052.65,2025-09-30,,Processing
ORD000511,CUST00252,PROD0111,5,42616.44,2026-02-08,,Processing
ORD001917,CUST00308,PROD0106,3,3327.3,2025-08-19,,Cancelled
ORD005642,CUST00738,PROD0136,4,18573.07,2026-07-02,,Returned
ORD003339,CUST00497,PROD0078,4,12507.55,2025-11-04,2025-11-10,Delivered
ORD000216,CUST00604,PROD0028,1,302.64,2025-06-18,2025-06-30,Delivered
ORD003366,CUST00468,PROD0119,2,2603.43,2025-12-29,,Returned
ORD005033,CUST00201,PROD0139,3,4171.69,2026-01-25,2026-02-02,Delivered
ORD003269,CUST00791,PROD0063,5,869.54,2025-10-06,,Returned
ORD003565,CUST00727,PROD0012,1,4952.6,2026-02-13,2026-02-21,Delivered
ORD004368,CUST00475,PROD0054,4,1632.64,2025-12-01,2025-12-11,Delivered
ORD004416,CUST00169,PROD0130,3,314.99,2026-04-07,2026-04-18,Delivered
ORD005001,CUST00699,PROD0011,5,1483.6,2025-03-21,2025-03-22,Delivered
ORD005332,CUST00154,PROD0020,3,4298.98,2025-07-17,,Returned
ORD001120,CUST00576,PROD0091,3,1751.39,2025-08-20,2025-08-28,Delivered
ORD004011,CUST00071,PROD0029,5,901.03,2026-02-17,,Cancelled
ORD002128,CUST00338,PROD0074,5,2124.57,2025-02-13,,Cancelled
ORD005745,CUST00537,PROD0086,1,1450.41,2025-12-02,,Returned
ORD002418,CUST00011,PROD0013,1,39659.48,2025-11-05,,Shipped
ORD004645,CUST00314,PROD0105,2,32176.55,2026-07-19,2026-07-26,Delivered
ORD001152,CUST00236,PROD0025,3,4203.28,2026-02-22,2026-03-03,Delivered
ORD000406,CUST00220,PROD0145,2,2463.88,2025-12-01,2025-12-04,Delivered
ORD003358,CUST00343,PROD0132,2,305.28,2025-11-22,2025-12-04,Delivered
ORD004397,CUST00642,PROD0085,4,4763.96,2026-02-26,,Returned
ORD000719,CUST00393,PROD0141,3,22625.81,2026-04-10,2026-04-21,Delivered
ORD003987,CUST00555,PROD0061,1,1083.6,2025-07-30,2025-08-06,Delivered
ORD002799,CUST00029,PROD0043,5,2444.21,2026-02-08,,Processing
ORD004805,CUST00456,PROD0099,2,14295.1,2025-11-15,,Cancelled
ORD000592,CUST00241,PROD0026,4,4912.92,2026-05-23,2026-06-01,Delivered
ORD000067,CUST00537,PROD0096,2,32150.75,2025-10-03,2025-10-09,Delivered
ORD003055,CUST00790,PROD0003,3,14338.6,2025-07-16,,Processing
ORD004662,CUST00782,PROD0144,1,4806.1,2025-05-31,2025-06-03,Delivered
ORD002339,CUST00400,PROD0114,1,1292.66,2026-03-18,2026-03-25,Delivered
ORD004797,CUST00779,PROD0096,4,32150.75,2025-01-18,2025-01-23,Delivered
ORD001587,CUST00315,PROD0114,3,1292.66,2026-07-06,2026-07-08,Delivered
ORD002035,CUST00250,PROD0030,2,429.82,2026-02-03,,Processing
ORD002950,CUST00554,PROD0137,5,1360.59,2026-04-16,,Delivered
ORD000410,CUST00682,PROD0034,2,2546.45,2026-05-08,2026-05-16,Delivered
ORD001643,CUST00259,PROD0034,3,2546.45,2026-03-09,2026-03-19,Delivered
ORD004195,CUST00234,PROD0069,1,58378.98,2025-04-13,2025-04-21,Delivered
ORD002268,CUST00281,PROD0028,3,302.64,2025-12-02,2025-12-06,Delivered
ORD004470,CUST00392,PROD0022,4,459.17,2025-01-19,2025-01-29,Delivered
ORD004322,CUST00617,PROD0143,5,1730.89,2025-07-12,,Shipped
ORD003674,CUST00044,PROD0005,1,560.65,2026-01-11,2026-01-16,Delivered
ORD005292,CUST00429,PROD0048,1,56173.09,2025-06-08,2025-06-09,Delivered
ORD004786,CUST00213,PROD0100,2,7797.29,2026-04-02,2026-04-04,Delivered
ORD005467,CUST00611,PROD0066,1,4931.77,2026-04-04,2026-04-09,Delivered
ORD002650,CUST00569,PROD0074,4,2124.57,2025-08-23,,Returned
ORD001343,CUST00626,PROD0113,4,974.15,2025-04-27,,Returned
ORD003592,CUST00346,PROD0120,5,418.7,2025-03-19,,Processing
ORD004269,CUST00562,PROD0120,4,418.7,2025-04-15,,Processing
ORD005954,CUST00240,PROD0140,4,899.29,2026-06-24,,Returned
ORD000180,CUST00717,PROD0080,2,4686.49,2025-04-16,,Shipped
ORD003371,CUST00199,PROD0005,4,560.65,2025-07-15,2025-07-16,Delivered
ORD002648,CUST00713,PROD0144,3,4806.1,2025-05-05,,Processing
ORD004656,CUST00558,PROD0001,4,2002.86,2025-05-04,,Cancelled
ORD001434,CUST00170,PROD0106,3,3327.3,2025-12-12,2025-12-18,Delivered
ORD003452,CUST00333,PROD0118,5,828.66,2026-06-14,,Processing
ORD003262,CUST00448,PROD0026,1,4912.92,2025-12-10,,Shipped
ORD001424,CUST00571,PROD0004,0,2001.32,2025-06-05,,Cancelled
ORD005440,CUST00381,PROD0146,1,9127.13,2025-07-03,2025-07-05,Delivered
ORD003435,CUST00117,PROD0069,5,58378.98,2026-07-12,2026-07-16,Delivered
ORD001634,CUST00547,PROD0096,3,32150.75,2025-11-25,,Delivered
ORD005314,CUST00490,PROD0098,4,648.17,2025-01-08,,Processing
ORD004266,CUST00005,PROD0134,5,3036.32,2026-01-22,2026-01-28,Delivered
ORD001352,CUST00068,PROD0022,2,459.17,2026-07-10,,Processing
ORD002509,CUST00276,PROD0004,1,2001.32,2026-05-11,2026-05-20,Delivered
ORD001840,CUST00758,PROD0083,4,385.32,2025-07-02,2025-07-13,Delivered
ORD001331,CUST00473,PROD0005,5,560.65,2026-05-09,,Cancelled
ORD001959,CUST00292,PROD0116,2,8033.73,2025-10-28,,Cancelled
ORD005406,CUST00097,PROD0101,4,782.0,2025-11-13,2025-11-20,Delivered
ORD000315,CUST00689,PROD0114,4,1292.66,2026-07-31,2026-08-06,Delivered
ORD003020,CUST00291,PROD0112,5,1969.23,2025-05-02,,Processing
ORD003450,CUST00289,PROD0097,1,166.92,2026-01-18,,Shipped
ORD004121,CUST00773,PROD0061,1,1083.6,2025-08-22,2025-08-27,Delivered
ORD003579,CUST00571,PROD0036,5,559.64,2026-03-22,2026-04-03,Delivered
ORD003722,CUST00159,PROD0119,1,2603.43,2025-08-27,2025-08-30,Delivered
ORD002022,CUST00743,PROD0086,2,1450.41,2025-02-13,2025-02-22,Delivered
ORD005260,CUST00740,PROD0080,5,4686.49,2025-12-15,2025-12-26,Delivered
ORD001597,CUST00574,PROD0084,5,317.91,2026-07-28,2026-08-07,Delivered
ORD002906,CUST00561,PROD0080,1,4686.49,2025-05-28,,Shipped
ORD002238,CUST00138,PROD0059,5,685.94,2026-03-20,,Shipped
ORD003237,CUST00090,PROD0127,2,919.23,2025-06-23,,Returned
ORD001588,CUST00280,PROD0079,5,2916.61,2025-11-09,,Returned
ORD005595,CUST00105,PROD0049,2,191.03,2025-05-15,,Processing
ORD000970,CUST00406,PROD0096,4,32150.75,2026-05-17,2026-05-24,Delivered
ORD004090,CUST00719,PROD0096,1,32150.75,2026-05-10,,Returned
ORD002807,CUST00777,PROD0100,4,7797.29,2025-04-15,,Processing
ORD004820,CUST00579,PROD0072,3,263.08,2025-12-31,,Cancelled
ORD001178,CUST00254,PROD0042,4,915.41,2025-12-30,,Cancelled
ORD001254,CUST00419,PROD0111,1,42616.44,2025-02-21,2025-02-23,Delivered
ORD005607,CUST00649,PROD0090,4,955.06,2026-04-27,,Processing
ORD001709,CUST00326,PROD0100,4,7797.29,2026-01-26,2026-02-01,Delivered
ORD005721,CUST00478,PROD0013,5,39659.48,2025-10-18,,Shipped
ORD002436,CUST00224,PROD0105,3,32176.55,2025-06-18,,Cancelled
ORD004263,CUST00608,PROD0058,1,4704.83,2026-05-19,2026-05-27,Delivered
ORD001250,CUST00097,PROD0055,2,70.6,2026-02-11,,Cancelled
ORD000434,CUST00184,PROD0031,2,2204.46,2025-11-22,2025-11-28,Delivered
ORD005278,CUST00754,PROD0038,1,8563.39,2026-05-14,,Shipped
ORD003201,CUST00516,PROD0094,2,1211.97,2025-01-10,,Shipped
ORD001386,CUST00383,PROD0025,2,4203.28,2025-11-01,,Processing
ORD005933,CUST00538,PROD0149,1,5764.99,2025-11-23,,Processing
ORD001042,CUST00486,PROD0029,5,901.03,2026-02-21,,Processing
ORD000689,CUST00085,PROD0128,5,3825.7,2025-12-14,,Shipped
ORD001780,CUST00354,PROD0044,1,1423.72,2026-01-07,2026-01-15,Delivered
ORD001047,CUST00513,PROD0047,3,26286.3,2026-06-29,,Cancelled
ORD005649,CUST00783,PROD0123,1,21424.68,2025-11-22,,Cancelled
ORD002972,CUST00625,PROD0146,4,9127.13,2025-03-12,,Delivered
ORD004019,CUST00378,PROD0057,4,1462.31,2025-09-05,,Cancelled
ORD000262,CUST00743,PROD0085,3,4763.96,2025-05-12,2025-05-14,Delivered
ORD000350,CUST00058,PROD0122,4,993.76,2026-07-08,,Returned
ORD002765,CUST00486,PROD0056,1,861.22,2025-10-16,2025-10-18,Delivered
ORD005603,CUST00768,PROD0124,3,2908.87,2026-02-20,2026-02-22,Delivered
ORD000168,CUST00484,PROD0092,5,1419.85,2025-11-04,2025-11-09,Delivered
ORD001151,CUST00480,PROD0129,2,17176.36,2025-11-19,,Processing
ORD003157,CUST00500,PROD0100,2,7797.29,2026-02-18,2026-02-24,Delivered
ORD005265,CUST00120,PROD0010,2,11743.74,2025-08-29,2025-09-04,Delivered
ORD003139,CUST00354,PROD0108,1,4953.1,2026-03-09,,Shipped
ORD002387,CUST00798,PROD0091,4,1751.39,2025-02-15,2025-02-18,Delivered
ORD004561,CUST00383,PROD0051,3,1399.76,2026-02-18,2026-02-21,Delivered
ORD002588,CUST00675,PROD0022,5,459.17,2026-06-09,,Processing
ORD004376,CUST00799,PROD0029,4,901.03,2026-02-10,2026-02-17,Delivered
ORD003814,CUST00486,PROD0108,2,4953.1,2026-03-02,,Returned
ORD005764,CUST00507,PROD0140,1,899.29,2025-07-17,2025-07-26,Delivered
ORD002294,CUST00419,PROD0023,4,11903.15,2025-07-01,,Processing
ORD002800,CUST00465,PROD0031,1,2204.46,2025-06-17,,Delivered
ORD003492,CUST00766,PROD0138,2,3519.99,2025-10-31,,Returned
ORD000284,CUST00454,PROD0063,1,869.54,2025-05-11,2025-05-14,Delivered
ORD002037,CUST00540,PROD0006,1,812.36,2025-05-13,2025-05-24,Delivered
ORD001404,CUST00007,PROD0054,2,1632.64,2025-02-09,,Shipped
ORD000517,CUST00573,PROD0116,4,8033.73,2025-12-30,2026-01-06,Delivered
ORD002065,CUST00752,PROD0027,1,331.1,2026-04-27,2026-04-30,Delivered
ORD005325,CUST00024,PROD0060,5,7402.46,2026-03-19,2026-03-20,Delivered
ORD004142,CUST00037,PROD0008,4,545.71,2025-09-22,2025-09-29,Delivered
ORD000657,CUST00533,PROD0048,4,56173.09,2025-04-20,,Processing
ORD002477,CUST00445,PROD0012,4,4952.6,2026-03-20,,Cancelled
ORD003807,CUST00452,PROD0035,4,4733.42,2026-01-26,2026-01-27,Delivered
ORD002537,CUST00037,PROD0094,1,1211.97,2025-08-25,2025-08-26,Delivered
ORD005947,CUST00510,PROD0093,4,513.19,2026-05-09,2026-05-21,Delivered
ORD001798,CUST00213,PROD0060,2,7402.46,2025-02-21,,Cancelled
ORD002902,CUST00199,PROD0009,3,390.58,2026-04-07,2026-04-08,Delivered
ORD001065,CUST00389,PROD0003,1,14338.6,2026-03-18,2026-03-20,Delivered
ORD004249,CUST00672,PROD0090,5,955.06,2026-01-10,2026-01-15,Delivered
ORD000963,CUST00216,PROD0078,3,12507.55,2026-04-05,2026-04-10,Delivered
ORD003913,CUST00334,PROD0106,2,3327.3,2026-02-02,,Cancelled
ORD001571,CUST00429,PROD0098,1,648.17,2025-03-08,2025-03-13,Delivered
ORD001192,CUST00393,PROD0055,2,70.6,2026-04-11,,Cancelled
ORD003061,CUST00729,PROD0126,4,8384.51,2025-05-04,2025-05-11,Delivered
ORD004621,CUST00528,PROD0095,4,6063.96,2025-07-02,2025-07-14,Delivered
ORD004535,CUST00546,PROD0124,5,2908.87,2026-02-03,,Cancelled
ORD005896,CUST00195,PROD0099,5,14295.1,2025-09-08,2025-09-17,Delivered
ORD001541,CUST00653,PROD0041,4,543.32,2026-07-18,,Processing
ORD003575,CUST00448,PROD0004,2,2001.32,2025-10-12,,Processing
ORD003823,CUST00396,PROD0133,2,1400.65,2025-01-21,2025-01-29,Delivered
ORD004971,CUST00547,PROD0064,3,3664.82,2025-05-19,2025-05-24,Delivered
ORD003902,CUST00328,PROD0083,5,385.32,2025-12-26,2026-01-07,Delivered
ORD004811,CUST00515,PROD0064,3,3664.82,2025-12-11,2025-12-20,Delivered
ORD003510,CUST00005,PROD0073,1,34399.58,2026-07-31,,Shipped
ORD002515,CUST00672,PROD0040,3,2990.7,2026-07-29,,Cancelled
ORD005481,CUST00399,PROD0099,3,14295.1,2026-07-01,,Shipped
ORD005080,CUST00696,PROD0052,5,1448.8,2025-04-13,,Cancelled
ORD002681,CUST00690,PROD0075,5,209.7,2026-07-28,,Processing
ORD003413,CUST00189,PROD0106,4,3327.3,2025-10-28,2025-11-04,Delivered
ORD001983,CUST00329,PROD0007,5,40685.29,2025-08-12,,Processing
ORD000807,CUST00478,PROD0134,3,3036.32,2025-06-13,2025-06-22,Delivered
ORD001269,CUST00097,PROD0093,2,513.19,2025-04-02,,Cancelled
ORD005460,CUST00785,PROD0061,2,1083.6,2025-01-12,2025-01-14,Delivered
ORD000756,CUST00297,PROD0040,1,2990.7,2025-11-02,,Cancelled
ORD003043,CUST00558,PROD0078,5,12507.55,2025-11-29,,Delivered
ORD001171,CUST00371,PROD0010,5,11743.74,2025-06-09,2025-06-20,Delivered
ORD003361,CUST00400,PROD0045,1,1228.68,2025-12-07,2025-12-08,Delivered
ORD001889,CUST00660,PROD0019,1,4410.8,2025-09-17,2025-09-24,Delivered
ORD005671,CUST00491,PROD0141,2,22625.81,2026-07-01,,Shipped
ORD000566,CUST00001,PROD0103,3,11738.74,2025-05-04,2025-05-10,Delivered
ORD003647,CUST00089,PROD0141,3,22625.81,2025-02-06,2025-02-09,Delivered
ORD004965,CUST00475,PROD0142,2,1821.04,2025-03-22,2025-03-28,Delivered
ORD001441,CUST00314,PROD0112,3,1969.23,2025-10-05,,Processing
ORD001849,CUST00623,PROD0102,1,133.37,2026-06-07,,Returned
ORD001504,CUST00633,PROD0088,5,34407.7,2025-01-02,,Cancelled
ORD004534,CUST00223,PROD0134,4,3036.32,2025-10-28,,Returned
ORD001777,CUST00459,PROD0137,5,1360.59,2026-02-24,,Returned
ORD002807,CUST00777,PROD0100,4,7797.29,2025-04-15,,Processing
ORD004173,CUST00011,PROD0025,3,4203.28,2025-02-15,,Cancelled
ORD004439,CUST00295,PROD0128,4,3825.7,2026-05-14,,Shipped
ORD002513,CUST00185,PROD0023,5,11903.15,2026-06-12,,Returned
ORD003497,CUST00690,PROD0109,4,854.47,2026-07-22,2026-07-29,Delivered
ORD003631,CUST00637,PROD0039,1,5112.85,2025-02-20,,Shipped
ORD005195,CUST00491,PROD0022,1,459.17,2025-01-17,,Returned
ORD005453,CUST00251,PROD0082,1,503.97,2026-06-25,,Processing
ORD005386,CUST00708,PROD0056,2,861.22,2025-07-08,,Cancelled
ORD005802,CUST00540,PROD0050,4,3898.39,2026-02-22,,Processing
ORD002956,CUST00689,PROD0067,3,4271.55,2026-05-29,,Shipped
ORD001958,CUST00259,PROD0059,1,685.94,2025-06-12,2025-06-17,Delivered
ORD001604,CUST00326,PROD0052,5,1448.8,2025-04-01,2025-04-07,Delivered
ORD005087,CUST00299,PROD0115,3,55563.32,2025-08-04,,Shipped
ORD001637,CUST00294,PROD0108,1,4953.1,2025-04-26,,Returned
ORD004658,CUST00223,PROD0021,1,156.01,2026-06-01,2026-06-11,Delivered
ORD004933,CUST00455,PROD0093,3,513.19,2026-04-24,2026-04-30,Delivered
ORD002292,CUST00711,PROD0126,2,8384.51,2025-07-28,,Returned
ORD004947,CUST00435,PROD0107,4,328.16,2025-09-29,,Cancelled
ORD004443,CUST00283,PROD0005,2,560.65,2025-07-08,2025-07-18,Delivered
ORD004553,CUST00410,PROD0137,4,1360.59,2026-03-25,2026-04-05,Delivered
ORD002310,CUST00184,PROD0029,2,901.03,2026-05-18,2026-05-28,Delivered
ORD005868,CUST00459,PROD0130,1,314.99,2025-11-27,2025-12-07,Delivered
ORD002742,CUST00399,PROD0130,3,314.99,2025-03-15,,Processing
ORD000678,CUST00415,PROD0100,4,7797.29,2025-04-23,,Returned
ORD003056,CUST00228,PROD0116,1,8033.73,2026-05-01,,Returned
ORD001161,CUST00152,PROD0122,3,993.76,2026-03-29,2026-03-31,Delivered
ORD005906,CUST00381,PROD0040,2,2990.7,2025-01-21,2025-01-22,Delivered
ORD002713,CUST00326,PROD0028,2,302.64,2025-07-29,2025-07-30,Delivered
ORD000401,CUST00781,PROD0024,5,1123.83,2026-02-14,2026-02-26,Delivered
ORD000540,CUST00785,PROD0003,1,14338.6,2025-03-11,,Cancelled
ORD004013,CUST00083,PROD0050,1,3898.39,2025-03-29,,Returned
ORD005299,CUST00166,PROD0138,3,3519.99,2026-03-31,2026-04-12,Delivered
ORD002990,CUST00718,PROD0148,2,985.06,2025-01-18,,Shipped
ORD004374,CUST00077,PROD0037,3,1155.64,2025-07-22,,Processing
ORD005125,CUST00490,PROD0087,2,13732.01,2025-10-27,2025-10-31,Delivered
ORD002404,CUST00059,PROD0121,4,751.76,2025-03-08,2025-03-20,Delivered
ORD004515,CUST00331,PROD0136,3,18573.07,2025-10-29,2025-11-05,Delivered
ORD005096,CUST00469,PROD0147,5,4832.5,2025-03-20,,Returned
ORD005284,CUST00225,PROD0149,4,5764.99,2026-07-05,,Processing
ORD004467,CUST00751,PROD0103,4,11738.74,2025-11-09,,Processing
ORD002001,CUST00679,PROD0031,3,2204.46,2025-08-30,,Returned
ORD004150,CUST00378,PROD0008,4,545.71,2026-07-25,,Returned
ORD005390,CUST00621,PROD0128,4,3825.7,2026-01-31,,Processing
ORD005488,CUST00504,PROD0051,3,1399.76,2025-12-18,,Cancelled
ORD001982,CUST00006,PROD0003,1,14338.6,2025-05-30,,Shipped
ORD004021,CUST00151,PROD0107,1,328.16,2025-12-20,,Delivered
ORD004440,CUST00531,PROD0060,2,7402.46,2026-05-15,2026-05-25,Delivered
ORD005410,CUST00006,PROD0147,4,4832.5,2025-07-08,,Cancelled
ORD002834,CUST00459,PROD0092,5,1419.85,2025-11-04,,Returned
ORD002696,CUST00378,PROD0101,3,782.0,2026-06-26,,Cancelled
ORD002607,CUST00299,PROD0006,5,812.36,2025-01-09,,Processing
ORD000952,CUST00312,PROD0082,4,503.97,2025-03-11,2025-03-21,Delivered
ORD001305,CUST00158,PROD0041,3,543.32,2026-05-28,2026-06-03,Delivered
ORD003696,CUST00018,PROD0059,1,685.94,2025-09-26,,Returned
ORD003864,CUST00327,PROD0050,5,3898.39,2026-07-07,2026-07-11,Delivered
ORD003100,CUST00550,PROD0039,5,5112.85,2026-02-13,,Cancelled
ORD005237,CUST00143,PROD0040,4,2990.7,2026-07-25,,Processing
ORD004022,CUST00683,PROD0125,3,11796.3,2026-02-17,2026-02-25,Delivered
ORD002153,CUST00114,PROD0057,2,1462.31,2025-04-15,2025-04-27,Delivered
ORD002330,CUST00091,PROD0135,2,7336.91,2025-12-12,,Processing
ORD002239,CUST00483,PROD0075,2,209.7,2025-11-02,,Processing
ORD001524,CUST00172,PROD0078,4,12507.55,2026-02-15,2026-02-27,Delivered
ORD000413,CUST00242,PROD0094,3,1211.97,2025-07-15,,Processing
ORD003083,CUST00465,PROD0012,2,4952.6,2025-07-10,,Processing
ORD004599,CUST00201,PROD0129,1,17176.36,2025-04-06,2025-04-12,Delivered
ORD002897,CUST00126,PROD0121,4,751.76,2026-01-03,2026-01-15,Delivered
ORD005222,CUST00487,PROD0081,1,4820.76,2026-05-25,2026-06-04,Delivered
ORD000312,CUST00245,PROD0071,2,632.25,2025-07-19,,Cancelled
ORD000638,CUST00330,PROD0038,3,8563.39,2026-04-18,,Processing
ORD003630,CUST00484,PROD0036,5,559.64,2026-03-13,2026-03-15,Delivered
ORD000005,CUST00070,PROD0010,3,11743.74,2026-07-04,2026-07-06,Delivered
ORD003635,CUST00432,PROD0074,4,2124.57,2025-05-17,,Processing
ORD002093,CUST00073,PROD0145,5,2463.88,2026-01-01,,Cancelled
ORD003624,CUST00493,PROD0141,1,22625.81,2025-10-21,,Returned
ORD001782,CUST00046,PROD0046,2,51.86,2025-11-04,2025-11-06,Delivered
ORD001391,CUST00068,PROD0125,4,11796.3,2025-08-18,,Shipped
ORD002879,CUST00692,PROD0150,4,2716.88,2025-07-10,,Processing
ORD004872,CUST00569,PROD0088,4,34407.7,2026-06-05,,Cancelled
ORD005983,CUST00277,PROD0095,4,6063.96,2025-03-16,2025-03-25,Delivered
ORD003150,CUST00116,PROD0129,3,17176.36,2025-11-17,,Shipped
ORD004927,CUST00396,PROD0009,5,390.58,2025-09-01,,Processing
ORD005058,CUST00002,PROD0128,3,3825.7,2026-06-06,,Shipped
ORD003683,CUST00104,PROD0048,1,56173.09,2025-10-18,,Cancelled
ORD001193,CUST00722,PROD0051,4,1399.76,2025-05-08,,Returned
ORD001184,CUST00390,PROD0049,5,191.03,2025-01-15,,Processing
ORD000986,CUST00099,PROD0026,1,4912.92,2025-03-04,2025-03-15,Delivered
ORD005592,CUST00081,PROD0145,2,2463.88,2026-03-07,,Cancelled
ORD005773,CUST00062,PROD0134,5,3036.32,2025-12-21,2025-12-31,Delivered
ORD001891,CUST00313,PROD0054,3,1632.64,2026-03-15,,Returned
ORD003338,CUST00369,PROD0116,4,8033.73,2025-06-17,2025-06-27,Delivered
ORD005781,CUST00177,PROD0006,3,812.36,2025-04-23,,Processing
ORD001032,CUST00169,PROD0140,2,899.29,2026-03-10,2026-03-14,Delivered
ORD000727,CUST00035,PROD0067,2,4271.55,2025-04-02,2025-04-12,Delivered
ORD005572,CUST00578,PROD0042,3,915.41,2026-07-14,,Shipped
ORD005048,CUST00023,PROD0135,4,7336.91,2026-04-22,,Returned
ORD001375,CUST00395,PROD0059,4,685.94,2026-03-05,2026-03-14,Delivered
ORD004486,CUST00079,PROD0049,2,191.03,2026-04-15,2026-04-23,Delivered
ORD000007,CUST00153,PROD0085,4,4763.96,2025-04-19,2025-04-24,Delivered
ORD001525,CUST00134,PROD0021,4,156.01,2025-04-30,,Shipped
ORD002049,CUST00534,PROD0001,5,2002.86,2025-12-30,,Processing
ORD005845,CUST00081,PROD0143,5,1730.89,2025-09-15,,Returned
ORD001745,CUST00241,PROD0028,1,302.64,2025-08-23,,Cancelled
ORD003998,CUST00755,PROD0137,2,1360.59,2025-06-12,2025-06-24,Delivered
ORD000535,CUST00077,PROD0100,4,7797.29,2025-09-26,,Cancelled
ORD004040,CUST00798,PROD0089,2,16755.29,2026-01-04,,Returned
ORD002957,CUST00628,PROD0005,2,560.65,2025-09-24,2025-09-30,Delivered
ORD005082,CUST00398,PROD0103,0,11738.74,2025-10-06,,Shipped
ORD002771,CUST00649,PROD0025,1,4203.28,2025-11-26,2025-12-02,Delivered
ORD000658,CUST00473,PROD0109,2,854.47,2026-06-11,,Cancelled
ORD002398,CUST00104,PROD0077,1,2052.65,2025-08-08,2025-08-14,Delivered
ORD001668,CUST00743,PROD0075,2,209.7,2026-06-20,2026-07-02,Delivered
ORD001919,CUST00646,PROD0101,4,782.0,2025-08-19,,Returned
ORD001649,CUST00545,PROD0025,3,4203.28,2026-06-16,2026-06-22,Delivered
ORD000620,CUST00026,PROD0029,4,901.03,2025-02-11,,Delivered
ORD001537,CUST00741,PROD0075,3,209.7,2026-04-08,2026-04-11,Delivered
ORD001976,CUST00083,PROD0063,2,869.54,2025-01-17,,Returned
ORD002817,CUST00717,PROD0112,4,1969.23,2025-05-21,,Cancelled
ORD001496,CUST00083,PROD0043,4,2444.21,2025-01-01,2025-01-05,Delivered
ORD002901,CUST00458,PROD0043,1,2444.21,2025-09-26,2025-09-30,Delivered
ORD003627,CUST00768,PROD0024,3,1123.83,2026-04-09,2026-04-13,Delivered
ORD005500,CUST00176,PROD0016,4,59834.55,2025-11-20,,Shipped
ORD003860,CUST00133,PROD0008,2,545.71,2025-10-14,,Processing
ORD002511,CUST00365,PROD0143,5,1730.89,2025-08-07,,Processing
ORD003195,CUST00557,PROD0004,5,2001.32,2025-02-03,2025-02-04,Delivered
ORD003808,CUST00607,PROD0054,4,1632.64,2025-04-11,,Returned
ORD005943,CUST00497,PROD0141,2,22625.81,2026-05-05,2026-05-16,Delivered
ORD003079,CUST00618,PROD0053,5,379.38,2026-05-16,,Processing
ORD003128,CUST00768,PROD0042,3,915.41,2026-04-20,2026-04-30,Delivered
ORD000185,CUST00111,PROD0044,1,1423.72,2026-01-11,2026-01-18,Delivered
ORD003190,CUST00291,PROD0117,2,430.76,2026-02-16,2026-02-26,Delivered
ORD004550,CUST00154,PROD0098,5,648.17,2025-01-11,,Shipped
ORD005677,CUST00523,PROD0104,4,1042.65,2026-05-21,2026-06-02,Delivered
ORD000977,CUST00204,PROD0065,3,9361.22,2026-05-28,,Cancelled
ORD003870,CUST00581,PROD0060,5,7402.46,2026-01-28,,Shipped
ORD002705,CUST00426,PROD0008,1,545.71,2026-07-20,,Processing
ORD003797,CUST00236,PROD0021,3,156.01,2025-04-13,,Returned
ORD005857,CUST00232,PROD0083,5,385.32,2025-03-18,,Cancelled
ORD000744,CUST00744,PROD0030,4,429.82,2025-02-11,,Processing
ORD004747,CUST00500,PROD0140,4,899.29,2026-02-15,2026-02-19,Delivered
ORD001718,CUST00277,PROD0008,5,545.71,2025-02-09,2025-02-14,Delivered
ORD004783,CUST00108,PROD0012,1,4952.6,2026-02-05,,Returned
ORD005079,CUST00089,PROD0091,4,1751.39,2025-07-10,,Shipped
ORD005600,CUST00501,PROD0051,1,1399.76,2026-03-12,2026-03-18,Delivered
ORD004924,CUST00611,PROD0007,1,40685.29,2025-05-30,,Processing
ORD004605,CUST00291,PROD0071,1,632.25,2026-07-27,2026-07-31,Delivered
ORD004697,CUST00747,PROD0135,3,7336.91,2025-04-27,,Cancelled
ORD001491,CUST00402,PROD0065,3,9361.22,2025-12-12,,Cancelled
ORD001118,CUST00143,PROD0140,1,899.29,2025-01-22,2025-01-31,Delivered
ORD005533,CUST00466,PROD0087,2,13732.01,2025-10-11,2025-10-19,Delivered
ORD001419,CUST00224,PROD0059,3,685.94,2025-06-15,,Processing
ORD000833,CUST00614,PROD0024,1,1123.83,2025-04-12,2025-04-17,Delivered
ORD001928,CUST00736,PROD0086,5,1450.41,2026-02-26,,Shipped
ORD005321,CUST00169,PROD0016,3,59834.55,2026-07-05,,Returned
ORD002068,CUST00648,PROD0100,2,7797.29,2026-06-25,,Processing
ORD002510,CUST00478,PROD0144,3,4806.1,2025-10-28,2025-11-07,Delivered
ORD005147,CUST00713,PROD0103,3,11738.74,2025-01-11,2025-01-16,Delivered
ORD002512,CUST00500,PROD0066,3,4931.77,2026-04-29,,Cancelled
ORD000265,CUST00340,PROD0110,2,1192.79,2025-01-05,2025-01-09,Delivered
ORD004689,CUST00324,PROD0057,4,1462.31,2025-06-30,,Processing
ORD002572,CUST00625,PROD0059,2,685.94,2025-06-09,,Shipped
ORD002224,CUST00780,PROD0138,2,3519.99,2025-04-15,2025-04-20,Delivered
ORD004084,CUST00178,PROD0067,4,4271.55,2025-05-18,2025-05-20,Delivered
ORD001570,CUST00464,PROD0096,4,32150.75,2026-05-12,2026-05-21,Delivered
ORD002101,CUST00746,PROD0138,2,3519.99,2025-02-15,,Shipped
ORD003433,CUST00105,PROD0106,4,3327.3,2025-03-21,2025-03-27,Delivered
ORD004130,CUST00140,PROD0039,2,5112.85,2026-02-01,2026-02-06,Delivered
ORD001258,CUST00788,PROD0074,1,2124.57,2025-04-07,,Returned
ORD002121,CUST00522,PROD0140,1,899.29,2025-11-26,2025-12-07,Delivered
ORD002210,CUST00177,PROD0126,4,8384.51,2026-01-29,2026-02-08,Delivered
ORD001067,CUST00491,PROD0102,3,133.37,2025-11-03,,Cancelled
ORD000278,CUST00103,PROD0134,3,3036.32,2025-09-27,2025-10-04,Delivered
ORD003372,CUST00591,PROD0113,4,974.15,2026-04-28,,Cancelled
ORD002779,CUST00247,PROD0052,2,1448.8,2025-06-06,2025-06-12,Delivered
ORD000215,CUST00446,PROD0091,3,1751.39,2026-07-15,,Processing
ORD003985,CUST00595,PROD0111,2,42616.44,2025-08-14,,Returned
ORD001984,CUST00237,PROD0115,4,55563.32,2025-12-09,,Returned
ORD005523,CUST00398,PROD0121,3,751.76,2025-04-13,,Processing
ORD000357,CUST00683,PROD0102,2,133.37,2025-06-17,,Cancelled
ORD004335,CUST00394,PROD0082,4,503.97,2025-03-13,2025-03-16,Delivered
ORD004871,CUST00742,PROD0047,4,26286.3,2025-01-05,,Cancelled
ORD000661,CUST00760,PROD0030,4,429.82,2025-10-18,,Shipped
ORD001283,CUST00746,PROD0035,4,4733.42,2026-07-22,,Shipped
ORD001481,CUST00677,PROD0094,3,1211.97,2026-06-20,2026-06-21,Delivered
ORD005106,CUST00293,PROD0027,3,331.1,2025-06-13,,Shipped
ORD002611,CUST00289,PROD0035,2,4733.42,2026-01-12,2026-01-17,Delivered
ORD005975,CUST00367,PROD0077,4,2052.65,2025-08-26,,Cancelled
ORD000667,CUST00505,PROD0149,5,5764.99,2025-10-07,,Cancelled
ORD003230,CUST00017,PROD0146,5,9127.13,2025-02-04,,Processing
ORD005121,CUST00356,PROD0115,4,55563.32,2026-01-30,,Shipped
ORD001735,CUST00742,PROD0030,3,429.82,2025-01-05,,Processing
ORD005248,CUST00490,PROD0075,3,209.7,2026-01-01,2026-01-09,Delivered
ORD002636,CUST00288,PROD0012,5,4952.6,2025-07-11,,Returned
ORD000770,CUST00258,PROD0028,4,302.64,2026-07-02,2026-07-09,Delivered
ORD005317,CUST00780,PROD0116,4,8033.73,2026-01-17,,Cancelled
ORD000816,CUST00166,PROD0107,2,328.16,2025-05-28,2025-06-05,Delivered
ORD001966,CUST00086,PROD0121,2,751.76,2025-05-16,,Processing
ORD005119,CUST00413,PROD0045,4,1228.68,2026-05-04,,Delivered
ORD001304,CUST00468,PROD0091,2,1751.39,2026-04-25,,Shipped
ORD004996,CUST00601,PROD0148,1,985.06,2026-06-25,2026-07-01,Delivered
ORD000769,CUST00446,PROD0048,2,56173.09,2025-07-09,,Shipped
ORD005563,CUST00177,PROD0018,3,18955.94,2026-06-17,,Processing
ORD001765,CUST00435,PROD0050,5,3898.39,2026-01-08,,Cancelled
ORD000862,CUST00176,PROD0110,1,1192.79,2025-11-27,,Cancelled
ORD004564,CUST00641,PROD0127,3,919.23,2025-12-18,,Processing
ORD000328,CUST00340,PROD0003,1,14338.6,2025-08-04,2025-08-10,Delivered
ORD004442,CUST00337,PROD0103,5,11738.74,2026-01-22,,Cancelled
ORD002166,CUST00556,PROD0038,1,8563.39,2025-09-03,,Shipped
ORD002272,CUST00248,PROD0117,4,430.76,2026-06-26,,Returned
ORD001235,CUST00029,PROD0036,1,559.64,2025-11-27,2025-11-30,Delivered
ORD004768,CUST00739,PROD0131,4,6853.95,2025-05-19,,Cancelled
ORD000117,CUST00791,PROD0086,4,1450.41,2025-01-12,2025-01-16,Delivered
ORD001217,CUST00103,PROD0150,5,2716.88,2025-11-16,2025-11-28,Delivered
ORD002056,CUST00781,PROD0105,1,32176.55,2025-01-27,,Processing
ORD001968,CUST00216,PROD0042,5,915.41,2025-02-13,,Cancelled
ORD004328,CUST00011,PROD0013,1,39659.48,2025-04-24,2025-04-30,Delivered
ORD000796,CUST00311,PROD0088,3,34407.7,2026-06-02,2026-06-07,Delivered
ORD003718,CUST00410,PROD0102,3,133.37,2025-04-06,,Returned
ORD003205,CUST00292,PROD0129,1,17176.36,2026-06-30,,Processing
ORD000896,CUST00347,PROD0014,3,1289.47,2025-05-10,,Returned
ORD005556,CUST00105,PROD0125,4,11796.3,2026-05-26,,Returned
ORD001182,CUST00017,PROD0116,5,8033.73,2025-04-10,2025-04-22,Delivered
ORD002010,CUST00652,PROD0135,1,7336.91,2025-10-19,2025-10-27,Delivered
ORD002937,CUST00589,PROD0143,1,1730.89,2025-04-23,2025-05-01,Delivered
ORD005565,CUST00746,PROD0005,4,560.65,2025-05-22,2025-05-29,Delivered
ORD002968,CUST00492,PROD0046,3,51.86,2025-12-21,2025-12-26,Delivered
ORD005532,CUST00408,PROD0016,5,59834.55,2025-12-24,2025-12-30,Delivered
ORD000366,CUST00457,PROD0140,4,899.29,2025-07-05,,Shipped
ORD000243,CUST00613,PROD0003,1,14338.6,2025-12-21,2026-01-01,Delivered
ORD004176,CUST00401,PROD0061,2,1083.6,2025-06-02,,Returned
ORD000359,CUST00421,PROD0070,3,10505.06,2026-06-29,,Cancelled
ORD005966,CUST00519,PROD0147,4,4832.5,2025-08-23,,Returned
ORD004848,CUST00279,PROD0090,3,955.06,2026-07-20,,Processing
ORD004427,CUST00765,PROD0125,1,11796.3,2025-10-27,,Processing
ORD000723,CUST00428,PROD0073,2,34399.58,2025-03-28,,Processing
ORD004601,CUST00120,PROD0053,1,379.38,2026-03-11,,Returned
ORD000955,CUST00668,PROD0096,4,32150.75,2025-10-31,2025-11-07,Delivered
ORD003410,CUST00593,PROD0084,4,317.91,2026-07-01,,Delivered
ORD004155,CUST00243,PROD0135,4,7336.91,2025-06-13,,Returned
ORD005141,CUST00418,PROD0019,5,4410.8,2025-09-21,,Shipped
ORD003606,CUST00651,PROD0063,5,869.54,2026-07-05,2026-07-09,Delivered
ORD004533,CUST00723,PROD0024,2,1123.83,2025-08-03,2025-08-07,Delivered
ORD005281,CUST00121,PROD0144,4,4806.1,2026-06-08,,Processing
ORD003869,CUST00739,PROD0109,5,854.47,2025-06-27,,Processing
ORD000991,CUST00005,PROD0001,4,2002.86,2026-02-16,2026-02-26,Delivered
ORD005719,CUST00398,PROD0142,3,1821.04,2026-02-01,2026-02-09,Delivered
ORD004717,CUST00100,PROD0020,4,4298.98,2025-03-01,,Returned
ORD005518,CUST00538,PROD0126,2,8384.51,2025-09-10,,Cancelled
ORD001963,CUST00654,PROD0046,5,51.86,2025-05-08,,Processing
ORD001867,CUST00587,PROD0068,4,1375.21,2025-07-29,2025-08-06,Delivered
ORD005771,CUST00635,PROD0099,3,14295.1,2025-06-10,2025-06-20,Delivered
ORD002527,CUST00766,PROD0008,5,545.71,2025-04-15,2025-04-17,Delivered
ORD005247,CUST00295,PROD0035,2,4733.42,2026-06-29,2026-06-30,Delivered
ORD005773,CUST00062,PROD0134,5,3036.32,2025-12-21,2025-12-31,Delivered
ORD005602,CUST00283,PROD0021,4,156.01,2025-09-14,2025-09-15,Delivered
ORD000241,CUST00547,PROD0024,3,1123.83,2025-08-15,,Processing
ORD002141,CUST00680,PROD0076,2,32834.68,2026-06-19,,Shipped
ORD001764,CUST00442,PROD0103,2,11738.74,2026-06-27,2026-07-01,Delivered
ORD005994,CUST00033,PROD0121,5,751.76,2026-07-20,,Returned
ORD004514,CUST00265,PROD0097,2,166.92,2026-06-13,2026-06-15,Delivered
ORD004219,CUST00787,PROD0137,4,1360.59,2025-02-25,,Shipped
ORD000491,CUST00174,PROD0013,1,39659.48,2026-01-28,2026-02-04,Delivered
ORD004615,CUST00419,PROD0080,4,4686.49,2026-03-08,,Cancelled
ORD002435,CUST00334,PROD0148,5,985.06,2026-01-02,2026-01-07,Delivered
ORD005617,CUST00221,PROD0008,2,545.71,2026-02-05,,Cancelled
ORD002523,CUST00217,PROD0115,4,55563.32,2025-10-11,,Cancelled
ORD000430,CUST00209,PROD0059,4,685.94,2025-09-04,2025-09-11,Delivered
ORD004438,CUST00049,PROD0033,4,5639.02,2025-08-06,,Cancelled
ORD004711,CUST00303,PROD0086,2,1450.41,2025-11-14,,Returned
ORD000506,CUST00499,PROD0149,1,5764.99,2025-05-31,,Returned
ORD000331,CUST00476,PROD0108,3,4953.1,2026-01-09,,Shipped
ORD003316,CUST00750,PROD0124,3,2908.87,2025-11-25,,Processing
ORD004744,CUST00414,PROD0061,5,1083.6,2026-02-19,,Processing
ORD003801,CUST00178,PROD0029,5,901.03,2025-03-24,,Shipped
ORD005122,CUST00651,PROD0035,5,4733.42,2025-07-22,,Returned
ORD000668,CUST00618,PROD0122,5,993.76,2026-02-19,,Shipped
ORD001711,CUST00074,PROD0048,3,56173.09,2026-02-16,2026-02-22,Delivered
ORD001204,CUST00285,PROD0050,5,3898.39,2025-09-09,,Shipped
ORD005367,CUST00351,PROD0026,2,4912.92,2025-09-18,2025-09-28,Delivered
ORD002887,CUST00396,PROD0010,2,11743.74,2026-07-28,2026-07-31,Delivered
ORD004745,CUST00517,PROD0105,5,32176.55,2025-03-13,2025-03-14,Delivered
ORD000882,CUST00046,PROD0088,2,34407.7,2026-05-03,,Processing
ORD001284,CUST00041,PROD0022,3,459.17,2026-04-18,2026-04-25,Delivered
ORD001923,CUST00412,PROD0119,3,2603.43,2025-11-07,,Processing
ORD003841,CUST00185,PROD0056,5,861.22,2025-06-07,,Processing
ORD005072,CUST00262,PROD0118,5,828.66,2026-03-18,2026-03-22,Delivered
ORD005937,CUST00793,PROD0119,1,2603.43,2025-11-04,2025-11-06,Delivered
ORD004282,CUST00294,PROD0129,5,17176.36,2025-05-08,2025-05-20,Delivered
ORD001846,CUST00200,PROD0030,3,429.82,2025-08-21,2025-09-01,Delivered
ORD001608,CUST00214,PROD0006,2,812.36,2025-05-03,,Cancelled
ORD005456,CUST00669,PROD0126,1,8384.51,2025-01-08,2025-01-09,Delivered
ORD003365,CUST00390,PROD0093,0,513.19,2025-10-04,2025-10-09,Delivered
ORD005591,CUST00179,PROD0107,1,328.16,2026-03-08,,Shipped
ORD004569,CUST00682,PROD0136,5,18573.07,2025-06-17,,Cancelled
ORD004940,CUST00569,PROD0131,1,6853.95,2025-03-05,2025-03-16,Delivered
ORD003825,CUST00076,PROD0134,3,3036.32,2026-05-04,,Returned
ORD002045,CUST00460,PROD0088,4,34407.7,2026-03-19,,Cancelled
ORD004825,CUST00033,PROD0078,2,12507.55,2025-10-29,,Returned
ORD001323,CUST00210,PROD0041,3,543.32,2025-03-18,2025-03-27,Delivered
ORD002732,CUST00671,PROD0125,3,11796.3,2025-02-06,2025-02-16,Delivered
ORD004976,CUST00729,PROD0084,5,317.91,2025-04-06,,Returned
ORD000923,CUST00465,PROD0084,4,317.91,2026-02-05,2026-02-08,Delivered
ORD001003,CUST00549,PROD0029,1,901.03,2025-12-15,2025-12-27,Delivered
ORD002487,CUST00065,PROD0093,4,513.19,2025-03-21,,Returned
ORD002182,CUST00563,PROD0066,5,4931.77,2025-06-19,,Cancelled
ORD002002,CUST00083,PROD0055,4,70.6,2026-03-17,,Shipped
ORD004539,CUST00528,PROD0002,4,2472.29,2025-07-06,2025-07-10,Delivered
ORD000951,CUST00035,PROD0084,4,317.91,2025-05-17,2025-05-28,Delivered
ORD000225,CUST00561,PROD0075,3,209.7,2025-05-16,2025-05-25,Delivered
ORD000790,CUST00152,PROD0088,3,34407.7,2025-02-17,,Shipped
ORD005167,CUST00533,PROD0086,4,1450.41,2025-11-07,2025-11-19,Delivered
ORD004494,CUST00390,PROD0047,3,26286.3,2026-01-18,,Processing
ORD005633,CUST00037,PROD0145,1,2463.88,2025-05-15,,Shipped
ORD004474,CUST00536,PROD0074,1,2124.57,2025-10-19,2025-10-26,Delivered
ORD005457,CUST00769,PROD0070,3,10505.06,2025-02-11,2025-02-17,Delivered
ORD005997,CUST00659,PROD0106,1,3327.3,2026-05-27,,Returned
ORD004392,CUST00418,PROD0137,5,1360.59,2025-01-08,,Returned
ORD005790,CUST00796,PROD0043,3,2444.21,2025-03-07,,Cancelled
ORD002896,CUST00353,PROD0009,2,390.58,2025-11-09,2025-11-18,Delivered
ORD001699,CUST00597,PROD0142,2,1821.04,2026-04-22,2026-04-30,Delivered
ORD003654,CUST00316,PROD0039,5,5112.85,2026-01-14,,Processing
ORD000529,CUST00374,PROD0029,5,901.03,2025-06-28,2025-07-09,Delivered
ORD001411,CUST00783,PROD0106,2,3327.3,2025-01-30,,Shipped
ORD000120,CUST00327,PROD0140,4,899.29,2025-04-14,2025-04-17,Delivered
ORD005377,CUST00333,PROD0024,3,1123.83,2025-05-31,2025-06-11,Delivered
ORD003448,CUST00254,PROD0059,5,685.94,2025-01-01,,Returned
ORD000701,CUST00664,PROD0063,3,869.54,2026-04-21,,Cancelled
ORD004246,CUST00591,PROD0010,4,11743.74,2026-01-24,,Cancelled
ORD000851,CUST00206,PROD0126,4,8384.51,2026-07-06,,Delivered
ORD000622,CUST00440,PROD0050,5,3898.39,2026-06-24,,Shipped
ORD000045,CUST00601,PROD0096,2,32150.75,2025-02-23,,Shipped
ORD002091,CUST00321,PROD0088,1,34407.7,2026-05-08,2026-05-10,Delivered
ORD001309,CUST00483,PROD0135,3,7336.91,2025-05-13,,Processing
ORD001370,CUST00620,PROD0145,5,2463.88,2026-07-16,2026-07-25,Delivered
ORD004414,CUST00678,PROD0067,2,4271.55,2025-12-16,2025-12-26,Delivered
ORD004951,CUST00670,PROD0040,4,2990.7,2025-06-01,,Cancelled
ORD000636,CUST00462,PROD0093,5,513.19,2026-05-08,,Cancelled
ORD001162,CUST00635,PROD0011,3,1483.6,2025-10-21,,Cancelled
ORD004078,CUST00088,PROD0096,2,32150.75,2025-07-05,,Processing
ORD003400,CUST00360,PROD0058,3,4704.83,2026-06-08,,Shipped
ORD002777,CUST00520,PROD0104,2,1042.65,2026-02-12,2026-02-16,Delivered
ORD005023,CUST00083,PROD0068,4,1375.21,2026-06-26,,Processing
ORD004174,CUST00693,PROD0124,2,2908.87,2025-01-29,2025-02-04,Delivered
ORD002540,CUST00164,PROD0019,5,4410.8,2025-11-04,2025-11-08,Delivered
ORD005510,CUST00193,PROD0069,4,58378.98,2025-03-27,2025-03-29,Delivered
ORD000630,CUST00570,PROD0002,4,2472.29,2025-10-07,2025-10-16,Delivered
ORD001640,CUST00437,PROD0051,2,1399.76,2025-08-13,2025-08-16,Delivered
ORD003350,CUST00352,PROD0085,4,4763.96,2026-06-20,,Processing
ORD002727,CUST00232,PROD0088,4,34407.7,2026-02-08,,Shipped
ORD005685,CUST00433,PROD0080,3,4686.49,2025-08-23,,Processing
ORD003199,CUST00295,PROD0021,2,156.01,2025-01-12,2025-01-17,Delivered
ORD004049,CUST00616,PROD0078,4,12507.55,2026-01-06,2026-01-17,Delivered
ORD002553,CUST00524,PROD0012,3,4952.6,2025-09-08,,Cancelled
ORD003545,CUST00348,PROD0143,2,1730.89,2025-10-18,,Shipped
ORD002115,CUST00527,PROD0149,1,5764.99,2025-05-10,2025-05-22,Delivered
ORD004619,CUST00506,PROD0032,3,1176.78,2026-01-02,,Shipped
ORD005557,CUST00371,PROD0062,4,25032.52,2025-12-17,,Cancelled
ORD005655,CUST00625,PROD0081,3,4820.76,2026-05-23,,Delivered
ORD002479,CUST00679,PROD0077,1,2052.65,2025-04-03,,Shipped
ORD001021,CUST00227,PROD0112,2,1969.23,2026-02-18,2026-02-20,Delivered
ORD001218,CUST00385,PROD0109,5,854.47,2025-10-06,2025-10-16,Delivered
ORD004258,CUST00777,PROD0010,5,11743.74,2026-07-18,,Returned
ORD001942,CUST00437,PROD0069,5,58378.98,2025-12-29,2025-12-30,Delivered
ORD005712,CUST00279,PROD0140,4,899.29,2026-01-04,2026-01-11,Delivered
ORD002872,CUST00428,PROD0016,2,59834.55,2025-11-03,,Returned
ORD001652,CUST00543,PROD0116,4,8033.73,2026-07-21,2026-07-28,Delivered
ORD000711,CUST00077,PROD0064,3,3664.82,2025-05-29,,Returned
ORD005335,CUST00498,PROD0023,2,11903.15,2025-12-03,,Cancelled
ORD004426,CUST00133,PROD0068,5,1375.21,2025-02-24,2025-02-27,Delivered
ORD004221,CUST00446,PROD0101,3,782.0,2025-03-14,2025-03-20,Delivered
ORD003302,CUST00224,PROD0104,5,1042.65,2025-08-08,,Processing
ORD000725,CUST00308,PROD0059,1,685.94,2026-04-19,,Shipped
ORD001159,CUST00008,PROD0044,3,1423.72,2025-06-15,,Shipped
ORD001744,CUST00622,PROD0052,2,1448.8,2026-06-15,,Returned
ORD001273,CUST00456,PROD0089,3,16755.29,2025-04-23,,Returned
ORD004151,CUST00022,PROD0102,1,133.37,2025-07-04,2025-07-16,Delivered
ORD005998,CUST00495,PROD0084,3,317.91,2025-01-12,,Shipped
ORD003275,CUST00107,PROD0011,4,1483.6,2026-02-10,,Cancelled
ORD004685,CUST00404,PROD0007,1,40685.29,2026-01-02,,Cancelled
ORD003455,CUST00626,PROD0136,3,18573.07,2026-05-30,2026-06-01,Delivered
ORD002823,CUST00579,PROD0036,3,559.64,2025-12-08,2025-12-10,Delivered
ORD000627,CUST00613,PROD0023,2,11903.15,2026-03-31,,Returned
ORD005797,CUST00299,PROD0106,0,3327.3,2025-06-02,2025-06-03,Delivered
ORD003473,CUST00282,PROD0079,2,2916.61,2025-08-17,2025-08-21,Delivered
ORD005821,CUST00604,PROD0121,2,751.76,2025-04-06,2025-04-17,Delivered
ORD002870,CUST00159,PROD0032,2,1176.78,2026-03-13,2026-03-25,Delivered
ORD000306,CUST00219,PROD0103,5,11738.74,2026-06-18,2026-06-21,Delivered
ORD004482,CUST00691,PROD0059,5,685.94,2026-03-09,,Returned
ORD004914,CUST00330,PROD0003,2,14338.6,2025-05-01,2025-05-12,Delivered
ORD005215,CUST00369,PROD0081,5,4820.76,2025-11-15,2025-11-22,Delivered
ORD001388,CUST00284,PROD0083,4,385.32,2025-11-23,2025-11-24,Delivered
ORD002501,CUST00465,PROD0055,2,70.6,2025-10-13,2025-10-22,Delivered
ORD001485,CUST00572,PROD0009,1,390.58,2026-06-14,2026-06-22,Delivered
ORD004614,CUST00152,PROD0061,4,1083.6,2025-09-19,,Processing
ORD003210,CUST00230,PROD0098,4,648.17,2026-04-20,,Cancelled
ORD004255,CUST00488,PROD0141,4,22625.81,2025-06-07,2025-06-10,Delivered
ORD003570,CUST00158,PROD0137,3,1360.59,2025-07-08,2025-07-13,Delivered
ORD004559,CUST00618,PROD0109,5,854.47,2025-02-24,2025-02-25,Delivered
ORD005044,CUST00397,PROD0006,1,812.36,2025-01-28,2025-02-04,Delivered
ORD001853,CUST00318,PROD0069,5,58378.98,2026-01-19,,Cancelled
ORD003348,CUST00379,PROD0107,1,328.16,2026-01-29,2026-01-30,Delivered
ORD001768,CUST00049,PROD0052,2,1448.8,2025-12-12,2025-12-23,Delivered
ORD005589,CUST00287,PROD0134,5,3036.32,2025-03-13,,Processing
ORD002597,CUST00189,PROD0057,2,1462.31,2026-07-28,2026-07-31,Delivered
ORD002564,CUST00518,PROD0032,5,1176.78,2026-05-16,,Processing
ORD000099,CUST00786,PROD0052,5,1448.8,2025-09-13,2025-09-20,Delivered
ORD003141,CUST00492,PROD0122,3,993.76,2025-12-15,,Returned
ORD000922,CUST00038,PROD0075,5,209.7,2025-03-13,2025-03-19,Delivered
ORD004461,CUST00151,PROD0107,3,328.16,2026-05-06,,Returned
ORD003154,CUST00069,PROD0117,5,430.76,2026-06-20,,Shipped
ORD001794,CUST00248,PROD0096,1,32150.75,2025-06-07,2025-06-09,Delivered
ORD001890,CUST00605,PROD0104,1,1042.65,2025-11-04,,Cancelled
ORD004205,CUST00281,PROD0105,1,32176.55,2025-11-16,2025-11-24,Delivered
ORD003071,CUST00262,PROD0041,5,543.32,2025-10-13,,Cancelled
ORD001243,CUST00607,PROD0016,2,59834.55,2025-01-14,,Returned
ORD000538,CUST00143,PROD0026,3,4912.92,2026-02-05,2026-02-17,Delivered
ORD003360,CUST00470,PROD0040,2,2990.7,2026-06-09,,Cancelled
ORD004663,CUST00433,PROD0041,1,543.32,2026-07-23,2026-07-26,Delivered
ORD002069,CUST00342,PROD0104,5,1042.65,2026-02-26,,Shipped
ORD000144,CUST00674,PROD0122,1,993.76,2025-06-26,,Cancelled
ORD000372,CUST00158,PROD0011,5,1483.6,2026-05-02,2026-05-08,Delivered
ORD003709,CUST00660,PROD0042,4,915.41,2026-02-16,2026-02-19,Delivered
ORD001385,CUST00299,PROD0117,4,430.76,2025-11-25,2025-12-04,Delivered
ORD002351,CUST00183,PROD0016,4,59834.55,2025-03-28,2025-04-04,Delivered
ORD000819,CUST00124,PROD0031,3,2204.46,2025-10-24,2025-10-26,Delivered
ORD005548,CUST00662,PROD0020,1,4298.98,2026-06-24,,Returned
ORD004671,CUST00153,PROD0009,5,390.58,2026-06-12,,Shipped
ORD002041,CUST00529,PROD0032,5,1176.78,2026-07-02,2026-07-10,Delivered
ORD005383,CUST00385,PROD0085,3,4763.96,2026-02-17,,Cancelled
ORD005097,CUST00603,PROD0092,1,1419.85,2026-02-05,,Processing
ORD005570,CUST00683,PROD0146,3,9127.13,2026-05-05,,Processing
ORD004772,CUST00717,PROD0042,1,915.41,2025-03-08,2025-03-12,Delivered
ORD003726,CUST00476,PROD0031,5,2204.46,2025-01-17,,Delivered
ORD005105,CUST00001,PROD0078,5,12507.55,2025-07-02,2025-07-12,Delivered
ORD004818,CUST00196,PROD0025,1,4203.28,2026-05-08,2026-05-13,Delivered
ORD000371,CUST00787,PROD0004,2,2001.32,2025-10-10,2025-10-17,Delivered
ORD004725,CUST00690,PROD0093,3,513.19,2025-04-04,,Cancelled
ORD004359,CUST00134,PROD0119,4,2603.43,2025-04-17,2025-04-23,Delivered
ORD000943,CUST00388,PROD0024,1,1123.83,2026-03-08,2026-03-14,Delivered
ORD005901,CUST00608,PROD0075,3,209.7,2025-05-19,2025-05-31,Delivered
ORD003223,CUST00605,PROD0059,1,685.94,2025-10-19,2025-10-23,Delivered
ORD005478,CUST00270,PROD0118,2,828.66,2025-07-14,,Processing
ORD005183,CUST00658,PROD0020,3,4298.98,2025-07-21,,Shipped
ORD005737,CUST00465,PROD0133,3,1400.65,2025-01-25,2025-02-05,Delivered
ORD005025,CUST00715,PROD0017,3,4701.06,2025-11-09,2025-11-15,Delivered
ORD002840,CUST00270,PROD0123,5,21424.68,2026-05-02,2026-05-07,Delivered
ORD001346,CUST00727,PROD0012,2,4952.6,2025-07-30,2025-08-10,Delivered
ORD004513,CUST00073,PROD0112,2,1969.23,2026-04-10,2026-04-22,Delivered
ORD002360,CUST00772,PROD0005,1,560.65,2025-02-28,,Cancelled
ORD001755,CUST00330,PROD0100,5,7797.29,2025-05-03,2025-05-13,Delivered
ORD002394,CUST00181,PROD0099,2,14295.1,2025-06-13,2025-06-24,Delivered
ORD003552,CUST00471,PROD0062,1,25032.52,2025-05-11,,Delivered
ORD001707,CUST00687,PROD0042,2,915.41,2025-09-12,,Delivered
ORD002652,CUST00129,PROD0012,3,4952.6,2025-11-23,2025-11-26,Delivered
ORD005529,CUST00579,PROD0044,1,1423.72,2025-02-28,,Shipped
ORD003023,CUST00515,PROD0134,3,3036.32,2025-06-10,2025-06-22,Delivered
ORD004961,CUST00399,PROD0041,1,543.32,2026-04-13,2026-04-17,Delivered
ORD004170,CUST00584,PROD0003,4,14338.6,2025-02-20,,Shipped
ORD000541,CUST00724,PROD0135,1,7336.91,2026-04-02,2026-04-14,Delivered
ORD003958,CUST00008,PROD0040,4,2990.7,2025-07-17,2025-07-19,Delivered
ORD004295,CUST00104,PROD0048,4,56173.09,2025-11-04,,Delivered
ORD004166,CUST00580,PROD0147,4,4832.5,2025-09-16,2025-09-17,Delivered
ORD005421,CUST00151,PROD0013,5,39659.48,2026-07-08,2026-07-10,Delivered
ORD004038,CUST00181,PROD0087,4,13732.01,2025-06-28,2025-07-08,Delivered
ORD005388,CUST00489,PROD0106,2,3327.3,2025-12-07,,Returned
ORD005375,CUST00265,PROD0049,4,191.03,2025-09-15,,Cancelled
ORD000497,CUST00635,PROD0008,1,545.71,2026-05-02,,Processing
ORD000145,CUST00240,PROD0103,1,11738.74,2026-02-10,2026-02-11,Delivered
ORD001355,CUST00435,PROD0083,3,385.32,2025-07-03,,Returned
ORD001201,CUST00475,PROD0067,5,4271.55,2025-06-12,2025-06-14,Delivered
ORD005697,CUST00349,PROD0093,2,513.19,2025-10-13,,Returned
ORD004365,CUST00215,PROD0048,1,56173.09,2026-04-29,2026-05-01,Delivered
ORD005187,CUST00140,PROD0120,5,418.7,2026-06-23,2026-07-04,Delivered
ORD004949,CUST00314,PROD0040,3,2990.7,2026-01-08,2026-01-14,Delivered
ORD001327,CUST00582,PROD0016,2,59834.55,2026-05-21,2026-05-27,Delivered
ORD000116,CUST00264,PROD0089,3,16755.29,2025-06-21,2025-07-03,Delivered
ORD004099,CUST00085,PROD0030,5,429.82,2026-04-07,2026-04-16,Delivered
ORD001456,CUST00088,PROD0099,4,14295.1,2025-12-30,,Processing
ORD002683,CUST00347,PROD0077,3,2052.65,2025-09-26,2025-10-01,Delivered
ORD001912,CUST00781,PROD0035,4,4733.42,2025-01-12,2025-01-21,Delivered
ORD002922,CUST00340,PROD0072,4,263.08,2025-04-25,2025-05-05,Delivered
ORD004765,CUST00258,PROD0024,2,1123.83,2025-04-23,,Cancelled
ORD005161,CUST00491,PROD0137,4,1360.59,2025-07-16,2025-07-21,Delivered
ORD002095,CUST00180,PROD0121,2,751.76,2026-06-30,,Returned
ORD002107,CUST00605,PROD0116,2,8033.73,2025-05-18,2025-05-30,Delivered
ORD002486,CUST00609,PROD0019,3,4410.8,2025-02-01,,Cancelled
ORD002606,CUST00412,PROD0033,1,5639.02,2025-07-01,,Shipped
ORD001357,CUST00540,PROD0143,2,1730.89,2026-02-23,2026-02-28,Delivered
ORD001039,CUST00161,PROD0037,5,1155.64,2025-07-28,,Shipped
ORD000975,CUST00045,PROD0038,3,8563.39,2025-09-11,2025-09-12,Delivered
ORD003106,CUST00451,PROD0077,2,2052.65,2025-02-20,,Returned
ORD002743,CUST00447,PROD0115,4,55563.32,2025-09-21,2025-09-28,Delivered
ORD003501,CUST00489,PROD0089,4,16755.29,2025-07-30,2025-08-07,Delivered
ORD004348,CUST00244,PROD0083,5,385.32,2026-05-27,2026-06-02,Delivered
ORD004647,CUST00147,PROD0120,5,418.7,2025-04-16,,Shipped
ORD002731,CUST00312,PROD0142,4,1821.04,2025-02-21,,Returned
ORD000428,CUST00302,PROD0066,4,4931.77,2025-01-31,,Shipped
ORD000524,CUST00524,PROD0091,3,1751.39,2025-10-24,2025-11-05,Delivered
ORD001459,CUST00161,PROD0065,1,9361.22,2026-07-26,,Processing
ORD004847,CUST00091,PROD0136,1,18573.07,2025-03-27,,Processing
ORD000509,CUST00793,PROD0104,2,1042.65,2025-10-29,,Processing
ORD001784,CUST00221,PROD0127,1,919.23,2026-03-04,,Processing
ORD002507,CUST00178,PROD0012,3,4952.6,2025-08-21,2025-08-31,Delivered
ORD005099,CUST00033,PROD0028,4,302.64,2025-12-13,2025-12-20,Delivered
ORD001573,CUST00300,PROD0004,5,2001.32,2025-08-22,,Processing
ORD005358,CUST00145,PROD0078,2,12507.55,2025-03-30,2025-04-07,Delivered
ORD003035,CUST00505,PROD0145,4,2463.88,2026-06-03,,Processing
ORD001221,CUST00480,PROD0008,1,545.71,2025-07-04,,Cancelled
ORD003486,CUST00362,PROD0070,4,10505.06,2026-03-21,2026-03-27,Delivered
ORD003399,CUST00168,PROD0034,2,2546.45,2026-05-08,2026-05-15,Delivered
ORD002313,CUST00695,PROD0126,5,8384.51,2026-04-22,,Returned
ORD005014,CUST00499,PROD0014,2,1289.47,2026-02-19,,Returned
ORD003663,CUST00781,PROD0110,1,1192.79,2025-09-02,,Returned
ORD003427,CUST00477,PROD0123,4,21424.68,2025-03-01,,Shipped
ORD003111,CUST00574,PROD0148,2,985.06,2025-08-02,2025-08-12,Delivered
ORD001542,CUST00508,PROD0056,4,861.22,2025-10-13,,Processing
ORD000875,CUST00503,PROD0050,1,3898.39,2025-04-16,2025-04-26,Delivered
ORD003947,CUST00110,PROD0094,1,1211.97,2026-06-02,2026-06-05,Delivered
ORD004436,CUST00786,PROD0143,3,1730.89,2025-09-12,,Shipped
ORD001155,CUST00661,PROD0042,5,915.41,2026-06-13,,Processing
ORD000590,CUST00279,PROD0057,5,1462.31,2025-06-02,2025-06-09,Delivered
ORD002154,CUST00076,PROD0120,1,418.7,2026-07-12,2026-07-16,Delivered
ORD001877,CUST00136,PROD0045,5,1228.68,2026-02-16,,Returned
ORD004186,CUST00583,PROD0079,2,2916.61,2025-12-17,,Returned
ORD000354,CUST00642,PROD0035,3,4733.42,2025-10-21,2025-11-02,Delivered
ORD004358,CUST00140,PROD0004,2,2001.32,2026-06-25,2026-07-01,Delivered
ORD005597,CUST00462,PROD0033,1,5639.02,2025-05-29,,Cancelled
ORD001367,CUST00115,PROD0039,5,5112.85,2025-01-27,2025-02-02,Delivered
ORD002826,CUST00607,PROD0041,4,543.32,2025-10-05,2025-10-15,Delivered
ORD000292,CUST00221,PROD0139,1,4171.69,2026-03-18,,Cancelled
ORD004636,CUST00231,PROD0005,2,560.65,2025-10-09,,Shipped
ORD001299,CUST00587,PROD0062,2,25032.52,2026-06-08,2026-06-16,Delivered
ORD001783,CUST00023,PROD0051,3,1399.76,2025-10-27,,Processing
ORD000393,CUST00053,PROD0118,4,828.66,2025-04-17,2025-04-26,Delivered
ORD003059,CUST00655,PROD0034,4,2546.45,2025-07-31,2025-08-12,Delivered
ORD001979,CUST00747,PROD0076,3,32834.68,2025-02-24,,Returned
ORD000253,CUST00282,PROD0002,5,2472.29,2025-03-06,2025-03-18,Delivered
ORD003445,CUST00013,PROD0012,1,4952.6,2025-08-10,,Processing
ORD004375,CUST00479,PROD0148,1,985.06,2026-03-22,,Delivered
ORD004218,CUST00156,PROD0008,4,545.71,2025-04-02,,Processing
ORD003694,CUST00209,PROD0030,1,429.82,2025-11-14,2025-11-17,Delivered
ORD002274,CUST00252,PROD0132,5,305.28,2026-07-26,,Cancelled
ORD002641,CUST00714,PROD0084,4,317.91,2025-09-26,2025-09-30,Delivered
ORD003270,CUST00467,PROD0105,2,32176.55,2026-02-22,2026-02-28,Delivered
ORD003257,CUST00060,PROD0107,2,328.16,2025-07-24,2025-08-03,Delivered
ORD002562,CUST00698,PROD0141,1,22625.81,2025-07-05,,Cancelled
ORD001436,CUST00078,PROD0128,3,3825.7,2025-08-30,,Returned
ORD002997,CUST00679,PROD0080,2,4686.49,2025-10-13,2025-10-17,Delivered
ORD003749,CUST00598,PROD0068,2,1375.21,2025-08-18,,Processing
ORD001211,CUST00245,PROD0124,5,2908.87,2026-07-14,2026-07-23,Delivered
ORD000870,CUST00014,PROD0113,1,974.15,2026-04-03,2026-04-05,Delivered
ORD004428,CUST00138,PROD0150,2,2716.88,2026-01-01,,Processing
ORD005887,CUST00652,PROD0034,2,2546.45,2025-09-28,,Processing
ORD003775,CUST00576,PROD0150,1,2716.88,2026-04-24,2026-05-01,Delivered
ORD004400,CUST00191,PROD0047,1,26286.3,2025-07-30,,Cancelled
ORD005437,CUST00308,PROD0015,5,2263.06,2026-04-09,2026-04-17,Delivered
ORD004521,CUST00449,PROD0064,1,3664.82,2025-08-07,2025-08-18,Delivered
ORD002594,CUST00567,PROD0088,5,34407.7,2025-11-25,2025-11-27,Delivered
ORD001279,CUST00132,PROD0129,5,17176.36,2025-06-08,,Shipped
ORD002458,CUST00123,PROD0132,3,305.28,2026-07-06,,Cancelled
ORD000709,CUST00425,PROD0113,4,974.15,2025-09-18,2025-09-26,Delivered
ORD005567,CUST00483,PROD0123,4,21424.68,2025-06-10,,Cancelled
ORD004326,CUST00047,PROD0139,4,4171.69,2026-02-12,2026-02-18,Delivered
ORD004354,CUST00717,PROD0146,4,9127.13,2026-04-25,,Returned
ORD003530,CUST00348,PROD0128,3,3825.7,2025-03-18,2025-03-29,Delivered
ORD000745,CUST00157,PROD0144,4,4806.1,2026-04-14,2026-04-26,Delivered
ORD000455,CUST00308,PROD0047,1,26286.3,2025-05-15,2025-05-25,Delivered
ORD003888,CUST00740,PROD0067,5,4271.55,2026-03-27,2026-03-28,Delivered
ORD001602,CUST00093,PROD0073,1,34399.58,2026-04-29,2026-05-05,Delivered
ORD005620,CUST00085,PROD0003,2,14338.6,2025-07-25,2025-08-06,Delivered
ORD002397,CUST00187,PROD0135,4,7336.91,2025-03-11,2025-03-21,Delivered
ORD000035,CUST00497,PROD0075,3,209.7,2025-10-01,2025-10-04,Delivered
ORD004051,CUST00096,PROD0055,3,70.6,2026-03-31,,Shipped
ORD002127,CUST00220,PROD0123,3,21424.68,2026-05-18,2026-05-21,Delivered
ORD003632,CUST00495,PROD0069,2,58378.98,2026-02-02,2026-02-06,Delivered
ORD000518,CUST00603,PROD0128,2,3825.7,2026-05-29,,Cancelled
ORD001802,CUST00649,PROD0032,1,1176.78,2025-07-12,,Processing
ORD002364,CUST00278,PROD0070,5,10505.06,2025-01-04,2025-01-15,Delivered
ORD000028,CUST00425,PROD0058,5,4704.83,2025-10-23,,Returned
ORD001862,CUST00477,PROD0064,1,3664.82,2025-04-20,2025-04-30,Delivered
ORD003940,CUST00462,PROD0056,1,861.22,2026-06-29,,Cancelled
ORD000316,CUST00516,PROD0118,5,828.66,2025-01-29,2025-02-03,Delivered
ORD004701,CUST00251,PROD0053,2,379.38,2026-04-07,,Cancelled
ORD004910,CUST00143,PROD0011,4,1483.6,2025-02-06,2025-02-15,Delivered
ORD002457,CUST00729,PROD0083,2,385.32,2025-05-07,,Returned
ORD003903,CUST00454,PROD0021,2,156.01,2026-03-26,,Cancelled
ORD002206,CUST00201,PROD0106,2,3327.3,2025-02-21,2025-03-04,Delivered
ORD005693,CUST00210,PROD0150,2,2716.88,2025-09-23,,Processing
ORD001345,CUST00344,PROD0099,4,14295.1,2025-01-20,,Cancelled
ORD002543,CUST00743,PROD0146,5,9127.13,2025-01-14,2025-01-21,Delivered
ORD000431,CUST00395,PROD0085,4,4763.96,2026-07-10,2026-07-21,Delivered
ORD003691,CUST00754,PROD0052,1,1448.8,2025-07-22,,Processing
ORD003116,CUST00480,PROD0124,2,2908.87,2025-06-22,,Shipped
ORD002245,CUST00493,PROD0127,5,919.23,2026-06-29,,Cancelled
ORD003095,CUST00273,PROD0096,3,32150.75,2025-06-13,2025-06-20,Delivered
ORD004882,CUST00449,PROD0114,4,1292.66,2025-06-23,2025-07-02,Delivered
ORD001975,CUST00715,PROD0038,4,8563.39,2025-05-24,,Shipped
ORD000242,CUST00774,PROD0093,3,513.19,2025-08-12,,Returned
ORD002236,CUST00651,PROD0069,2,58378.98,2026-03-17,,Shipped
ORD002791,CUST00772,PROD0037,5,1155.64,2026-02-26,,Shipped
ORD005009,CUST00057,PROD0062,2,25032.52,2025-02-14,2025-02-16,Delivered
ORD004391,CUST00601,PROD0114,3,1292.66,2026-06-29,,Delivered
ORD003355,CUST00641,PROD0066,3,4931.77,2025-04-20,2025-04-25,Delivered
ORD004125,CUST00467,PROD0006,3,812.36,2025-10-24,,Returned
ORD003843,CUST00137,PROD0083,5,385.32,2025-03-10,,Shipped
ORD000761,CUST00670,PROD0127,5,919.23,2026-06-22,,Shipped
ORD005250,CUST00626,PROD0068,2,1375.21,2025-08-23,,Returned
ORD005312,CUST00443,PROD0070,5,10505.06,2025-09-22,,Cancelled
ORD005661,CUST00207,PROD0142,5,1821.04,2025-10-10,2025-10-12,Delivered
ORD001109,CUST00355,PROD0112,3,1969.23,2025-06-01,2025-06-09,Delivered
ORD003970,CUST00269,PROD0129,2,17176.36,2025-06-05,,Returned
ORD003236,CUST00340,PROD0104,1,1042.65,2025-01-14,,Returned
ORD001725,CUST00582,PROD0140,2,899.29,2025-10-17,2025-10-25,Delivered
ORD000300,CUST00271,PROD0095,5,6063.96,2026-07-23,,Shipped
ORD004613,CUST00328,PROD0102,5,133.37,2025-07-17,,Delivered
ORD004743,CUST00579,PROD0110,1,1192.79,2025-07-10,,Delivered
ORD002270,CUST00656,PROD0082,1,503.97,2025-01-17,,Shipped
ORD005423,CUST00246,PROD0018,2,18955.94,2025-07-28,,Returned
ORD003934,CUST00185,PROD0150,4,2716.88,2026-02-14,,Cancelled
ORD000159,CUST00013,PROD0079,3,2916.61,2026-03-10,,Processing
ORD000054,CUST00720,PROD0022,2,459.17,2026-07-21,,Shipped
ORD002581,CUST00288,PROD0092,4,1419.85,2025-04-09,2025-04-12,Delivered
ORD001408,CUST00070,PROD0124,3,2908.87,2025-04-09,2025-04-14,Delivered
ORD002890,CUST00033,PROD0067,3,4271.55,2026-04-10,2026-04-20,Delivered
ORD002812,CUST00738,PROD0008,1,545.71,2025-07-28,,Processing
ORD000388,CUST00709,PROD0126,1,8384.51,2026-04-25,2026-05-01,Delivered
ORD000463,CUST00251,PROD0095,4,6063.96,2025-03-11,2025-03-16,Delivered
ORD003862,CUST00761,PROD0110,1,1192.79,2025-12-11,,Shipped
ORD005117,CUST00668,PROD0056,1,861.22,2026-01-03,2026-01-07,Delivered
ORD001490,CUST00298,PROD0117,5,430.76,2026-03-22,,Returned
ORD003172,CUST00460,PROD0105,4,32176.55,2025-07-30,2025-08-01,Delivered
ORD003933,CUST00079,PROD0131,4,6853.95,2026-06-08,2026-06-13,Delivered
ORD000779,CUST00105,PROD0127,5,919.23,2026-07-22,2026-07-30,Delivered
ORD004485,CUST00159,PROD0055,4,70.6,2025-10-26,,Processing
ORD003153,CUST00267,PROD0079,4,2916.61,2026-02-25,,Shipped
ORD003529,CUST00126,PROD0065,3,9361.22,2025-12-12,,Processing
ORD000985,CUST00088,PROD0032,3,1176.78,2025-03-07,2025-03-17,Delivered
ORD002548,CUST00088,PROD0041,3,543.32,2025-12-02,2025-12-05,Delivered
ORD004067,CUST00526,PROD0043,4,2444.21,2025-11-14,2025-11-21,Delivered
ORD001306,CUST00518,PROD0100,5,7797.29,2025-03-06,2025-03-12,Delivered
ORD001675,CUST00293,PROD0026,5,4912.92,2025-04-08,2025-04-14,Delivered
ORD004422,CUST00147,PROD0061,2,1083.6,2026-02-23,,Processing
ORD002411,CUST00456,PROD0080,1,4686.49,2025-12-02,,Shipped
ORD000090,CUST00155,PROD0013,3,39659.48,2025-09-24,2025-10-01,Delivered
ORD005666,CUST00537,PROD0148,3,985.06,2025-03-06,,Processing
ORD001447,CUST00770,PROD0025,1,4203.28,2026-04-25,2026-04-27,Delivered
ORD000166,CUST00272,PROD0067,4,4271.55,2026-02-19,2026-03-01,Delivered
ORD001739,CUST00447,PROD0125,3,11796.3,2025-01-11,,Cancelled
ORD002301,CUST00171,PROD0045,2,1228.68,2025-08-08,2025-08-10,Delivered
ORD001607,CUST00723,PROD0093,3,513.19,2025-07-23,,Shipped
ORD003751,CUST00797,PROD0071,2,632.25,2026-02-15,2026-02-23,Delivered
ORD003956,CUST00334,PROD0080,2,4686.49,2025-04-16,,Processing
ORD003978,CUST00735,PROD0038,5,8563.39,2025-12-25,,Shipped
ORD002538,CUST00666,PROD0056,3,861.22,2025-01-13,2025-01-14,Delivered
ORD003076,CUST00314,PROD0100,2,7797.29,2025-12-23,2025-12-28,Delivered
ORD004075,CUST00328,PROD0043,1,2444.21,2025-09-28,2025-10-04,Delivered
ORD001829,CUST00169,PROD0016,4,59834.55,2025-09-10,2025-09-16,Delivered
ORD002052,CUST00607,PROD0142,5,1821.04,2025-12-15,2025-12-26,Delivered
ORD001231,CUST00737,PROD0137,5,1360.59,2025-02-10,2025-02-12,Delivered
ORD003685,CUST00365,PROD0100,3,7797.29,2025-09-03,2025-09-07,Delivered
ORD001879,CUST00712,PROD0111,1,42616.44,2025-09-17,,Processing
ORD003039,CUST00379,PROD0010,3,11743.74,2025-03-08,2025-03-09,Delivered
ORD002327,CUST00020,PROD0111,4,42616.44,2025-12-12,2025-12-23,Delivered
ORD004917,CUST00439,PROD0081,5,4820.76,2025-08-09,2025-08-12,Delivered
ORD005074,CUST00765,PROD0127,4,919.23,2026-07-31,,Returned
ORD003312,CUST00107,PROD0041,2,543.32,2026-07-02,2026-07-03,Delivered
ORD000398,CUST00544,PROD0009,3,390.58,2025-01-17,,Delivered
ORD005944,CUST00347,PROD0056,1,861.22,2025-08-06,,Cancelled
ORD004958,CUST00421,PROD0092,1,1419.85,2025-11-05,2025-11-06,Delivered
ORD001272,CUST00583,PROD0011,5,1483.6,2026-06-17,2026-06-24,Delivered
ORD005338,CUST00061,PROD0137,2,1360.59,2025-12-01,2025-12-13,Delivered
ORD001627,CUST00398,PROD0002,4,2472.29,2026-03-07,2026-03-13,Delivered
ORD003229,CUST00778,PROD0027,5,331.1,2025-09-25,,Cancelled
ORD004380,CUST00115,PROD0085,5,4763.96,2025-01-29,,Processing
ORD004807,CUST00633,PROD0130,4,314.99,2026-04-08,,Processing
ORD003754,CUST00415,PROD0090,3,955.06,2025-10-27,2025-11-01,Delivered
ORD004523,CUST00410,PROD0108,2,4953.1,2025-03-06,2025-03-17,Delivered
ORD001409,CUST00057,PROD0084,2,317.91,2026-03-12,2026-03-20,Delivered
ORD003905,CUST00293,PROD0129,3,17176.36,2025-05-31,,Returned
ORD001468,CUST00684,PROD0015,4,2263.06,2025-03-05,2025-03-14,Delivered
ORD001245,CUST00192,PROD0081,3,4820.76,2026-04-10,2026-04-19,Delivered
ORD002519,CUST00230,PROD0110,4,1192.79,2025-07-18,2025-07-30,Delivered
ORD002919,CUST00465,PROD0042,1,915.41,2025-04-22,,Cancelled
ORD003646,CUST00188,PROD0082,4,503.97,2025-10-16,2025-10-24,Delivered
ORD001684,CUST00307,PROD0026,1,4912.92,2026-02-20,,Returned
ORD000531,CUST00710,PROD0040,4,2990.7,2026-02-27,2026-03-10,Delivered
ORD002555,CUST00727,PROD0057,2,1462.31,2025-01-07,,Processing
ORD004568,CUST00256,PROD0081,2,4820.76,2026-01-11,2026-01-19,Delivered
ORD005816,CUST00355,PROD0148,1,985.06,2025-11-23,,Shipped
ORD004529,CUST00465,PROD0134,5,3036.32,2026-01-26,2026-02-01,Delivered
ORD002788,CUST00404,PROD0025,2,4203.28,2025-11-28,2025-12-03,Delivered
ORD003915,CUST00487,PROD0068,4,1375.21,2026-01-19,,Shipped
ORD000874,CUST00731,PROD0026,3,4912.92,2025-01-27,,Processing
ORD001070,CUST00157,PROD0051,1,1399.76,2025-07-14,2025-07-17,Delivered
ORD001696,CUST00189,PROD0111,3,42616.44,2026-01-09,,Processing
ORD001713,CUST00571,PROD0016,5,59834.55,2025-03-02,,Delivered
ORD004657,CUST00684,PROD0020,3,4298.98,2026-02-15,,Shipped
ORD000675,CUST00459,PROD0099,4,14295.1,2025-11-19,,Returned
ORD002472,CUST00550,PROD0063,1,869.54,2026-06-07,,Returned
ORD000313,CUST00404,PROD0002,3,2472.29,2025-06-29,2025-07-08,Delivered
ORD005970,CUST00267,PROD0083,2,385.32,2025-04-29,,Shipped
ORD004751,CUST00659,PROD0024,5,1123.83,2025-10-30,2025-11-03,Delivered
ORD005322,CUST00615,PROD0035,5,4733.42,2026-07-26,,Returned
ORD005651,CUST00265,PROD0002,5,2472.29,2025-12-16,,Cancelled
ORD002558,CUST00478,PROD0043,4,2444.21,2025-02-17,2025-02-24,Delivered
ORD000471,CUST00210,PROD0079,3,2916.61,2026-06-03,,Processing
ORD000871,CUST00138,PROD0097,3,166.92,2025-03-08,2025-03-16,Delivered
ORD002344,CUST00542,PROD0090,3,955.06,2025-10-19,2025-10-23,Delivered
ORD003431,CUST00745,PROD0048,1,56173.09,2026-07-26,,Cancelled
ORD004641,CUST00408,PROD0036,1,559.64,2026-05-03,,Cancelled
ORD005702,CUST00279,PROD0119,3,2603.43,2026-05-08,2026-05-12,Delivered
ORD001845,CUST00083,PROD0040,5,2990.7,2025-04-02,,Returned
ORD005359,CUST00063,PROD0143,2,1730.89,2025-08-30,2025-09-02,Delivered
ORD005124,CUST00306,PROD0125,2,11796.3,2025-03-18,,Returned
ORD000824,CUST00772,PROD0034,2,2546.45,2026-06-01,,Returned
ORD002375,CUST00604,PROD0147,5,4832.5,2026-06-01,,Returned
ORD003173,CUST00639,PROD0148,1,985.06,2026-05-01,2026-05-10,Delivered
ORD003653,CUST00180,PROD0139,1,4171.69,2025-12-23,,Processing
ORD005360,CUST00783,PROD0122,2,993.76,2026-05-17,,Processing
ORD005339,CUST00609,PROD0150,1,2716.88,2026-03-19,,Shipped
ORD003142,CUST00571,PROD0023,4,11903.15,2025-07-13,,Shipped
ORD001799,CUST00420,PROD0136,2,18573.07,2026-05-03,,Returned
ORD004648,CUST00173,PROD0087,4,13732.01,2026-02-19,2026-02-20,Delivered
ORD002226,CUST00766,PROD0113,2,974.15,2026-03-13,2026-03-15,Delivered
ORD001495,CUST00122,PROD0024,3,1123.83,2025-05-25,,Returned
ORD000071,CUST00773,PROD0094,4,1211.97,2025-06-03,2025-06-12,Delivered
ORD002066,CUST00301,PROD0131,2,6853.95,2026-02-22,,Shipped
ORD005313,CUST00281,PROD0124,1,2908.87,2026-01-08,2026-01-20,Delivered
ORD005988,CUST00775,PROD0048,3,56173.09,2026-02-23,,Returned
ORD002928,CUST00041,PROD0115,4,55563.32,2025-07-04,2025-07-08,Delivered
ORD004699,CUST00272,PROD0095,3,6063.96,2025-11-11,2025-11-13,Delivered
ORD003787,CUST00369,PROD0118,3,828.66,2025-11-01,2025-11-10,Delivered
ORD005945,CUST00075,PROD0147,2,4832.5,2026-04-28,,Cancelled
ORD000285,CUST00356,PROD0147,2,4832.5,2025-02-27,,Shipped
ORD002613,CUST00753,PROD0107,1,328.16,2025-11-05,,Shipped
ORD000956,CUST00506,PROD0061,5,1083.6,2026-03-31,2026-04-05,Delivered
ORD002560,CUST00209,PROD0048,1,56173.09,2025-09-19,,Returned
ORD005333,CUST00432,PROD0089,4,16755.29,2026-06-20,,Processing
ORD004833,CUST00166,PROD0135,2,7336.91,2026-02-10,,Returned
ORD001301,CUST00287,PROD0099,1,14295.1,2026-04-21,,Cancelled
ORD000901,CUST00763,PROD0116,2,8033.73,2026-02-10,,Shipped
ORD002492,CUST00115,PROD0024,2,1123.83,2026-05-15,,Cancelled
ORD000334,CUST00158,PROD0046,4,51.86,2026-05-27,,Processing
ORD002963,CUST00012,PROD0089,5,16755.29,2025-03-13,,Shipped
ORD000442,CUST00367,PROD0126,3,8384.51,2026-04-14,,Cancelled
ORD004644,CUST00493,PROD0149,3,5764.99,2025-11-23,2025-11-27,Delivered
ORD004617,CUST00357,PROD0010,4,11743.74,2025-08-22,,Returned
ORD001105,CUST00618,PROD0057,3,1462.31,2025-06-30,2025-07-09,Delivered
ORD005668,CUST00157,PROD0115,4,55563.32,2026-04-25,,Cancelled
ORD001825,CUST00603,PROD0085,2,4763.96,2025-05-11,2025-05-23,Delivered
ORD004162,CUST00153,PROD0001,1,2002.86,2026-05-16,,Shipped
ORD000652,CUST00211,PROD0003,0,14338.6,2025-05-07,2025-05-17,Delivered
ORD005268,CUST00517,PROD0135,5,7336.91,2025-02-28,2025-03-10,Delivered
ORD005878,CUST00538,PROD0094,2,1211.97,2025-10-12,,Shipped
ORD001878,CUST00245,PROD0075,2,209.7,2026-05-22,,Cancelled
ORD005157,CUST00402,PROD0107,3,328.16,2026-07-15,,Delivered
ORD004841,CUST00699,PROD0103,4,11738.74,2025-02-03,,Processing
ORD005828,CUST00727,PROD0143,5,1730.89,2026-01-30,,Processing
ORD002973,CUST00458,PROD0137,3,1360.59,2025-01-12,,Cancelled
ORD000047,CUST00557,PROD0058,5,4704.83,2026-04-01,2026-04-13,Delivered
ORD005369,CUST00111,PROD0047,3,26286.3,2026-04-03,2026-04-07,Delivered
ORD000062,CUST00652,PROD0040,3,2990.7,2025-03-27,2025-04-05,Delivered
ORD001034,CUST00161,PROD0081,5,4820.76,2025-12-27,2026-01-08,Delivered
ORD003719,CUST00178,PROD0030,3,429.82,2026-06-23,2026-06-24,Delivered
ORD002989,CUST00707,PROD0111,3,42616.44,2025-12-31,,Processing
ORD001497,CUST00211,PROD0079,1,2916.61,2025-07-09,2025-07-16,Delivered
ORD005961,CUST00789,PROD0003,1,14338.6,2025-01-02,,Cancelled
ORD002442,CUST00633,PROD0069,1,58378.98,2025-02-02,,Shipped
ORD005175,CUST00550,PROD0088,5,34407.7,2026-02-24,2026-03-07,Delivered
ORD000121,CUST00138,PROD0076,1,32834.68,2025-11-23,2025-11-25,Delivered
ORD003752,CUST00215,PROD0142,4,1821.04,2026-01-25,,Processing
ORD000203,CUST00002,PROD0034,4,2546.45,2026-05-15,,Cancelled
ORD005242,CUST00615,PROD0059,2,685.94,2025-05-29,2025-06-01,Delivered
ORD000809,CUST00483,PROD0091,1,1751.39,2025-02-18,2025-02-26,Delivered
ORD002174,CUST00618,PROD0014,4,1289.47,2026-06-06,2026-06-13,Delivered
ORD003711,CUST00740,PROD0102,3,133.37,2025-06-23,2025-07-01,Delivered
ORD005177,CUST00677,PROD0104,3,1042.65,2025-02-11,2025-02-17,Delivered
ORD001776,CUST00497,PROD0045,3,1228.68,2025-11-07,2025-11-10,Delivered
ORD000773,CUST00578,PROD0005,2,560.65,2025-01-28,,Returned
ORD001970,CUST00179,PROD0102,5,133.37,2026-07-09,,Returned
ORD000876,CUST00702,PROD0147,2,4832.5,2026-06-06,,Processing
ORD000029,CUST00243,PROD0127,5,919.23,2026-06-08,2026-06-13,Delivered
ORD003099,CUST00355,PROD0103,2,11738.74,2026-03-10,,Returned
ORD002329,CUST00128,PROD0026,1,4912.92,2025-10-19,,Cancelled
ORD004869,CUST00064,PROD0051,2,1399.76,2026-05-16,2026-05-18,Delivered
ORD003379,CUST00393,PROD0124,3,2908.87,2026-06-13,2026-06-21,Delivered
ORD005090,CUST00217,PROD0024,4,1123.83,2025-10-21,,Cancelled
ORD004223,CUST00510,PROD0024,2,1123.83,2025-12-20,,Processing
ORD001885,CUST00464,PROD0101,2,782.0,2025-12-26,2025-12-30,Delivered
ORD005320,CUST00071,PROD0085,3,4763.96,2025-07-09,,Returned
ORD000417,CUST00689,PROD0029,3,901.03,2026-04-06,2026-04-12,Delivered
ORD004296,CUST00191,PROD0110,4,1192.79,2025-12-26,2026-01-07,Delivered
ORD005426,CUST00065,PROD0008,1,545.71,2025-06-06,2025-06-12,Delivered
ORD003881,CUST00540,PROD0003,2,14338.6,2026-03-14,,Cancelled
ORD003854,CUST00736,PROD0110,4,1192.79,2025-01-30,2025-02-01,Delivered
ORD005822,CUST00498,PROD0111,4,42616.44,2026-03-26,,Cancelled
ORD001078,CUST00100,PROD0122,1,993.76,2026-05-30,2026-06-03,Delivered
ORD003886,CUST00119,PROD0116,5,8033.73,2026-07-06,,Shipped
ORD002889,CUST00709,PROD0109,2,854.47,2026-06-06,,Shipped
ORD003817,CUST00517,PROD0144,2,4806.1,2025-01-04,,Shipped
ORD004336,CUST00120,PROD0136,5,18573.07,2025-05-20,2025-05-27,Delivered
ORD002624,CUST00758,PROD0012,3,4952.6,2025-06-06,2025-06-07,Delivered
ORD004954,CUST00488,PROD0094,3,1211.97,2026-07-24,,Shipped
ORD001465,CUST00068,PROD0015,5,2263.06,2025-02-01,,Returned
ORD000260,CUST00298,PROD0065,2,9361.22,2025-04-28,2025-05-07,Delivered
ORD001948,CUST00609,PROD0098,1,648.17,2026-07-09,2026-07-20,Delivered
ORD005361,CUST00154,PROD0066,4,4931.77,2026-02-12,,Returned
ORD000999,CUST00364,PROD0023,1,11903.15,2026-03-22,2026-03-28,Delivered
ORD001844,CUST00154,PROD0018,4,18955.94,2026-02-15,2026-02-24,Delivered
ORD002055,CUST00175,PROD0106,1,3327.3,2026-06-28,2026-07-06,Delivered
ORD002261,CUST00299,PROD0094,1,1211.97,2026-05-17,,Shipped
ORD001987,CUST00088,PROD0085,4,4763.96,2025-10-01,2025-10-05,Delivered
ORD003451,CUST00631,PROD0051,2,1399.76,2026-01-02,2026-01-07,Delivered
ORD001107,CUST00308,PROD0142,2,1821.04,2026-03-29,,Processing
ORD003531,CUST00743,PROD0017,4,4701.06,2026-07-10,,Shipped
ORD003324,CUST00559,PROD0129,3,17176.36,2025-05-19,,Shipped
ORD000391,CUST00659,PROD0049,2,191.03,2026-06-23,2026-07-03,Delivered
ORD000548,CUST00653,PROD0126,1,8384.51,2025-05-28,,Cancelled
ORD000508,CUST00716,PROD0146,3,9127.13,2026-03-22,,Delivered
ORD004334,CUST00615,PROD0032,4,1176.78,2026-04-23,2026-05-04,Delivered
ORD004622,CUST00239,PROD0098,1,648.17,2025-03-16,,Cancelled
ORD004041,CUST00366,PROD0032,1,1176.78,2025-02-18,2025-02-24,Delivered
ORD004563,CUST00594,PROD0111,5,42616.44,2026-01-12,,Shipped
ORD002209,CUST00338,PROD0106,2,3327.3,2025-05-21,2025-05-30,Delivered
ORD002682,CUST00235,PROD0101,3,782.0,2025-10-16,,Cancelled
ORD005928,CUST00114,PROD0098,4,648.17,2025-07-31,2025-08-08,Delivered
ORD003308,CUST00783,PROD0062,2,25032.52,2025-07-14,,Returned
ORD002277,CUST00759,PROD0114,3,1292.66,2025-11-02,2025-11-10,Delivered
ORD002647,CUST00749,PROD0126,3,8384.51,2025-04-18,2025-04-26,Delivered
ORD005769,CUST00494,PROD0014,2,1289.47,2025-04-12,2025-04-19,Delivered
ORD002533,CUST00317,PROD0013,1,39659.48,2025-11-24,,Processing
ORD003999,CUST00627,PROD0029,5,901.03,2025-08-12,2025-08-18,Delivered
ORD000095,CUST00267,PROD0044,5,1423.72,2026-03-20,,Returned
ORD000648,CUST00098,PROD0078,1,12507.55,2025-05-02,2025-05-14,Delivered
ORD005465,CUST00671,PROD0101,3,782.0,2026-07-08,,Returned
ORD000925,CUST00157,PROD0122,2,993.76,2025-11-14,2025-11-23,Delivered
ORD000202,CUST00435,PROD0113,2,974.15,2026-01-24,2026-02-04,Delivered
ORD005632,CUST00520,PROD0100,1,7797.29,2025-12-02,,Shipped
ORD000079,CUST00370,PROD0089,1,16755.29,2025-12-10,,Cancelled
ORD001606,CUST00210,PROD0081,3,4820.76,2026-04-02,2026-04-08,Delivered
ORD004378,CUST00627,PROD0066,3,4931.77,2025-10-13,2025-10-14,Delivered
ORD005680,CUST00153,PROD0048,2,56173.09,2025-01-14,,Cancelled
ORD001387,CUST00086,PROD0145,5,2463.88,2026-06-22,,Cancelled
ORD002352,CUST00438,PROD0014,4,1289.47,2025-08-23,2025-08-24,Delivered
ORD002264,CUST00349,PROD0031,5,2204.46,2025-03-18,,Returned
ORD003219,CUST00233,PROD0078,1,12507.55,2025-09-10,2025-09-11,Delivered
ORD002796,CUST00771,PROD0074,4,2124.57,2026-06-16,,Processing
ORD001004,CUST00439,PROD0095,2,6063.96,2025-11-17,2025-11-22,Delivered
ORD000231,CUST00181,PROD0144,2,4806.1,2026-07-29,2026-08-07,Delivered
ORD002097,CUST00360,PROD0106,1,3327.3,2025-07-29,,Cancelled
ORD004590,CUST00260,PROD0053,1,379.38,2026-03-29,2026-04-05,Delivered
ORD002032,CUST00096,PROD0102,1,133.37,2026-03-17,2026-03-22,Delivered
ORD003387,CUST00340,PROD0070,5,10505.06,2026-04-04,,Shipped
ORD003389,CUST00393,PROD0128,3,3825.7,2025-11-18,2025-11-27,Delivered
ORD003246,CUST00020,PROD0066,1,4931.77,2025-03-17,,Processing
ORD002252,CUST00370,PROD0046,3,51.86,2026-01-19,,Shipped
ORD001863,CUST00304,PROD0071,1,632.25,2025-11-07,,Cancelled
ORD004770,CUST00375,PROD0130,5,314.99,2025-04-18,,Cancelled
ORD001467,CUST00309,PROD0040,2,2990.7,2025-05-15,,Cancelled
ORD005164,CUST00041,PROD0034,1,2546.45,2025-02-14,,Processing
ORD005505,CUST00691,PROD0099,2,14295.1,2025-11-12,2025-11-23,Delivered
ORD002126,CUST00153,PROD0075,3,209.7,2025-06-13,2025-06-23,Delivered
ORD004981,CUST00029,PROD0040,4,2990.7,2025-01-12,,Cancelled
ORD003973,CUST00693,PROD0147,1,4832.5,2025-01-04,,Processing
ORD000459,CUST00014,PROD0143,2,1730.89,2025-02-20,2025-02-21,Delivered
ORD005301,CUST00088,PROD0026,3,4912.92,2025-09-03,,Returned
ORD002161,CUST00458,PROD0073,5,34399.58,2025-05-03,2025-05-13,Delivered
ORD004031,CUST00679,PROD0018,2,18955.94,2025-10-11,2025-10-16,Delivered
ORD003392,CUST00299,PROD0131,5,6853.95,2026-02-04,,Cancelled
ORD001413,CUST00572,PROD0082,4,503.97,2026-02-05,,Cancelled
ORD000018,CUST00290,PROD0048,3,56173.09,2025-11-30,,Returned
ORD005810,CUST00790,PROD0001,4,2002.86,2025-04-24,,Returned
ORD002156,CUST00584,PROD0083,2,385.32,2025-02-10,2025-02-22,Delivered
ORD004098,CUST00435,PROD0009,5,390.58,2026-05-14,2026-05-18,Delivered
ORD002318,CUST00079,PROD0006,2,812.36,2025-06-21,,Processing
ORD002078,CUST00534,PROD0063,4,869.54,2026-05-16,,Cancelled
ORD001895,CUST00575,PROD0122,3,993.76,2026-07-11,2026-07-15,Delivered
ORD001995,CUST00779,PROD0085,5,4763.96,2025-11-04,,Cancelled
ORD005643,CUST00342,PROD0001,2,2002.86,2025-01-30,2025-02-08,Delivered
ORD002062,CUST00719,PROD0014,2,1289.47,2025-03-12,2025-03-14,Delivered
ORD004880,CUST00345,PROD0062,3,25032.52,2026-03-30,,Processing
ORD004688,CUST00296,PROD0103,2,11738.74,2026-06-17,,Returned
ORD001730,CUST00567,PROD0013,5,39659.48,2025-01-29,,Shipped
ORD003217,CUST00373,PROD0123,4,21424.68,2026-07-24,,Returned
ORD001259,CUST00567,PROD0079,2,2916.61,2025-06-24,2025-06-27,Delivered
ORD005610,CUST00052,PROD0010,2,11743.74,2025-06-13,2025-06-14,Delivered
ORD001624,CUST00514,PROD0149,5,5764.99,2025-05-05,2025-05-07,Delivered
ORD001341,CUST00182,PROD0125,3,11796.3,2025-03-22,2025-03-31,Delivered
ORD004900,CUST00454,PROD0110,1,1192.79,2025-09-27,2025-10-03,Delivered
ORD003525,CUST00528,PROD0010,4,11743.74,2025-11-05,2025-11-16,Delivered
ORD001981,CUST00202,PROD0123,1,21424.68,2025-12-27,2026-01-01,Delivered
ORD005389,CUST00382,PROD0127,2,919.23,2025-11-18,,Processing
ORD005800,CUST00172,PROD0079,2,2916.61,2026-04-10,,Shipped
ORD004403,CUST00487,PROD0072,4,263.08,2025-04-19,2025-05-01,Delivered
ORD002720,CUST00210,PROD0149,1,5764.99,2025-04-04,2025-04-07,Delivered
ORD005438,CUST00588,PROD0009,3,390.58,2025-02-24,2025-03-07,Delivered
ORD005441,CUST00045,PROD0004,1,2001.32,2026-01-19,2026-01-22,Delivered
ORD005399,CUST00515,PROD0140,1,899.29,2025-08-14,2025-08-17,Delivered
ORD002915,CUST00696,PROD0105,5,32176.55,2025-02-01,,Processing
ORD004008,CUST00727,PROD0083,1,385.32,2025-05-01,,Returned
ORD002699,CUST00055,PROD0142,3,1821.04,2025-07-13,,Processing
ORD002692,CUST00679,PROD0087,4,13732.01,2025-05-16,,Delivered
ORD001669,CUST00726,PROD0093,2,513.19,2026-05-22,,Cancelled
ORD003263,CUST00577,PROD0087,5,13732.01,2025-02-18,2025-02-25,Delivered
ORD002289,CUST00334,PROD0140,1,899.29,2025-05-17,2025-05-20,Delivered
ORD002949,CUST00384,PROD0039,2,5112.85,2025-05-23,2025-05-31,Delivered
ORD003872,CUST00041,PROD0033,3,5639.02,2025-06-02,2025-06-09,Delivered
ORD000576,CUST00311,PROD0128,2,3825.7,2025-06-13,2025-06-24,Delivered
ORD001086,CUST00780,PROD0094,3,1211.97,2025-11-08,,Delivered
ORD001737,CUST00438,PROD0067,4,4271.55,2025-11-14,,Shipped
ORD002618,CUST00697,PROD0041,2,543.32,2026-01-07,,Shipped
ORD004567,CUST00192,PROD0094,3,1211.97,2025-03-18,2025-03-28,Delivered
ORD002011,CUST00640,PROD0041,5,543.32,2025-04-09,2025-04-21,Delivered
ORD004036,CUST00058,PROD0078,5,12507.55,2025-09-27,2025-10-08,Delivered
ORD001731,CUST00659,PROD0049,3,191.03,2026-07-05,,Cancelled
ORD002735,CUST00792,PROD0066,2,4931.77,2025-08-14,,Returned
ORD002349,CUST00188,PROD0011,5,1483.6,2025-01-14,2025-01-26,Delivered
ORD005027,CUST00732,PROD0064,2,3664.82,2026-03-03,2026-03-04,Delivered
ORD002389,CUST00595,PROD0028,4,302.64,2026-02-12,,Shipped
ORD005936,CUST00121,PROD0020,4,4298.98,2025-09-23,,Returned
ORD001671,CUST00786,PROD0065,3,9361.22,2025-03-27,2025-04-08,Delivered
ORD003226,CUST00484,PROD0099,3,14295.1,2025-06-13,,Shipped
ORD005902,CUST00546,PROD0113,2,974.15,2025-08-24,,Processing
ORD003885,CUST00238,PROD0071,3,632.25,2026-02-16,,Cancelled
ORD004918,CUST00138,PROD0119,3,2603.43,2026-03-23,,Processing
ORD005815,CUST00738,PROD0037,3,1155.64,2025-11-16,2025-11-23,Delivered
ORD003544,CUST00757,PROD0090,2,955.06,2025-05-24,2025-06-02,Delivered
ORD000227,CUST00624,PROD0147,4,4832.5,2026-07-01,,Cancelled
ORD001532,CUST00370,PROD0100,4,7797.29,2026-07-26,,Processing
ORD005713,CUST00495,PROD0150,4,2716.88,2025-05-23,2025-05-26,Delivered
ORD002230,CUST00693,PROD0061,4,1083.6,2026-06-15,2026-06-21,Delivered
ORD001539,CUST00332,PROD0061,4,1083.6,2026-07-05,,Cancelled
ORD003553,CUST00781,PROD0027,5,331.1,2025-10-22,2025-10-27,Delivered
ORD001144,CUST00137,PROD0144,5,4806.1,2025-03-21,,Returned
ORD002524,CUST00712,PROD0115,5,55563.32,2025-12-10,2025-12-16,Delivered
ORD005711,CUST00645,PROD0078,5,12507.55,2025-01-10,,Returned
ORD002590,CUST00101,PROD0010,4,11743.74,2026-03-18,2026-03-29,Delivered
ORD003457,CUST00294,PROD0017,3,4701.06,2025-08-23,,Returned
ORD005240,CUST00509,PROD0091,4,1751.39,2026-06-04,2026-06-12,Delivered
ORD004244,CUST00162,PROD0073,5,34399.58,2026-07-16,,Cancelled
ORD003353,CUST00529,PROD0134,4,3036.32,2026-06-28,,Shipped
ORD003498,CUST00326,PROD0054,1,1632.64,2025-05-15,,Shipped
ORD001191,CUST00172,PROD0140,1,899.29,2026-03-31,2026-04-11,Delivered
ORD005094,CUST00090,PROD0022,4,459.17,2025-09-10,2025-09-15,Delivered
ORD002874,CUST00742,PROD0098,4,648.17,2025-05-24,2025-05-28,Delivered
ORD003279,CUST00797,PROD0037,3,1155.64,2025-05-19,,Shipped
ORD002795,CUST00013,PROD0130,3,314.99,2025-04-26,,Returned
ORD004277,CUST00215,PROD0065,5,9361.22,2026-07-12,2026-07-24,Delivered
ORD005452,CUST00250,PROD0020,1,4298.98,2025-12-17,,Returned
ORD004014,CUST00725,PROD0040,2,2990.7,2025-10-15,2025-10-24,Delivered
ORD003065,CUST00065,PROD0106,0,3327.3,2026-07-17,2026-07-22,Delivered
ORD002112,CUST00563,PROD0041,5,543.32,2026-06-30,2026-07-08,Delivered
ORD004816,CUST00382,PROD0054,1,1632.64,2025-08-09,,Processing
ORD004429,CUST00717,PROD0116,1,8033.73,2025-06-02,2025-06-09,Delivered
ORD003119,CUST00052,PROD0028,5,302.64,2025-07-07,,Cancelled
ORD001365,CUST00488,PROD0037,1,1155.64,2025-12-01,,Processing
ORD003740,CUST00781,PROD0063,4,869.54,2025-12-12,,Delivered
ORD002454,CUST00590,PROD0045,3,1228.68,2025-09-18,,Processing
ORD004732,CUST00800,PROD0078,4,12507.55,2026-03-30,2026-04-07,Delivered
ORD001907,CUST00331,PROD0112,5,1969.23,2026-03-09,2026-03-11,Delivered
ORD003328,CUST00337,PROD0104,2,1042.65,2026-06-05,,Cancelled
ORD004012,CUST00264,PROD0003,1,14338.6,2025-07-31,2025-08-01,Delivered
ORD000346,CUST00562,PROD0021,2,156.01,2025-06-20,2025-06-22,Delivered
ORD005766,CUST00531,PROD0149,2,5764.99,2026-01-09,,Cancelled
ORD002953,CUST00427,PROD0132,3,305.28,2025-08-13,,Cancelled
ORD004773,CUST00295,PROD0133,1,1400.65,2026-02-19,2026-03-03,Delivered
ORD005541,CUST00048,PROD0069,1,58378.98,2026-03-25,2026-04-03,Delivered
ORD000449,CUST00074,PROD0129,1,17176.36,2025-07-04,2025-07-11,Delivered
ORD002661,CUST00580,PROD0010,5,11743.74,2026-06-20,2026-06-22,Delivered
ORD003899,CUST00759,PROD0083,4,385.32,2026-03-15,,Cancelled
ORD000480,CUST00264,PROD0096,4,32150.75,2025-11-06,,Shipped
ORD001904,CUST00175,PROD0150,4,2716.88,2025-08-23,2025-08-25,Delivered
ORD003468,CUST00567,PROD0145,2,2463.88,2025-01-20,,Cancelled
ORD003982,CUST00781,PROD0123,3,21424.68,2026-04-07,,Processing
ORD005101,CUST00392,PROD0032,2,1176.78,2025-08-12,,Cancelled
ORD002985,CUST00600,PROD0010,4,11743.74,2025-04-22,,Shipped
ORD000969,CUST00197,PROD0096,4,32150.75,2026-02-19,,Cancelled
ORD001666,CUST00371,PROD0040,1,2990.7,2025-12-16,2025-12-23,Delivered
ORD005120,CUST00499,PROD0081,2,4820.76,2025-09-17,2025-09-26,Delivered
ORD002145,CUST00359,PROD0100,2,7797.29,2025-12-30,,Shipped
ORD004552,CUST00349,PROD0019,2,4410.8,2025-10-18,,Processing
ORD002304,CUST00206,PROD0079,3,2916.61,2026-03-04,,Returned
ORD001884,CUST00783,PROD0030,3,429.82,2026-01-18,,Cancelled
ORD005580,CUST00539,PROD0012,1,4952.6,2025-11-05,,Returned
ORD002886,CUST00658,PROD0077,4,2052.65,2025-09-29,,Processing
ORD001146,CUST00701,PROD0109,2,854.47,2025-10-04,2025-10-06,Delivered
ORD004302,CUST00715,PROD0150,5,2716.88,2025-10-06,,Shipped
ORD003851,CUST00791,PROD0009,5,390.58,2025-06-30,,Returned
ORD003240,CUST00476,PROD0118,1,828.66,2025-07-14,2025-07-19,Delivered
ORD005865,CUST00032,PROD0070,5,10505.06,2026-05-16,,Shipped
ORD001238,CUST00056,PROD0098,3,648.17,2025-06-24,,Returned
ORD003278,CUST00168,PROD0012,5,4952.6,2025-05-02,2025-05-14,Delivered
ORD004105,CUST00533,PROD0071,5,632.25,2025-01-11,2025-01-15,Delivered
ORD000338,CUST00717,PROD0006,4,812.36,2025-05-05,2025-05-15,Delivered
ORD002741,CUST00634,PROD0043,1,2444.21,2026-01-19,,Cancelled
ORD004775,CUST00034,PROD0128,1,3825.7,2025-09-20,2025-09-25,Delivered
ORD001512,CUST00089,PROD0129,3,17176.36,2026-04-30,,Processing
ORD000766,CUST00246,PROD0021,5,156.01,2025-01-17,,Returned
ORD001740,CUST00062,PROD0115,2,55563.32,2025-08-17,2025-08-19,Delivered
ORD002801,CUST00016,PROD0075,5,209.7,2025-03-04,2025-03-09,Delivered
ORD003667,CUST00185,PROD0124,5,2908.87,2026-02-04,2026-02-14,Delivered
ORD001990,CUST00292,PROD0054,1,1632.64,2025-03-09,2025-03-14,Delivered
ORD000481,CUST00348,PROD0029,3,901.03,2025-02-08,2025-02-16,Delivered
ORD005489,CUST00031,PROD0103,2,11738.74,2026-06-25,,Cancelled
ORD005730,CUST00295,PROD0076,4,32834.68,2025-01-19,2025-01-27,Delivered
ORD005678,CUST00482,PROD0144,5,4806.1,2025-05-19,2025-05-20,Delivered
ORD003407,CUST00383,PROD0068,1,1375.21,2025-11-15,2025-11-17,Delivered
ORD004390,CUST00213,PROD0112,2,1969.23,2026-04-20,,Delivered
ORD000737,CUST00271,PROD0067,2,4271.55,2026-05-31,,Processing
ORD003397,CUST00701,PROD0139,5,4171.69,2026-02-01,2026-02-10,Delivered
ORD003695,CUST00360,PROD0086,3,1450.41,2025-03-08,2025-03-18,Delivered
ORD000921,CUST00221,PROD0126,1,8384.51,2025-07-11,2025-07-18,Delivered
ORD002358,CUST00247,PROD0113,3,974.15,2026-03-24,,Cancelled
ORD003564,CUST00288,PROD0062,2,25032.52,2026-04-09,,Processing
ORD002756,CUST00113,PROD0112,5,1969.23,2026-03-04,,Returned
ORD004046,CUST00273,PROD0025,4,4203.28,2026-07-01,,Processing
ORD000154,CUST00168,PROD0142,3,1821.04,2025-12-19,,Shipped
ORD005134,CUST00410,PROD0117,2,430.76,2025-03-22,,Processing
ORD001770,CUST00098,PROD0070,5,10505.06,2025-06-09,,Cancelled
ORD002446,CUST00682,PROD0102,2,133.37,2025-09-06,2025-09-14,Delivered
ORD003614,CUST00590,PROD0057,2,1462.31,2026-05-16,,Cancelled
ORD005405,CUST00093,PROD0130,2,314.99,2025-11-15,,Cancelled
ORD001402,CUST00099,PROD0048,4,56173.09,2025-10-17,2025-10-28,Delivered
ORD001647,CUST00078,PROD0113,1,974.15,2025-10-14,,Processing
ORD003103,CUST00463,PROD0069,3,58378.98,2025-05-21,2025-05-25,Delivered
ORD001514,CUST00745,PROD0067,2,4271.55,2026-06-12,,Returned
ORD001567,CUST00219,PROD0066,2,4931.77,2025-01-29,,Shipped
ORD004661,CUST00494,PROD0127,4,919.23,2025-01-05,,Returned
ORD003098,CUST00057,PROD0020,2,4298.98,2025-04-13,,Processing
ORD003504,CUST00485,PROD0099,3,14295.1,2026-04-17,,Cancelled
ORD000484,CUST00557,PROD0053,1,379.38,2026-04-16,2026-04-17,Delivered
ORD002861,CUST00585,PROD0008,2,545.71,2026-06-25,,Processing
ORD003258,CUST00781,PROD0068,1,1375.21,2026-05-31,2026-06-07,Delivered
ORD002004,CUST00227,PROD0097,1,166.92,2025-04-14,,Delivered
ORD005843,CUST00572,PROD0116,1,8033.73,2026-06-07,2026-06-09,Delivered
ORD002614,CUST00280,PROD0015,4,2263.06,2026-02-27,,Returned
ORD003760,CUST00747,PROD0045,4,1228.68,2025-01-30,,Shipped
ORD005540,CUST00693,PROD0066,5,4931.77,2025-02-24,2025-02-28,Delivered
ORD000340,CUST00258,PROD0131,4,6853.95,2026-04-03,,Cancelled
ORD000014,CUST00764,PROD0028,2,302.64,2025-09-07,2025-09-16,Delivered
ORD002059,CUST00355,PROD0013,3,39659.48,2025-11-15,2025-11-27,Delivered
ORD001565,CUST00422,PROD0041,5,543.32,2025-11-09,,Returned
ORD003021,CUST00296,PROD0037,1,1155.64,2025-11-26,2025-12-03,Delivered
ORD001897,CUST00738,PROD0083,3,385.32,2026-07-20,2026-07-30,Delivered
ORD004445,CUST00203,PROD0007,1,40685.29,2025-12-15,2025-12-16,Delivered
ORD003253,CUST00574,PROD0101,2,782.0,2025-02-10,,Processing
ORD004781,CUST00371,PROD0114,4,1292.66,2025-07-03,2025-07-14,Delivered
ORD002808,CUST00720,PROD0053,1,379.38,2026-01-02,,Shipped
ORD002975,CUST00748,PROD0012,3,4952.6,2025-07-01,,Returned
ORD004129,CUST00443,PROD0090,4,955.06,2025-12-16,2025-12-25,Delivered
ORD005638,CUST00162,PROD0103,4,11738.74,2026-06-12,2026-06-16,Delivered
ORD000024,CUST00588,PROD0125,5,11796.3,2025-06-27,2025-07-05,Delivered
ORD004463,CUST00675,PROD0140,3,899.29,2025-06-08,2025-06-18,Delivered
ORD001721,CUST00087,PROD0142,1,1821.04,2025-12-13,,Processing
ORD003594,CUST00147,PROD0031,5,2204.46,2025-10-30,2025-11-10,Delivered
ORD005150,CUST00680,PROD0045,2,1228.68,2026-07-13,2026-07-22,Delivered
ORD005198,CUST00205,PROD0097,4,166.92,2026-06-27,,Returned
ORD001838,CUST00125,PROD0014,3,1289.47,2026-07-20,,Processing
ORD000560,CUST00306,PROD0137,4,1360.59,2025-01-17,,Processing
ORD001139,CUST00512,PROD0087,4,13732.01,2025-01-14,2025-01-17,Delivered
ORD004169,CUST00483,PROD0127,2,919.23,2025-09-01,2025-09-08,Delivered
ORD005619,CUST00438,PROD0041,4,543.32,2025-12-01,,Shipped
ORD005794,CUST00025,PROD0145,4,2463.88,2026-05-21,,Returned
ORD002090,CUST00615,PROD0001,0,2002.86,2025-01-21,,Cancelled
ORD000363,CUST00017,PROD0113,1,974.15,2025-08-27,2025-08-28,Delivered
ORD001960,CUST00331,PROD0048,2,56173.09,2026-02-24,2026-03-05,Delivered
ORD005487,CUST00087,PROD0068,2,1375.21,2025-04-05,,Cancelled
ORD000136,CUST00325,PROD0102,1,133.37,2026-05-30,2026-06-01,Delivered
ORD000660,CUST00183,PROD0074,5,2124.57,2025-02-11,,Processing
ORD002967,CUST00517,PROD0085,1,4763.96,2026-07-17,,Cancelled
ORD005969,CUST00416,PROD0141,4,22625.81,2025-09-08,,Processing
ORD000189,CUST00158,PROD0078,4,12507.55,2025-04-14,,Shipped
ORD003658,CUST00470,PROD0109,4,854.47,2026-07-16,2026-07-17,Delivered
ORD005275,CUST00018,PROD0075,4,209.7,2025-05-12,2025-05-21,Delivered
ORD005227,CUST00217,PROD0013,4,39659.48,2025-01-09,2025-01-16,Delivered
ORD004546,CUST00115,PROD0106,5,3327.3,2025-08-17,,Returned
ORD002728,CUST00498,PROD0066,5,4931.77,2025-05-31,,Returned
ORD000806,CUST00194,PROD0033,5,5639.02,2026-07-08,2026-07-10,Delivered
ORD003194,CUST00242,PROD0029,5,901.03,2026-01-30,2026-02-07,Delivered
ORD001076,CUST00318,PROD0125,1,11796.3,2026-03-16,2026-03-28,Delivered
ORD003785,CUST00495,PROD0103,4,11738.74,2026-02-11,2026-02-22,Delivered
ORD005220,CUST00375,PROD0095,5,6063.96,2025-08-24,2025-09-05,Delivered
ORD004048,CUST00019,PROD0090,5,955.06,2025-01-19,,Processing
ORD003858,CUST00374,PROD0025,5,4203.28,2025-04-13,,Shipped
ORD002152,CUST00076,PROD0066,5,4931.77,2025-11-19,,Cancelled
ORD002015,CUST00314,PROD0038,1,8563.39,2026-04-05,2026-04-17,Delivered
ORD001398,CUST00002,PROD0020,3,4298.98,2025-06-10,,Processing
ORD000474,CUST00750,PROD0123,4,21424.68,2025-02-06,2025-02-14,Delivered
ORD000449,CUST00074,PROD0129,1,17176.36,2025-07-04,2025-07-11,Delivered
ORD000419,CUST00126,PROD0124,5,2908.87,2025-05-25,,Cancelled
ORD000840,CUST00028,PROD0069,5,58378.98,2025-04-14,2025-04-19,Delivered
ORD003315,CUST00637,PROD0055,3,70.6,2026-05-22,,Delivered
ORD003603,CUST00448,PROD0133,3,1400.65,2026-06-09,,Cancelled
ORD002348,CUST00681,PROD0071,1,632.25,2026-05-16,,Cancelled
ORD001227,CUST00301,PROD0112,3,1969.23,2025-11-24,2025-11-25,Delivered
ORD003878,CUST00568,PROD0142,3,1821.04,2025-12-18,,Returned
ORD000968,CUST00457,PROD0086,2,1450.41,2026-04-26,,Delivered
ORD001321,CUST00747,PROD0031,4,2204.46,2025-08-25,,Processing
ORD004280,CUST00121,PROD0098,5,648.17,2025-05-05,2025-05-15,Delivered
ORD000386,CUST00736,PROD0026,1,4912.92,2026-02-02,,Returned
ORD000916,CUST00048,PROD0058,4,4704.83,2026-03-12,,Shipped
ORD000533,CUST00610,PROD0030,1,429.82,2025-06-21,,Cancelled
ORD003352,CUST00425,PROD0002,1,2472.29,2025-02-23,,Returned
ORD003198,CUST00667,PROD0048,3,56173.09,2025-12-09,,Returned
ORD000676,CUST00288,PROD0010,1,11743.74,2025-07-01,,Shipped
ORD004444,CUST00529,PROD0006,4,812.36,2025-04-17,2025-04-24,Delivered
ORD002222,CUST00181,PROD0102,4,133.37,2026-07-02,2026-07-10,Delivered
ORD005252,CUST00481,PROD0149,2,5764.99,2025-03-23,,Delivered
ORD003429,CUST00163,PROD0033,5,5639.02,2026-02-19,2026-02-23,Delivered
ORD003939,CUST00270,PROD0040,1,2990.7,2025-09-17,,Processing
ORD004580,CUST00136,PROD0003,1,14338.6,2026-07-21,2026-07-23,Delivered
ORD004074,CUST00464,PROD0100,4,7797.29,2025-04-17,2025-04-28,Delivered
ORD002579,CUST00198,PROD0105,3,32176.55,2026-02-10,2026-02-21,Delivered
ORD002407,CUST00353,PROD0106,5,3327.3,2025-04-18,,Processing
ORD005345,CUST00777,PROD0033,1,5639.02,2025-07-12,,Returned
ORD002704,CUST00211,PROD0060,4,7402.46,2026-03-02,,Cancelled
ORD002414,CUST00161,PROD0012,3,4952.6,2025-04-27,,Returned
ORD002951,CUST00185,PROD0087,3,13732.01,2026-07-11,,Cancelled
ORD000721,CUST00266,PROD0022,1,459.17,2025-06-11,2025-06-21,Delivered
ORD004506,CUST00065,PROD0021,3,156.01,2026-03-17,,Returned
ORD003052,CUST00257,PROD0061,3,1083.6,2025-01-07,2025-01-18,Delivered
ORD001517,CUST00424,PROD0007,5,40685.29,2025-10-01,,Shipped
ORD004355,CUST00437,PROD0051,5,1399.76,2026-01-03,,Processing
ORD000534,CUST00129,PROD0078,4,12507.55,2026-06-30,,Cancelled
ORD005929,CUST00317,PROD0024,1,1123.83,2026-05-27,2026-06-07,Delivered
ORD005825,CUST00620,PROD0043,5,2444.21,2026-03-21,,Returned
ORD003621,CUST00454,PROD0113,5,974.15,2025-08-09,,Shipped
ORD003921,CUST00474,PROD0114,3,1292.66,2025-07-24,2025-07-26,Delivered
ORD002494,CUST00498,PROD0104,2,1042.65,2026-03-23,2026-03-26,Delivered
ORD004349,CUST00597,PROD0015,4,2263.06,2025-06-20,,Returned
ORD003143,CUST00617,PROD0047,1,26286.3,2025-06-22,2025-06-30,Delivered
ORD005573,CUST00012,PROD0144,5,4806.1,2025-03-28,,Shipped
ORD005812,CUST00158,PROD0106,3,3327.3,2025-07-02,2025-07-12,Delivered
ORD004984,CUST00332,PROD0036,2,559.64,2025-02-23,,Returned
ORD000839,CUST00341,PROD0142,4,1821.04,2025-03-09,2025-03-16,Delivered
ORD004669,CUST00135,PROD0125,5,11796.3,2025-03-04,,Cancelled
ORD000861,CUST00010,PROD0137,5,1360.59,2025-09-16,,Returned
ORD004072,CUST00244,PROD0132,2,305.28,2025-12-17,,Cancelled
ORD001545,CUST00247,PROD0046,4,51.86,2025-10-23,,Processing
ORD000418,CUST00596,PROD0055,2,70.6,2026-07-14,,Shipped
ORD005870,CUST00379,PROD0122,5,993.76,2026-06-28,2026-07-08,Delivered
ORD005392,CUST00713,PROD0057,4,1462.31,2025-11-19,2025-11-29,Delivered
ORD002708,CUST00506,PROD0078,2,12507.55,2025-11-23,2025-11-27,Delivered
ORD004670,CUST00309,PROD0112,5,1969.23,2025-08-19,2025-08-27,Delivered
ORD003578,CUST00499,PROD0135,4,7336.91,2025-08-20,,Shipped
ORD005139,CUST00106,PROD0089,4,16755.29,2026-01-22,,Cancelled
ORD000276,CUST00299,PROD0060,1,7402.46,2025-07-31,,Processing
ORD000626,CUST00233,PROD0073,3,34399.58,2025-12-26,,Returned
ORD003415,CUST00540,PROD0056,4,861.22,2026-06-03,2026-06-09,Delivered
ORD002773,CUST00004,PROD0107,5,328.16,2025-06-25,2025-06-26,Delivered
ORD002282,CUST00543,PROD0096,2,32150.75,2025-08-26,2025-08-29,Delivered
ORD000715,CUST00792,PROD0003,4,14338.6,2025-09-19,2025-09-23,Delivered
ORD002042,CUST00352,PROD0022,3,459.17,2025-04-05,2025-04-12,Delivered
ORD002857,CUST00426,PROD0049,5,191.03,2026-04-08,,Returned
ORD005095,CUST00302,PROD0088,3,34407.7,2026-04-29,2026-05-06,Delivered
ORD002726,CUST00032,PROD0087,5,13732.01,2025-03-07,2025-03-13,Delivered
ORD000602,CUST00143,PROD0129,4,17176.36,2025-10-11,2025-10-17,Delivered
ORD001322,CUST00703,PROD0058,3,4704.83,2025-09-15,,Processing
ORD000583,CUST00710,PROD0056,5,861.22,2026-04-11,,Cancelled
ORD003297,CUST00444,PROD0020,2,4298.98,2025-09-09,,Processing
ORD003064,CUST00323,PROD0109,5,854.47,2025-01-09,,Delivered
ORD004792,CUST00032,PROD0071,2,632.25,2025-07-27,2025-08-02,Delivered
ORD004235,CUST00287,PROD0030,4,429.82,2025-09-06,2025-09-13,Delivered
ORD005216,CUST00740,PROD0137,3,1360.59,2025-12-04,2025-12-12,Delivered
ORD002058,CUST00458,PROD0086,3,1450.41,2025-05-07,2025-05-17,Delivered
ORD000212,CUST00527,PROD0078,5,12507.55,2026-07-30,,Returned
ORD003968,CUST00451,PROD0098,4,648.17,2025-04-06,2025-04-18,Delivered
ORD004458,CUST00186,PROD0113,2,974.15,2025-09-21,2025-09-27,Delivered
ORD000302,CUST00278,PROD0042,1,915.41,2025-08-08,,Cancelled
ORD000355,CUST00610,PROD0123,3,21424.68,2025-01-10,,Shipped
ORD004793,CUST00194,PROD0009,1,390.58,2026-06-18,,Shipped
ORD004942,CUST00434,PROD0070,3,10505.06,2025-07-04,,Shipped
ORD001833,CUST00216,PROD0097,4,166.92,2025-01-12,,Shipped
ORD001837,CUST00106,PROD0117,3,430.76,2025-06-16,2025-06-22,Delivered
ORD004466,CUST00138,PROD0086,4,1450.41,2026-02-12,2026-02-16,Delivered
ORD001921,CUST00622,PROD0020,4,4298.98,2025-02-01,2025-02-10,Delivered
ORD005752,CUST00001,PROD0135,1,7336.91,2025-07-15,2025-07-24,Delivered
ORD002267,CUST00476,PROD0101,3,782.0,2025-04-01,,Shipped
ORD005174,CUST00146,PROD0010,3,11743.74,2026-01-05,,Shipped
ORD000867,CUST00071,PROD0017,1,4701.06,2025-01-29,,Cancelled
ORD004145,CUST00765,PROD0013,1,39659.48,2026-01-27,,Shipped
ORD000949,CUST00490,PROD0095,1,6063.96,2025-03-10,,Cancelled
ORD005779,CUST00250,PROD0009,2,390.58,2025-09-14,,Processing
ORD001015,CUST00488,PROD0050,5,3898.39,2026-02-08,2026-02-14,Delivered
ORD000960,CUST00560,PROD0114,1,1292.66,2025-03-08,2025-03-12,Delivered
ORD002203,CUST00112,PROD0021,2,156.01,2025-12-09,2025-12-11,Delivered
ORD003368,CUST00028,PROD0087,5,13732.01,2026-07-16,2026-07-27,Delivered
ORD004916,CUST00336,PROD0129,3,17176.36,2025-09-25,2025-10-04,Delivered
ORD005735,CUST00195,PROD0046,3,51.86,2025-06-06,2025-06-12,Delivered
ORD003518,CUST00163,PROD0026,2,4912.92,2026-07-11,2026-07-13,Delivered
ORD001179,CUST00029,PROD0144,5,4806.1,2025-07-23,2025-07-29,Delivered
ORD004104,CUST00242,PROD0147,1,4832.5,2026-07-18,,Returned
ORD003192,CUST00153,PROD0008,1,545.71,2026-04-14,,Processing
ORD000741,CUST00051,PROD0081,4,4820.76,2025-06-18,,Returned
ORD005627,CUST00370,PROD0019,5,4410.8,2025-12-31,2026-01-09,Delivered
ORD003524,CUST00332,PROD0098,3,648.17,2026-03-15,2026-03-19,Delivered
ORD002469,CUST00722,PROD0012,1,4952.6,2026-06-05,,Returned
ORD002187,CUST00300,PROD0050,2,3898.39,2025-07-14,2025-07-18,Delivered
ORD003777,CUST00609,PROD0022,1,459.17,2026-05-31,2026-06-10,Delivered
ORD002589,CUST00633,PROD0016,3,59834.55,2025-10-21,,Shipped
ORD000324,CUST00436,PROD0081,4,4820.76,2025-10-09,2025-10-18,Delivered
ORD000083,CUST00112,PROD0146,1,9127.13,2026-03-22,2026-03-27,Delivered
ORD005867,CUST00644,PROD0093,4,513.19,2025-09-15,,Cancelled
ORD000356,CUST00474,PROD0060,1,7402.46,2026-07-16,2026-07-23,Delivered
ORD004926,CUST00325,PROD0137,2,1360.59,2025-02-09,2025-02-10,Delivered
ORD000693,CUST00204,PROD0054,3,1632.64,2025-03-20,,Shipped
ORD000514,CUST00113,PROD0074,2,2124.57,2025-05-18,,Delivered
ORD001734,CUST00558,PROD0053,4,379.38,2025-07-31,2025-08-01,Delivered
ORD003247,CUST00075,PROD0001,3,2002.86,2025-12-21,2026-01-02,Delivered
ORD003007,CUST00175,PROD0058,3,4704.83,2026-06-27,2026-06-28,Delivered
ORD004720,CUST00532,PROD0119,2,2603.43,2025-07-10,2025-07-15,Delivered
ORD001358,CUST00517,PROD0081,1,4820.76,2026-03-28,,Shipped
ORD002938,CUST00456,PROD0034,1,2546.45,2026-03-24,2026-03-25,Delivered
ORD004963,CUST00553,PROD0135,5,7336.91,2026-06-15,,Processing
ORD000472,CUST00424,PROD0002,1,2472.29,2025-12-08,,Cancelled
ORD004721,CUST00669,PROD0069,5,58378.98,2025-08-07,2025-08-14,Delivered
ORD001064,CUST00595,PROD0028,1,302.64,2025-12-25,,Cancelled
ORD004758,CUST00324,PROD0020,2,4298.98,2025-10-14,,Processing
ORD002891,CUST00031,PROD0006,5,812.36,2026-02-26,2026-03-05,Delivered
ORD002054,CUST00482,PROD0036,3,559.64,2026-01-24,,Shipped
ORD005659,CUST00614,PROD0101,4,782.0,2025-08-26,,Shipped
ORD005181,CUST00265,PROD0008,4,545.71,2025-08-22,,Processing
ORD004346,CUST00259,PROD0064,4,3664.82,2026-07-10,2026-07-12,Delivered
ORD001005,CUST00254,PROD0049,4,191.03,2026-03-10,,Processing
ORD001759,CUST00766,PROD0045,4,1228.68,2025-09-21,,Processing
ORD005869,CUST00737,PROD0133,2,1400.65,2026-01-13,,Shipped
ORD005862,CUST00127,PROD0078,2,12507.55,2026-05-29,,Cancelled
ORD005747,CUST00272,PROD0062,1,25032.52,2025-09-10,,Processing
ORD002167,CUST00339,PROD0087,4,13732.01,2025-03-20,,Shipped
ORD001575,CUST00282,PROD0138,1,3519.99,2025-02-27,2025-03-03,Delivered
ORD004606,CUST00130,PROD0056,1,861.22,2026-02-20,,Returned
ORD000140,CUST00573,PROD0084,3,317.91,2026-06-17,2026-06-29,Delivered
ORD001880,CUST00418,PROD0120,4,418.7,2026-07-07,2026-07-13,Delivered
ORD005582,CUST00363,PROD0033,5,5639.02,2025-01-29,,Shipped
ORD001997,CUST00216,PROD0119,2,2603.43,2025-04-11,,Processing
ORD004024,CUST00675,PROD0136,3,18573.07,2026-02-23,2026-03-04,Delivered
ORD000237,CUST00357,PROD0042,5,915.41,2025-09-19,,Processing
ORD002175,CUST00616,PROD0125,4,11796.3,2026-07-29,2026-08-08,Delivered
ORD002471,CUST00730,PROD0024,3,1123.83,2025-03-05,,Shipped
ORD003581,CUST00247,PROD0036,2,559.64,2025-01-28,2025-02-04,Delivered
ORD002395,CUST00800,PROD0140,2,899.29,2025-01-01,2025-01-06,Delivered
ORD002441,CUST00484,PROD0143,2,1730.89,2026-05-31,,Shipped
ORD002269,CUST00594,PROD0055,4,70.6,2026-05-03,2026-05-07,Delivered
ORD001315,CUST00093,PROD0074,2,2124.57,2025-07-26,,Cancelled
ORD004863,CUST00620,PROD0136,1,18573.07,2026-01-26,,Cancelled
ORD000914,CUST00617,PROD0107,2,328.16,2026-03-26,2026-04-01,Delivered
ORD004211,CUST00155,PROD0121,5,751.76,2025-08-16,,Returned
ORD000373,CUST00216,PROD0041,4,543.32,2025-04-04,,Processing
ORD005404,CUST00238,PROD0076,4,32834.68,2026-02-17,2026-02-18,Delivered
ORD004344,CUST00395,PROD0146,3,9127.13,2025-06-19,,Processing
ORD001992,CUST00060,PROD0096,4,32150.75,2025-09-22,,Processing
ORD000310,CUST00641,PROD0102,4,133.37,2025-07-25,2025-08-06,Delivered
ORD003523,CUST00112,PROD0055,4,70.6,2026-05-03,,Processing
ORD002628,CUST00116,PROD0147,1,4832.5,2025-08-11,2025-08-19,Delivered
ORD002208,CUST00287,PROD0042,1,915.41,2026-04-05,,Cancelled
ORD005534,CUST00539,PROD0085,1,4763.96,2026-04-03,,Processing
ORD003334,CUST00715,PROD0112,3,1969.23,2025-08-10,2025-08-22,Delivered
ORD004837,CUST00015,PROD0138,2,3519.99,2025-05-04,2025-05-13,Delivered
ORD001633,CUST00384,PROD0047,3,26286.3,2025-04-23,2025-05-01,Delivered
ORD004545,CUST00703,PROD0080,2,4686.49,2025-09-18,2025-09-24,Delivered
ORD005425,CUST00795,PROD0008,1,545.71,2026-01-30,2026-02-08,Delivered
ORD002787,CUST00226,PROD0095,4,6063.96,2026-07-01,2026-07-11,Delivered
ORD003591,CUST00250,PROD0089,2,16755.29,2025-05-20,2025-05-27,Delivered
ORD000787,CUST00105,PROD0127,3,919.23,2025-08-29,2025-08-30,Delivered
ORD000318,CUST00188,PROD0138,1,3519.99,2025-09-27,,Shipped
ORD000415,CUST00349,PROD0038,4,8563.39,2025-02-15,2025-02-26,Delivered
ORD000218,CUST00583,PROD0087,1,13732.01,2026-03-01,2026-03-09,Delivered
ORD001722,CUST00379,PROD0062,4,25032.52,2025-07-12,2025-07-18,Delivered
ORD004197,CUST00071,PROD0017,3,4701.06,2026-05-19,,Cancelled
ORD004261,CUST00120,PROD0073,2,34399.58,2026-06-23,,Delivered
ORD001938,CUST00684,PROD0036,2,559.64,2025-05-06,2025-05-07,Delivered
ORD003761,CUST00076,PROD0031,5,2204.46,2026-03-29,2026-03-30,Delivered
ORD004103,CUST00791,PROD0036,3,559.64,2025-06-25,2025-06-28,Delivered
ORD003542,CUST00417,PROD0139,5,4171.69,2025-03-02,2025-03-10,Delivered
ORD003156,CUST00725,PROD0090,4,955.06,2025-09-20,,Returned
ORD004402,CUST00516,PROD0111,1,42616.44,2025-05-14,2025-05-15,Delivered
ORD004386,CUST00573,PROD0013,3,39659.48,2026-05-31,2026-06-08,Delivered
ORD000132,CUST00564,PROD0068,2,1375.21,2025-10-03,2025-10-06,Delivered
ORD002038,CUST00614,PROD0107,2,328.16,2026-03-13,2026-03-19,Delivered
ORD000610,CUST00616,PROD0136,5,18573.07,2026-04-01,,Shipped
ORD003101,CUST00103,PROD0037,1,1155.64,2026-03-12,,Returned
ORD004062,CUST00277,PROD0103,2,11738.74,2025-12-28,,Cancelled
ORD002302,CUST00645,PROD0150,1,2716.88,2025-11-07,2025-11-11,Delivered
ORD002680,CUST00203,PROD0106,2,3327.3,2026-03-13,2026-03-15,Delivered
ORD004570,CUST00490,PROD0081,1,4820.76,2025-03-10,2025-03-12,Delivered
ORD004096,CUST00024,PROD0077,1,2052.65,2025-03-27,2025-04-02,Delivered
ORD003311,CUST00723,PROD0097,5,166.92,2025-07-11,2025-07-19,Delivered
ORD004146,CUST00012,PROD0143,3,1730.89,2025-10-22,,Returned
ORD001392,CUST00231,PROD0028,2,302.64,2025-10-13,2025-10-17,Delivered
ORD001928,CUST00736,PROD0086,5,1450.41,2026-02-26,,Shipped
ORD005793,CUST00239,PROD0117,4,430.76,2025-07-28,,Processing
ORD001804,CUST00218,PROD0106,5,3327.3,2025-10-20,,Cancelled
ORD003446,CUST00176,PROD0046,3,51.86,2025-12-18,2025-12-23,Delivered
ORD000681,CUST00399,PROD0073,3,34399.58,2025-03-04,2025-03-07,Delivered
ORD001674,CUST00368,PROD0133,4,1400.65,2025-02-13,2025-02-23,Delivered
ORD003847,CUST00697,PROD0060,1,7402.46,2025-11-18,2025-11-19,Delivered
ORD002643,CUST00013,PROD0075,3,209.7,2025-06-07,2025-06-19,Delivered
ORD004776,CUST00058,PROD0068,3,1375.21,2025-12-27,,Cancelled
ORD001500,CUST00626,PROD0055,4,70.6,2026-01-21,2026-01-23,Delivered
ORD002241,CUST00308,PROD0140,5,899.29,2026-04-14,,Returned
ORD005400,CUST00700,PROD0032,1,1176.78,2025-07-25,2025-07-30,Delivered
ORD003547,CUST00799,PROD0077,1,2052.65,2025-01-02,2025-01-03,Delivered
ORD001677,CUST00723,PROD0147,5,4832.5,2025-02-08,,Cancelled
ORD001693,CUST00531,PROD0038,1,8563.39,2025-10-31,2025-11-10,Delivered
ORD004740,CUST00390,PROD0085,3,4763.96,2026-03-06,,Shipped
ORD003698,CUST00160,PROD0137,1,1360.59,2026-06-09,2026-06-12,Delivered
ORD004516,CUST00063,PROD0090,4,955.06,2025-05-02,,Processing
ORD000266,CUST00751,PROD0112,3,1969.23,2026-01-04,,Processing
ORD005366,CUST00271,PROD0119,1,2603.43,2025-05-23,,Processing
ORD000282,CUST00142,PROD0031,2,2204.46,2026-03-01,2026-03-09,Delivered
ORD004207,CUST00128,PROD0064,1,3664.82,2026-02-15,,Returned
ORD002413,CUST00065,PROD0015,4,2263.06,2026-01-05,,Cancelled
ORD001562,CUST00060,PROD0076,4,32834.68,2025-12-05,,Shipped
ORD002632,CUST00652,PROD0091,2,1751.39,2025-08-29,2025-09-01,Delivered
ORD005977,CUST00471,PROD0116,3,8033.73,2026-06-03,,Processing
ORD000147,CUST00412,PROD0126,1,8384.51,2025-08-22,,Shipped
ORD002173,CUST00558,PROD0083,2,385.32,2025-04-13,2025-04-18,Delivered
ORD000448,CUST00676,PROD0014,5,1289.47,2025-05-26,,Returned
ORD003227,CUST00304,PROD0085,5,4763.96,2025-06-04,2025-06-08,Delivered
ORD000927,CUST00164,PROD0103,5,11738.74,2025-09-10,,Processing
ORD004934,CUST00163,PROD0011,2,1483.6,2025-02-24,2025-03-06,Delivered
ORD002969,CUST00480,PROD0030,1,429.82,2025-03-04,2025-03-08,Delivered
ORD000557,CUST00219,PROD0049,3,191.03,2026-02-04,,Processing
ORD005112,CUST00655,PROD0094,5,1211.97,2025-11-01,2025-11-13,Delivered
ORD001311,CUST00507,PROD0128,4,3825.7,2025-11-28,2025-11-30,Delivered
ORD001091,CUST00663,PROD0052,5,1448.8,2025-06-07,2025-06-11,Delivered
ORD001568,CUST00032,PROD0150,1,2716.88,2025-09-23,,Cancelled
ORD003419,CUST00781,PROD0024,4,1123.83,2026-01-17,,Processing
ORD003094,CUST00693,PROD0103,2,11738.74,2025-03-19,,Returned
ORD004113,CUST00005,PROD0127,4,919.23,2025-03-25,,Delivered
ORD003980,CUST00552,PROD0133,4,1400.65,2025-01-17,2025-01-22,Delivered
ORD003876,CUST00744,PROD0066,1,4931.77,2026-06-04,,Processing
ORD004240,CUST00133,PROD0125,2,11796.3,2025-01-02,2025-01-13,Delivered
ORD005170,CUST00415,PROD0142,4,1821.04,2026-05-18,,Returned
ORD001461,CUST00280,PROD0144,2,4806.1,2026-01-27,2026-02-08,Delivered
ORD002118,CUST00109,PROD0087,5,13732.01,2026-07-05,,Shipped
ORD003677,CUST00010,PROD0073,4,34399.58,2025-09-07,2025-09-09,Delivered
ORD005403,CUST00586,PROD0118,4,828.66,2025-12-03,2025-12-12,Delivered
ORD003914,CUST00277,PROD0138,3,3519.99,2025-02-12,,Returned
ORD005775,CUST00073,PROD0126,3,8384.51,2026-04-12,,Shipped
ORD005424,CUST00073,PROD0064,5,3664.82,2026-07-19,2026-07-30,Delivered
ORD004411,CUST00203,PROD0065,3,9361.22,2025-10-11,2025-10-19,Delivered
ORD000311,CUST00074,PROD0141,3,22625.81,2026-07-27,,Processing
ORD004241,CUST00115,PROD0115,2,55563.32,2025-07-17,2025-07-23,Delivered
ORD002188,CUST00379,PROD0111,4,42616.44,2026-07-28,,Cancelled
ORD001198,CUST00020,PROD0101,1,782.0,2026-03-16,,Cancelled
ORD004718,CUST00585,PROD0009,1,390.58,2025-06-03,2025-06-14,Delivered
ORD003849,CUST00715,PROD0012,5,4952.6,2026-03-15,,Processing
ORD003514,CUST00260,PROD0107,4,328.16,2025-05-02,2025-05-14,Delivered
ORD000860,CUST00231,PROD0146,2,9127.13,2026-06-20,,Delivered
ORD004194,CUST00572,PROD0040,1,2990.7,2025-08-15,2025-08-16,Delivered
ORD003067,CUST00548,PROD0007,1,40685.29,2026-04-07,2026-04-11,Delivered
ORD001377,CUST00008,PROD0031,1,2204.46,2026-02-23,2026-03-05,Delivered
ORD004047,CUST00024,PROD0055,5,70.6,2025-11-18,2025-11-21,Delivered
ORD003181,CUST00759,PROD0113,2,974.15,2025-01-03,,Shipped
ORD001167,CUST00063,PROD0024,3,1123.83,2026-04-23,,Returned
ORD003332,CUST00685,PROD0130,4,314.99,2025-02-05,,Processing
ORD004674,CUST00351,PROD0122,3,993.76,2025-10-03,,Cancelled
ORD001932,CUST00033,PROD0087,2,13732.01,2026-05-24,2026-05-31,Delivered
ORD003158,CUST00689,PROD0023,0,11903.15,2026-01-17,2026-01-18,Delivered
ORD000254,CUST00630,PROD0129,1,17176.36,2025-10-24,2025-10-29,Delivered
ORD001045,CUST00307,PROD0126,1,8384.51,2026-06-26,,Shipped
ORD001474,CUST00314,PROD0088,4,34407.7,2025-03-30,,Returned
ORD004042,CUST00203,PROD0117,2,430.76,2025-10-22,,Shipped
ORD002766,CUST00609,PROD0115,2,55563.32,2026-02-21,,Shipped
ORD004015,CUST00370,PROD0056,3,861.22,2025-06-21,,Cancelled
ORD005035,CUST00107,PROD0145,2,2463.88,2025-02-01,2025-02-12,Delivered
ORD003562,CUST00119,PROD0146,1,9127.13,2025-11-02,2025-11-11,Delivered
ORD000859,CUST00567,PROD0145,5,2463.88,2025-06-29,2025-07-11,Delivered
ORD002616,CUST00618,PROD0043,2,2444.21,2025-05-04,,Processing
ORD004183,CUST00357,PROD0089,5,16755.29,2025-03-23,2025-04-04,Delivered
ORD003273,CUST00616,PROD0143,4,1730.89,2025-01-07,,Cancelled
ORD000268,CUST00517,PROD0028,2,302.64,2025-03-25,2025-04-03,Delivered
ORD003526,CUST00735,PROD0148,3,985.06,2025-06-23,2025-06-25,Delivered
ORD002467,CUST00363,PROD0030,1,429.82,2025-07-09,,Delivered
ORD000746,CUST00125,PROD0090,1,955.06,2025-07-28,2025-07-31,Delivered
ORD001758,CUST00241,PROD0040,4,2990.7,2026-07-04,2026-07-07,Delivered
ORD004310,CUST00419,PROD0078,5,12507.55,2026-02-21,,Processing
ORD001531,CUST00114,PROD0118,5,828.66,2026-03-07,,Processing
ORD004490,CUST00652,PROD0101,5,782.0,2026-06-06,,Shipped
ORD001520,CUST00216,PROD0045,1,1228.68,2026-07-02,2026-07-14,Delivered
ORD001789,CUST00326,PROD0005,3,560.65,2026-01-25,,Returned
ORD003189,CUST00086,PROD0053,1,379.38,2026-06-10,2026-06-19,Delivered
ORD000898,CUST00508,PROD0131,3,6853.95,2026-05-26,,Returned
ORD001329,CUST00732,PROD0011,1,1483.6,2025-02-06,2025-02-17,Delivered
ORD000126,CUST00674,PROD0141,4,22625.81,2025-06-07,,Processing
ORD005055,CUST00487,PROD0092,1,1419.85,2026-03-11,,Shipped
ORD003721,CUST00095,PROD0047,5,26286.3,2026-04-03,,Returned
ORD005509,CUST00602,PROD0010,4,11743.74,2025-12-13,,Cancelled
ORD000245,CUST00612,PROD0073,1,34399.58,2026-06-14,,Returned
ORD003060,CUST00293,PROD0038,4,8563.39,2025-04-16,2025-04-24,Delivered
ORD002459,CUST00168,PROD0136,5,18573.07,2025-06-08,2025-06-13,Delivered
ORD000731,CUST00797,PROD0075,3,209.7,2025-08-30,,Returned
ORD003837,CUST00249,PROD0085,3,4763.96,2025-02-07,,Shipped
ORD003623,CUST00532,PROD0096,1,32150.75,2025-07-10,2025-07-15,Delivered
ORD001882,CUST00742,PROD0102,1,133.37,2026-03-06,2026-03-15,Delivered
ORD002034,CUST00661,PROD0014,4,1289.47,2025-08-07,,Shipped
ORD000872,CUST00199,PROD0111,1,42616.44,2025-04-15,2025-04-20,Delivered
ORD004035,CUST00530,PROD0090,4,955.06,2025-11-23,,Delivered
ORD003420,CUST00308,PROD0066,5,4931.77,2025-09-11,,Cancelled
ORD000146,CUST00654,PROD0096,1,32150.75,2025-12-12,,Shipped
ORD002468,CUST00034,PROD0134,4,3036.32,2026-04-18,,Cancelled
ORD002083,CUST00584,PROD0058,4,4704.83,2025-07-25,,Returned
ORD001831,CUST00099,PROD0081,5,4820.76,2026-07-04,2026-07-14,Delivered
ORD001489,CUST00639,PROD0120,5,418.7,2025-07-10,,Returned
ORD005708,CUST00425,PROD0088,3,34407.7,2025-10-12,2025-10-18,Delivered
ORD005351,CUST00649,PROD0034,4,2546.45,2025-05-12,2025-05-23,Delivered
ORD003291,CUST00393,PROD0036,3,559.64,2026-07-09,,Delivered
ORD002031,CUST00145,PROD0136,2,18573.07,2025-02-11,,Returned
ORD001594,CUST00475,PROD0107,1,328.16,2026-02-18,,Cancelled
ORD000190,CUST00686,PROD0036,4,559.64,2025-04-18,2025-04-23,Delivered
ORD002929,CUST00393,PROD0091,3,1751.39,2025-04-07,2025-04-15,Delivered
ORD005186,CUST00317,PROD0010,4,11743.74,2026-06-13,,Cancelled
ORD002556,CUST00361,PROD0086,5,1450.41,2026-07-24,,Returned
ORD005376,CUST00143,PROD0075,3,209.7,2025-08-04,,Cancelled
ORD004757,CUST00604,PROD0026,5,4912.92,2026-03-09,2026-03-19,Delivered
ORD004272,CUST00655,PROD0111,1,42616.44,2026-07-10,2026-07-14,Delivered
ORD002600,CUST00466,PROD0020,1,4298.98,2026-01-10,,Returned
ORD004431,CUST00055,PROD0145,3,2463.88,2026-04-27,2026-04-30,Delivered
ORD000957,CUST00259,PROD0011,5,1483.6,2026-03-01,,Shipped
ORD003250,CUST00335,PROD0001,1,2002.86,2025-10-19,2025-10-20,Delivered
ORD002130,CUST00176,PROD0067,2,4271.55,2026-01-22,,Processing
ORD002338,CUST00241,PROD0060,5,7402.46,2026-05-22,2026-05-25,Delivered
ORD005494,CUST00566,PROD0074,2,2124.57,2025-03-24,,Shipped
ORD000728,CUST00224,PROD0135,4,7336.91,2026-04-10,2026-04-14,Delivered
ORD003046,CUST00672,PROD0115,4,55563.32,2026-03-15,2026-03-16,Delivered
ORD001551,CUST00692,PROD0045,4,1228.68,2025-07-24,2025-07-29,Delivered
ORD003325,CUST00234,PROD0010,4,11743.74,2025-11-01,2025-11-09,Delivered
ORD004683,CUST00576,PROD0039,3,5112.85,2026-04-22,,Returned
ORD005956,CUST00781,PROD0125,2,11796.3,2026-02-25,,Shipped
ORD004136,CUST00136,PROD0037,4,1155.64,2025-08-17,,Returned
ORD002877,CUST00508,PROD0111,1,42616.44,2026-01-11,,Shipped
ORD005761,CUST00408,PROD0072,5,263.08,2026-01-23,,Cancelled
ORD001196,CUST00586,PROD0040,3,2990.7,2026-06-16,,Processing
ORD004938,CUST00136,PROD0075,1,209.7,2025-09-01,2025-09-09,Delivered
ORD000020,CUST00474,PROD0100,5,7797.29,2026-02-06,2026-02-12,Delivered
ORD005357,CUST00734,PROD0120,1,418.7,2025-05-24,,Shipped
ORD003573,CUST00035,PROD0028,3,302.64,2026-07-02,,Processing
ORD000945,CUST00621,PROD0084,3,317.91,2026-07-30,2026-08-09,Delivered
ORD005323,CUST00240,PROD0120,3,418.7,2025-11-03,,Delivered
ORD001729,CUST00543,PROD0147,5,4832.5,2025-06-27,,Processing
ORD003537,CUST00568,PROD0093,4,513.19,2026-01-11,,Shipped
ORD001018,CUST00729,PROD0003,3,14338.6,2025-04-15,,Cancelled
ORD003995,CUST00311,PROD0056,1,861.22,2025-12-06,2025-12-17,Delivered
ORD005562,CUST00596,PROD0035,2,4733.42,2025-09-13,2025-09-17,Delivered
ORD000539,CUST00481,PROD0050,5,3898.39,2025-12-12,,Processing
ORD001480,CUST00231,PROD0113,3,974.15,2025-04-05,,Processing
ORD004884,CUST00794,PROD0007,2,40685.29,2026-03-28,,Shipped
ORD005109,CUST00405,PROD0083,2,385.32,2025-01-06,,Delivered
ORD004795,CUST00195,PROD0087,2,13732.01,2025-01-09,,Processing
ORD003949,CUST00018,PROD0135,5,7336.91,2026-01-09,2026-01-21,Delivered
ORD005746,CUST00705,PROD0059,2,685.94,2025-10-13,2025-10-17,Delivered
ORD005056,CUST00512,PROD0135,4,7336.91,2026-04-30,,Processing
ORD004632,CUST00562,PROD0054,4,1632.64,2026-06-28,,Processing
ORD000055,CUST00644,PROD0007,3,40685.29,2025-07-30,2025-08-11,Delivered
ORD004598,CUST00623,PROD0054,1,1632.64,2026-02-08,2026-02-19,Delivered
ORD001362,CUST00231,PROD0066,1,4931.77,2025-12-28,2026-01-07,Delivered
ORD004966,CUST00334,PROD0012,2,4952.6,2026-02-20,2026-02-21,Delivered
ORD003317,CUST00654,PROD0088,2,34407.7,2026-02-03,,Returned
ORD002179,CUST00515,PROD0055,2,70.6,2026-01-19,2026-01-20,Delivered
ORD001060,CUST00314,PROD0075,3,209.7,2026-05-10,,Shipped
ORD002388,CUST00053,PROD0142,5,1821.04,2025-08-18,,Cancelled
ORD005656,CUST00428,PROD0133,1,1400.65,2025-11-10,2025-11-15,Delivered
ORD002539,CUST00401,PROD0009,2,390.58,2026-03-15,,Shipped
ORD003536,CUST00612,PROD0023,4,11903.15,2025-06-09,,Cancelled
ORD000412,CUST00119,PROD0083,5,385.32,2025-04-02,,Cancelled
ORD000519,CUST00548,PROD0148,3,985.06,2025-02-04,,Returned
ORD002342,CUST00343,PROD0093,4,513.19,2026-05-24,,Returned
ORD002822,CUST00645,PROD0044,1,1423.72,2025-08-26,,Delivered
ORD003133,CUST00144,PROD0119,2,2603.43,2025-07-24,,Cancelled
ORD000085,CUST00581,PROD0020,2,4298.98,2025-05-20,2025-05-23,Delivered
ORD004603,CUST00749,PROD0063,2,869.54,2025-09-11,,Returned
ORD001158,CUST00622,PROD0025,1,4203.28,2025-05-27,2025-06-04,Delivered
ORD002332,CUST00163,PROD0050,3,3898.39,2025-12-25,2026-01-06,Delivered
ORD003988,CUST00637,PROD0006,1,812.36,2025-04-11,,Cancelled
ORD005785,CUST00015,PROD0060,4,7402.46,2025-09-11,,Delivered
ORD002866,CUST00242,PROD0150,2,2716.88,2025-08-15,2025-08-26,Delivered
ORD004023,CUST00472,PROD0086,2,1450.41,2026-02-09,2026-02-11,Delivered
ORD005077,CUST00410,PROD0009,5,390.58,2025-05-25,2025-05-26,Delivered
ORD005877,CUST00066,PROD0035,4,4733.42,2025-10-21,,Returned
ORD000789,CUST00593,PROD0059,1,685.94,2026-07-30,,Returned
ORD002660,CUST00508,PROD0111,5,42616.44,2026-02-18,,Returned
ORD000685,CUST00559,PROD0006,5,812.36,2025-11-30,,Returned
ORD002502,CUST00782,PROD0084,3,317.91,2025-01-06,2025-01-14,Delivered
ORD002913,CUST00523,PROD0044,1,1423.72,2025-06-05,2025-06-15,Delivered
ORD002480,CUST00627,PROD0115,5,55563.32,2025-11-28,,Cancelled
ORD000468,CUST00434,PROD0047,5,26286.3,2025-08-27,2025-08-28,Delivered
ORD001364,CUST00437,PROD0096,4,32150.75,2025-03-15,,Cancelled
ORD001075,CUST00424,PROD0061,1,1083.6,2025-12-17,2025-12-24,Delivered
ORD002258,CUST00653,PROD0088,4,34407.7,2025-06-21,2025-06-28,Delivered
ORD001815,CUST00628,PROD0070,3,10505.06,2025-07-22,,Returned
ORD004651,CUST00280,PROD0124,2,2908.87,2026-07-02,,Processing
ORD004264,CUST00243,PROD0106,3,3327.3,2025-10-05,,Cancelled
ORD005029,CUST00426,PROD0073,1,34399.58,2026-02-20,2026-02-28,Delivered
ORD004100,CUST00646,PROD0144,5,4806.1,2025-04-13,,Cancelled
ORD003206,CUST00644,PROD0072,1,263.08,2025-09-06,,Shipped
ORD004800,CUST00626,PROD0020,3,4298.98,2025-02-01,,Returned
ORD004734,CUST00608,PROD0055,5,70.6,2025-02-11,2025-02-23,Delivered
ORD005729,CUST00528,PROD0010,4,11743.74,2026-03-01,2026-03-04,Delivered
ORD005512,CUST00054,PROD0014,2,1289.47,2026-05-08,,Cancelled
ORD001011,CUST00183,PROD0097,1,166.92,2025-12-08,2025-12-20,Delivered
ORD003074,CUST00350,PROD0057,5,1462.31,2025-08-19,,Returned
ORD005037,CUST00635,PROD0055,4,70.6,2025-10-22,,Returned
ORD004984,CUST00332,PROD0036,2,559.64,2025-02-23,,Returned
ORD005231,CUST00247,PROD0093,3,513.19,2025-12-29,,Cancelled
ORD003426,CUST00734,PROD0142,1,1821.04,2025-10-21,2025-10-26,Delivered
ORD002247,CUST00224,PROD0040,2,2990.7,2025-11-24,2025-12-02,Delivered
ORD003819,CUST00505,PROD0089,5,16755.29,2025-07-05,2025-07-16,Delivered
ORD004777,CUST00304,PROD0086,5,1450.41,2025-02-05,2025-02-17,Delivered
ORD003965,CUST00684,PROD0143,2,1730.89,2025-04-11,,Cancelled
ORD002462,CUST00602,PROD0139,4,4171.69,2025-09-16,,Shipped
ORD004761,CUST00376,PROD0143,3,1730.89,2026-01-30,,Returned
ORD004141,CUST00441,PROD0065,3,9361.22,2026-01-24,,Cancelled
ORD003151,CUST00270,PROD0024,4,1123.83,2025-10-13,,Processing
ORD001199,CUST00114,PROD0045,4,1228.68,2025-11-22,2025-11-29,Delivered
ORD005606,CUST00698,PROD0100,1,7797.29,2026-03-07,,Delivered
ORD002711,CUST00687,PROD0041,2,543.32,2025-07-25,2025-08-04,Delivered
ORD002096,CUST00144,PROD0111,5,42616.44,2025-01-17,2025-01-27,Delivered
ORD004488,CUST00226,PROD0002,5,2472.29,2025-11-24,,Returned
ORD004131,CUST00470,PROD0007,2,40685.29,2025-01-11,,Shipped
ORD000573,CUST00306,PROD0023,3,11903.15,2025-12-23,2026-01-01,Delivered
ORD001911,CUST00462,PROD0048,5,56173.09,2026-02-28,2026-03-04,Delivered
ORD001924,CUST00205,PROD0121,5,751.76,2026-05-15,2026-05-23,Delivered
ORD003096,CUST00715,PROD0069,1,58378.98,2025-07-28,,Processing
ORD001950,CUST00362,PROD0053,3,379.38,2025-05-28,,Cancelled
ORD004790,CUST00753,PROD0128,4,3825.7,2025-10-30,2025-11-01,Delivered
ORD001801,CUST00295,PROD0021,2,156.01,2025-07-22,2025-07-31,Delivered
ORD000263,CUST00492,PROD0050,3,3898.39,2026-05-13,,Processing
ORD005142,CUST00501,PROD0092,3,1419.85,2025-06-25,,Processing
ORD000965,CUST00556,PROD0111,2,42616.44,2026-05-09,,Cancelled
ORD001639,CUST00614,PROD0033,3,5639.02,2026-07-07,2026-07-15,Delivered
ORD001205,CUST00364,PROD0014,3,1289.47,2025-03-26,2025-04-06,Delivered
ORD004164,CUST00014,PROD0036,1,559.64,2025-02-26,,Cancelled
ORD005538,CUST00787,PROD0044,2,1423.72,2026-05-07,2026-05-17,Delivered
ORD004904,CUST00623,PROD0121,1,751.76,2026-05-08,2026-05-11,Delivered
ORD001129,CUST00073,PROD0086,2,1450.41,2025-09-09,,Cancelled
ORD003925,CUST00512,PROD0068,3,1375.21,2025-09-08,,Processing
ORD004236,CUST00335,PROD0138,3,3519.99,2025-04-01,,Processing
ORD005379,CUST00569,PROD0013,5,39659.48,2026-04-02,,Processing
ORD003470,CUST00352,PROD0010,1,11743.74,2025-11-24,2025-11-27,Delivered
ORD003293,CUST00059,PROD0094,5,1211.97,2026-01-09,2026-01-15,Delivered
ORD000426,CUST00378,PROD0126,4,8384.51,2025-06-10,,Processing
ORD001478,CUST00557,PROD0080,1,4686.49,2026-01-24,2026-01-29,Delivered
ORD001442,CUST00609,PROD0096,5,32150.75,2025-06-19,,Shipped
ORD001083,CUST00169,PROD0072,3,263.08,2026-03-05,,Processing
ORD000039,CUST00352,PROD0095,4,6063.96,2026-05-15,2026-05-27,Delivered
ORD003576,CUST00563,PROD0016,2,59834.55,2025-08-07,2025-08-17,Delivered
ORD005474,CUST00145,PROD0065,3,9361.22,2025-08-24,,Returned
ORD003810,CUST00142,PROD0074,4,2124.57,2025-03-12,,Shipped
ORD005847,CUST00761,PROD0029,4,901.03,2025-09-13,2025-09-22,Delivered
ORD000424,CUST00474,PROD0137,1,1360.59,2025-07-10,,Returned
ORD005252,CUST00481,PROD0149,2,5764.99,2025-03-23,,Delivered
ORD000390,CUST00741,PROD0020,2,4298.98,2026-06-16,2026-06-28,Delivered
ORD000640,CUST00086,PROD0075,3,209.7,2026-06-27,2026-07-06,Delivered
ORD002737,CUST00128,PROD0097,3,166.92,2025-09-24,,Cancelled
ORD003776,CUST00048,PROD0017,4,4701.06,2025-08-07,2025-08-14,Delivered
ORD004133,CUST00542,PROD0047,4,26286.3,2025-03-11,2025-03-18,Delivered
ORD000063,CUST00133,PROD0138,3,3519.99,2026-02-05,2026-02-10,Delivered
ORD005418,CUST00652,PROD0044,3,1423.72,2025-09-14,,Shipped
ORD005100,CUST00368,PROD0087,4,13732.01,2025-09-17,,Processing
ORD000100,CUST00418,PROD0123,5,21424.68,2026-05-12,,Processing
ORD002595,CUST00155,PROD0011,5,1483.6,2026-05-20,2026-06-01,Delivered
ORD004885,CUST00695,PROD0009,4,390.58,2026-06-22,,Processing
ORD004828,CUST00357,PROD0030,3,429.82,2025-06-07,,Shipped
ORD005827,CUST00794,PROD0116,2,8033.73,2025-07-11,2025-07-18,Delivered
ORD005088,CUST00123,PROD0020,1,4298.98,2025-04-02,,Returned
ORD003327,CUST00637,PROD0096,5,32150.75,2025-01-03,2025-01-04,Delivered
ORD004382,CUST00010,PROD0044,5,1423.72,2025-01-04,2025-01-09,Delivered
ORD000150,CUST00514,PROD0104,2,1042.65,2026-06-21,2026-06-24,Delivered
ORD000010,CUST00244,PROD0124,1,2908.87,2025-10-30,2025-11-01,Delivered
ORD000913,CUST00512,PROD0119,3,2603.43,2025-03-29,2025-04-05,Delivered
ORD003367,CUST00716,PROD0131,1,6853.95,2025-11-26,2025-12-06,Delivered
ORD000599,CUST00608,PROD0011,3,1483.6,2026-01-11,2026-01-20,Delivered
ORD000780,CUST00155,PROD0125,2,11796.3,2025-03-04,2025-03-11,Delivered
ORD000065,CUST00092,PROD0117,5,430.76,2025-02-26,,Delivered
ORD003030,CUST00343,PROD0031,3,2204.46,2026-05-26,,Shipped
ORD001923,CUST00412,PROD0119,3,2603.43,2025-11-07,,Processing
ORD002396,CUST00463,PROD0129,2,17176.36,2025-02-12,2025-02-17,Delivered
ORD000321,CUST00705,PROD0052,2,1448.8,2025-09-05,2025-09-09,Delivered
ORD003827,CUST00331,PROD0140,4,899.29,2025-12-10,,Processing
ORD001002,CUST00142,PROD0098,5,648.17,2026-03-24,2026-03-29,Delivered
ORD003167,CUST00036,PROD0012,4,4952.6,2026-04-28,,Cancelled
ORD002608,CUST00608,PROD0079,5,2916.61,2025-03-31,2025-04-07,Delivered
ORD003890,CUST00067,PROD0123,3,21424.68,2026-03-05,,Processing
ORD003341,CUST00076,PROD0140,4,899.29,2025-03-01,,Shipped
ORD004576,CUST00454,PROD0148,3,985.06,2025-04-03,2025-04-12,Delivered
ORD005047,CUST00504,PROD0104,2,1042.65,2026-06-25,,Processing
ORD005859,CUST00231,PROD0111,3,42616.44,2026-03-04,,Returned
ORD000069,CUST00712,PROD0015,4,2263.06,2025-06-20,2025-06-25,Delivered
ORD000981,CUST00027,PROD0074,4,2124.57,2025-06-24,,Processing
ORD003031,CUST00661,PROD0040,4,2990.7,2026-06-02,,Cancelled
ORD004572,CUST00202,PROD0035,4,4733.42,2026-01-30,,Shipped
ORD005798,CUST00478,PROD0011,4,1483.6,2026-05-13,,Cancelled
ORD004634,CUST00634,PROD0150,2,2716.88,2025-09-22,2025-09-29,Delivered
ORD001395,CUST00166,PROD0114,5,1292.66,2025-05-10,,Shipped
ORD001133,CUST00055,PROD0036,3,559.64,2026-04-17,,Cancelled
ORD005762,CUST00358,PROD0114,2,1292.66,2025-08-13,,Cancelled
ORD000829,CUST00520,PROD0122,5,993.76,2025-01-20,2025-01-21,Delivered
ORD000714,CUST00409,PROD0093,1,513.19,2026-07-02,,Returned
ORD004774,CUST00661,PROD0004,3,2001.32,2025-09-19,2025-09-28,Delivered
ORD002734,CUST00373,PROD0029,4,901.03,2025-04-15,2025-04-18,Delivered
ORD005305,CUST00566,PROD0126,3,8384.51,2025-01-07,,Shipped
ORD002138,CUST00567,PROD0002,3,2472.29,2025-09-22,2025-10-01,Delivered
ORD000815,CUST00458,PROD0150,4,2716.88,2026-03-10,,Returned
ORD000105,CUST00697,PROD0092,5,1419.85,2025-01-29,2025-02-08,Delivered
ORD004343,CUST00371,PROD0027,2,331.1,2026-01-25,2026-02-02,Delivered
ORD003745,CUST00648,PROD0002,2,2472.29,2026-07-30,2026-08-06,Delivered
ORD001625,CUST00719,PROD0092,3,1419.85,2026-03-02,2026-03-04,Delivered
ORD003799,CUST00613,PROD0094,1,1211.97,2026-06-30,,Processing
ORD003091,CUST00557,PROD0002,5,2472.29,2025-01-28,2025-01-30,Delivered
ORD001127,CUST00002,PROD0072,2,263.08,2025-04-03,2025-04-06,Delivered
ORD004794,CUST00035,PROD0100,1,7797.29,2026-04-09,2026-04-15,Delivered
ORD005662,CUST00697,PROD0148,4,985.06,2026-05-25,2026-05-28,Delivered
ORD001150,CUST00672,PROD0013,3,39659.48,2025-04-06,2025-04-12,Delivered
ORD003605,CUST00454,PROD0011,1,1483.6,2025-09-08,,Processing
ORD001295,CUST00657,PROD0134,1,3036.32,2025-09-11,,Delivered
ORD004867,CUST00321,PROD0145,4,2463.88,2025-06-12,,Processing
ORD002798,CUST00232,PROD0137,1,1360.59,2025-09-29,,Processing
ORD003014,CUST00733,PROD0141,1,22625.81,2026-07-17,,Processing
ORD003556,CUST00185,PROD0033,5,5639.02,2025-02-07,2025-02-18,Delivered
ORD002193,CUST00717,PROD0105,1,32176.55,2025-05-26,,Cancelled
ORD001440,CUST00324,PROD0141,4,22625.81,2026-02-13,,Shipped
ORD000600,CUST00479,PROD0036,3,559.64,2025-09-02,2025-09-13,Delivered
ORD003453,CUST00280,PROD0017,2,4701.06,2025-01-09,2025-01-19,Delivered
ORD004888,CUST00473,PROD0078,5,12507.55,2025-02-13,2025-02-21,Delivered
ORD002401,CUST00274,PROD0025,4,4203.28,2025-12-07,2025-12-13,Delivered
ORD004217,CUST00016,PROD0013,2,39659.48,2025-09-12,,Processing
ORD001636,CUST00475,PROD0135,2,7336.91,2025-06-11,2025-06-17,Delivered
ORD005178,CUST00550,PROD0131,3,6853.95,2025-07-17,2025-07-26,Delivered
ORD005894,CUST00203,PROD0085,5,4763.96,2026-07-28,,Processing
ORD002987,CUST00779,PROD0054,3,1632.64,2025-02-24,,Cancelled
ORD001380,CUST00537,PROD0019,2,4410.8,2026-06-12,,Cancelled
ORD001320,CUST00226,PROD0019,5,4410.8,2025-03-22,,Shipped
ORD002384,CUST00006,PROD0109,5,854.47,2026-06-01,,Returned
ORD001865,CUST00756,PROD0049,4,191.03,2026-01-17,,Shipped
ORD000452,CUST00776,PROD0093,1,513.19,2026-06-21,2026-06-28,Delivered
ORD004998,CUST00671,PROD0140,1,899.29,2025-09-27,2025-09-30,Delivered
ORD000492,CUST00183,PROD0115,5,55563.32,2025-12-31,,Processing
ORD000456,CUST00233,PROD0118,4,828.66,2026-05-26,2026-06-05,Delivered
ORD002912,CUST00047,PROD0098,2,648.17,2025-02-21,2025-02-24,Delivered
ORD005684,CUST00318,PROD0148,4,985.06,2026-05-04,,Processing
ORD002839,CUST00514,PROD0137,2,1360.59,2026-07-25,,Processing
ORD003996,CUST00760,PROD0003,5,14338.6,2025-09-19,,Cancelled
ORD002534,CUST00239,PROD0047,3,26286.3,2025-09-23,,Processing
ORD003362,CUST00790,PROD0072,1,263.08,2025-08-06,2025-08-16,Delivered
ORD005759,CUST00718,PROD0092,4,1419.85,2026-06-25,,Shipped
ORD004646,CUST00166,PROD0132,5,305.28,2026-05-14,2026-05-15,Delivered
ORD000732,CUST00216,PROD0095,5,6063.96,2026-04-15,2026-04-23,Delivered
ORD002856,CUST00177,PROD0150,4,2716.88,2026-07-06,2026-07-09,Delivered
ORD004785,CUST00750,PROD0097,5,166.92,2025-11-24,2025-11-27,Delivered
ORD005527,CUST00608,PROD0099,4,14295.1,2025-01-16,,Cancelled
ORD000152,CUST00068,PROD0095,4,6063.96,2026-06-02,,Delivered
ORD002991,CUST00488,PROD0023,1,11903.15,2025-04-14,,Returned
ORD000751,CUST00095,PROD0002,3,2472.29,2025-02-14,,Returned
ORD001229,CUST00645,PROD0099,2,14295.1,2025-01-22,2025-02-02,Delivered
ORD001022,CUST00783,PROD0078,5,12507.55,2025-06-26,,Cancelled
ORD000979,CUST00700,PROD0069,0,58378.98,2026-02-12,2026-02-15,Delivered
ORD003386,CUST00144,PROD0121,5,751.76,2025-02-27,,Cancelled
ORD001872,CUST00481,PROD0072,3,263.08,2026-05-06,,Shipped
ORD003193,CUST00734,PROD0048,4,56173.09,2025-10-10,2025-10-17,Delivered
ORD005805,CUST00542,PROD0015,4,2263.06,2026-05-23,2026-06-01,Delivered
ORD005422,CUST00022,PROD0008,1,545.71,2026-02-09,2026-02-14,Delivered
ORD003149,CUST00678,PROD0069,1,58378.98,2025-01-13,,Processing
ORD002283,CUST00092,PROD0084,3,317.91,2025-03-12,2025-03-18,Delivered
ORD004945,CUST00652,PROD0010,1,11743.74,2026-05-21,,Shipped
ORD004729,CUST00404,PROD0077,3,2052.65,2026-05-21,2026-05-30,Delivered
ORD005545,CUST00255,PROD0064,3,3664.82,2025-06-14,,Shipped
ORD004064,CUST00672,PROD0126,1,8384.51,2026-04-11,2026-04-20,Delivered
ORD002265,CUST00726,PROD0124,2,2908.87,2025-02-18,,Processing
ORD005861,CUST00397,PROD0025,2,4203.28,2025-01-24,,Processing
ORD002518,CUST00789,PROD0016,4,59834.55,2025-10-07,,Cancelled
ORD001544,CUST00146,PROD0104,4,1042.65,2026-04-21,,Returned
ORD001628,CUST00526,PROD0017,4,4701.06,2025-11-04,2025-11-15,Delivered
ORD004077,CUST00307,PROD0101,3,782.0,2026-04-08,,Shipped
ORD003842,CUST00790,PROD0088,1,34407.7,2026-03-25,2026-04-04,Delivered
ORD002925,CUST00408,PROD0034,2,2546.45,2026-01-05,2026-01-16,Delivered
ORD002262,CUST00430,PROD0144,3,4806.1,2025-01-17,,Processing
ORD004047,CUST00024,PROD0055,5,70.6,2025-11-18,2025-11-21,Delivered
ORD001629,CUST00194,PROD0121,1,751.76,2025-10-09,,Processing
ORD001839,CUST00587,PROD0081,4,4820.76,2026-07-18,,Cancelled
ORD005615,CUST00499,PROD0018,5,18955.94,2025-12-09,2025-12-21,Delivered
ORD003548,CUST00695,PROD0069,4,58378.98,2025-04-29,,Processing
ORD004899,CUST00150,PROD0119,4,2603.43,2026-04-26,2026-04-30,Delivered
ORD001648,CUST00529,PROD0048,3,56173.09,2025-12-16,,Returned
ORD001949,CUST00471,PROD0088,3,34407.7,2025-01-22,,Cancelled
ORD005831,CUST00622,PROD0003,3,14338.6,2025-06-10,,Processing
ORD005754,CUST00515,PROD0132,3,305.28,2025-01-21,2025-01-26,Delivered
ORD003952,CUST00055,PROD0133,1,1400.65,2026-01-21,,Processing
ORD001383,CUST00523,PROD0105,4,32176.55,2026-03-23,,Returned
ORD000405,CUST00574,PROD0014,3,1289.47,2026-06-21,,Processing
ORD001723,CUST00540,PROD0026,5,4912.92,2025-04-04,,Processing
ORD001787,CUST00167,PROD0087,1,13732.01,2025-10-07,,Returned
ORD001483,CUST00758,PROD0074,2,2124.57,2025-12-17,,Shipped
ORD002255,CUST00077,PROD0137,5,1360.59,2025-10-03,2025-10-07,Delivered
ORD001085,CUST00238,PROD0074,4,2124.57,2025-10-14,2025-10-21,Delivered
ORD000234,CUST00763,PROD0114,2,1292.66,2026-01-12,2026-01-24,Delivered
ORD002085,CUST00568,PROD0005,2,560.65,2026-05-13,2026-05-22,Delivered
ORD002722,CUST00512,PROD0106,3,3327.3,2026-07-14,2026-07-22,Delivered
ORD001028,CUST00206,PROD0138,5,3519.99,2026-05-16,2026-05-20,Delivered
ORD005911,CUST00641,PROD0132,4,305.28,2025-07-07,2025-07-18,Delivered
ORD005116,CUST00027,PROD0007,1,40685.29,2025-04-11,2025-04-20,Delivered
ORD001010,CUST00685,PROD0147,4,4832.5,2025-08-09,,Shipped
ORD004843,CUST00742,PROD0088,5,34407.7,2025-10-11,2025-10-13,Delivered
ORD005581,CUST00081,PROD0059,4,685.94,2026-05-17,,Processing
ORD005786,CUST00596,PROD0085,4,4763.96,2026-07-24,,Returned
ORD001856,CUST00221,PROD0132,4,305.28,2025-07-29,2025-07-30,Delivered
ORD003266,CUST00680,PROD0002,4,2472.29,2026-05-04,,Processing
ORD005706,CUST00074,PROD0045,2,1228.68,2025-05-23,2025-05-30,Delivered
ORD000078,CUST00651,PROD0051,5,1399.76,2025-09-09,,Delivered
ORD000553,CUST00547,PROD0018,5,18955.94,2025-08-20,,Cancelled
ORD002603,CUST00281,PROD0103,5,11738.74,2025-10-02,,Processing
ORD005041,CUST00067,PROD0047,1,26286.3,2026-04-26,,Processing
ORD005245,CUST00085,PROD0094,1,1211.97,2025-03-24,,Cancelled
ORD004106,CUST00755,PROD0140,2,899.29,2026-05-31,2026-06-11,Delivered
ORD001154,CUST00301,PROD0119,1,2603.43,2025-04-06,2025-04-17,Delivered
ORD000252,CUST00792,PROD0116,4,8033.73,2026-03-20,2026-03-27,Delivered
ORD002246,CUST00370,PROD0039,5,5112.85,2026-03-23,,Returned
ORD001808,CUST00233,PROD0023,3,11903.15,2026-01-06,2026-01-16,Delivered
ORD002978,CUST00215,PROD0067,2,4271.55,2025-12-25,,Cancelled
ORD004165,CUST00105,PROD0034,4,2546.45,2025-11-24,2025-11-26,Delivered
ORD003618,CUST00091,PROD0036,3,559.64,2025-01-06,2025-01-16,Delivered
ORD000953,CUST00523,PROD0098,5,648.17,2025-08-27,,Delivered
ORD004172,CUST00470,PROD0137,3,1360.59,2026-05-28,,Returned
ORD005669,CUST00737,PROD0100,2,7797.29,2026-06-21,,Processing
ORD005000,CUST00034,PROD0013,3,39659.48,2025-05-12,2025-05-21,Delivered
ORD001988,CUST00219,PROD0071,4,632.25,2025-08-14,,Delivered
ORD004139,CUST00098,PROD0048,1,56173.09,2026-02-21,2026-02-26,Delivered
ORD002993,CUST00023,PROD0110,2,1192.79,2025-11-11,,Processing
ORD002585,CUST00067,PROD0042,2,915.41,2025-03-25,2025-04-01,Delivered
ORD003946,CUST00365,PROD0080,4,4686.49,2026-05-06,2026-05-10,Delivered
ORD005244,CUST00353,PROD0008,3,545.71,2025-02-11,,Cancelled
ORD005674,CUST00771,PROD0131,2,6853.95,2025-01-05,2025-01-11,Delivered
ORD000919,CUST00164,PROD0137,4,1360.59,2025-07-12,2025-07-18,Delivered
ORD005203,CUST00131,PROD0063,2,869.54,2025-09-11,,Shipped
ORD004226,CUST00757,PROD0101,4,782.0,2025-08-25,2025-08-30,Delivered
ORD005004,CUST00335,PROD0005,2,560.65,2025-12-26,,Cancelled
ORD001366,CUST00339,PROD0105,3,32176.55,2026-04-27,2026-04-30,Delivered
ORD003908,CUST00741,PROD0073,2,34399.58,2025-09-22,,Cancelled
ORD002827,CUST00420,PROD0083,5,385.32,2025-11-29,2025-12-09,Delivered
ORD003136,CUST00488,PROD0024,4,1123.83,2025-11-03,2025-11-15,Delivered
ORD000235,CUST00676,PROD0115,2,55563.32,2025-03-18,2025-03-30,Delivered
ORD000327,CUST00213,PROD0045,4,1228.68,2025-05-04,,Returned
ORD000966,CUST00204,PROD0022,3,459.17,2026-07-05,2026-07-10,Delivered
ORD001871,CUST00564,PROD0106,2,3327.3,2025-01-14,2025-01-25,Delivered
ORD003611,CUST00644,PROD0071,1,632.25,2026-02-02,2026-02-14,Delivered
ORD002106,CUST00672,PROD0046,2,51.86,2025-08-03,2025-08-08,Delivered
ORD005757,CUST00263,PROD0065,3,9361.22,2025-09-21,2025-10-01,Delivered
ORD002196,CUST00439,PROD0097,3,166.92,2026-02-21,,Delivered
ORD002368,CUST00181,PROD0106,4,3327.3,2025-04-12,2025-04-20,Delivered
ORD001347,CUST00592,PROD0079,1,2916.61,2026-07-09,2026-07-19,Delivered
ORD003267,CUST00509,PROD0072,3,263.08,2026-05-07,2026-05-18,Delivered
ORD001617,CUST00204,PROD0039,3,5112.85,2025-08-17,,Processing
ORD003558,CUST00622,PROD0144,1,4806.1,2025-08-21,2025-09-01,Delivered
ORD002693,CUST00444,PROD0072,5,263.08,2026-03-20,,Cancelled
ORD005554,CUST00134,PROD0111,1,42616.44,2025-07-05,2025-07-07,Delivered
ORD001510,CUST00213,PROD0117,1,430.76,2026-05-13,,Cancelled
ORD005318,CUST00659,PROD0103,3,11738.74,2026-05-08,2026-05-17,Delivered
ORD005036,CUST00394,PROD0022,4,459.17,2026-07-16,2026-07-28,Delivered
ORD003699,CUST00084,PROD0134,1,3036.32,2025-12-24,,Shipped
ORD002391,CUST00344,PROD0097,4,166.92,2026-07-14,,Shipped
ORD005531,CUST00101,PROD0074,1,2124.57,2026-06-24,2026-06-29,Delivered
ORD005758,CUST00457,PROD0121,1,751.76,2026-05-12,2026-05-13,Delivered
ORD001056,CUST00555,PROD0137,3,1360.59,2025-09-08,2025-09-18,Delivered
ORD005084,CUST00040,PROD0125,5,11796.3,2026-05-01,2026-05-07,Delivered
ORD004053,CUST00033,PROD0025,3,4203.28,2026-05-20,,Returned
ORD002253,CUST00171,PROD0135,4,7336.91,2026-04-17,,Cancelled
ORD004227,CUST00343,PROD0111,1,42616.44,2026-02-25,2026-03-08,Delivered
ORD001289,CUST00243,PROD0076,1,32834.68,2026-02-07,,Cancelled
ORD001954,CUST00454,PROD0100,5,7797.29,2025-12-20,,Cancelled
ORD002373,CUST00723,PROD0139,2,4171.69,2025-04-19,,Cancelled
ORD002671,CUST00273,PROD0140,4,899.29,2026-05-24,,Shipped
ORD003821,CUST00458,PROD0013,4,39659.48,2025-05-29,2025-05-31,Delivered
ORD003234,CUST00540,PROD0040,3,2990.7,2025-01-07,2025-01-12,Delivered
ORD002544,CUST00785,PROD0016,1,59834.55,2026-07-14,,Returned
ORD004123,CUST00087,PROD0001,3,2002.86,2026-07-10,2026-07-20,Delivered
ORD005818,CUST00122,PROD0073,4,34399.58,2026-04-24,,Delivered
ORD003406,CUST00625,PROD0024,5,1123.83,2026-05-05,2026-05-14,Delivered
ORD005402,CUST00207,PROD0023,3,11903.15,2026-02-08,,Shipped
ORD000849,CUST00446,PROD0054,4,1632.64,2025-12-03,2025-12-14,Delivered
ORD000336,CUST00611,PROD0016,2,59834.55,2025-09-18,2025-09-26,Delivered
ORD004715,CUST00598,PROD0074,1,2124.57,2025-07-25,,Processing
ORD002005,CUST00426,PROD0110,4,1192.79,2025-04-05,,Delivered
ORD000228,CUST00147,PROD0134,1,3036.32,2025-01-26,2025-01-27,Delivered
ORD002762,CUST00546,PROD0080,1,4686.49,2026-03-22,2026-03-27,Delivered
