order_id,customer_id,product_id,quantity,unit_price,order_date,delivery_date,order_status,is_valid_quantity,delivery_days,line_revenue
ORD002565,CUST00243,PROD0025,4,4203.28,2025-04-19,,Cancelled,True,,16813.12
ORD004275,CUST00324,PROD0122,4,993.76,2025-11-27,,Shipped,True,,3975.04
ORD003045,CUST00032,PROD0116,2,8033.73,2026-07-23,,Shipped,True,,16067.46
ORD005168,CUST00576,PROD0033,2,5639.02,2026-01-01,,Returned,True,,11278.04
ORD003986,CUST00012,PROD0131,5,6853.95,2026-03-30,,Processing,True,,34269.75
ORD004228,CUST00290,PROD0094,4,1211.97,2025-09-01,2025-09-02,Delivered,True,1.0,4847.88
ORD002495,CUST00354,PROD0086,5,1450.41,2025-03-18,2025-03-30,Delivered,True,12.0,7252.05
ORD004379,CUST00744,PROD0101,3,782.0,2026-04-21,2026-05-02,Delivered,True,11.0,2346.0
ORD004964,CUST00758,PROD0007,1,40685.29,2025-02-04,,Processing,True,,40685.29
ORD004930,CUST00056,PROD0084,2,317.91,2026-06-23,,Processing,True,,635.82
ORD000542,CUST00020,PROD0009,1,390.58,2025-04-05,2025-04-15,Delivered,True,10.0,390.58
ORD003259,CUST00556,PROD0143,4,1730.89,2025-02-13,2025-02-14,Delivered,True,1.0,6923.56
ORD000335,CUST00743,PROD0077,3,2052.65,2026-07-30,2026-08-06,Delivered,True,7.0,6157.950000000001
ORD004110,CUST00373,PROD0021,3,156.01,2025-02-18,2025-02-27,Delivered,True,9.0,468.03
ORD005839,CUST00106,PROD0069,3,58378.98,2025-12-09,2025-12-20,Delivered,True,11.0,175136.94
ORD003310,CUST00356,PROD0048,5,56173.09,2025-05-17,2025-05-20,Delivered,True,3.0,280865.44999999995
ORD002981,CUST00372,PROD0131,4,6853.95,2026-03-05,,Processing,True,,27415.8
ORD003459,CUST00126,PROD0020,5,4298.98,2026-04-13,2026-04-23,Delivered,True,10.0,21494.899999999998
ORD000632,CUST00695,PROD0126,1,8384.51,2025-11-06,,Shipped,True,,8384.51
ORD000910,CUST00572,PROD0003,3,14338.6,2025-10-16,,Cancelled,True,,43015.8
ORD002599,CUST00486,PROD0061,2,1083.6,2025-09-09,2025-09-10,Delivered,True,1.0,2167.2
ORD004322,CUST00617,PROD0143,5,1730.89,2025-07-12,,Shipped,True,,8654.45
ORD003144,CUST00120,PROD0069,1,58378.98,2026-05-24,2026-05-29,Delivered,True,5.0,58378.98
ORD005159,CUST00510,PROD0065,1,9361.22,2026-07-12,,Returned,True,,9361.22
ORD002673,CUST00659,PROD0089,4,16755.29,2025-02-04,,Processing,True,,67021.16
ORD001482,CUST00246,PROD0099,2,14295.1,2026-07-05,2026-07-17,Delivered,True,12.0,28590.2
ORD004058,CUST00652,PROD0008,1,545.71,2025-04-18,2025-04-25,Delivered,True,7.0,545.71
ORD003508,CUST00766,PROD0150,1,2716.88,2025-03-25,2025-03-29,Delivered,True,4.0,2716.88
ORD005623,CUST00154,PROD0033,4,5639.02,2025-12-04,,Returned,True,,22556.08
ORD000586,CUST00564,PROD0118,4,828.66,2025-06-25,2025-06-30,Delivered,True,5.0,3314.64
ORD000206,CUST00216,PROD0124,3,2908.87,2026-01-30,2026-01-31,Delivered,True,1.0,8726.61
ORD003418,CUST00570,PROD0085,5,4763.96,2026-01-13,2026-01-17,Delivered,True,4.0,23819.8
ORD003555,CUST00666,PROD0121,0,751.76,2026-02-24,,Shipped,False,,0.0
ORD005811,CUST00266,PROD0120,1,418.7,2026-03-26,2026-04-07,Delivered,True,12.0,418.7
ORD004323,CUST00769,PROD0078,4,12507.55,2025-08-02,,Returned,True,,50030.2
ORD000270,CUST00661,PROD0055,1,70.6,2026-07-19,,Returned,True,,70.6
ORD003146,CUST00523,PROD0146,1,9127.13,2025-06-19,,Shipped,True,,9127.13
ORD002853,CUST00624,PROD0095,4,6063.96,2025-06-24,,Processing,True,,24255.84
ORD000157,CUST00725,PROD0105,5,32176.55,2025-01-21,,Returned,True,,160882.75
ORD003791,CUST00329,PROD0026,5,4912.92,2025-11-14,2025-11-15,Delivered,True,1.0,24564.6
ORD002434,CUST00333,PROD0133,4,1400.65,2026-05-08,2026-05-12,Delivered,True,4.0,5602.6
ORD005919,CUST00086,PROD0053,1,379.38,2025-01-10,,Returned,True,,379.38
ORD001593,CUST00177,PROD0081,4,4820.76,2025-11-12,,Cancelled,True,,19283.04
ORD003912,CUST00211,PROD0072,3,263.08,2026-04-18,,Cancelled,True,,789.24
ORD001984,CUST00237,PROD0115,4,55563.32,2025-12-09,,Returned,True,,222253.28
ORD003824,CUST00651,PROD0103,1,11738.74,2026-05-07,,Returned,True,,11738.74
ORD000089,CUST00428,PROD0038,1,8563.39,2025-09-12,,Cancelled,True,,8563.39
ORD001842,CUST00210,PROD0036,2,559.64,2025-04-15,2025-04-27,Delivered,True,12.0,1119.28
ORD005273,CUST00404,PROD0025,3,4203.28,2025-12-10,,Shipped,True,,12609.84
ORD005416,CUST00005,PROD0077,5,2052.65,2026-01-31,2026-02-07,Delivered,True,7.0,10263.25
ORD003569,CUST00272,PROD0069,3,58378.98,2026-04-16,2026-04-22,Delivered,True,6.0,175136.94
ORD002006,CUST00248,PROD0009,2,390.58,2025-10-26,,Processing,True,,781.16
ORD001172,CUST00321,PROD0009,5,390.58,2026-01-25,,Processing,True,,1952.8999999999999
ORD004819,CUST00189,PROD0057,1,1462.31,2025-05-05,,Cancelled,True,,1462.31
ORD005185,CUST00184,PROD0087,2,13732.01,2025-11-24,,Shipped,True,,27464.02
ORD005675,CUST00494,PROD0021,5,156.01,2025-11-30,2025-12-04,Delivered,True,4.0,780.05
ORD004453,CUST00332,PROD0139,5,4171.69,2026-04-01,2026-04-02,Delivered,True,1.0,20858.449999999997
ORD005006,CUST00295,PROD0124,4,2908.87,2026-01-11,2026-01-12,Delivered,True,1.0,11635.48
ORD001832,CUST00272,PROD0016,2,59834.55,2026-06-21,,Shipped,True,,119669.1
ORD002918,CUST00531,PROD0119,1,2603.43,2025-07-14,,Returned,True,,2603.43
ORD001006,CUST00121,PROD0033,5,5639.02,2025-08-16,,Cancelled,True,,28195.100000000002
ORD004974,CUST00425,PROD0008,3,545.71,2026-04-20,2026-05-01,Delivered,True,11.0,1637.13
ORD005228,CUST00530,PROD0033,4,5639.02,2026-01-08,2026-01-16,Delivered,True,8.0,22556.08
ORD000594,CUST00096,PROD0024,1,1123.83,2026-05-07,2026-05-19,Delivered,True,12.0,1123.83
ORD005008,CUST00666,PROD0087,2,13732.01,2026-04-16,,Shipped,True,,27464.02
ORD002483,CUST00088,PROD0137,5,1360.59,2026-02-19,,Cancelled,True,,6802.95
ORD003184,CUST00748,PROD0138,1,3519.99,2026-03-01,2026-03-08,Delivered,True,7.0,3519.99
ORD000645,CUST00784,PROD0049,5,191.03,2026-06-23,2026-06-30,Delivered,True,7.0,955.15
ORD002341,CUST00572,PROD0041,1,543.32,2025-08-16,2025-08-20,Delivered,True,4.0,543.32
ORD001612,CUST00486,PROD0041,5,543.32,2025-03-31,,Returned,True,,2716.6000000000004
ORD000012,CUST00416,PROD0134,4,3036.32,2025-12-23,2025-12-31,Delivered,True,8.0,12145.28
ORD005261,CUST00063,PROD0096,5,32150.75,2025-01-28,2025-02-04,Delivered,True,7.0,160753.75
ORD000597,CUST00012,PROD0009,3,390.58,2026-03-13,2026-03-24,Delivered,True,11.0,1171.74
ORD000030,CUST00533,PROD0139,1,4171.69,2026-03-28,2026-04-04,Delivered,True,7.0,4171.69
ORD000720,CUST00667,PROD0114,2,1292.66,2025-01-04,2025-01-15,Delivered,True,11.0,2585.32
ORD000138,CUST00077,PROD0112,2,1969.23,2025-06-01,,Shipped,True,,3938.46
ORD005696,CUST00416,PROD0139,5,4171.69,2025-06-04,,Shipped,True,,20858.449999999997
ORD002815,CUST00068,PROD0088,4,34407.7,2026-07-27,,Processing,True,,137630.8
ORD003465,CUST00286,PROD0005,3,560.65,2025-05-22,,Shipped,True,,1681.9499999999998
ORD004009,CUST00431,PROD0066,3,4931.77,2025-08-18,,Cancelled,True,,14795.310000000001
ORD000692,CUST00433,PROD0087,3,13732.01,2025-03-10,,Returned,True,,41196.03
ORD002142,CUST00662,PROD0077,2,2052.65,2025-01-22,,Cancelled,True,,4105.3
ORD004708,CUST00708,PROD0010,4,11743.74,2026-04-14,,Shipped,True,,46974.96
ORD004702,CUST00376,PROD0136,3,18573.07,2025-07-29,2025-08-07,Delivered,True,9.0,55719.21
ORD001851,CUST00441,PROD0150,4,2716.88,2025-01-08,2025-01-18,Delivered,True,10.0,10867.52
ORD003126,CUST00701,PROD0011,1,1483.6,2025-08-26,2025-08-27,Delivered,True,1.0,1483.6
ORD003893,CUST00283,PROD0047,2,26286.3,2025-10-18,,Processing,True,,52572.6
ORD003690,CUST00237,PROD0144,3,4806.1,2025-10-14,2025-10-22,Delivered,True,8.0,14418.300000000001
ORD004347,CUST00069,PROD0057,1,1462.31,2026-03-13,2026-03-23,Delivered,True,10.0,1462.31
ORD002744,CUST00589,PROD0054,2,1632.64,2025-11-21,2025-11-26,Delivered,True,5.0,3265.28
ORD004724,CUST00610,PROD0115,5,55563.32,2025-07-22,,Processing,True,,277816.6
ORD003087,CUST00113,PROD0096,3,32150.75,2025-12-19,2025-12-29,Delivered,True,10.0,96452.25
ORD000288,CUST00171,PROD0131,3,6853.95,2025-06-21,,Returned,True,,20561.85
ORD002695,CUST00705,PROD0092,1,1419.85,2025-05-20,2025-06-01,Delivered,True,12.0,1419.85
ORD003966,CUST00690,PROD0069,3,58378.98,2025-06-06,,Cancelled,True,,175136.94
ORD003976,CUST00310,PROD0119,3,2603.43,2026-07-27,,Returned,True,,7810.289999999999
ORD004341,CUST00600,PROD0063,2,869.54,2025-08-19,2025-08-31,Delivered,True,12.0,1739.08
ORD004507,CUST00560,PROD0128,3,3825.7,2026-07-03,,Shipped,True,,11477.099999999999
ORD002764,CUST00041,PROD0017,1,4701.06,2025-10-19,,Shipped,True,,4701.06
ORD004200,CUST00523,PROD0079,2,2916.61,2025-06-11,2025-06-22,Delivered,True,11.0,5833.22
ORD002965,CUST00707,PROD0050,4,3898.39,2025-11-16,2025-11-22,Delivered,True,6.0,15593.56
ORD000101,CUST00792,PROD0070,2,10505.06,2025-01-27,2025-01-28,Delivered,True,1.0,21010.12
ORD003702,CUST00045,PROD0141,2,22625.81,2025-09-08,,Cancelled,True,,45251.62
ORD001748,CUST00081,PROD0146,1,9127.13,2025-06-06,,Shipped,True,,9127.13
ORD004006,CUST00783,PROD0071,5,632.25,2026-04-14,2026-04-25,Delivered,True,11.0,3161.25
ORD005434,CUST00273,PROD0136,2,18573.07,2025-09-21,,Returned,True,,37146.14
ORD003000,CUST00217,PROD0015,2,2263.06,2025-06-17,2025-06-19,Delivered,True,2.0,4526.12
ORD004325,CUST00358,PROD0060,5,7402.46,2025-09-01,2025-09-09,Delivered,True,8.0,37012.3
ORD001271,CUST00159,PROD0085,4,4763.96,2026-03-04,,Shipped,True,,19055.84
ORD005496,CUST00208,PROD0029,1,901.03,2026-02-22,,Returned,True,,901.03
ORD004446,CUST00232,PROD0054,3,1632.64,2025-11-13,2025-11-21,Delivered,True,8.0,4897.92
ORD000812,CUST00624,PROD0050,3,3898.39,2026-04-11,2026-04-23,Delivered,True,12.0,11695.17
ORD001824,CUST00312,PROD0060,3,7402.46,2026-05-03,,Processing,True,,22207.38
ORD004134,CUST00129,PROD0009,5,390.58,2026-03-30,,Returned,True,,1952.8999999999999
ORD000378,CUST00447,PROD0146,2,9127.13,2026-07-11,,Processing,True,,18254.26
ORD001855,CUST00769,PROD0031,3,2204.46,2026-04-08,,Returned,True,,6613.38
ORD002552,CUST00205,PROD0085,1,4763.96,2025-03-13,,Delivered,True,,4763.96
ORD000421,CUST00296,PROD0070,1,10505.06,2026-04-22,2026-04-24,Delivered,True,2.0,10505.06
ORD005288,CUST00345,PROD0052,4,1448.8,2025-12-19,,Returned,True,,5795.2
ORD003182,CUST00368,PROD0136,2,18573.07,2025-10-06,,Shipped,True,,37146.14
ORD001566,CUST00258,PROD0076,2,32834.68,2025-05-12,,Shipped,True,,65669.36
ORD000489,CUST00229,PROD0082,3,503.97,2025-05-25,2025-05-28,Delivered,True,3.0,1511.91
ORD004709,CUST00607,PROD0107,4,328.16,2025-04-06,,Cancelled,True,,1312.64
ORD003390,CUST00369,PROD0011,4,1483.6,2025-08-04,2025-08-10,Delivered,True,6.0,5934.4
ORD002287,CUST00523,PROD0113,3,974.15,2026-02-28,2026-03-03,Delivered,True,3.0,2922.45
ORD003772,CUST00152,PROD0050,1,3898.39,2026-06-18,,Shipped,True,,3898.39
ORD005398,CUST00543,PROD0055,1,70.6,2025-07-09,,Returned,True,,70.6
ORD001381,CUST00522,PROD0091,2,1751.39,2026-02-16,2026-02-28,Delivered,True,12.0,3502.78
ORD004985,CUST00636,PROD0059,4,685.94,2026-07-26,2026-08-02,Delivered,True,7.0,2743.76
ORD004989,CUST00253,PROD0103,3,11738.74,2026-04-17,,Cancelled,True,,35216.22
ORD002746,CUST00456,PROD0040,1,2990.7,2026-03-05,,Cancelled,True,,2990.7
ORD002201,CUST00153,PROD0058,1,4704.83,2025-01-07,,Cancelled,True,,4704.83
ORD002020,CUST00521,PROD0102,3,133.37,2026-04-06,,Processing,True,,400.11
ORD000605,CUST00271,PROD0074,1,2124.57,2025-04-22,,Shipped,True,,2124.57
ORD002667,CUST00171,PROD0060,1,7402.46,2025-05-29,2025-05-31,Delivered,True,2.0,7402.46
ORD001750,CUST00359,PROD0130,1,314.99,2025-08-19,2025-08-25,Delivered,True,6.0,314.99
ORD002520,CUST00716,PROD0139,5,4171.69,2025-07-19,,Shipped,True,,20858.449999999997
ORD002497,CUST00045,PROD0076,3,32834.68,2026-05-13,,Processing,True,,98504.04000000001
ORD003180,CUST00411,PROD0007,4,40685.29,2025-07-03,,Processing,True,,162741.16
ORD004002,CUST00123,PROD0005,5,560.65,2026-02-13,,Processing,True,,2803.25
ORD000248,CUST00682,PROD0055,4,70.6,2025-04-17,,Cancelled,True,,282.4
ORD005477,CUST00591,PROD0143,4,1730.89,2025-08-30,,Returned,True,,6923.56
ORD003238,CUST00391,PROD0016,2,59834.55,2026-03-06,2026-03-07,Delivered,True,1.0,119669.1
ORD000162,CUST00130,PROD0028,4,302.64,2025-03-07,,Shipped,True,,1210.56
ORD001592,CUST00775,PROD0095,2,6063.96,2025-11-10,,Processing,True,,12127.92
ORD004831,CUST00073,PROD0083,3,385.32,2026-07-25,,Returned,True,,1155.96
ORD005618,CUST00769,PROD0059,4,685.94,2025-11-08,2025-11-17,Delivered,True,9.0,2743.76
ORD000502,CUST00022,PROD0061,2,1083.6,2025-03-21,,Returned,True,,2167.2
ORD004389,CUST00120,PROD0028,1,302.64,2025-04-29,2025-05-05,Delivered,True,6.0,302.64
ORD002672,CUST00439,PROD0115,5,55563.32,2026-04-06,2026-04-13,Delivered,True,7.0,277816.6
ORD005594,CUST00008,PROD0031,4,2204.46,2025-04-30,2025-05-04,Delivered,True,4.0,8817.84
ORD000976,CUST00294,PROD0099,4,14295.1,2025-03-24,2025-03-31,Delivered,True,7.0,57180.4
ORD005694,CUST00485,PROD0016,2,59834.55,2026-05-12,,Cancelled,True,,119669.1
ORD001943,CUST00094,PROD0057,2,1462.31,2026-01-28,2026-01-31,Delivered,True,3.0,2924.62
ORD002456,CUST00312,PROD0017,4,4701.06,2025-08-11,2025-08-12,Delivered,True,1.0,18804.24
ORD003053,CUST00214,PROD0038,4,8563.39,2025-07-24,,Cancelled,True,,34253.56
ORD004840,CUST00716,PROD0093,5,513.19,2026-03-18,2026-03-29,Delivered,True,11.0,2565.9500000000003
ORD003832,CUST00778,PROD0106,2,3327.3,2026-05-15,2026-05-17,Delivered,True,2.0,6654.6
ORD002432,CUST00495,PROD0065,5,9361.22,2026-06-14,,Cancelled,True,,46806.1
ORD000176,CUST00390,PROD0044,5,1423.72,2025-06-12,2025-06-15,Delivered,True,3.0,7118.6
ORD002243,CUST00656,PROD0100,4,7797.29,2025-07-20,2025-07-21,Delivered,True,1.0,31189.16
ORD005925,CUST00606,PROD0059,3,685.94,2026-02-04,2026-02-16,Delivered,True,12.0,2057.82
ORD005303,CUST00132,PROD0051,4,1399.76,2026-07-28,2026-08-08,Delivered,True,11.0,5599.04
ORD003972,CUST00040,PROD0008,5,545.71,2025-07-18,,Shipped,True,,2728.55
ORD000097,CUST00385,PROD0039,1,5112.85,2025-09-09,,Shipped,True,,5112.85
ORD001522,CUST00435,PROD0118,1,828.66,2025-03-20,,Processing,True,,828.66
ORD000294,CUST00661,PROD0098,3,648.17,2025-04-11,2025-04-16,Delivered,True,5.0,1944.5099999999998
ORD001363,CUST00350,PROD0020,5,4298.98,2026-03-31,2026-04-04,Delivered,True,4.0,21494.899999999998
ORD003830,CUST00388,PROD0025,2,4203.28,2026-04-18,,Processing,True,,8406.56
ORD001557,CUST00319,PROD0016,3,59834.55,2026-02-12,,Processing,True,,179503.65000000002
ORD005996,CUST00140,PROD0057,5,1462.31,2026-06-12,,Cancelled,True,,7311.549999999999
ORD000259,CUST00476,PROD0089,2,16755.29,2026-02-27,2026-03-02,Delivered,True,3.0,33510.58
ORD005707,CUST00466,PROD0149,3,5764.99,2025-04-08,,Processing,True,,17294.97
ORD002903,CUST00383,PROD0017,1,4701.06,2025-02-27,,Shipped,True,,4701.06
ORD002664,CUST00796,PROD0140,4,899.29,2025-12-27,2026-01-07,Delivered,True,11.0,3597.16
ORD000569,CUST00554,PROD0011,2,1483.6,2025-04-13,,Cancelled,True,,2967.2
ORD004967,CUST00447,PROD0061,2,1083.6,2026-03-20,,Returned,True,,2167.2
ORD000783,CUST00165,PROD0089,4,16755.29,2025-08-26,2025-09-05,Delivered,True,10.0,67021.16
ORD003750,CUST00534,PROD0021,1,156.01,2025-04-25,2025-05-06,Delivered,True,11.0,156.01
ORD003710,CUST00190,PROD0114,5,1292.66,2026-06-12,2026-06-20,Delivered,True,8.0,6463.3
ORD000106,CUST00434,PROD0139,3,4171.69,2025-06-29,2025-07-01,Delivered,True,2.0,12515.07
ORD004483,CUST00546,PROD0080,3,4686.49,2025-06-21,2025-06-28,Delivered,True,7.0,14059.47
ORD002559,CUST00271,PROD0003,2,14338.6,2026-04-14,,Processing,True,,28677.2
ORD004897,CUST00783,PROD0112,1,1969.23,2026-05-10,2026-05-21,Delivered,True,11.0,1969.23
ORD001148,CUST00031,PROD0003,3,14338.6,2025-07-12,2025-07-23,Delivered,True,11.0,43015.8
ORD002319,CUST00545,PROD0007,1,40685.29,2025-11-07,,Returned,True,,40685.29
ORD001518,CUST00180,PROD0107,1,328.16,2026-04-03,,Shipped,True,,328.16
ORD003590,CUST00595,PROD0080,1,4686.49,2026-04-06,,Delivered,True,,4686.49
ORD001031,CUST00260,PROD0066,1,4931.77,2025-03-28,,Shipped,True,,4931.77
ORD005683,CUST00148,PROD0088,4,34407.7,2025-03-07,,Cancelled,True,,137630.8
ORD001945,CUST00288,PROD0043,2,2444.21,2025-08-14,2025-08-15,Delivered,True,1.0,4888.42
ORD003991,CUST00209,PROD0083,2,385.32,2026-07-28,,Shipped,True,,770.64
ORD005791,CUST00586,PROD0136,3,18573.07,2025-04-13,,Processing,True,,55719.21
ORD004541,CUST00555,PROD0045,2,1228.68,2025-05-13,,Returned,True,,2457.36
ORD001786,CUST00537,PROD0014,2,1289.47,2025-11-10,,Returned,True,,2578.94
ORD002996,CUST00231,PROD0005,3,560.65,2025-04-11,2025-04-14,Delivered,True,3.0,1681.9499999999998
ORD004101,CUST00022,PROD0037,5,1155.64,2026-02-05,2026-02-13,Delivered,True,8.0,5778.200000000001
ORD005577,CUST00152,PROD0019,0,4410.8,2025-06-23,2025-07-05,Delivered,False,12.0,0.0
ORD000762,CUST00346,PROD0112,1,1969.23,2026-05-05,2026-05-08,Delivered,True,3.0,1969.23
ORD003289,CUST00679,PROD0039,1,5112.85,2026-05-21,,Returned,True,,5112.85
ORD005832,CUST00553,PROD0144,4,4806.1,2026-06-29,,Shipped,True,,19224.4
ORD002983,CUST00417,PROD0140,4,899.29,2026-06-07,,Shipped,True,,3597.16
ORD000084,CUST00688,PROD0101,3,782.0,2025-11-22,,Shipped,True,,2346.0
ORD000663,CUST00731,PROD0049,1,191.03,2026-05-03,2026-05-04,Delivered,True,1.0,191.03
ORD003044,CUST00283,PROD0045,3,1228.68,2025-09-23,,Cancelled,True,,3686.04
ORD002718,CUST00206,PROD0067,4,4271.55,2025-06-24,2025-06-28,Delivered,True,4.0,17086.2
ORD000081,CUST00329,PROD0037,3,1155.64,2025-04-06,2025-04-15,Delivered,True,9.0,3466.92
ORD004127,CUST00354,PROD0106,1,3327.3,2025-04-18,2025-04-26,Delivered,True,8.0,3327.3
ORD004004,CUST00404,PROD0122,3,993.76,2025-05-31,2025-06-06,Delivered,True,6.0,2981.2799999999997
ORD004247,CUST00411,PROD0096,1,32150.75,2026-07-29,,Returned,True,,32150.75
ORD003645,CUST00556,PROD0013,2,39659.48,2025-02-13,2025-02-15,Delivered,True,2.0,79318.96
ORD004755,CUST00011,PROD0138,1,3519.99,2025-11-15,2025-11-25,Delivered,True,10.0,3519.99
ORD004081,CUST00534,PROD0131,1,6853.95,2025-12-13,2025-12-17,Delivered,True,4.0,6853.95
ORD001901,CUST00270,PROD0116,3,8033.73,2025-06-16,,Shipped,True,,24101.19
ORD004085,CUST00376,PROD0063,2,869.54,2025-09-06,,Shipped,True,,1739.08
ORD003891,CUST00544,PROD0087,1,13732.01,2026-07-10,,Cancelled,True,,13732.01
ORD002620,CUST00143,PROD0128,1,3825.7,2025-04-26,2025-05-07,Delivered,True,11.0,3825.7
ORD002999,CUST00145,PROD0062,4,25032.52,2025-05-26,,Cancelled,True,,100130.08
ORD001314,CUST00626,PROD0116,4,8033.73,2025-05-17,2025-05-21,Delivered,True,4.0,32134.92
ORD001225,CUST00038,PROD0144,1,4806.1,2026-01-30,2026-02-08,Delivered,True,9.0,4806.1
ORD004153,CUST00738,PROD0024,5,1123.83,2025-11-30,,Cancelled,True,,5619.15
ORD000982,CUST00588,PROD0035,2,4733.42,2026-05-14,2026-05-22,Delivered,True,8.0,9466.84
ORD001160,CUST00565,PROD0094,3,1211.97,2025-04-02,2025-04-14,Delivered,True,12.0,3635.91
ORD003848,CUST00052,PROD0121,5,751.76,2026-02-14,,Processing,True,,3758.8
ORD003755,CUST00097,PROD0011,5,1483.6,2025-03-24,2025-03-30,Delivered,True,6.0,7418.0
ORD002730,CUST00198,PROD0031,5,2204.46,2026-04-14,2026-04-18,Delivered,True,4.0,11022.3
ORD001638,CUST00105,PROD0138,4,3519.99,2025-05-18,2025-05-23,Delivered,True,5.0,14079.96
ORD003506,CUST00643,PROD0009,1,390.58,2026-02-03,2026-02-09,Delivered,True,6.0,390.58
ORD000712,CUST00415,PROD0095,3,6063.96,2025-01-22,2025-02-03,Delivered,True,12.0,18191.88
ORD003598,CUST00752,PROD0083,4,385.32,2026-07-15,,Cancelled,True,,1541.28
ORD001939,CUST00352,PROD0028,5,302.64,2026-07-03,2026-07-05,Delivered,True,2.0,1513.1999999999998
ORD002399,CUST00035,PROD0042,2,915.41,2026-02-22,2026-02-26,Delivered,True,4.0,1830.82
ORD000805,CUST00660,PROD0051,3,1399.76,2025-03-28,,Processing,True,,4199.28
ORD004586,CUST00150,PROD0079,5,2916.61,2025-02-05,2025-02-14,Delivered,True,9.0,14583.050000000001
ORD001095,CUST00296,PROD0034,3,2546.45,2025-02-16,2025-02-28,Delivered,True,12.0,7639.349999999999
ORD002345,CUST00507,PROD0036,3,559.64,2026-04-18,,Delivered,True,,1678.92
ORD004177,CUST00372,PROD0069,5,58378.98,2025-07-22,,Processing,True,,291894.9
ORD004070,CUST00477,PROD0003,1,14338.6,2026-04-13,,Processing,True,,14338.6
ORD003306,CUST00689,PROD0123,4,21424.68,2025-04-01,,Shipped,True,,85698.72
ORD003994,CUST00196,PROD0144,2,4806.1,2026-01-03,,Cancelled,True,,9612.2
ORD002637,CUST00657,PROD0130,2,314.99,2025-07-24,,Delivered,True,,629.98
ORD001861,CUST00073,PROD0043,4,2444.21,2026-05-07,,Shipped,True,,9776.84
ORD003514,CUST00260,PROD0107,4,328.16,2025-05-02,2025-05-14,Delivered,True,12.0,1312.64
ORD003679,CUST00037,PROD0039,4,5112.85,2025-01-10,2025-01-13,Delivered,True,3.0,20451.4
ORD003489,CUST00247,PROD0118,4,828.66,2025-07-21,2025-07-27,Delivered,True,6.0,3314.64
ORD004016,CUST00182,PROD0142,1,1821.04,2026-06-17,,Cancelled,True,,1821.04
ORD005012,CUST00575,PROD0106,3,3327.3,2025-12-14,2025-12-21,Delivered,True,7.0,9981.900000000001
ORD003411,CUST00409,PROD0113,4,974.15,2026-04-03,2026-04-06,Delivered,True,3.0,3896.6
ORD003466,CUST00719,PROD0025,1,4203.28,2025-10-24,2025-10-31,Delivered,True,7.0,4203.28
ORD001728,CUST00307,PROD0128,3,3825.7,2025-02-26,2025-03-02,Delivered,True,4.0,11477.099999999999
ORD001715,CUST00664,PROD0146,5,9127.13,2026-01-19,2026-01-23,Delivered,True,4.0,45635.649999999994
ORD005753,CUST00054,PROD0025,3,4203.28,2026-07-24,2026-07-27,Delivered,True,3.0,12609.84
ORD004921,CUST00223,PROD0051,2,1399.76,2025-01-22,2025-01-26,Delivered,True,4.0,2799.52
ORD000856,CUST00224,PROD0057,2,1462.31,2026-05-21,2026-05-26,Delivered,True,5.0,2924.62
ORD003025,CUST00495,PROD0017,2,4701.06,2025-01-25,,Shipped,True,,9402.12
ORD003538,CUST00574,PROD0003,4,14338.6,2025-01-24,2025-01-29,Delivered,True,5.0,57354.4
ORD001827,CUST00433,PROD0099,2,14295.1,2025-11-26,,Returned,True,,28590.2
ORD001429,CUST00343,PROD0128,4,3825.7,2026-01-17,2026-01-25,Delivered,True,8.0,15302.8
ORD004920,CUST00200,PROD0053,1,379.38,2025-05-14,,Cancelled,True,,379.38
ORD004342,CUST00144,PROD0046,3,51.86,2025-05-24,2025-06-04,Delivered,True,11.0,155.57999999999998
ORD005927,CUST00415,PROD0037,3,1155.64,2025-11-30,,Returned,True,,3466.92
ORD002536,CUST00236,PROD0119,5,2603.43,2026-07-18,,Processing,True,,13017.15
ORD001505,CUST00193,PROD0059,2,685.94,2026-05-27,2026-05-31,Delivered,True,4.0,1371.88
ORD003882,CUST00132,PROD0084,2,317.91,2025-11-27,2025-12-05,Delivered,True,8.0,635.82
ORD000450,CUST00089,PROD0007,2,40685.29,2026-04-10,2026-04-18,Delivered,True,8.0,81370.58
ORD002312,CUST00749,PROD0014,5,1289.47,2025-07-12,2025-07-13,Delivered,True,1.0,6447.35
ORD003012,CUST00332,PROD0031,5,2204.46,2025-07-22,,Processing,True,,11022.3
ORD005211,CUST00490,PROD0150,2,2716.88,2025-02-24,,Processing,True,,5433.76
ORD002132,CUST00735,PROD0061,4,1083.6,2025-06-02,2025-06-08,Delivered,True,6.0,4334.4
ORD004735,CUST00628,PROD0062,1,25032.52,2026-06-08,,Cancelled,True,,25032.52
ORD002948,CUST00459,PROD0104,1,1042.65,2025-01-24,2025-01-31,Delivered,True,7.0,1042.65
ORD000389,CUST00105,PROD0095,1,6063.96,2025-09-30,2025-10-12,Delivered,True,12.0,6063.96
ORD005939,CUST00795,PROD0124,2,2908.87,2025-11-21,,Cancelled,True,,5817.74
ORD002003,CUST00402,PROD0043,3,2444.21,2025-06-13,,Processing,True,,7332.63
ORD005251,CUST00702,PROD0035,4,4733.42,2026-06-17,,Cancelled,True,,18933.68
ORD002297,CUST00074,PROD0131,4,6853.95,2026-01-27,2026-02-08,Delivered,True,12.0,27415.8
ORD005169,CUST00357,PROD0022,4,459.17,2026-01-22,,Returned,True,,1836.68
ORD004071,CUST00682,PROD0112,3,1969.23,2026-07-29,,Cancelled,True,,5907.6900000000005
ORD000641,CUST00345,PROD0047,1,26286.3,2025-06-21,,Processing,True,,26286.3
ORD003135,CUST00106,PROD0106,1,3327.3,2025-01-13,,Shipped,True,,3327.3
ORD003979,CUST00450,PROD0048,1,56173.09,2025-12-06,2025-12-18,Delivered,True,12.0,56173.09
ORD000564,CUST00267,PROD0079,1,2916.61,2026-04-13,2026-04-23,Delivered,True,10.0,2916.61
ORD001805,CUST00746,PROD0089,2,16755.29,2026-06-28,,Shipped,True,,33510.58
ORD002102,CUST00370,PROD0043,1,2444.21,2026-05-17,,Cancelled,True,,2444.21
ORD002214,CUST00350,PROD0120,5,418.7,2025-03-23,2025-03-27,Delivered,True,4.0,2093.5
ORD000112,CUST00796,PROD0082,2,503.97,2026-07-30,,Processing,True,,1007.94
ORD000673,CUST00305,PROD0076,4,32834.68,2026-05-18,,Shipped,True,,131338.72
ORD001432,CUST00636,PROD0126,5,8384.51,2025-09-13,2025-09-20,Delivered,True,7.0,41922.55
ORD004512,CUST00342,PROD0149,2,5764.99,2026-03-02,,Processing,True,,11529.98
ORD002136,CUST00064,PROD0091,1,1751.39,2026-06-23,2026-06-25,Delivered,True,2.0,1751.39
ORD005950,CUST00648,PROD0094,3,1211.97,2026-07-26,2026-07-29,Delivered,True,3.0,3635.91
ORD003666,CUST00140,PROD0030,1,429.82,2026-05-29,2026-06-04,Delivered,True,6.0,429.82
ORD003767,CUST00012,PROD0010,3,11743.74,2026-05-30,2026-06-10,Delivered,True,11.0,35231.22
ORD000786,CUST00575,PROD0124,2,2908.87,2025-06-27,2025-07-07,Delivered,True,10.0,5817.74
ORD002146,CUST00468,PROD0048,4,56173.09,2025-08-23,,Processing,True,,224692.36
ORD000694,CUST00111,PROD0077,4,2052.65,2026-07-07,2026-07-14,Delivered,True,7.0,8210.6
ORD002772,CUST00392,PROD0063,5,869.54,2025-08-29,2025-09-04,Delivered,True,6.0,4347.7
ORD001785,CUST00170,PROD0050,5,3898.39,2025-10-14,2025-10-22,Delivered,True,8.0,19491.95
ORD003105,CUST00029,PROD0082,1,503.97,2025-10-05,2025-10-07,Delivered,True,2.0,503.97
ORD001583,CUST00414,PROD0105,5,32176.55,2025-10-05,2025-10-11,Delivered,True,6.0,160882.75
ORD004862,CUST00723,PROD0005,3,560.65,2025-04-02,,Returned,True,,1681.9499999999998
ORD001220,CUST00138,PROD0131,3,6853.95,2026-02-24,,Processing,True,,20561.85
ORD002320,CUST00519,PROD0131,2,6853.95,2025-02-28,2025-03-01,Delivered,True,1.0,13707.9
ORD004610,CUST00043,PROD0087,3,13732.01,2025-12-31,2026-01-04,Delivered,True,4.0,41196.03
ORD002691,CUST00419,PROD0090,2,955.06,2025-10-21,,Cancelled,True,,1910.12
ORD001317,CUST00324,PROD0002,3,2472.29,2026-02-22,2026-02-28,Delivered,True,6.0,7416.87
ORD000256,CUST00336,PROD0101,5,782.0,2025-10-30,2025-11-04,Delivered,True,5.0,3910.0
ORD005652,CUST00229,PROD0137,4,1360.59,2025-09-04,,Processing,True,,5442.36
ORD001173,CUST00119,PROD0122,2,993.76,2025-02-25,2025-03-08,Delivered,True,11.0,1987.52
ORD004086,CUST00329,PROD0025,1,4203.28,2025-07-09,2025-07-18,Delivered,True,9.0,4203.28
ORD001507,CUST00174,PROD0124,1,2908.87,2025-09-25,2025-09-28,Delivered,True,3.0,2908.87
ORD000623,CUST00328,PROD0006,1,812.36,2026-07-06,2026-07-15,Delivered,True,9.0,812.36
ORD002100,CUST00412,PROD0116,2,8033.73,2025-04-06,2025-04-16,Delivered,True,10.0,16067.46
ORD000801,CUST00317,PROD0010,2,11743.74,2025-03-01,,Shipped,True,,23487.48
ORD005348,CUST00269,PROD0047,2,26286.3,2025-02-06,,Cancelled,True,,52572.6
ORD005060,CUST00027,PROD0141,3,22625.81,2025-08-10,2025-08-16,Delivered,True,6.0,67877.43000000001
ORD001406,CUST00429,PROD0136,2,18573.07,2025-11-04,,Shipped,True,,37146.14
ORD002417,CUST00640,PROD0084,3,317.91,2025-02-27,,Returned,True,,953.73
ORD001978,CUST00479,PROD0119,2,2603.43,2026-03-02,2026-03-05,Delivered,True,3.0,5206.86
ORD003866,CUST00195,PROD0131,2,6853.95,2026-01-30,2026-01-31,Delivered,True,1.0,13707.9
ORD005277,CUST00698,PROD0142,3,1821.04,2025-11-28,,Shipped,True,,5463.12
ORD004583,CUST00204,PROD0140,4,899.29,2025-03-31,,Returned,True,,3597.16
ORD003107,CUST00099,PROD0119,2,2603.43,2025-09-25,2025-10-01,Delivered,True,6.0,5206.86
ORD000834,CUST00292,PROD0023,2,11903.15,2025-11-11,2025-11-12,Delivered,True,1.0,23806.3
ORD005192,CUST00703,PROD0080,5,4686.49,2026-03-14,,Returned,True,,23432.449999999997
ORD001122,CUST00055,PROD0022,1,459.17,2025-06-04,,Cancelled,True,,459.17
ORD002871,CUST00282,PROD0026,5,4912.92,2025-05-06,,Shipped,True,,24564.6
ORD003906,CUST00391,PROD0135,4,7336.91,2026-05-02,2026-05-09,Delivered,True,7.0,29347.64
ORD000512,CUST00509,PROD0098,4,648.17,2026-01-26,2026-02-06,Delivered,True,11.0,2592.68
ORD000892,CUST00692,PROD0095,3,6063.96,2025-06-25,,Cancelled,True,,18191.88
ORD001089,CUST00073,PROD0031,1,2204.46,2025-07-15,,Returned,True,,2204.46
ORD005780,CUST00491,PROD0053,4,379.38,2026-07-09,2026-07-10,Delivered,True,1.0,1517.52
ORD005135,CUST00677,PROD0061,1,1083.6,2025-03-24,2025-04-04,Delivered,True,11.0,1083.6
ORD005239,CUST00300,PROD0107,3,328.16,2025-12-11,,Processing,True,,984.48
ORD003738,CUST00518,PROD0121,1,751.76,2026-06-05,,Shipped,True,,751.76
ORD004588,CUST00055,PROD0041,2,543.32,2025-04-30,2025-05-11,Delivered,True,11.0,1086.64
ORD001662,CUST00287,PROD0050,2,3898.39,2025-12-25,2025-12-30,Delivered,True,5.0,7796.78
ORD000466,CUST00612,PROD0074,4,2124.57,2025-11-21,,Processing,True,,8498.28
ORD002074,CUST00404,PROD0001,2,2002.86,2025-04-24,,Cancelled,True,,4005.72
ORD002736,CUST00171,PROD0042,1,915.41,2026-01-05,2026-01-08,Delivered,True,3.0,915.41
ORD004454,CUST00187,PROD0041,5,543.32,2025-01-27,2025-02-03,Delivered,True,7.0,2716.6000000000004
ORD000482,CUST00263,PROD0129,2,17176.36,2025-07-14,,Returned,True,,34352.72
ORD004430,CUST00265,PROD0019,2,4410.8,2026-03-05,,Shipped,True,,8821.6
ORD005601,CUST00381,PROD0014,3,1289.47,2025-07-29,2025-08-01,Delivered,True,3.0,3868.41
ORD004573,CUST00403,PROD0052,1,1448.8,2026-06-10,2026-06-15,Delivered,True,5.0,1448.8
ORD002477,CUST00445,PROD0012,4,4952.6,2026-03-20,,Cancelled,True,,19810.4
ORD000501,CUST00175,PROD0054,5,1632.64,2026-03-18,,Processing,True,,8163.200000000001
ORD002578,CUST00224,PROD0050,1,3898.39,2025-05-14,2025-05-21,Delivered,True,7.0,3898.39
ORD004370,CUST00207,PROD0132,1,305.28,2025-11-07,,Shipped,True,,305.28
ORD005018,CUST00464,PROD0024,4,1123.83,2026-04-10,2026-04-13,Delivered,True,3.0,4495.32
ORD000526,CUST00677,PROD0044,5,1423.72,2025-02-22,,Shipped,True,,7118.6
ORD001121,CUST00124,PROD0058,1,4704.83,2025-10-16,2025-10-26,Delivered,True,10.0,4704.83
ORD004092,CUST00576,PROD0011,3,1483.6,2026-07-13,,Cancelled,True,,4450.799999999999
ORD004742,CUST00231,PROD0113,3,974.15,2026-04-16,2026-04-27,Delivered,True,11.0,2922.45
ORD002712,CUST00158,PROD0035,1,4733.42,2025-05-18,,Cancelled,True,,4733.42
ORD000704,CUST00109,PROD0081,5,4820.76,2025-11-02,,Cancelled,True,,24103.800000000003
ORD003164,CUST00752,PROD0031,5,2204.46,2025-05-19,2025-05-26,Delivered,True,7.0,11022.3
ORD000280,CUST00590,PROD0125,4,11796.3,2025-01-07,2025-01-15,Delivered,True,8.0,47185.2
ORD000837,CUST00255,PROD0031,1,2204.46,2025-07-27,2025-08-04,Delivered,True,8.0,2204.46
ORD005660,CUST00114,PROD0128,3,3825.7,2025-09-07,2025-09-17,Delivered,True,10.0,11477.099999999999
ORD003048,CUST00126,PROD0103,4,11738.74,2026-03-04,,Processing,True,,46954.96
ORD001053,CUST00079,PROD0043,5,2444.21,2025-02-28,,Shipped,True,,12221.05
ORD001455,CUST00316,PROD0109,4,854.47,2025-12-01,2025-12-05,Delivered,True,4.0,3417.88
ORD005835,CUST00097,PROD0007,1,40685.29,2026-01-28,2026-02-03,Delivered,True,6.0,40685.29
ORD000782,CUST00758,PROD0089,4,16755.29,2026-03-23,2026-03-28,Delivered,True,5.0,67021.16
ORD004037,CUST00069,PROD0111,5,42616.44,2026-04-28,,Returned,True,,213082.2
ORD001298,CUST00421,PROD0113,5,974.15,2025-05-07,,Delivered,True,,4870.75
ORD005841,CUST00322,PROD0023,4,11903.15,2025-10-11,2025-10-17,Delivered,True,6.0,47612.6
ORD004936,CUST00467,PROD0027,3,331.1,2025-01-16,,Shipped,True,,993.3000000000001
ORD000494,CUST00626,PROD0120,1,418.7,2026-04-12,,Returned,True,,418.7
ORD005783,CUST00123,PROD0130,4,314.99,2026-04-10,,Cancelled,True,,1259.96
ORD005435,CUST00593,PROD0096,1,32150.75,2025-11-17,,Returned,True,,32150.75
ORD002670,CUST00324,PROD0108,5,4953.1,2026-04-21,,Shipped,True,,24765.5
ORD005462,CUST00558,PROD0011,3,1483.6,2025-01-31,,Shipped,True,,4450.799999999999
ORD000954,CUST00317,PROD0032,0,1176.78,2025-08-31,2025-09-10,Delivered,False,10.0,0.0
ORD005718,CUST00413,PROD0120,2,418.7,2026-02-07,2026-02-14,Delivered,True,7.0,837.4
ORD001894,CUST00436,PROD0090,4,955.06,2025-01-28,2025-02-05,Delivered,True,8.0,3820.24
ORD000135,CUST00254,PROD0122,5,993.76,2025-08-30,,Shipped,True,,4968.8
ORD004450,CUST00795,PROD0045,4,1228.68,2025-02-13,2025-02-16,Delivered,True,3.0,4914.72
ORD001860,CUST00416,PROD0128,4,3825.7,2025-12-02,,Cancelled,True,,15302.8
ORD005173,CUST00538,PROD0117,2,430.76,2025-02-12,,Returned,True,,861.52
ORD005733,CUST00513,PROD0126,5,8384.51,2026-07-12,,Processing,True,,41922.55
ORD002185,CUST00279,PROD0099,5,14295.1,2025-09-12,,Processing,True,,71475.5
ORD004495,CUST00710,PROD0113,5,974.15,2025-04-22,2025-04-24,Delivered,True,2.0,4870.75
ORD001140,CUST00201,PROD0009,5,390.58,2025-06-27,2025-06-28,Delivered,True,1.0,1952.8999999999999
ORD002231,CUST00226,PROD0139,2,4171.69,2025-03-28,2025-03-31,Delivered,True,3.0,8343.38
ORD001288,CUST00324,PROD0078,2,12507.55,2026-06-09,2026-06-19,Delivered,True,10.0,25015.1
ORD005483,CUST00732,PROD0101,3,782.0,2025-05-15,2025-05-24,Delivered,True,9.0,2346.0
ORD000342,CUST00524,PROD0147,4,4832.5,2025-03-15,2025-03-21,Delivered,True,6.0,19330.0
ORD003805,CUST00261,PROD0021,2,156.01,2026-03-26,2026-04-07,Delivered,True,12.0,312.02
ORD001528,CUST00672,PROD0103,2,11738.74,2025-10-19,2025-10-26,Delivered,True,7.0,23477.48
ORD000481,CUST00348,PROD0029,3,901.03,2025-02-08,2025-02-16,Delivered,True,8.0,2703.09
ORD004676,CUST00055,PROD0071,1,632.25,2026-06-07,2026-06-15,Delivered,True,8.0,632.25
ORD001899,CUST00046,PROD0129,2,17176.36,2026-04-20,,Cancelled,True,,34352.72
ORD004499,CUST00281,PROD0051,3,1399.76,2026-06-29,2026-07-02,Delivered,True,3.0,4199.28
ORD000110,CUST00253,PROD0102,5,133.37,2025-04-14,,Shipped,True,,666.85
ORD004119,CUST00477,PROD0112,1,1969.23,2025-01-10,,Shipped,True,,1969.23
ORD003818,CUST00370,PROD0057,4,1462.31,2025-08-22,2025-09-03,Delivered,True,12.0,5849.24
ORD004901,CUST00101,PROD0096,3,32150.75,2026-04-30,,Delivered,True,,96452.25
ORD000930,CUST00064,PROD0111,4,42616.44,2026-01-29,2026-02-10,Delivered,True,12.0,170465.76
ORD001096,CUST00480,PROD0127,5,919.23,2026-06-10,2026-06-18,Delivered,True,8.0,4596.15
ORD002947,CUST00188,PROD0134,5,3036.32,2025-04-03,,Shipped,True,,15181.6
ORD001523,CUST00230,PROD0038,5,8563.39,2025-04-14,2025-04-20,Delivered,True,6.0,42816.95
ORD004095,CUST00285,PROD0085,4,4763.96,2025-09-20,,Cancelled,True,,19055.84
ORD005883,CUST00638,PROD0021,1,156.01,2025-10-30,2025-11-08,Delivered,True,9.0,156.01
ORD004465,CUST00446,PROD0051,4,1399.76,2025-03-18,,Cancelled,True,,5599.04
ORD002959,CUST00404,PROD0065,3,9361.22,2025-10-07,,Cancelled,True,,28083.659999999996
ORD003265,CUST00371,PROD0041,2,543.32,2025-01-19,2025-01-29,Delivered,True,10.0,1086.64
ORD005472,CUST00675,PROD0025,4,4203.28,2026-03-09,,Processing,True,,16813.12
ORD005078,CUST00761,PROD0009,2,390.58,2026-01-25,,Processing,True,,781.16
ORD000688,CUST00437,PROD0100,3,7797.29,2025-04-11,2025-04-23,Delivered,True,12.0,23391.87
ORD003560,CUST00573,PROD0083,3,385.32,2026-05-20,,Shipped,True,,1155.96
ORD004736,CUST00412,PROD0101,5,782.0,2025-06-19,2025-06-24,Delivered,True,5.0,3910.0
ORD002900,CUST00707,PROD0108,1,4953.1,2025-07-10,2025-07-17,Delivered,True,7.0,4953.1
ORD005218,CUST00025,PROD0016,5,59834.55,2025-04-20,,Shipped,True,,299172.75
ORD004696,CUST00785,PROD0004,3,2001.32,2026-04-21,,Returned,True,,6003.96
ORD000841,CUST00385,PROD0022,5,459.17,2025-07-28,,Processing,True,,2295.85
ORD002551,CUST00137,PROD0150,1,2716.88,2025-07-11,2025-07-15,Delivered,True,4.0,2716.88
ORD002923,CUST00046,PROD0122,1,993.76,2026-04-11,,Shipped,True,,993.76
ORD001870,CUST00680,PROD0097,1,166.92,2025-02-08,,Cancelled,True,,166.92
ORD003300,CUST00739,PROD0014,3,1289.47,2026-04-17,2026-04-28,Delivered,True,11.0,3868.41
ORD002962,CUST00155,PROD0115,5,55563.32,2025-10-23,2025-10-30,Delivered,True,7.0,277816.6
ORD002707,CUST00061,PROD0023,4,11903.15,2026-03-25,2026-04-02,Delivered,True,8.0,47612.6
ORD003396,CUST00477,PROD0008,3,545.71,2025-04-01,2025-04-04,Delivered,True,3.0,1637.13
ORD004033,CUST00014,PROD0139,2,4171.69,2026-06-17,,Processing,True,,8343.38
ORD000498,CUST00241,PROD0119,2,2603.43,2025-10-17,2025-10-26,Delivered,True,9.0,5206.86
ORD002343,CUST00025,PROD0109,3,854.47,2025-03-08,,Returned,True,,2563.41
ORD005148,CUST00264,PROD0128,2,3825.7,2025-05-25,,Shipped,True,,7651.4
ORD005349,CUST00085,PROD0109,4,854.47,2025-08-11,2025-08-21,Delivered,True,10.0,3417.88
ORD005334,CUST00558,PROD0116,5,8033.73,2026-07-14,,Returned,True,,40168.649999999994
ORD001216,CUST00020,PROD0065,2,9361.22,2025-07-22,,Cancelled,True,,18722.44
ORD003209,CUST00182,PROD0039,2,5112.85,2025-05-11,,Cancelled,True,,10225.7
ORD004968,CUST00503,PROD0011,2,1483.6,2025-01-03,,Returned,True,,2967.2
ORD001555,CUST00728,PROD0121,4,751.76,2025-03-14,,Shipped,True,,3007.04
ORD004224,CUST00415,PROD0058,3,4704.83,2025-09-18,,Returned,True,,14114.49
ORD005876,CUST00371,PROD0128,1,3825.7,2025-01-28,2025-02-07,Delivered,True,10.0,3825.7
ORD004983,CUST00596,PROD0047,2,26286.3,2025-05-30,2025-06-04,Delivered,True,5.0,52572.6
ORD005750,CUST00272,PROD0013,2,39659.48,2026-05-09,,Cancelled,True,,79318.96
ORD005799,CUST00471,PROD0042,2,915.41,2026-07-30,,Processing,True,,1830.82
ORD002061,CUST00005,PROD0104,0,1042.65,2025-11-16,2025-11-27,Delivered,False,11.0,0.0
ORD005123,CUST00691,PROD0110,4,1192.79,2026-04-27,2026-05-06,Delivered,True,9.0,4771.16
ORD005114,CUST00461,PROD0084,5,317.91,2025-04-15,,Shipped,True,,1589.5500000000002
ORD005201,CUST00326,PROD0042,3,915.41,2026-04-24,,Shipped,True,,2746.23
ORD004977,CUST00727,PROD0078,3,12507.55,2025-06-22,,Cancelled,True,,37522.649999999994
ORD004609,CUST00587,PROD0135,3,7336.91,2026-07-09,,Processing,True,,22010.73
ORD004851,CUST00085,PROD0148,4,985.06,2025-07-01,,Cancelled,True,,3940.24
ORD000893,CUST00509,PROD0017,1,4701.06,2025-05-28,2025-06-01,Delivered,True,4.0,4701.06
ORD001973,CUST00755,PROD0077,1,2052.65,2026-02-27,,Cancelled,True,,2052.65
ORD000381,CUST00678,PROD0048,1,56173.09,2026-01-08,2026-01-14,Delivered,True,6.0,56173.09
ORD003349,CUST00251,PROD0092,3,1419.85,2026-04-06,,Cancelled,True,,4259.549999999999
ORD002575,CUST00603,PROD0051,1,1399.76,2025-05-10,,Delivered,True,,1399.76
ORD000305,CUST00570,PROD0017,3,4701.06,2025-08-16,,Delivered,True,,14103.18
ORD003220,CUST00265,PROD0064,1,3664.82,2025-12-02,2025-12-12,Delivered,True,10.0,3664.82
ORD000932,CUST00648,PROD0018,2,18955.94,2026-05-21,2026-05-27,Delivered,True,6.0,37911.88
ORD004273,CUST00635,PROD0135,5,7336.91,2025-10-28,,Returned,True,,36684.55
ORD000959,CUST00482,PROD0064,2,3664.82,2026-01-26,,Processing,True,,7329.64
ORD000615,CUST00262,PROD0067,3,4271.55,2025-07-08,2025-07-19,Delivered,True,11.0,12814.650000000001
ORD003585,CUST00630,PROD0002,2,2472.29,2025-06-04,,Cancelled,True,,4944.58
ORD002000,CUST00502,PROD0040,4,2990.7,2026-04-30,,Processing,True,,11962.8
ORD002108,CUST00479,PROD0094,3,1211.97,2026-03-19,2026-03-22,Delivered,True,3.0,3635.91
ORD000924,CUST00566,PROD0018,4,18955.94,2025-07-31,2025-08-05,Delivered,True,5.0,75823.76
ORD000460,CUST00737,PROD0038,1,8563.39,2025-11-02,2025-11-03,Delivered,True,1.0,8563.39
ORD005959,CUST00735,PROD0141,3,22625.81,2025-02-20,2025-03-01,Delivered,True,9.0,67877.43000000001
ORD005980,CUST00771,PROD0145,3,2463.88,2025-07-05,,Returned,True,,7391.64
ORD000409,CUST00674,PROD0013,5,39659.48,2026-02-13,2026-02-20,Delivered,True,7.0,198297.40000000002
ORD004667,CUST00288,PROD0017,4,4701.06,2025-11-11,2025-11-13,Delivered,True,2.0,18804.24
ORD004418,CUST00632,PROD0079,1,2916.61,2026-05-16,2026-05-24,Delivered,True,8.0,2916.61
ORD000179,CUST00012,PROD0049,1,191.03,2025-01-05,2025-01-09,Delivered,True,4.0,191.03
ORD002331,CUST00768,PROD0039,5,5112.85,2025-10-21,2025-10-22,Delivered,True,1.0,25564.25
ORD002627,CUST00108,PROD0031,4,2204.46,2025-01-28,,Shipped,True,,8817.84
ORD004141,CUST00441,PROD0065,3,9361.22,2026-01-24,,Cancelled,True,,28083.659999999996
ORD003434,CUST00466,PROD0072,2,263.08,2025-02-02,2025-02-05,Delivered,True,3.0,526.16
ORD005922,CUST00598,PROD0010,4,11743.74,2025-09-28,,Cancelled,True,,46974.96
ORD003322,CUST00130,PROD0123,1,21424.68,2026-03-30,2026-04-08,Delivered,True,9.0,21424.68
ORD001123,CUST00012,PROD0086,5,1450.41,2025-07-05,2025-07-16,Delivered,True,11.0,7252.05
ORD003923,CUST00515,PROD0147,3,4832.5,2025-02-04,,Processing,True,,14497.5
ORD002422,CUST00711,PROD0042,1,915.41,2025-11-15,,Cancelled,True,,915.41
ORD000543,CUST00037,PROD0031,1,2204.46,2025-05-14,2025-05-16,Delivered,True,2.0,2204.46
ORD002655,CUST00779,PROD0005,5,560.65,2025-04-04,,Cancelled,True,,2803.25
ORD005530,CUST00236,PROD0100,2,7797.29,2025-05-21,,Shipped,True,,15594.58
ORD003313,CUST00213,PROD0047,1,26286.3,2025-04-07,2025-04-09,Delivered,True,2.0,26286.3
ORD003521,CUST00341,PROD0002,2,2472.29,2026-06-18,2026-06-23,Delivered,True,5.0,4944.58
ORD003286,CUST00667,PROD0144,1,4806.1,2026-07-16,,Cancelled,True,,4806.1
ORD005886,CUST00336,PROD0073,2,34399.58,2025-05-17,2025-05-27,Delivered,True,10.0,68799.16
ORD001077,CUST00469,PROD0072,1,263.08,2025-09-27,,Cancelled,True,,263.08
ORD001401,CUST00135,PROD0036,5,559.64,2026-01-21,2026-01-26,Delivered,True,5.0,2798.2
ORD003102,CUST00399,PROD0059,1,685.94,2025-01-05,2025-01-16,Delivered,True,11.0,685.94
ORD005171,CUST00275,PROD0113,0,974.15,2025-03-07,,Returned,False,,0.0
ORD004457,CUST00332,PROD0105,1,32176.55,2026-03-03,,Cancelled,True,,32176.55
ORD005898,CUST00579,PROD0108,4,4953.1,2025-10-24,,Returned,True,,19812.4
ORD000995,CUST00567,PROD0021,3,156.01,2026-03-15,2026-03-27,Delivered,True,12.0,468.03
ORD001719,CUST00621,PROD0090,2,955.06,2026-06-15,2026-06-23,Delivered,True,8.0,1910.12
ORD003735,CUST00641,PROD0141,4,22625.81,2025-06-13,,Returned,True,,90503.24
ORD001619,CUST00416,PROD0079,2,2916.61,2025-04-14,2025-04-17,Delivered,True,3.0,5833.22
ORD000814,CUST00193,PROD0095,5,6063.96,2026-02-17,,Cancelled,True,,30319.8
ORD002113,CUST00199,PROD0114,3,1292.66,2025-11-20,2025-12-02,Delivered,True,12.0,3877.9800000000005
ORD002475,CUST00651,PROD0005,4,560.65,2026-02-18,2026-02-24,Delivered,True,6.0,2242.6
ORD003898,CUST00396,PROD0077,1,2052.65,2025-05-14,2025-05-25,Delivered,True,11.0,2052.65
ORD002135,CUST00217,PROD0105,2,32176.55,2025-09-04,,Returned,True,,64353.1
ORD005280,CUST00452,PROD0109,4,854.47,2026-04-05,2026-04-13,Delivered,True,8.0,3417.88
ORD005895,CUST00545,PROD0129,5,17176.36,2025-11-15,,Returned,True,,85881.8
ORD001615,CUST00281,PROD0136,0,18573.07,2025-01-22,,Shipped,False,,0.0
ORD001209,CUST00255,PROD0081,4,4820.76,2025-06-14,,Shipped,True,,19283.04
ORD004548,CUST00354,PROD0143,5,1730.89,2025-03-12,,Cancelled,True,,8654.45
ORD005479,CUST00752,PROD0121,1,751.76,2025-06-17,2025-06-27,Delivered,True,10.0,751.76
ORD001578,CUST00400,PROD0054,2,1632.64,2025-09-07,,Returned,True,,3265.28
ORD005069,CUST00660,PROD0141,4,22625.81,2025-09-17,2025-09-19,Delivered,True,2.0,90503.24
ORD003580,CUST00074,PROD0114,2,1292.66,2025-04-12,,Shipped,True,,2585.32
ORD003123,CUST00027,PROD0107,4,328.16,2025-06-24,2025-06-27,Delivered,True,3.0,1312.64
ORD004144,CUST00251,PROD0036,5,559.64,2025-11-09,2025-11-18,Delivered,True,9.0,2798.2
ORD003408,CUST00071,PROD0017,3,4701.06,2026-05-10,2026-05-13,Delivered,True,3.0,14103.18
ORD002017,CUST00030,PROD0032,5,1176.78,2025-11-06,,Returned,True,,5883.9
ORD004860,CUST00306,PROD0041,1,543.32,2025-09-25,,Delivered,True,,543.32
ORD004394,CUST00117,PROD0095,3,6063.96,2025-10-30,2025-10-31,Delivered,True,1.0,18191.88
ORD004158,CUST00526,PROD0077,1,2052.65,2026-03-14,2026-03-18,Delivered,True,4.0,2052.65
ORD002363,CUST00546,PROD0068,5,1375.21,2025-08-30,2025-09-11,Delivered,True,12.0,6876.05
ORD004865,CUST00459,PROD0012,2,4952.6,2025-07-18,2025-07-25,Delivered,True,7.0,9905.2
ORD003224,CUST00343,PROD0053,5,379.38,2026-05-23,2026-06-03,Delivered,True,11.0,1896.9
ORD003586,CUST00433,PROD0150,1,2716.88,2025-04-19,2025-04-30,Delivered,True,11.0,2716.88
ORD000198,CUST00545,PROD0044,3,1423.72,2026-01-02,,Shipped,True,,4271.16
ORD000171,CUST00246,PROD0076,4,32834.68,2025-05-01,2025-05-12,Delivered,True,11.0,131338.72
ORD005294,CUST00788,PROD0079,2,2916.61,2025-12-15,,Cancelled,True,,5833.22
ORD003333,CUST00008,PROD0004,3,2001.32,2025-08-01,,Cancelled,True,,6003.96
ORD005639,CUST00729,PROD0094,5,1211.97,2025-07-12,2025-07-14,Delivered,True,2.0,6059.85
ORD002980,CUST00172,PROD0033,4,5639.02,2025-07-07,,Returned,True,,22556.08
ORD003784,CUST00526,PROD0089,1,16755.29,2025-06-24,,Processing,True,,16755.29
ORD004898,CUST00428,PROD0030,4,429.82,2025-11-03,,Shipped,True,,1719.28
ORD001302,CUST00032,PROD0008,3,545.71,2026-04-14,,Cancelled,True,,1637.13
ORD005546,CUST00269,PROD0019,3,4410.8,2025-05-14,2025-05-15,Delivered,True,1.0,13232.400000000001
ORD005459,CUST00139,PROD0063,2,869.54,2026-07-16,2026-07-18,Delivered,True,2.0,1739.08
ORD003170,CUST00437,PROD0036,2,559.64,2025-05-01,2025-05-06,Delivered,True,5.0,1119.28
ORD004922,CUST00016,PROD0091,3,1751.39,2025-01-04,2025-01-12,Delivered,True,8.0,5254.17
ORD003780,CUST00192,PROD0116,4,8033.73,2025-01-02,,Shipped,True,,32134.92
ORD002014,CUST00476,PROD0062,4,25032.52,2025-06-02,2025-06-04,Delivered,True,2.0,100130.08
ORD001492,CUST00781,PROD0011,2,1483.6,2026-06-04,,Cancelled,True,,2967.2
ORD002629,CUST00738,PROD0051,1,1399.76,2025-07-22,,Processing,True,,1399.76
ORD000550,CUST00114,PROD0065,4,9361.22,2025-01-20,2025-01-31,Delivered,True,11.0,37444.88
ORD002033,CUST00548,PROD0107,1,328.16,2026-05-29,,Shipped,True,,328.16
ORD004913,CUST00364,PROD0073,1,34399.58,2025-10-26,2025-11-03,Delivered,True,8.0,34399.58
ORD005727,CUST00281,PROD0097,2,166.92,2025-06-16,,Processing,True,,333.84
ORD000416,CUST00582,PROD0022,1,459.17,2025-02-25,,Delivered,True,,459.17
ORD005626,CUST00480,PROD0085,2,4763.96,2025-10-18,,Shipped,True,,9527.92
ORD001280,CUST00700,PROD0051,4,1399.76,2025-03-24,2025-03-25,Delivered,True,1.0,5599.04
ORD001093,CUST00472,PROD0031,4,2204.46,2025-03-11,,Cancelled,True,,8817.84
ORD004879,CUST00659,PROD0067,5,4271.55,2025-09-29,2025-10-05,Delivered,True,6.0,21357.75
ORD001843,CUST00414,PROD0093,3,513.19,2025-12-13,,Cancelled,True,,1539.5700000000002
ORD000935,CUST00223,PROD0088,4,34407.7,2025-07-19,2025-07-20,Delivered,True,1.0,137630.8
ORD002353,CUST00666,PROD0093,5,513.19,2025-10-10,,Shipped,True,,2565.9500000000003
ORD002428,CUST00256,PROD0048,1,56173.09,2025-06-29,,Shipped,True,,56173.09
ORD003707,CUST00241,PROD0102,2,133.37,2026-06-28,2026-07-05,Delivered,True,7.0,266.74
ORD003342,CUST00210,PROD0100,5,7797.29,2025-02-20,2025-03-04,Delivered,True,12.0,38986.45
ORD000330,CUST00536,PROD0088,3,34407.7,2025-07-08,,Cancelled,True,,103223.09999999999
ORD005508,CUST00273,PROD0027,2,331.1,2025-03-07,,Returned,True,,662.2
ORD002200,CUST00075,PROD0070,1,10505.06,2025-01-31,,Returned,True,,10505.06
ORD001926,CUST00353,PROD0074,5,2124.57,2026-06-10,,Processing,True,,10622.85
ORD003693,CUST00506,PROD0014,5,1289.47,2025-08-29,,Returned,True,,6447.35
ORD002129,CUST00165,PROD0011,5,1483.6,2026-03-22,2026-03-23,Delivered,True,1.0,7418.0
ORD001025,CUST00075,PROD0058,1,4704.83,2026-05-07,2026-05-17,Delivered,True,10.0,4704.83
ORD001043,CUST00691,PROD0023,3,11903.15,2025-12-08,2025-12-12,Delivered,True,4.0,35709.45
ORD004360,CUST00359,PROD0042,2,915.41,2025-08-01,,Delivered,True,,1830.82
ORD001378,CUST00651,PROD0051,2,1399.76,2026-04-10,2026-04-12,Delivered,True,2.0,2799.52
ORD002851,CUST00545,PROD0134,3,3036.32,2025-10-22,,Shipped,True,,9108.960000000001
ORD005093,CUST00157,PROD0065,4,9361.22,2025-06-23,2025-07-03,Delivered,True,10.0,37444.88
ORD001538,CUST00537,PROD0091,5,1751.39,2026-03-18,2026-03-23,Delivered,True,5.0,8756.95
ORD000025,CUST00704,PROD0081,4,4820.76,2025-02-24,2025-03-04,Delivered,True,8.0,19283.04
ORD000686,CUST00589,PROD0109,5,854.47,2026-06-12,,Shipped,True,,4272.35
ORD000944,CUST00276,PROD0017,2,4701.06,2025-04-09,2025-04-10,Delivered,True,1.0,9402.12
ORD000683,CUST00180,PROD0106,3,3327.3,2025-02-27,2025-03-03,Delivered,True,4.0,9981.900000000001
ORD002117,CUST00759,PROD0060,2,7402.46,2025-09-04,2025-09-08,Delivered,True,4.0,14804.92
ORD003655,CUST00692,PROD0064,5,3664.82,2026-06-06,,Shipped,True,,18324.100000000002
ORD000193,CUST00770,PROD0061,1,1083.6,2025-01-14,2025-01-24,Delivered,True,10.0,1083.6
ORD003208,CUST00261,PROD0064,5,3664.82,2026-01-14,,Cancelled,True,,18324.100000000002
ORD005346,CUST00200,PROD0026,2,4912.92,2025-05-08,,Delivered,True,,9825.84
ORD004719,CUST00024,PROD0053,4,379.38,2026-01-21,2026-01-27,Delivered,True,6.0,1517.52
ORD004025,CUST00468,PROD0044,1,1423.72,2026-01-01,2026-01-10,Delivered,True,9.0,1423.72
ORD002366,CUST00602,PROD0128,4,3825.7,2026-06-26,2026-07-07,Delivered,True,11.0,15302.8
ORD003800,CUST00323,PROD0047,2,26286.3,2026-04-15,,Processing,True,,52572.6
ORD000624,CUST00332,PROD0082,5,503.97,2026-06-08,,Processing,True,,2519.8500000000004
ORD000726,CUST00604,PROD0044,1,1423.72,2026-02-15,,Cancelled,True,,1423.72
ORD001930,CUST00498,PROD0139,5,4171.69,2025-11-25,,Returned,True,,20858.449999999997
ORD001444,CUST00773,PROD0119,2,2603.43,2025-12-05,2025-12-14,Delivered,True,9.0,5206.86
ORD000609,CUST00728,PROD0086,4,1450.41,2025-12-18,,Processing,True,,5801.64
ORD000585,CUST00392,PROD0052,3,1448.8,2025-05-11,2025-05-16,Delivered,True,5.0,4346.4
ORD003089,CUST00695,PROD0144,3,4806.1,2025-08-02,2025-08-06,Delivered,True,4.0,14418.300000000001
ORD005820,CUST00485,PROD0090,1,955.06,2025-07-09,2025-07-13,Delivered,True,4.0,955.06
ORD002977,CUST00107,PROD0002,3,2472.29,2026-05-27,2026-06-08,Delivered,True,12.0,7416.87
ORD003403,CUST00496,PROD0115,1,55563.32,2026-05-14,2026-05-26,Delivered,True,12.0,55563.32
ORD000200,CUST00361,PROD0070,4,10505.06,2026-05-05,2026-05-07,Delivered,True,2.0,42020.24
ORD003945,CUST00720,PROD0058,3,4704.83,2025-03-26,,Cancelled,True,,14114.49
ORD003237,CUST00090,PROD0127,2,919.23,2025-06-23,,Returned,True,,1838.46
ORD000579,CUST00092,PROD0019,2,4410.8,2026-04-01,,Processing,True,,8821.6
ORD001563,CUST00321,PROD0071,5,632.25,2025-02-06,2025-02-15,Delivered,True,9.0,3161.25
ORD000997,CUST00549,PROD0078,5,12507.55,2026-04-24,,Returned,True,,62537.75
ORD001667,CUST00292,PROD0029,4,901.03,2026-03-13,2026-03-25,Delivered,True,12.0,3604.12
ORD004834,CUST00526,PROD0118,4,828.66,2026-05-24,,Delivered,True,,3314.64
ORD003729,CUST00373,PROD0074,1,2124.57,2025-12-01,2025-12-12,Delivered,True,11.0,2124.57
ORD001390,CUST00047,PROD0089,3,16755.29,2025-06-19,,Shipped,True,,50265.87
ORD001687,CUST00447,PROD0149,3,5764.99,2026-06-03,,Shipped,True,,17294.97
ORD004806,CUST00717,PROD0119,5,2603.43,2026-03-22,,Processing,True,,13017.15
ORD004941,CUST00367,PROD0085,3,4763.96,2026-04-03,,Returned,True,,14291.880000000001
ORD004451,CUST00134,PROD0119,4,2603.43,2025-10-14,,Returned,True,,10413.72
ORD000776,CUST00567,PROD0114,4,1292.66,2026-04-28,,Returned,True,,5170.64
ORD002030,CUST00725,PROD0010,2,11743.74,2025-09-18,,Shipped,True,,23487.48
ORD004787,CUST00467,PROD0036,5,559.64,2026-02-13,2026-02-17,Delivered,True,4.0,2798.2
ORD005982,CUST00528,PROD0037,2,1155.64,2026-06-04,,Returned,True,,2311.28
ORD001055,CUST00369,PROD0137,1,1360.59,2026-02-20,,Delivered,True,,1360.59
ORD005258,CUST00321,PROD0093,1,513.19,2026-05-03,2026-05-07,Delivered,True,4.0,513.19
ORD002460,CUST00688,PROD0124,5,2908.87,2025-05-17,2025-05-22,Delivered,True,5.0,14544.349999999999
ORD000842,CUST00426,PROD0044,2,1423.72,2026-07-05,,Returned,True,,2847.44
ORD001054,CUST00695,PROD0127,1,919.23,2026-03-11,2026-03-19,Delivered,True,8.0,919.23
ORD005640,CUST00297,PROD0023,2,11903.15,2026-04-16,,Cancelled,True,,23806.3
ORD003462,CUST00677,PROD0051,2,1399.76,2025-03-15,,Shipped,True,,2799.52
ORD001195,CUST00470,PROD0068,3,1375.21,2026-03-01,,Delivered,True,,4125.63
ORD001847,CUST00237,PROD0014,2,1289.47,2026-05-06,2026-05-10,Delivered,True,4.0,2578.94
ORD003650,CUST00431,PROD0133,4,1400.65,2025-04-26,,Returned,True,,5602.6
ORD000070,CUST00326,PROD0030,2,429.82,2026-06-06,2026-06-07,Delivered,True,1.0,859.64
ORD001530,CUST00638,PROD0057,2,1462.31,2025-01-19,2025-01-21,Delivered,True,2.0,2924.62
ORD000577,CUST00390,PROD0112,3,1969.23,2025-12-09,,Returned,True,,5907.6900000000005
ORD000520,CUST00183,PROD0095,1,6063.96,2026-05-09,2026-05-21,Delivered,True,12.0,6063.96
ORD005910,CUST00277,PROD0026,1,4912.92,2026-06-08,2026-06-20,Delivered,True,12.0,4912.92
ORD001087,CUST00573,PROD0034,3,2546.45,2026-01-05,,Processing,True,,7639.349999999999
ORD003668,CUST00139,PROD0022,2,459.17,2025-03-16,2025-03-28,Delivered,True,12.0,918.34
ORD000296,CUST00649,PROD0002,1,2472.29,2026-06-20,2026-06-27,Delivered,True,7.0,2472.29
ORD003303,CUST00792,PROD0032,5,1176.78,2025-08-29,,Processing,True,,5883.9
ORD001814,CUST00530,PROD0045,2,1228.68,2025-07-08,2025-07-09,Delivered,True,1.0,2457.36
ORD004404,CUST00214,PROD0123,5,21424.68,2025-05-10,2025-05-21,Delivered,True,11.0,107123.4
ORD001762,CUST00709,PROD0104,4,1042.65,2026-03-04,,Returned,True,,4170.6
ORD002583,CUST00013,PROD0011,2,1483.6,2026-06-28,2026-06-29,Delivered,True,1.0,2967.2
ORD002576,CUST00636,PROD0013,3,39659.48,2025-06-02,2025-06-05,Delivered,True,3.0,118978.44
ORD001547,CUST00453,PROD0106,2,3327.3,2025-01-30,2025-02-02,Delivered,True,3.0,6654.6
ORD000314,CUST00676,PROD0088,1,34407.7,2026-06-10,,Shipped,True,,34407.7
ORD002082,CUST00335,PROD0136,1,18573.07,2026-04-11,,Shipped,True,,18573.07
ORD000948,CUST00238,PROD0118,2,828.66,2025-03-09,,Shipped,True,,1657.32
ORD000559,CUST00227,PROD0062,4,25032.52,2026-02-03,,Shipped,True,,100130.08
ORD003887,CUST00361,PROD0005,4,560.65,2025-04-20,2025-04-27,Delivered,True,7.0,2242.6
ORD004855,CUST00222,PROD0019,5,4410.8,2025-12-21,2025-12-30,Delivered,True,9.0,22054.0
ORD005028,CUST00037,PROD0095,3,6063.96,2025-07-18,2025-07-19,Delivered,True,1.0,18191.88
ORD004975,CUST00663,PROD0127,5,919.23,2026-03-21,2026-03-29,Delivered,True,8.0,4596.15
ORD004242,CUST00066,PROD0120,5,418.7,2025-08-17,2025-08-18,Delivered,True,1.0,2093.5
ORD000003,CUST00449,PROD0065,2,9361.22,2026-03-10,2026-03-18,Delivered,True,8.0,18722.44
ORD000464,CUST00757,PROD0071,3,632.25,2026-06-24,2026-07-06,Delivered,True,12.0,1896.75
ORD000635,CUST00720,PROD0063,1,869.54,2025-05-03,,Returned,True,,869.54
ORD002123,CUST00251,PROD0043,5,2444.21,2025-03-25,2025-04-02,Delivered,True,8.0,12221.05
ORD003790,CUST00008,PROD0026,2,4912.92,2025-09-08,,Cancelled,True,,9825.84
ORD001071,CUST00562,PROD0085,1,4763.96,2025-06-14,,Returned,True,,4763.96
ORD004410,CUST00503,PROD0073,5,34399.58,2025-11-01,,Processing,True,,171997.90000000002
ORD004791,CUST00622,PROD0034,2,2546.45,2025-03-30,,Processing,True,,5092.9
ORD000155,CUST00546,PROD0024,3,1123.83,2025-01-29,2025-02-01,Delivered,True,3.0,3371.49
ORD002355,CUST00171,PROD0090,5,955.06,2026-06-25,,Returned,True,,4775.299999999999
ORD005356,CUST00374,PROD0055,2,70.6,2025-07-08,2025-07-18,Delivered,True,10.0,141.2
ORD002649,CUST00215,PROD0004,1,2001.32,2025-08-14,2025-08-21,Delivered,True,7.0,2001.32
ORD003566,CUST00538,PROD0108,5,4953.1,2025-03-12,2025-03-15,Delivered,True,3.0,24765.5
ORD005830,CUST00684,PROD0008,4,545.71,2025-01-12,,Processing,True,,2182.84
ORD000611,CUST00456,PROD0034,3,2546.45,2025-06-25,2025-07-03,Delivered,True,8.0,7639.349999999999
ORD005287,CUST00367,PROD0140,1,899.29,2025-10-04,,Delivered,True,,899.29
ORD003485,CUST00706,PROD0064,4,3664.82,2026-01-15,,Shipped,True,,14659.28
ORD003439,CUST00762,PROD0043,2,2444.21,2025-09-09,2025-09-17,Delivered,True,8.0,4888.42
ORD003782,CUST00068,PROD0082,1,503.97,2025-01-11,2025-01-14,Delivered,True,3.0,503.97
ORD005473,CUST00112,PROD0124,4,2908.87,2025-02-11,2025-02-22,Delivered,True,11.0,11635.48
ORD004909,CUST00619,PROD0104,3,1042.65,2025-05-02,,Cancelled,True,,3127.9500000000003
ORD002007,CUST00648,PROD0147,1,4832.5,2025-02-11,,Shipped,True,,4832.5
ORD001876,CUST00650,PROD0142,5,1821.04,2025-05-30,,Processing,True,,9105.2
ORD005229,CUST00144,PROD0144,3,4806.1,2025-10-25,,Cancelled,True,,14418.300000000001
ORD003446,CUST00176,PROD0046,3,51.86,2025-12-18,2025-12-23,Delivered,True,5.0,155.57999999999998
ORD004629,CUST00053,PROD0106,4,3327.3,2025-01-30,2025-01-31,Delivered,True,1.0,13309.2
ORD000396,CUST00118,PROD0083,5,385.32,2025-09-04,2025-09-11,Delivered,True,7.0,1926.6
ORD002165,CUST00762,PROD0036,4,559.64,2025-07-19,2025-07-23,Delivered,True,4.0,2238.56
ORD002400,CUST00662,PROD0001,3,2002.86,2025-07-11,2025-07-16,Delivered,True,5.0,6008.58
ORD004746,CUST00444,PROD0032,3,1176.78,2026-06-18,2026-06-22,Delivered,True,4.0,3530.34
ORD001809,CUST00550,PROD0116,3,8033.73,2026-05-07,,Returned,True,,24101.19
ORD005938,CUST00061,PROD0094,2,1211.97,2026-05-03,2026-05-13,Delivered,True,10.0,2423.94
ORD000059,CUST00481,PROD0019,1,4410.8,2025-03-11,,Shipped,True,,4410.8
ORD003612,CUST00009,PROD0048,4,56173.09,2026-04-01,,Processing,True,,224692.36
ORD004602,CUST00703,PROD0004,3,2001.32,2025-10-15,,Cancelled,True,,6003.96
ORD002184,CUST00104,PROD0134,3,3036.32,2025-05-29,,Processing,True,,9108.960000000001
ORD000558,CUST00743,PROD0022,4,459.17,2025-07-14,,Delivered,True,,1836.68
ORD005692,CUST00310,PROD0106,5,3327.3,2025-01-10,2025-01-19,Delivered,True,9.0,16636.5
ORD001967,CUST00326,PROD0072,4,263.08,2025-09-09,2025-09-21,Delivered,True,12.0,1052.32
ORD003804,CUST00513,PROD0030,5,429.82,2025-07-10,,Cancelled,True,,2149.1
ORD001697,CUST00426,PROD0092,1,1419.85,2025-05-18,2025-05-27,Delivered,True,9.0,1419.85
ORD000749,CUST00045,PROD0032,4,1176.78,2026-01-18,2026-01-24,Delivered,True,6.0,4707.12
ORD000299,CUST00235,PROD0071,4,632.25,2025-07-28,,Returned,True,,2529.0
ORD001751,CUST00367,PROD0007,4,40685.29,2025-03-13,,Shipped,True,,162741.16
ORD003512,CUST00265,PROD0140,1,899.29,2025-04-17,2025-04-22,Delivered,True,5.0,899.29
ORD001183,CUST00393,PROD0140,2,899.29,2026-01-22,,Processing,True,,1798.58
ORD001241,CUST00090,PROD0072,3,263.08,2026-05-10,2026-05-15,Delivered,True,5.0,789.24
ORD005557,CUST00371,PROD0062,4,25032.52,2025-12-17,,Cancelled,True,,100130.08
ORD002759,CUST00520,PROD0035,1,4733.42,2025-02-13,2025-02-23,Delivered,True,10.0,4733.42
ORD005637,CUST00091,PROD0088,1,34407.7,2025-02-04,2025-02-16,Delivered,True,12.0,34407.7
ORD003563,CUST00070,PROD0110,1,1192.79,2026-01-22,2026-01-29,Delivered,True,7.0,1192.79
ORD002099,CUST00632,PROD0095,1,6063.96,2025-02-07,2025-02-17,Delivered,True,10.0,6063.96
ORD005984,CUST00419,PROD0121,3,751.76,2026-01-18,2026-01-21,Delivered,True,3.0,2255.2799999999997
ORD004611,CUST00722,PROD0148,4,985.06,2025-01-25,,Shipped,True,,3940.24
ORD001650,CUST00586,PROD0140,2,899.29,2025-04-07,,Returned,True,,1798.58
ORD002040,CUST00757,PROD0001,2,2002.86,2025-03-09,2025-03-11,Delivered,True,2.0,4005.72
ORD001257,CUST00034,PROD0069,4,58378.98,2025-07-30,2025-08-05,Delivered,True,6.0,233515.92
ORD001646,CUST00429,PROD0089,2,16755.29,2026-02-20,2026-02-28,Delivered,True,8.0,33510.58
ORD001795,CUST00158,PROD0004,3,2001.32,2025-03-14,,Returned,True,,6003.96
ORD003859,CUST00115,PROD0069,2,58378.98,2025-10-31,,Shipped,True,,116757.96
ORD003252,CUST00509,PROD0140,2,899.29,2025-07-02,2025-07-13,Delivered,True,11.0,1798.58
ORD001788,CUST00364,PROD0021,3,156.01,2026-07-19,,Delivered,True,,468.03
ORD005485,CUST00216,PROD0086,2,1450.41,2025-08-29,2025-09-05,Delivered,True,7.0,2900.82
ORD001685,CUST00409,PROD0048,4,56173.09,2025-07-27,,Returned,True,,224692.36
ORD000088,CUST00684,PROD0024,2,1123.83,2025-11-08,2025-11-12,Delivered,True,4.0,2247.66
ORD002842,CUST00307,PROD0105,3,32176.55,2025-08-06,2025-08-14,Delivered,True,8.0,96529.65
ORD005042,CUST00555,PROD0038,2,8563.39,2026-04-06,,Delivered,True,,17126.78
ORD005893,CUST00800,PROD0130,3,314.99,2025-06-30,,Shipped,True,,944.97
ORD001104,CUST00512,PROD0035,4,4733.42,2025-10-29,2025-11-09,Delivered,True,11.0,18933.68
ORD003454,CUST00402,PROD0113,4,974.15,2026-03-22,2026-03-31,Delivered,True,9.0,3896.6
ORD000098,CUST00261,PROD0106,5,3327.3,2026-05-06,2026-05-11,Delivered,True,5.0,16636.5
ORD000214,CUST00782,PROD0122,3,993.76,2026-04-09,2026-04-20,Delivered,True,11.0,2981.2799999999997
ORD004417,CUST00322,PROD0142,1,1821.04,2026-01-23,,Shipped,True,,1821.04
ORD003460,CUST00552,PROD0135,3,7336.91,2026-03-10,2026-03-16,Delivered,True,6.0,22010.73
ORD004102,CUST00314,PROD0086,2,1450.41,2025-03-10,2025-03-21,Delivered,True,11.0,2900.82
ORD003383,CUST00283,PROD0080,4,4686.49,2026-07-16,2026-07-23,Delivered,True,7.0,18745.96
ORD005191,CUST00507,PROD0114,3,1292.66,2026-05-19,2026-05-24,Delivered,True,5.0,3877.9800000000005
ORD001308,CUST00072,PROD0018,4,18955.94,2026-01-21,2026-01-31,Delivered,True,10.0,75823.76
ORD001017,CUST00286,PROD0124,3,2908.87,2025-05-29,2025-06-10,Delivered,True,12.0,8726.61
ORD003582,CUST00661,PROD0046,1,51.86,2026-01-03,2026-01-10,Delivered,True,7.0,51.86
ORD004032,CUST00006,PROD0087,2,13732.01,2025-04-13,,Shipped,True,,27464.02
ORD000716,CUST00256,PROD0113,3,974.15,2026-02-21,,Shipped,True,,2922.45
ORD003364,CUST00266,PROD0125,2,11796.3,2025-10-07,2025-10-16,Delivered,True,9.0,23592.6
ORD004600,CUST00504,PROD0113,1,974.15,2025-07-12,,Cancelled,True,,974.15
ORD005412,CUST00373,PROD0041,4,543.32,2025-09-08,,Shipped,True,,2173.28
ORD003673,CUST00136,PROD0076,1,32834.68,2026-01-22,2026-01-26,Delivered,True,4.0,32834.68
ORD000222,CUST00453,PROD0064,3,3664.82,2026-02-12,,Shipped,True,,10994.460000000001
ORD000122,CUST00255,PROD0042,1,915.41,2026-07-15,,Processing,True,,915.41
ORD000695,CUST00208,PROD0132,4,305.28,2026-07-15,2026-07-26,Delivered,True,11.0,1221.12
ORD000740,CUST00412,PROD0093,4,513.19,2025-10-17,,Shipped,True,,2052.76
ORD004558,CUST00673,PROD0130,4,314.99,2025-04-04,2025-04-13,Delivered,True,9.0,1259.96
ORD004338,CUST00219,PROD0017,2,4701.06,2025-01-30,2025-02-06,Delivered,True,7.0,9402.12
ORD005543,CUST00700,PROD0107,5,328.16,2025-11-24,,Processing,True,,1640.8000000000002
ORD004278,CUST00493,PROD0061,4,1083.6,2025-03-20,,Processing,True,,4334.4
ORD003449,CUST00610,PROD0062,2,25032.52,2025-03-09,,Processing,True,,50065.04
ORD002721,CUST00557,PROD0075,1,209.7,2026-01-18,,Returned,True,,209.7
ORD003700,CUST00250,PROD0118,3,828.66,2026-04-14,,Processing,True,,2485.98
ORD000928,CUST00435,PROD0126,4,8384.51,2026-04-19,2026-05-01,Delivered,True,12.0,33538.04
ORD000858,CUST00643,PROD0072,5,263.08,2026-05-28,2026-06-06,Delivered,True,9.0,1315.3999999999999
ORD000031,CUST00061,PROD0064,3,3664.82,2025-02-03,,Shipped,True,,10994.460000000001
ORD001111,CUST00634,PROD0080,2,4686.49,2025-07-01,2025-07-03,Delivered,True,2.0,9372.98
ORD002278,CUST00793,PROD0087,3,13732.01,2026-07-09,,Processing,True,,41196.03
ORD005442,CUST00510,PROD0140,2,899.29,2025-05-23,2025-06-04,Delivered,True,12.0,1798.58
ORD003697,CUST00269,PROD0109,1,854.47,2025-09-06,,Cancelled,True,,854.47
ORD001875,CUST00602,PROD0095,4,6063.96,2026-04-29,2026-05-05,Delivered,True,6.0,24255.84
ORD001415,CUST00672,PROD0079,4,2916.61,2026-02-24,2026-03-05,Delivered,True,9.0,11666.44
ORD004650,CUST00131,PROD0045,2,1228.68,2025-11-17,2025-11-26,Delivered,True,9.0,2457.36
ORD001886,CUST00281,PROD0040,2,2990.7,2025-01-01,2025-01-09,Delivered,True,8.0,5981.4
ORD002374,CUST00440,PROD0041,1,543.32,2025-09-23,2025-09-27,Delivered,True,4.0,543.32
ORD004138,CUST00630,PROD0032,2,1176.78,2026-07-22,,Cancelled,True,,2353.56
ORD001234,CUST00371,PROD0127,1,919.23,2026-01-18,2026-01-19,Delivered,True,1.0,919.23
ORD002444,CUST00102,PROD0029,2,901.03,2025-07-18,,Returned,True,,1802.06
ORD000729,CUST00583,PROD0069,3,58378.98,2026-05-22,2026-05-29,Delivered,True,7.0,175136.94
ORD005690,CUST00469,PROD0060,5,7402.46,2025-12-19,,Processing,True,,37012.3
ORD001757,CUST00411,PROD0061,4,1083.6,2025-09-14,,Returned,True,,4334.4
ORD000764,CUST00672,PROD0132,1,305.28,2026-06-07,,Cancelled,True,,305.28
ORD002845,CUST00549,PROD0123,4,21424.68,2026-01-23,,Cancelled,True,,85698.72
ORD005439,CUST00184,PROD0134,1,3036.32,2026-07-13,,Shipped,True,,3036.32
ORD003715,CUST00384,PROD0137,1,1360.59,2025-11-21,2025-12-03,Delivered,True,12.0,1360.59
ORD000224,CUST00604,PROD0141,3,22625.81,2026-07-21,2026-07-25,Delivered,True,4.0,67877.43000000001
ORD002557,CUST00148,PROD0145,2,2463.88,2025-03-31,,Cancelled,True,,4927.76
ORD001016,CUST00631,PROD0014,3,1289.47,2026-04-14,2026-04-24,Delivered,True,10.0,3868.41
ORD000006,CUST00589,PROD0091,2,1751.39,2025-02-15,,Cancelled,True,,3502.78
ORD002936,CUST00361,PROD0067,1,4271.55,2026-06-08,,Returned,True,,4271.55
ORD004763,CUST00015,PROD0107,2,328.16,2025-02-03,2025-02-04,Delivered,True,1.0,656.32
ORD005132,CUST00149,PROD0043,4,2444.21,2026-07-17,,Cancelled,True,,9776.84
ORD005725,CUST00271,PROD0037,5,1155.64,2025-10-08,,Processing,True,,5778.200000000001
ORD002254,CUST00328,PROD0036,3,559.64,2025-10-29,2025-11-09,Delivered,True,11.0,1678.92
ORD002530,CUST00142,PROD0095,2,6063.96,2025-11-19,2025-11-30,Delivered,True,11.0,12127.92
ORD000173,CUST00130,PROD0106,1,3327.3,2025-06-04,2025-06-10,Delivered,True,6.0,3327.3
ORD003728,CUST00242,PROD0036,3,559.64,2026-04-08,2026-04-16,Delivered,True,8.0,1678.92
ORD001778,CUST00278,PROD0072,2,263.08,2025-04-27,,Returned,True,,526.16
ORD004288,CUST00627,PROD0147,3,4832.5,2025-02-18,,Returned,True,,14497.5
ORD004737,CUST00355,PROD0092,3,1419.85,2026-06-26,,Processing,True,,4259.549999999999
ORD002293,CUST00590,PROD0007,5,40685.29,2025-06-19,,Cancelled,True,,203426.45
ORD000399,CUST00069,PROD0055,3,70.6,2025-01-23,,Delivered,True,,211.79999999999998
ORD002198,CUST00674,PROD0087,1,13732.01,2025-09-15,,Shipped,True,,13732.01
ORD003858,CUST00374,PROD0025,5,4203.28,2025-04-13,,Shipped,True,,21016.399999999998
ORD000647,CUST00478,PROD0093,2,513.19,2026-03-29,,Processing,True,,1026.38
ORD001488,CUST00450,PROD0087,1,13732.01,2025-07-11,,Shipped,True,,13732.01
ORD002098,CUST00282,PROD0019,1,4410.8,2026-07-16,2026-07-20,Delivered,True,4.0,4410.8
ORD005837,CUST00161,PROD0093,1,513.19,2025-07-25,,Shipped,True,,513.19
ORD004191,CUST00733,PROD0003,5,14338.6,2025-03-09,,Processing,True,,71693.0
ORD003370,CUST00363,PROD0060,1,7402.46,2025-12-29,2026-01-04,Delivered,True,6.0,7402.46
ORD002103,CUST00770,PROD0026,1,4912.92,2026-05-31,2026-06-10,Delivered,True,10.0,4912.92
ORD002917,CUST00342,PROD0086,5,1450.41,2025-01-13,,Returned,True,,7252.05
ORD004804,CUST00243,PROD0133,1,1400.65,2026-05-30,2026-05-31,Delivered,True,1.0,1400.65
ORD002645,CUST00064,PROD0087,2,13732.01,2026-01-16,2026-01-23,Delivered,True,7.0,27464.02
ORD003072,CUST00449,PROD0143,1,1730.89,2026-07-07,2026-07-19,Delivered,True,12.0,1730.89
ORD005104,CUST00047,PROD0096,4,32150.75,2026-07-16,2026-07-28,Delivered,True,12.0,128603.0
ORD001266,CUST00147,PROD0091,3,1751.39,2025-12-08,,Returned,True,,5254.17
ORD000473,CUST00612,PROD0146,5,9127.13,2025-01-30,2025-02-05,Delivered,True,6.0,45635.649999999994
ORD004911,CUST00211,PROD0113,5,974.15,2025-10-03,2025-10-04,Delivered,True,1.0,4870.75
ORD005904,CUST00522,PROD0036,4,559.64,2025-07-21,,Cancelled,True,,2238.56
ORD001732,CUST00567,PROD0131,5,6853.95,2025-07-02,,Processing,True,,34269.75
ORD001251,CUST00569,PROD0086,1,1450.41,2026-03-28,,Processing,True,,1450.41
ORD005992,CUST00247,PROD0129,2,17176.36,2025-05-03,,Cancelled,True,,34352.72
ORD005722,CUST00437,PROD0021,1,156.01,2026-03-20,,Shipped,True,,156.01
ORD003749,CUST00598,PROD0068,2,1375.21,2025-08-18,,Processing,True,,2750.42
ORD005717,CUST00633,PROD0140,4,899.29,2025-07-01,,Shipped,True,,3597.16
ORD004206,CUST00469,PROD0084,3,317.91,2025-09-24,2025-10-06,Delivered,True,12.0,953.73
ORD005463,CUST00062,PROD0103,3,11738.74,2025-03-07,,Returned,True,,35216.22
ORD004400,CUST00191,PROD0047,1,26286.3,2025-07-30,,Cancelled,True,,26286.3
ORD003642,CUST00449,PROD0017,3,4701.06,2026-02-20,,Processing,True,,14103.18
ORD002447,CUST00736,PROD0143,5,1730.89,2026-01-24,2026-02-01,Delivered,True,8.0,8654.45
ORD005584,CUST00449,PROD0070,4,10505.06,2025-02-13,2025-02-20,Delivered,True,7.0,42020.24
ORD003993,CUST00283,PROD0013,3,39659.48,2025-08-27,,Returned,True,,118978.44
ORD004579,CUST00013,PROD0065,1,9361.22,2025-05-20,2025-05-23,Delivered,True,3.0,9361.22
ORD005030,CUST00207,PROD0038,1,8563.39,2026-04-19,,Shipped,True,,8563.39
ORD005262,CUST00066,PROD0001,5,2002.86,2025-03-02,,Delivered,True,,10014.3
ORD004491,CUST00151,PROD0009,5,390.58,2025-03-01,,Processing,True,,1952.8999999999999
ORD002935,CUST00351,PROD0003,5,14338.6,2026-06-23,,Shipped,True,,71693.0
ORD000170,CUST00021,PROD0079,4,2916.61,2025-12-06,,Shipped,True,,11666.44
ORD001052,CUST00549,PROD0079,4,2916.61,2025-11-17,2025-11-19,Delivered,True,2.0,11666.44
ORD005657,CUST00340,PROD0120,1,418.7,2025-02-11,2025-02-21,Delivered,True,10.0,418.7
ORD005551,CUST00181,PROD0017,4,4701.06,2025-03-29,2025-04-02,Delivered,True,4.0,18804.24
ORD002566,CUST00031,PROD0138,3,3519.99,2025-12-07,2025-12-19,Delivered,True,12.0,10559.97
ORD003011,CUST00670,PROD0034,2,2546.45,2026-01-29,,Returned,True,,5092.9
ORD000223,CUST00563,PROD0035,2,4733.42,2026-02-27,,Shipped,True,,9466.84
ORD005067,CUST00012,PROD0034,5,2546.45,2026-05-04,2026-05-08,Delivered,True,4.0,12732.25
ORD004381,CUST00791,PROD0025,4,4203.28,2026-02-21,2026-03-03,Delivered,True,10.0,16813.12
ORD001598,CUST00068,PROD0028,1,302.64,2025-09-06,,Processing,True,,302.64
ORD002271,CUST00628,PROD0028,3,302.64,2025-03-31,,Processing,True,,907.92
ORD002657,CUST00630,PROD0048,1,56173.09,2026-05-04,2026-05-05,Delivered,True,1.0,56173.09
ORD002778,CUST00041,PROD0028,1,302.64,2025-03-18,2025-03-29,Delivered,True,11.0,302.64
ORD005455,CUST00302,PROD0060,4,7402.46,2026-06-01,,Cancelled,True,,29609.84
ORD000630,CUST00570,PROD0002,4,2472.29,2025-10-07,2025-10-16,Delivered,True,9.0,9889.16
ORD000530,CUST00348,PROD0067,2,4271.55,2026-05-12,2026-05-18,Delivered,True,6.0,8543.1
ORD000765,CUST00315,PROD0119,5,2603.43,2025-09-17,,Shipped,True,,13017.15
ORD000603,CUST00616,PROD0129,5,17176.36,2025-05-06,,Shipped,True,,85881.8
ORD005283,CUST00683,PROD0118,2,828.66,2026-03-16,2026-03-25,Delivered,True,9.0,1657.32
ORD001181,CUST00593,PROD0105,3,32176.55,2026-06-18,,Returned,True,,96529.65
ORD003669,CUST00379,PROD0050,3,3898.39,2025-10-25,2025-11-05,Delivered,True,11.0,11695.17
ORD000086,CUST00411,PROD0120,3,418.7,2026-02-21,,Processing,True,,1256.1
ORD004722,CUST00358,PROD0025,5,4203.28,2025-05-07,2025-05-12,Delivered,True,5.0,21016.399999999998
ORD003424,CUST00719,PROD0030,4,429.82,2025-03-07,,Delivered,True,,1719.28
ORD005688,CUST00214,PROD0147,1,4832.5,2025-04-26,,Processing,True,,4832.5
ORD001197,CUST00339,PROD0044,5,1423.72,2026-03-17,,Cancelled,True,,7118.6
ORD004069,CUST00362,PROD0017,3,4701.06,2026-06-17,2026-06-29,Delivered,True,12.0,14103.18
ORD000345,CUST00191,PROD0048,1,56173.09,2025-05-09,,Shipped,True,,56173.09
ORD004543,CUST00788,PROD0150,4,2716.88,2025-08-12,2025-08-20,Delivered,True,8.0,10867.52
ORD000864,CUST00051,PROD0012,2,4952.6,2025-02-18,,Cancelled,True,,9905.2
ORD005197,CUST00403,PROD0013,3,39659.48,2025-10-28,2025-11-05,Delivered,True,8.0,118978.44
ORD004026,CUST00571,PROD0128,4,3825.7,2025-12-15,2025-12-17,Delivered,True,2.0,15302.8
ORD000033,CUST00327,PROD0110,2,1192.79,2025-05-23,2025-05-24,Delivered,True,1.0,2385.58
ORD003380,CUST00176,PROD0099,4,14295.1,2025-07-06,2025-07-17,Delivered,True,11.0,57180.4
ORD004135,CUST00367,PROD0096,4,32150.75,2025-02-11,2025-02-21,Delivered,True,10.0,128603.0
ORD000731,CUST00797,PROD0075,3,209.7,2025-08-30,,Returned,True,,629.0999999999999
ORD004337,CUST00579,PROD0135,4,7336.91,2025-10-22,,Returned,True,,29347.64
ORD001909,CUST00004,PROD0023,5,11903.15,2025-07-11,,Returned,True,,59515.75
ORD001564,CUST00784,PROD0095,5,6063.96,2026-01-07,,Shipped,True,,30319.8
ORD003572,CUST00205,PROD0029,3,901.03,2025-12-17,,Cancelled,True,,2703.09
ORD005782,CUST00084,PROD0072,2,263.08,2025-02-02,2025-02-04,Delivered,True,2.0,526.16
ORD005963,CUST00528,PROD0055,4,70.6,2026-06-29,,Cancelled,True,,282.4
ORD000613,CUST00537,PROD0042,5,915.41,2025-10-20,2025-11-01,Delivered,True,12.0,4577.05
ORD003346,CUST00456,PROD0100,2,7797.29,2026-07-09,2026-07-19,Delivered,True,10.0,15594.58
ORD001753,CUST00030,PROD0133,5,1400.65,2025-01-18,2025-01-30,Delivered,True,12.0,7003.25
ORD002053,CUST00478,PROD0138,4,3519.99,2025-10-28,2025-10-29,Delivered,True,1.0,14079.96
ORD001706,CUST00503,PROD0031,1,2204.46,2025-03-07,,Cancelled,True,,2204.46
ORD004730,CUST00229,PROD0015,3,2263.06,2025-05-14,2025-05-25,Delivered,True,11.0,6789.18
ORD001428,CUST00263,PROD0073,5,34399.58,2026-06-03,,Cancelled,True,,171997.90000000002
ORD002279,CUST00185,PROD0109,3,854.47,2025-11-21,,Shipped,True,,2563.41
ORD000019,CUST00593,PROD0068,4,1375.21,2026-06-25,,Processing,True,,5500.84
ORD005881,CUST00439,PROD0013,4,39659.48,2026-03-09,,Returned,True,,158637.92
ORD004305,CUST00505,PROD0057,4,1462.31,2025-11-17,,Shipped,True,,5849.24
ORD001412,CUST00483,PROD0056,4,861.22,2025-03-04,,Processing,True,,3444.88
ORD000043,CUST00398,PROD0032,2,1176.78,2026-03-28,2026-04-04,Delivered,True,7.0,2353.56
ORD000269,CUST00678,PROD0020,1,4298.98,2025-01-20,2025-01-30,Delivered,True,10.0,4298.98
ORD001727,CUST00323,PROD0083,5,385.32,2026-05-11,,Cancelled,True,,1926.6
ORD004319,CUST00396,PROD0124,5,2908.87,2026-02-04,,Delivered,True,,14544.349999999999
ORD003384,CUST00225,PROD0035,4,4733.42,2025-05-28,,Returned,True,,18933.68
ORD005590,CUST00406,PROD0120,1,418.7,2025-11-29,,Cancelled,True,,418.7
ORD002143,CUST00623,PROD0034,3,2546.45,2026-06-26,2026-06-28,Delivered,True,2.0,7639.349999999999
ORD003549,CUST00181,PROD0030,2,429.82,2025-12-22,,Processing,True,,859.64
ORD003436,CUST00242,PROD0142,2,1821.04,2026-03-08,,Processing,True,,3642.08
ORD002542,CUST00175,PROD0038,1,8563.39,2026-01-06,2026-01-07,Delivered,True,1.0,8563.39
ORD001698,CUST00156,PROD0130,4,314.99,2026-07-03,2026-07-13,Delivered,True,10.0,1259.96
ORD002858,CUST00374,PROD0085,5,4763.96,2026-06-26,,Shipped,True,,23819.8
ORD001561,CUST00201,PROD0019,4,4410.8,2026-05-19,,Shipped,True,,17643.2
ORD003151,CUST00270,PROD0024,4,1123.83,2025-10-13,,Processing,True,,4495.32
ORD004364,CUST00441,PROD0110,3,1192.79,2025-10-25,,Processing,True,,3578.37
ORD005991,CUST00008,PROD0150,5,2716.88,2025-01-21,,Cancelled,True,,13584.400000000001
ORD001333,CUST00652,PROD0095,3,6063.96,2025-07-18,,Cancelled,True,,18191.88
ORD004764,CUST00150,PROD0095,1,6063.96,2026-03-16,,Returned,True,,6063.96
ORD002506,CUST00627,PROD0046,4,51.86,2025-04-22,2025-04-28,Delivered,True,6.0,207.44
ORD002770,CUST00696,PROD0042,5,915.41,2025-12-11,,Cancelled,True,,4577.05
ORD005213,CUST00093,PROD0063,3,869.54,2025-07-24,,Shipped,True,,2608.62
ORD000061,CUST00345,PROD0129,4,17176.36,2026-03-10,2026-03-21,Delivered,True,11.0,68705.44
ORD005199,CUST00589,PROD0066,5,4931.77,2025-03-03,2025-03-08,Delivered,True,5.0,24658.850000000002
ORD005393,CUST00705,PROD0070,5,10505.06,2025-09-20,,Delivered,True,,52525.299999999996
ORD000360,CUST00534,PROD0018,2,18955.94,2025-05-20,2025-05-31,Delivered,True,11.0,37911.88
ORD000853,CUST00467,PROD0046,1,51.86,2025-05-08,,Processing,True,,51.86
ORD001601,CUST00351,PROD0026,1,4912.92,2025-12-17,,Processing,True,,4912.92
ORD001626,CUST00712,PROD0123,3,21424.68,2026-06-05,,Returned,True,,64274.04
ORD000554,CUST00445,PROD0124,1,2908.87,2026-07-03,,Processing,True,,2908.87
ORD003737,CUST00466,PROD0040,1,2990.7,2026-04-17,,Processing,True,,2990.7
ORD005395,CUST00026,PROD0091,4,1751.39,2026-01-13,,Returned,True,,7005.56
ORD001255,CUST00217,PROD0010,5,11743.74,2025-09-30,2025-10-09,Delivered,True,9.0,58718.7
ORD002092,CUST00673,PROD0109,3,854.47,2025-10-06,2025-10-17,Delivered,True,11.0,2563.41
ORD000717,CUST00178,PROD0126,4,8384.51,2026-02-27,,Cancelled,True,,33538.04
ORD001577,CUST00044,PROD0142,3,1821.04,2025-04-04,2025-04-07,Delivered,True,3.0,5463.12
ORD000337,CUST00640,PROD0093,3,513.19,2026-07-28,,Shipped,True,,1539.5700000000002
ORD004413,CUST00297,PROD0060,3,7402.46,2026-04-08,2026-04-20,Delivered,True,12.0,22207.38
ORD005373,CUST00104,PROD0108,2,4953.1,2025-07-01,,Cancelled,True,,9906.2
ORD002568,CUST00363,PROD0013,3,39659.48,2025-08-31,2025-09-02,Delivered,True,2.0,118978.44
ORD001237,CUST00081,PROD0029,1,901.03,2025-11-08,,Shipped,True,,901.03
ORD005834,CUST00101,PROD0045,3,1228.68,2026-07-29,2026-08-05,Delivered,True,7.0,3686.04
ORD004929,CUST00727,PROD0125,5,11796.3,2026-04-03,2026-04-08,Delivered,True,5.0,58981.5
ORD004802,CUST00765,PROD0140,2,899.29,2025-11-08,2025-11-10,Delivered,True,2.0,1798.58
ORD001079,CUST00163,PROD0039,2,5112.85,2025-05-04,,Cancelled,True,,10225.7
ORD000926,CUST00516,PROD0071,2,632.25,2025-01-08,,Returned,True,,1264.5
ORD002846,CUST00333,PROD0017,3,4701.06,2025-08-18,,Cancelled,True,,14103.18
ORD004654,CUST00509,PROD0121,1,751.76,2025-03-26,2025-04-07,Delivered,True,12.0,751.76
ORD003743,CUST00098,PROD0051,5,1399.76,2025-02-16,,Returned,True,,6998.8
ORD003437,CUST00064,PROD0005,1,560.65,2026-05-01,2026-05-07,Delivered,True,6.0,560.65
ORD001373,CUST00771,PROD0093,2,513.19,2026-04-12,2026-04-24,Delivered,True,12.0,1026.38
ORD005817,CUST00524,PROD0070,4,10505.06,2025-05-10,,Cancelled,True,,42020.24
ORD001009,CUST00040,PROD0009,5,390.58,2025-11-24,2025-11-29,Delivered,True,5.0,1952.8999999999999
ORD005344,CUST00607,PROD0020,5,4298.98,2025-03-01,,Processing,True,,21494.899999999998
ORD004398,CUST00746,PROD0084,1,317.91,2025-03-31,2025-04-09,Delivered,True,9.0,317.91
ORD001956,CUST00713,PROD0069,3,58378.98,2025-09-24,2025-09-27,Delivered,True,3.0,175136.94
ORD003511,CUST00570,PROD0016,1,59834.55,2026-03-21,2026-03-22,Delivered,True,1.0,59834.55
ORD002688,CUST00732,PROD0056,5,861.22,2026-06-30,,Shipped,True,,4306.1
ORD002306,CUST00443,PROD0064,1,3664.82,2025-12-07,,Shipped,True,,3664.82
ORD001310,CUST00232,PROD0104,1,1042.65,2025-02-16,2025-02-20,Delivered,True,4.0,1042.65
ORD002563,CUST00752,PROD0044,1,1423.72,2025-06-25,,Processing,True,,1423.72
ORD002920,CUST00243,PROD0011,5,1483.6,2026-04-29,,Cancelled,True,,7418.0
ORD003543,CUST00379,PROD0002,4,2472.29,2026-02-22,2026-03-03,Delivered,True,9.0,9889.16
ORD004003,CUST00517,PROD0057,4,1462.31,2025-10-03,,Processing,True,,5849.24
ORD000940,CUST00262,PROD0092,2,1419.85,2025-08-10,2025-08-18,Delivered,True,8.0,2839.7
ORD004097,CUST00369,PROD0060,5,7402.46,2025-01-21,,Shipped,True,,37012.3
ORD003757,CUST00320,PROD0107,2,328.16,2026-05-01,2026-05-08,Delivered,True,7.0,656.32
ORD005976,CUST00551,PROD0053,5,379.38,2026-03-28,,Processing,True,,1896.9
ORD003343,CUST00732,PROD0066,5,4931.77,2026-01-14,,Shipped,True,,24658.850000000002
ORD005958,CUST00420,PROD0009,4,390.58,2025-06-04,2025-06-06,Delivered,True,2.0,1562.32
ORD000261,CUST00229,PROD0019,3,4410.8,2025-03-10,2025-03-14,Delivered,True,4.0,13232.400000000001
ORD001136,CUST00354,PROD0041,1,543.32,2025-05-31,2025-06-02,Delivered,True,2.0,543.32
ORD005665,CUST00696,PROD0091,5,1751.39,2025-11-04,,Shipped,True,,8756.95
ORD002356,CUST00694,PROD0110,5,1192.79,2025-09-17,2025-09-21,Delivered,True,4.0,5963.95
ORD005768,CUST00646,PROD0034,4,2546.45,2026-03-05,,Shipped,True,,10185.8
ORD003803,CUST00799,PROD0121,2,751.76,2026-02-09,,Processing,True,,1503.52
ORD001141,CUST00242,PROD0117,5,430.76,2025-09-22,,Shipped,True,,2153.8
ORD005826,CUST00043,PROD0004,3,2001.32,2026-07-22,,Delivered,True,,6003.96
ORD005968,CUST00590,PROD0001,2,2002.86,2025-08-12,,Shipped,True,,4005.72
ORD000487,CUST00733,PROD0071,5,632.25,2025-11-23,2025-11-28,Delivered,True,5.0,3161.25
ORD005891,CUST00318,PROD0135,3,7336.91,2026-03-19,2026-03-31,Delivered,True,12.0,22010.73
ORD004509,CUST00731,PROD0129,5,17176.36,2026-04-11,,Returned,True,,85881.8
ORD004476,CUST00405,PROD0022,1,459.17,2025-12-02,2025-12-03,Delivered,True,1.0,459.17
ORD003950,CUST00043,PROD0084,3,317.91,2025-03-01,,Shipped,True,,953.73
ORD003680,CUST00782,PROD0147,2,4832.5,2025-09-25,,Processing,True,,9665.0
ORD005561,CUST00208,PROD0053,5,379.38,2025-11-19,2025-11-23,Delivered,True,4.0,1896.9
ORD005664,CUST00027,PROD0045,3,1228.68,2025-03-11,2025-03-21,Delivered,True,10.0,3686.04
ORD002028,CUST00363,PROD0073,3,34399.58,2025-01-19,2025-01-27,Delivered,True,8.0,103198.74
ORD001233,CUST00528,PROD0143,3,1730.89,2026-05-21,2026-05-28,Delivered,True,7.0,5192.67
ORD004112,CUST00243,PROD0149,1,5764.99,2025-08-14,,Returned,True,,5764.99
ORD000397,CUST00021,PROD0066,3,4931.77,2026-04-09,,Cancelled,True,,14795.310000000001
ORD001913,CUST00798,PROD0135,3,7336.91,2026-06-28,,Shipped,True,,22010.73
ORD000774,CUST00796,PROD0038,2,8563.39,2026-03-23,2026-03-25,Delivered,True,2.0,17126.78
ORD003176,CUST00295,PROD0137,4,1360.59,2025-11-12,,Shipped,True,,5442.36
ORD000486,CUST00177,PROD0080,1,4686.49,2025-11-16,2025-11-22,Delivered,True,6.0,4686.49
ORD002865,CUST00565,PROD0013,3,39659.48,2025-11-20,,Cancelled,True,,118978.44
ORD001163,CUST00014,PROD0034,4,2546.45,2026-01-11,,Processing,True,,10185.8
ORD001400,CUST00788,PROD0134,3,3036.32,2025-07-14,2025-07-25,Delivered,True,11.0,9108.960000000001
ORD000197,CUST00179,PROD0081,4,4820.76,2025-04-29,2025-04-30,Delivered,True,1.0,19283.04
ORD005824,CUST00725,PROD0030,4,429.82,2025-10-12,,Processing,True,,1719.28
ORD002237,CUST00548,PROD0005,2,560.65,2025-05-10,,Processing,True,,1121.3
ORD002678,CUST00538,PROD0083,2,385.32,2025-02-20,,Returned,True,,770.64
ORD001841,CUST00243,PROD0146,1,9127.13,2026-06-08,2026-06-16,Delivered,True,8.0,9127.13
ORD005166,CUST00009,PROD0029,2,901.03,2025-05-05,,Processing,True,,1802.06
ORD003597,CUST00317,PROD0108,1,4953.1,2025-05-09,2025-05-18,Delivered,True,9.0,4953.1
ORD001278,CUST00410,PROD0001,1,2002.86,2025-09-15,,Processing,True,,2002.86
ORD000447,CUST00480,PROD0078,3,12507.55,2026-04-18,,Cancelled,True,,37522.649999999994
ORD002605,CUST00353,PROD0101,4,782.0,2026-05-30,2026-06-06,Delivered,True,7.0,3128.0
ORD002758,CUST00206,PROD0138,1,3519.99,2026-02-03,,Shipped,True,,3519.99
ORD004362,CUST00707,PROD0144,0,4806.1,2026-06-08,2026-06-11,Delivered,False,3.0,0.0
ORD004179,CUST00251,PROD0032,1,1176.78,2026-03-16,,Returned,True,,1176.78
ORD001114,CUST00584,PROD0012,2,4952.6,2025-09-12,,Shipped,True,,9905.2
ORD000547,CUST00653,PROD0113,1,974.15,2026-05-19,,Cancelled,True,,974.15
ORD004293,CUST00411,PROD0068,3,1375.21,2026-06-22,2026-07-02,Delivered,True,10.0,4125.63
ORD000971,CUST00396,PROD0099,5,14295.1,2025-06-16,,Cancelled,True,,71475.5
ORD000831,CUST00699,PROD0012,4,4952.6,2025-01-24,,Cancelled,True,,19810.4
ORD002747,CUST00159,PROD0139,1,4171.69,2025-05-26,2025-05-27,Delivered,True,1.0,4171.69
ORD001307,CUST00283,PROD0087,4,13732.01,2025-05-24,,Shipped,True,,54928.04
ORD003329,CUST00711,PROD0106,1,3327.3,2025-10-17,,Returned,True,,3327.3
ORD005636,CUST00102,PROD0061,5,1083.6,2026-07-03,,Processing,True,,5418.0
ORD005451,CUST00233,PROD0093,2,513.19,2025-03-21,,Shipped,True,,1026.38
ORD002438,CUST00275,PROD0123,3,21424.68,2025-08-22,,Processing,True,,64274.04
ORD002596,CUST00662,PROD0038,2,8563.39,2025-11-15,,Cancelled,True,,17126.78
ORD005542,CUST00104,PROD0088,5,34407.7,2025-03-26,,Shipped,True,,172038.5
ORD000164,CUST00534,PROD0039,5,5112.85,2025-09-04,,Cancelled,True,,25564.25
ORD004363,CUST00356,PROD0121,5,751.76,2026-06-22,2026-06-25,Delivered,True,3.0,3758.8
ORD001339,CUST00180,PROD0057,4,1462.31,2025-11-06,,Shipped,True,,5849.24
ORD005374,CUST00061,PROD0084,5,317.91,2025-04-01,2025-04-13,Delivered,True,12.0,1589.5500000000002
ORD002120,CUST00742,PROD0036,2,559.64,2025-04-02,2025-04-12,Delivered,True,10.0,1119.28
ORD000187,CUST00571,PROD0013,1,39659.48,2026-03-03,,Cancelled,True,,39659.48
ORD002998,CUST00459,PROD0103,1,11738.74,2025-11-15,,Cancelled,True,,11738.74
ORD000156,CUST00250,PROD0055,2,70.6,2025-08-19,,Shipped,True,,141.2
ORD002831,CUST00726,PROD0024,3,1123.83,2026-04-04,,Shipped,True,,3371.49
ORD001632,CUST00650,PROD0107,2,328.16,2026-03-06,2026-03-15,Delivered,True,9.0,656.32
ORD002412,CUST00008,PROD0013,1,39659.48,2025-05-08,2025-05-20,Delivered,True,12.0,39659.48
ORD004387,CUST00173,PROD0078,2,12507.55,2025-12-25,2026-01-06,Delivered,True,12.0,25015.1
ORD003892,CUST00571,PROD0025,4,4203.28,2026-05-19,,Shipped,True,,16813.12
ORD000250,CUST00506,PROD0023,1,11903.15,2025-02-25,,Shipped,True,,11903.15
ORD005476,CUST00791,PROD0039,1,5112.85,2025-12-28,2026-01-06,Delivered,True,9.0,5112.85
ORD004594,CUST00200,PROD0006,2,812.36,2025-10-06,,Processing,True,,1624.72
ORD003376,CUST00296,PROD0132,3,305.28,2025-04-19,,Cancelled,True,,915.8399999999999
ORD001515,CUST00190,PROD0013,4,39659.48,2025-10-16,2025-10-24,Delivered,True,8.0,158637.92
ORD001683,CUST00104,PROD0086,3,1450.41,2026-07-06,,Processing,True,,4351.2300000000005
ORD004978,CUST00249,PROD0115,1,55563.32,2025-11-10,,Cancelled,True,,55563.32
ORD000058,CUST00557,PROD0100,5,7797.29,2026-03-07,2026-03-15,Delivered,True,8.0,38986.45
ORD000011,CUST00687,PROD0037,3,1155.64,2025-11-16,,Returned,True,,3466.92
ORD000040,CUST00516,PROD0092,1,1419.85,2026-07-02,2026-07-09,Delivered,True,7.0,1419.85
ORD002024,CUST00154,PROD0096,3,32150.75,2025-01-03,,Returned,True,,96452.25
ORD003909,CUST00380,PROD0063,2,869.54,2025-04-18,2025-04-29,Delivered,True,11.0,1739.08
ORD004731,CUST00683,PROD0089,1,16755.29,2026-07-21,,Returned,True,,16755.29
ORD000169,CUST00196,PROD0067,5,4271.55,2025-07-07,2025-07-11,Delivered,True,4.0,21357.75
ORD002163,CUST00082,PROD0032,5,1176.78,2025-10-21,,Shipped,True,,5883.9
ORD003574,CUST00516,PROD0073,5,34399.58,2025-01-30,2025-02-07,Delivered,True,8.0,171997.90000000002
ORD004433,CUST00610,PROD0004,4,2001.32,2025-11-29,,Returned,True,,8005.28
ORD001781,CUST00780,PROD0146,3,9127.13,2025-12-14,,Processing,True,,27381.39
ORD001169,CUST00388,PROD0103,3,11738.74,2025-03-08,,Processing,True,,35216.22
ORD001859,CUST00585,PROD0131,1,6853.95,2025-11-14,2025-11-17,Delivered,True,3.0,6853.95
ORD004447,CUST00129,PROD0042,1,915.41,2026-01-27,2026-02-05,Delivered,True,9.0,915.41
ORD004345,CUST00455,PROD0107,3,328.16,2025-09-22,,Shipped,True,,984.48
ORD003178,CUST00163,PROD0138,2,3519.99,2025-03-31,,Processing,True,,7039.98
ORD000909,CUST00056,PROD0065,3,9361.22,2025-10-09,2025-10-21,Delivered,True,12.0,28083.659999999996
ORD005912,CUST00258,PROD0076,5,32834.68,2026-02-08,,Processing,True,,164173.4
ORD003162,CUST00727,PROD0069,4,58378.98,2026-06-06,2026-06-07,Delivered,True,1.0,233515.92
ORD004814,CUST00037,PROD0012,5,4952.6,2025-05-12,,Returned,True,,24763.0
ORD005767,CUST00066,PROD0036,4,559.64,2025-12-03,,Returned,True,,2238.56
ORD002307,CUST00603,PROD0128,5,3825.7,2025-04-30,,Returned,True,,19128.5
ORD000873,CUST00699,PROD0025,5,4203.28,2026-02-25,2026-03-05,Delivered,True,8.0,21016.399999999998
ORD005391,CUST00279,PROD0105,3,32176.55,2026-02-26,2026-03-09,Delivered,True,11.0,96529.65
ORD005210,CUST00473,PROD0003,4,14338.6,2025-04-15,,Cancelled,True,,57354.4
ORD005932,CUST00128,PROD0113,3,974.15,2026-02-08,,Shipped,True,,2922.45
ORD004706,CUST00590,PROD0093,1,513.19,2025-01-31,,Processing,True,,513.19
ORD001448,CUST00494,PROD0058,3,4704.83,2025-01-15,,Shipped,True,,14114.49
ORD000891,CUST00027,PROD0029,3,901.03,2025-08-04,,Returned,True,,2703.09
ORD002992,CUST00682,PROD0051,5,1399.76,2026-07-18,2026-07-26,Delivered,True,8.0,6998.8
ORD000051,CUST00316,PROD0090,2,955.06,2025-06-05,,Returned,True,,1910.12
ORD001529,CUST00767,PROD0034,3,2546.45,2025-10-01,,Processing,True,,7639.349999999999
ORD004160,CUST00604,PROD0011,2,1483.6,2026-06-24,,Shipped,True,,2967.2
ORD002525,CUST00795,PROD0053,5,379.38,2025-07-07,2025-07-16,Delivered,True,9.0,1896.9
ORD004260,CUST00535,PROD0080,4,4686.49,2025-04-10,2025-04-11,Delivered,True,1.0,18745.96
ORD004827,CUST00514,PROD0024,4,1123.83,2026-06-09,2026-06-21,Delivered,True,12.0,4495.32
ORD003942,CUST00074,PROD0065,4,9361.22,2026-05-28,2026-06-02,Delivered,True,5.0,37444.88
ORD005979,CUST00432,PROD0068,3,1375.21,2026-02-04,,Cancelled,True,,4125.63
ORD005137,CUST00165,PROD0001,4,2002.86,2026-05-06,2026-05-18,Delivered,True,12.0,8011.44
ORD003904,CUST00218,PROD0086,1,1450.41,2025-08-02,,Shipped,True,,1450.41
ORD003895,CUST00343,PROD0086,4,1450.41,2026-02-23,2026-03-03,Delivered,True,8.0,5801.64
ORD002806,CUST00057,PROD0095,1,6063.96,2025-02-18,2025-02-19,Delivered,True,1.0,6063.96
ORD000522,CUST00384,PROD0020,5,4298.98,2025-11-16,2025-11-22,Delivered,True,6.0,21494.899999999998
ORD000941,CUST00658,PROD0134,1,3036.32,2026-02-04,,Returned,True,,3036.32
ORD003244,CUST00312,PROD0143,3,1730.89,2025-04-02,2025-04-13,Delivered,True,11.0,5192.67
ORD002491,CUST00793,PROD0081,1,4820.76,2026-04-17,,Returned,True,,4820.76
ORD003936,CUST00035,PROD0096,1,32150.75,2026-06-24,2026-06-29,Delivered,True,5.0,32150.75
ORD000643,CUST00240,PROD0004,2,2001.32,2026-06-15,,Processing,True,,4002.64
ORD004988,CUST00056,PROD0084,5,317.91,2026-01-30,,Returned,True,,1589.5500000000002
ORD001642,CUST00455,PROD0078,3,12507.55,2026-04-19,,Shipped,True,,37522.649999999994
ORD000204,CUST00262,PROD0012,1,4952.6,2025-09-25,,Processing,True,,4952.6
ORD004565,CUST00755,PROD0007,3,40685.29,2025-11-28,2025-12-10,Delivered,True,12.0,122055.87
ORD002367,CUST00403,PROD0113,1,974.15,2026-03-01,,Shipped,True,,974.15
ORD004903,CUST00797,PROD0104,5,1042.65,2026-04-27,,Cancelled,True,,5213.25
ORD005809,CUST00749,PROD0127,4,919.23,2025-12-27,,Returned,True,,3676.92
ORD000082,CUST00019,PROD0118,1,828.66,2025-04-08,2025-04-19,Delivered,True,11.0,828.66
ORD004270,CUST00325,PROD0095,5,6063.96,2025-02-14,2025-02-23,Delivered,True,9.0,30319.8
ORD004995,CUST00139,PROD0065,4,9361.22,2025-04-13,2025-04-14,Delivered,True,1.0,37444.88
ORD005408,CUST00556,PROD0041,3,543.32,2025-01-17,,Processing,True,,1629.96
ORD002105,CUST00381,PROD0147,1,4832.5,2025-10-09,2025-10-12,Delivered,True,3.0,4832.5
ORD001283,CUST00746,PROD0035,4,4733.42,2026-07-22,,Shipped,True,,18933.68
ORD000407,CUST00166,PROD0101,4,782.0,2026-06-01,2026-06-08,Delivered,True,7.0,3128.0
ORD003665,CUST00620,PROD0143,2,1730.89,2026-05-11,,Returned,True,,3461.78
ORD003018,CUST00338,PROD0098,5,648.17,2025-12-27,,Shipped,True,,3240.85
ORD005631,CUST00410,PROD0113,4,974.15,2025-12-21,2025-12-24,Delivered,True,3.0,3896.6
ORD004468,CUST00173,PROD0017,2,4701.06,2026-04-23,2026-04-25,Delivered,True,2.0,9402.12
ORD001443,CUST00464,PROD0053,5,379.38,2026-01-16,,Shipped,True,,1896.9
ORD001586,CUST00075,PROD0121,4,751.76,2025-06-17,2025-06-24,Delivered,True,7.0,3007.04
ORD004502,CUST00548,PROD0042,5,915.41,2026-06-14,2026-06-26,Delivered,True,12.0,4577.05
ORD005528,CUST00031,PROD0092,3,1419.85,2026-04-25,2026-05-03,Delivered,True,8.0,4259.549999999999
ORD000588,CUST00783,PROD0056,5,861.22,2026-04-30,,Shipped,True,,4306.1
ORD003954,CUST00463,PROD0147,1,4832.5,2026-07-15,2026-07-19,Delivered,True,4.0,4832.5
ORD001672,CUST00771,PROD0150,4,2716.88,2025-08-15,,Cancelled,True,,10867.52
ORD003017,CUST00588,PROD0042,1,915.41,2026-02-05,2026-02-12,Delivered,True,7.0,915.41
ORD004254,CUST00487,PROD0143,4,1730.89,2025-04-21,2025-04-28,Delivered,True,7.0,6923.56
ORD005882,CUST00021,PROD0066,4,4931.77,2026-05-09,2026-05-10,Delivered,True,1.0,19727.08
ORD000394,CUST00529,PROD0041,5,543.32,2026-03-30,,Processing,True,,2716.6000000000004
ORD002219,CUST00543,PROD0068,5,1375.21,2025-02-20,,Processing,True,,6876.05
ORD003534,CUST00345,PROD0088,4,34407.7,2026-04-08,,Cancelled,True,,137630.8
ORD000039,CUST00352,PROD0095,4,6063.96,2026-05-15,2026-05-27,Delivered,True,12.0,24255.84
ORD004581,CUST00444,PROD0060,3,7402.46,2026-05-30,,Returned,True,,22207.38
ORD000104,CUST00541,PROD0015,2,2263.06,2026-02-02,2026-02-05,Delivered,True,3.0,4526.12
ORD001738,CUST00030,PROD0003,4,14338.6,2026-02-28,,Shipped,True,,57354.4
ORD005385,CUST00203,PROD0008,2,545.71,2025-10-24,,Cancelled,True,,1091.42
ORD000213,CUST00446,PROD0094,1,1211.97,2025-08-17,,Processing,True,,1211.97
ORD004401,CUST00157,PROD0134,5,3036.32,2026-01-20,2026-01-29,Delivered,True,9.0,15181.6
ORD002013,CUST00075,PROD0079,3,2916.61,2026-02-15,2026-02-20,Delivered,True,5.0,8749.83
ORD004859,CUST00076,PROD0001,3,2002.86,2025-10-17,2025-10-24,Delivered,True,7.0,6008.58
ORD001641,CUST00601,PROD0025,4,4203.28,2025-10-17,2025-10-21,Delivered,True,4.0,16813.12
ORD003285,CUST00689,PROD0074,3,2124.57,2025-08-19,2025-08-21,Delivered,True,2.0,6373.710000000001
ORD005007,CUST00304,PROD0040,2,2990.7,2025-04-22,,Returned,True,,5981.4
ORD001716,CUST00261,PROD0047,5,26286.3,2025-08-12,2025-08-23,Delivered,True,11.0,131431.5
ORD005952,CUST00023,PROD0007,4,40685.29,2025-07-19,2025-07-22,Delivered,True,3.0,162741.16
ORD001658,CUST00376,PROD0108,4,4953.1,2026-04-25,2026-05-07,Delivered,True,12.0,19812.4
ORD003520,CUST00724,PROD0150,3,2716.88,2025-01-17,,Shipped,True,,8150.64
ORD005787,CUST00643,PROD0038,4,8563.39,2025-12-02,2025-12-11,Delivered,True,9.0,34253.56
ORD003288,CUST00475,PROD0085,4,4763.96,2026-02-20,2026-03-02,Delivered,True,10.0,19055.84
ORD004232,CUST00522,PROD0007,5,40685.29,2025-02-13,,Delivered,True,,203426.45
ORD000784,CUST00048,PROD0120,2,418.7,2025-10-28,,Cancelled,True,,837.4
ORD000232,CUST00286,PROD0074,1,2124.57,2026-01-26,,Cancelled,True,,2124.57
ORD000149,CUST00136,PROD0125,5,11796.3,2026-01-18,2026-01-20,Delivered,True,2.0,58981.5
ORD001019,CUST00204,PROD0044,1,1423.72,2025-04-09,,Returned,True,,1423.72
ORD005987,CUST00043,PROD0094,3,1211.97,2025-02-03,2025-02-13,Delivered,True,10.0,3635.91
ORD004889,CUST00390,PROD0015,3,2263.06,2025-03-31,2025-04-12,Delivered,True,12.0,6789.18
ORD002159,CUST00460,PROD0028,3,302.64,2026-03-01,2026-03-11,Delivered,True,10.0,907.92
ORD000388,CUST00709,PROD0126,1,8384.51,2026-04-25,2026-05-01,Delivered,True,6.0,8384.51
ORD004894,CUST00502,PROD0010,2,11743.74,2025-08-12,,Returned,True,,23487.48
ORD005165,CUST00291,PROD0012,1,4952.6,2025-10-29,,Delivered,True,,4952.6
ORD005115,CUST00151,PROD0148,1,985.06,2025-11-17,2025-11-29,Delivered,True,12.0,985.06
ORD002476,CUST00331,PROD0085,5,4763.96,2026-01-24,,Delivered,True,,23819.8
ORD002464,CUST00639,PROD0134,2,3036.32,2025-09-01,2025-09-04,Delivered,True,3.0,6072.64
ORD000272,CUST00768,PROD0119,5,2603.43,2026-06-07,,Cancelled,True,,13017.15
ORD004233,CUST00297,PROD0107,1,328.16,2025-02-21,2025-03-01,Delivered,True,8.0,328.16
ORD001137,CUST00233,PROD0146,4,9127.13,2025-06-03,,Returned,True,,36508.52
ORD005158,CUST00363,PROD0034,1,2546.45,2026-05-28,,Shipped,True,,2546.45
ORD000141,CUST00464,PROD0108,1,4953.1,2026-03-01,2026-03-11,Delivered,True,10.0,4953.1
ORD001351,CUST00639,PROD0098,4,648.17,2025-09-01,2025-09-06,Delivered,True,5.0,2592.68
ORD000700,CUST00733,PROD0042,3,915.41,2025-08-30,2025-09-01,Delivered,True,2.0,2746.23
ORD000758,CUST00090,PROD0115,4,55563.32,2026-05-03,,Cancelled,True,,222253.28
ORD003919,CUST00511,PROD0122,3,993.76,2025-01-26,2025-01-27,Delivered,True,1.0,2981.2799999999997
ORD005083,CUST00044,PROD0028,1,302.64,2025-03-11,,Shipped,True,,302.64
ORD004871,CUST00742,PROD0047,4,26286.3,2025-01-05,,Cancelled,True,,105145.2
ORD003188,CUST00122,PROD0040,4,2990.7,2025-11-02,,Returned,True,,11962.8
ORD003629,CUST00635,PROD0103,4,11738.74,2025-01-13,2025-01-20,Delivered,True,7.0,46954.96
ORD001458,CUST00509,PROD0037,4,1155.64,2026-07-28,,Returned,True,,4622.56
ORD002931,CUST00590,PROD0092,5,1419.85,2026-07-08,,Delivered,True,,7099.25
ORD004140,CUST00355,PROD0050,2,3898.39,2025-02-23,2025-03-05,Delivered,True,10.0,7796.78
ORD005282,CUST00057,PROD0070,5,10505.06,2025-03-19,2025-03-26,Delivered,True,7.0,52525.299999999996
ORD003509,CUST00779,PROD0056,4,861.22,2026-03-06,2026-03-17,Delivered,True,11.0,3444.88
ORD005118,CUST00070,PROD0065,1,9361.22,2025-05-09,,Shipped,True,,9361.22
ORD001080,CUST00230,PROD0071,2,632.25,2025-05-30,2025-06-09,Delivered,True,10.0,1264.5
ORD001854,CUST00795,PROD0052,5,1448.8,2025-09-20,2025-09-26,Delivered,True,6.0,7244.0
ORD001536,CUST00613,PROD0089,1,16755.29,2025-08-01,,Processing,True,,16755.29
ORD002151,CUST00127,PROD0075,2,209.7,2025-07-29,2025-08-04,Delivered,True,6.0,419.4
ORD002147,CUST00070,PROD0048,3,56173.09,2025-07-16,2025-07-24,Delivered,True,8.0,168519.27
ORD002012,CUST00769,PROD0087,2,13732.01,2026-04-30,,Processing,True,,27464.02
ORD005499,CUST00018,PROD0136,4,18573.07,2026-01-19,2026-01-25,Delivered,True,6.0,74292.28
ORD000894,CUST00161,PROD0096,3,32150.75,2026-03-16,2026-03-17,Delivered,True,1.0,96452.25
ORD003215,CUST00558,PROD0117,5,430.76,2026-02-22,2026-02-28,Delivered,True,6.0,2153.8
ORD002790,CUST00190,PROD0003,4,14338.6,2025-11-02,2025-11-10,Delivered,True,8.0,57354.4
ORD003019,CUST00480,PROD0121,1,751.76,2026-02-03,,Processing,True,,751.76
ORD003493,CUST00542,PROD0061,5,1083.6,2026-07-14,2026-07-21,Delivered,True,7.0,5418.0
ORD005267,CUST00055,PROD0115,5,55563.32,2025-01-31,,Delivered,True,,277816.6
ORD001232,CUST00105,PROD0078,3,12507.55,2025-11-21,,Cancelled,True,,37522.649999999994
ORD003483,CUST00194,PROD0041,3,543.32,2025-09-10,2025-09-20,Delivered,True,10.0,1629.96
ORD004849,CUST00439,PROD0067,2,4271.55,2025-03-17,2025-03-25,Delivered,True,8.0,8543.1
ORD004771,CUST00033,PROD0028,5,302.64,2026-02-19,2026-02-24,Delivered,True,5.0,1513.1999999999998
ORD003016,CUST00063,PROD0076,2,32834.68,2025-05-19,,Cancelled,True,,65669.36
ORD003373,CUST00723,PROD0093,5,513.19,2026-01-10,,Shipped,True,,2565.9500000000003
ORD001303,CUST00304,PROD0149,3,5764.99,2025-02-04,,Returned,True,,17294.97
ORD003073,CUST00787,PROD0067,1,4271.55,2025-06-10,,Processing,True,,4271.55
ORD003409,CUST00764,PROD0083,1,385.32,2025-07-23,,Returned,True,,385.32
ORD001108,CUST00654,PROD0053,5,379.38,2026-02-09,,Returned,True,,1896.9
ORD001062,CUST00293,PROD0132,1,305.28,2026-04-20,,Returned,True,,305.28
ORD000229,CUST00388,PROD0069,2,58378.98,2025-10-21,2025-10-22,Delivered,True,1.0,116757.96
ORD005021,CUST00770,PROD0122,1,993.76,2026-03-29,,Shipped,True,,993.76
ORD001714,CUST00615,PROD0004,1,2001.32,2025-12-01,,Shipped,True,,2001.32
ORD004407,CUST00678,PROD0144,5,4806.1,2026-06-09,2026-06-18,Delivered,True,9.0,24030.5
ORD004739,CUST00320,PROD0061,5,1083.6,2026-04-08,2026-04-17,Delivered,True,9.0,5418.0
ORD005889,CUST00361,PROD0065,3,9361.22,2026-04-02,2026-04-05,Delivered,True,3.0,28083.659999999996
ORD003495,CUST00797,PROD0063,1,869.54,2026-05-25,,Returned,True,,869.54
ORD000317,CUST00033,PROD0057,2,1462.31,2025-11-20,,Processing,True,,2924.62
ORD003845,CUST00757,PROD0139,4,4171.69,2025-08-27,,Shipped,True,,16686.76
ORD002192,CUST00073,PROD0093,2,513.19,2026-06-17,2026-06-22,Delivered,True,5.0,1026.38
ORD000738,CUST00346,PROD0034,1,2546.45,2025-11-21,,Cancelled,True,,2546.45
ORD003990,CUST00239,PROD0131,1,6853.95,2025-08-01,2025-08-13,Delivered,True,12.0,6853.95
ORD003792,CUST00254,PROD0141,2,22625.81,2026-01-06,2026-01-07,Delivered,True,1.0,45251.62
ORD005648,CUST00058,PROD0126,3,8384.51,2025-07-18,,Cancelled,True,,25153.53
ORD003867,CUST00697,PROD0099,3,14295.1,2025-10-01,2025-10-02,Delivered,True,1.0,42885.3
ORD001994,CUST00095,PROD0063,2,869.54,2025-01-23,,Returned,True,,1739.08
ORD005941,CUST00130,PROD0133,5,1400.65,2025-02-07,2025-02-10,Delivered,True,3.0,7003.25
ORD003274,CUST00051,PROD0103,1,11738.74,2025-12-05,,Cancelled,True,,11738.74
ORD005972,CUST00566,PROD0145,4,2463.88,2025-06-17,2025-06-22,Delivered,True,5.0,9855.52
ORD001941,CUST00208,PROD0071,3,632.25,2026-03-17,2026-03-21,Delivered,True,4.0,1896.75
ORD004944,CUST00032,PROD0074,5,2124.57,2025-09-12,,Returned,True,,10622.85
ORD002719,CUST00500,PROD0012,2,4952.6,2026-07-08,,Returned,True,,9905.2
ORD002676,CUST00779,PROD0145,4,2463.88,2025-07-10,,Returned,True,,9855.52
ORD001124,CUST00208,PROD0074,3,2124.57,2025-04-17,,Returned,True,,6373.710000000001
ORD005131,CUST00103,PROD0142,2,1821.04,2026-06-08,2026-06-15,Delivered,True,7.0,3642.08
ORD004769,CUST00187,PROD0057,1,1462.31,2025-10-19,,Cancelled,True,,1462.31
ORD003235,CUST00657,PROD0042,3,915.41,2025-08-19,2025-08-27,Delivered,True,8.0,2746.23
ORD000301,CUST00543,PROD0148,3,985.06,2026-02-12,2026-02-24,Delivered,True,12.0,2955.18
ORD000483,CUST00185,PROD0135,3,7336.91,2025-12-02,2025-12-11,Delivered,True,9.0,22010.73
ORD004455,CUST00577,PROD0014,3,1289.47,2025-09-22,,Cancelled,True,,3868.41
ORD001276,CUST00042,PROD0076,1,32834.68,2026-04-10,2026-04-15,Delivered,True,5.0,32834.68
ORD004464,CUST00576,PROD0103,1,11738.74,2026-01-22,,Delivered,True,,11738.74
ORD000077,CUST00501,PROD0063,4,869.54,2026-01-13,,Returned,True,,3478.16
ORD001848,CUST00675,PROD0036,5,559.64,2025-11-24,,Cancelled,True,,2798.2
ORD003889,CUST00756,PROD0135,3,7336.91,2026-04-04,,Processing,True,,22010.73
ORD000286,CUST00065,PROD0133,4,1400.65,2025-01-20,2025-01-24,Delivered,True,4.0,5602.6
ORD002710,CUST00522,PROD0101,3,782.0,2025-07-05,,Processing,True,,2346.0
ORD000942,CUST00592,PROD0002,1,2472.29,2026-01-22,2026-01-28,Delivered,True,6.0,2472.29
ORD005774,CUST00346,PROD0061,3,1083.6,2025-01-31,2025-02-05,Delivered,True,5.0,3250.7999999999997
ORD002954,CUST00459,PROD0025,2,4203.28,2026-04-02,2026-04-11,Delivered,True,9.0,8406.56
ORD002867,CUST00382,PROD0130,5,314.99,2025-01-22,2025-02-02,Delivered,True,11.0,1574.95
ORD005026,CUST00368,PROD0057,2,1462.31,2025-10-19,,Processing,True,,2924.62
ORD000791,CUST00187,PROD0132,5,305.28,2025-04-17,,Returned,True,,1526.3999999999999
ORD005743,CUST00276,PROD0091,2,1751.39,2025-04-24,,Cancelled,True,,3502.78
ORD003657,CUST00790,PROD0124,3,2908.87,2026-07-27,2026-08-07,Delivered,True,11.0,8726.61
ORD004991,CUST00083,PROD0123,4,21424.68,2025-09-25,,Shipped,True,,85698.72
ORD005795,CUST00125,PROD0112,5,1969.23,2025-09-19,2025-09-24,Delivered,True,5.0,9846.15
ORD005407,CUST00145,PROD0145,3,2463.88,2025-08-04,,Cancelled,True,,7391.64
ORD005495,CUST00271,PROD0077,4,2052.65,2025-09-01,2025-09-07,Delivered,True,6.0,8210.6
ORD000429,CUST00146,PROD0039,3,5112.85,2026-02-07,2026-02-09,Delivered,True,2.0,15338.550000000001
ORD004700,CUST00442,PROD0139,2,4171.69,2026-04-20,2026-04-27,Delivered,True,7.0,8343.38
ORD000710,CUST00278,PROD0029,3,901.03,2026-07-13,,Returned,True,,2703.09
ORD001741,CUST00783,PROD0018,2,18955.94,2026-07-04,2026-07-16,Delivered,True,12.0,37911.88
ORD003879,CUST00654,PROD0053,3,379.38,2025-01-23,,Processing,True,,1138.1399999999999
ORD001806,CUST00318,PROD0042,1,915.41,2025-03-05,,Returned,True,,915.41
ORD003022,CUST00710,PROD0100,1,7797.29,2025-01-05,2025-01-09,Delivered,True,4.0,7797.29
ORD002706,CUST00003,PROD0037,5,1155.64,2025-10-15,2025-10-18,Delivered,True,3.0,5778.200000000001
ORD005770,CUST00492,PROD0118,3,828.66,2025-06-03,2025-06-07,Delivered,True,4.0,2485.98
ORD004528,CUST00528,PROD0134,1,3036.32,2025-06-19,2025-06-25,Delivered,True,6.0,3036.32
ORD002824,CUST00598,PROD0015,1,2263.06,2025-09-13,2025-09-24,Delivered,True,11.0,2263.06
ORD000178,CUST00145,PROD0010,5,11743.74,2025-07-24,2025-07-30,Delivered,True,6.0,58718.7
ORD002244,CUST00669,PROD0071,4,632.25,2025-03-21,2025-04-02,Delivered,True,12.0,2529.0
ORD003114,CUST00495,PROD0092,5,1419.85,2026-06-28,2026-07-04,Delivered,True,6.0,7099.25
ORD000383,CUST00399,PROD0142,2,1821.04,2025-10-17,,Cancelled,True,,3642.08
ORD000797,CUST00414,PROD0107,3,328.16,2025-09-09,,Cancelled,True,,984.48
ORD002634,CUST00311,PROD0057,3,1462.31,2025-08-19,2025-08-26,Delivered,True,7.0,4386.93
ORD002149,CUST00025,PROD0062,5,25032.52,2026-05-28,2026-06-02,Delivered,True,5.0,125162.6
ORD005935,CUST00714,PROD0100,2,7797.29,2025-05-01,,Processing,True,,15594.58
ORD003363,CUST00708,PROD0017,5,4701.06,2026-05-03,,Returned,True,,23505.300000000003
ORD003078,CUST00563,PROD0102,3,133.37,2025-06-25,2025-07-04,Delivered,True,9.0,400.11
ORD004027,CUST00430,PROD0047,4,26286.3,2025-09-24,,Processing,True,,105145.2
ORD004306,CUST00222,PROD0051,2,1399.76,2025-02-07,2025-02-09,Delivered,True,2.0,2799.52
ORD001156,CUST00656,PROD0034,3,2546.45,2025-10-25,,Cancelled,True,,7639.349999999999
ORD005875,CUST00048,PROD0121,5,751.76,2025-02-03,,Delivered,True,,3758.8
ORD005916,CUST00252,PROD0084,2,317.91,2026-03-19,,Processing,True,,635.82
ORD000781,CUST00577,PROD0017,3,4701.06,2026-03-04,2026-03-12,Delivered,True,8.0,14103.18
ORD001328,CUST00322,PROD0021,5,156.01,2026-05-06,,Shipped,True,,780.05
ORD003147,CUST00651,PROD0138,3,3519.99,2025-08-19,2025-08-26,Delivered,True,7.0,10559.97
ORD004185,CUST00037,PROD0119,4,2603.43,2025-06-25,,Shipped,True,,10413.72
ORD000947,CUST00334,PROD0004,4,2001.32,2025-11-20,,Cancelled,True,,8005.28
ORD001118,CUST00143,PROD0140,1,899.29,2025-01-22,2025-01-31,Delivered,True,9.0,899.29
ORD001316,CUST00615,PROD0050,1,3898.39,2025-01-25,,Delivered,True,,3898.39
ORD000208,CUST00770,PROD0072,1,263.08,2026-06-04,,Cancelled,True,,263.08
ORD003587,CUST00646,PROD0058,4,4704.83,2026-05-14,2026-05-15,Delivered,True,1.0,18819.32
ORD005993,CUST00544,PROD0135,4,7336.91,2026-07-28,,Processing,True,,29347.64
ORD000041,CUST00607,PROD0069,3,58378.98,2025-10-18,2025-10-28,Delivered,True,10.0,175136.94
ORD004864,CUST00493,PROD0060,4,7402.46,2026-04-08,2026-04-18,Delivered,True,10.0,29609.84
ORD004980,CUST00683,PROD0104,3,1042.65,2025-05-28,,Shipped,True,,3127.9500000000003
ORD002114,CUST00571,PROD0051,4,1399.76,2025-10-30,,Returned,True,,5599.04
ORD004969,CUST00419,PROD0044,1,1423.72,2026-07-28,2026-08-06,Delivered,True,9.0,1423.72
ORD005501,CUST00025,PROD0020,5,4298.98,2025-08-14,,Returned,True,,21494.899999999998
ORD001337,CUST00391,PROD0063,3,869.54,2025-05-13,,Cancelled,True,,2608.62
ORD005365,CUST00438,PROD0149,2,5764.99,2025-05-11,,Shipped,True,,11529.98
ORD000075,CUST00564,PROD0073,3,34399.58,2025-12-02,,Returned,True,,103198.74
ORD000961,CUST00379,PROD0053,2,379.38,2025-04-04,2025-04-08,Delivered,True,4.0,758.76
ORD004122,CUST00393,PROD0116,3,8033.73,2026-05-27,,Processing,True,,24101.19
ORD001239,CUST00684,PROD0033,3,5639.02,2025-06-01,,Cancelled,True,,16917.06
ORD001623,CUST00367,PROD0103,2,11738.74,2025-07-30,2025-08-01,Delivered,True,2.0,23477.48
ORD001084,CUST00198,PROD0047,1,26286.3,2025-01-01,,Processing,True,,26286.3
ORD005138,CUST00682,PROD0077,5,2052.65,2025-10-17,,Cancelled,True,,10263.25
ORD004029,CUST00176,PROD0115,5,55563.32,2025-01-23,,Processing,True,,277816.6
ORD003432,CUST00088,PROD0116,4,8033.73,2025-05-07,,Cancelled,True,,32134.92
ORD005032,CUST00620,PROD0055,5,70.6,2026-04-27,,Returned,True,,353.0
ORD005593,CUST00746,PROD0105,1,32176.55,2025-12-16,,Processing,True,,32176.55
ORD005075,CUST00781,PROD0053,1,379.38,2025-05-09,2025-05-14,Delivered,True,5.0,379.38
ORD004188,CUST00124,PROD0087,4,13732.01,2025-11-11,2025-11-14,Delivered,True,3.0,54928.04
ORD001063,CUST00127,PROD0092,1,1419.85,2026-04-17,,Shipped,True,,1419.85
ORD000642,CUST00340,PROD0078,3,12507.55,2026-01-07,,Processing,True,,37522.649999999994
ORD005579,CUST00158,PROD0018,5,18955.94,2026-04-27,,Processing,True,,94779.7
ORD004637,CUST00260,PROD0070,2,10505.06,2026-05-01,2026-05-02,Delivered,True,1.0,21010.12
ORD000454,CUST00049,PROD0108,0,4953.1,2025-11-13,,Shipped,False,,0.0
ORD004560,CUST00343,PROD0030,3,429.82,2025-08-12,,Returned,True,,1289.46
ORD005071,CUST00735,PROD0116,2,8033.73,2025-06-19,2025-06-29,Delivered,True,10.0,16067.46
ORD000437,CUST00799,PROD0146,5,9127.13,2025-08-25,2025-08-29,Delivered,True,4.0,45635.649999999994
ORD005497,CUST00201,PROD0045,3,1228.68,2026-02-01,2026-02-11,Delivered,True,10.0,3686.04
ORD004184,CUST00781,PROD0148,4,985.06,2026-04-06,,Cancelled,True,,3940.24
ORD004501,CUST00253,PROD0035,1,4733.42,2025-12-09,,Shipped,True,,4733.42
ORD004372,CUST00390,PROD0108,1,4953.1,2026-04-08,2026-04-12,Delivered,True,4.0,4953.1
ORD001049,CUST00448,PROD0146,3,9127.13,2025-02-24,,Processing,True,,27381.39
ORD003850,CUST00279,PROD0138,4,3519.99,2025-05-19,,Shipped,True,,14079.96
ORD001498,CUST00337,PROD0040,5,2990.7,2026-01-19,,Returned,True,,14953.5
ORD003057,CUST00306,PROD0087,3,13732.01,2025-09-18,,Cancelled,True,,41196.03
ORD004198,CUST00674,PROD0004,1,2001.32,2025-03-09,,Shipped,True,,2001.32
ORD003160,CUST00450,PROD0011,4,1483.6,2026-07-30,2026-08-04,Delivered,True,5.0,5934.4
ORD000309,CUST00096,PROD0001,2,2002.86,2025-03-30,,Cancelled,True,,4005.72
ORD002280,CUST00653,PROD0129,2,17176.36,2025-11-08,2025-11-10,Delivered,True,2.0,34352.72
ORD001421,CUST00249,PROD0027,5,331.1,2026-02-12,2026-02-15,Delivered,True,3.0,1655.5
ORD000581,CUST00144,PROD0026,2,4912.92,2026-02-27,,Cancelled,True,,9825.84
ORD002626,CUST00301,PROD0046,2,51.86,2025-03-09,2025-03-15,Delivered,True,6.0,103.72
ORD004001,CUST00045,PROD0109,4,854.47,2026-02-24,,Returned,True,,3417.88
ORD001249,CUST00605,PROD0136,4,18573.07,2025-12-27,2026-01-05,Delivered,True,9.0,74292.28
ORD000811,CUST00648,PROD0147,2,4832.5,2026-01-22,2026-01-24,Delivered,True,2.0,9665.0
ORD004473,CUST00160,PROD0011,4,1483.6,2026-04-24,2026-05-06,Delivered,True,12.0,5934.4
ORD000556,CUST00175,PROD0021,4,156.01,2025-10-24,2025-10-27,Delivered,True,3.0,624.04
ORD005347,CUST00068,PROD0091,4,1751.39,2025-06-25,,Shipped,True,,7005.56
ORD000707,CUST00074,PROD0061,5,1083.6,2025-05-06,,Processing,True,,5418.0
ORD001382,CUST00085,PROD0087,5,13732.01,2025-04-21,2025-05-03,Delivered,True,12.0,68660.05
ORD003875,CUST00709,PROD0121,3,751.76,2025-04-15,,Cancelled,True,,2255.2799999999997
ORD004675,CUST00094,PROD0114,2,1292.66,2026-03-14,,Cancelled,True,,2585.32
ORD000902,CUST00555,PROD0097,5,166.92,2025-06-10,,Shipped,True,,834.5999999999999
ORD000352,CUST00471,PROD0137,3,1360.59,2025-12-22,2025-12-24,Delivered,True,2.0,4081.7699999999995
ORD000785,CUST00258,PROD0093,4,513.19,2025-06-15,2025-06-20,Delivered,True,5.0,2052.76
ORD005778,CUST00513,PROD0087,5,13732.01,2026-05-06,2026-05-16,Delivered,True,10.0,68660.05
ORD000555,CUST00301,PROD0078,4,12507.55,2025-02-26,2025-03-04,Delivered,True,6.0,50030.2
ORD004441,CUST00302,PROD0068,4,1375.21,2025-02-06,2025-02-18,Delivered,True,12.0,5500.84
ORD003212,CUST00456,PROD0125,2,11796.3,2025-05-19,,Shipped,True,,23592.6
ORD000513,CUST00499,PROD0049,5,191.03,2026-01-29,,Cancelled,True,,955.15
ORD005905,CUST00641,PROD0075,5,209.7,2026-05-21,2026-06-02,Delivered,True,12.0,1048.5
ORD004896,CUST00217,PROD0148,3,985.06,2025-03-13,2025-03-14,Delivered,True,1.0,2955.18
ORD002051,CUST00740,PROD0035,1,4733.42,2026-06-18,2026-06-28,Delivered,True,10.0,4733.42
ORD000888,CUST00552,PROD0150,3,2716.88,2025-02-14,2025-02-18,Delivered,True,4.0,8150.64
ORD005249,CUST00393,PROD0126,4,8384.51,2025-10-07,2025-10-17,Delivered,True,10.0,33538.04
ORD003900,CUST00211,PROD0132,1,305.28,2026-02-26,,Shipped,True,,305.28
ORD003992,CUST00205,PROD0019,5,4410.8,2025-05-05,,Returned,True,,22054.0
ORD000233,CUST00369,PROD0081,5,4820.76,2025-02-25,,Shipped,True,,24103.800000000003
ORD002531,CUST00544,PROD0022,2,459.17,2025-07-06,,Processing,True,,918.34
ORD002212,CUST00462,PROD0050,2,3898.39,2025-07-27,2025-07-29,Delivered,True,2.0,7796.78
ORD005256,CUST00129,PROD0064,1,3664.82,2025-01-27,2025-01-28,Delivered,True,1.0,3664.82
ORD004432,CUST00591,PROD0064,5,3664.82,2025-04-06,2025-04-14,Delivered,True,8.0,18324.100000000002
ORD002640,CUST00745,PROD0068,5,1375.21,2025-09-22,,Returned,True,,6876.05
ORD003635,CUST00432,PROD0074,4,2124.57,2025-05-17,,Processing,True,,8498.28
ORD002485,CUST00007,PROD0143,5,1730.89,2025-05-02,,Returned,True,,8654.45
ORD002521,CUST00248,PROD0082,2,503.97,2026-01-27,,Shipped,True,,1007.94
ORD001423,CUST00500,PROD0070,1,10505.06,2025-03-20,,Cancelled,True,,10505.06
ORD000788,CUST00572,PROD0092,2,1419.85,2025-06-28,2025-06-30,Delivered,True,2.0,2839.7
ORD003871,CUST00079,PROD0017,5,4701.06,2025-07-16,2025-07-26,Delivered,True,10.0,23505.300000000003
ORD001188,CUST00248,PROD0142,5,1821.04,2025-06-16,,Cancelled,True,,9105.2
ORD000053,CUST00327,PROD0110,3,1192.79,2025-05-24,,Shipped,True,,3578.37
ORD000739,CUST00587,PROD0067,1,4271.55,2025-11-17,2025-11-25,Delivered,True,8.0,4271.55
ORD004542,CUST00584,PROD0010,1,11743.74,2025-09-18,2025-09-24,Delivered,True,6.0,11743.74
ORD004503,CUST00164,PROD0073,4,34399.58,2025-09-19,,Shipped,True,,137598.32
ORD005146,CUST00622,PROD0080,3,4686.49,2025-04-20,,Cancelled,True,,14059.47
ORD004530,CUST00690,PROD0070,4,10505.06,2026-06-23,2026-07-02,Delivered,True,9.0,42020.24
ORD001620,CUST00046,PROD0084,3,317.91,2025-08-24,2025-08-28,Delivered,True,4.0,953.73
ORD001103,CUST00395,PROD0095,3,6063.96,2025-03-27,,Shipped,True,,18191.88
ORD002071,CUST00764,PROD0128,1,3825.7,2025-04-28,2025-05-10,Delivered,True,12.0,3825.7
ORD000291,CUST00609,PROD0010,5,11743.74,2026-05-31,2026-06-08,Delivered,True,8.0,58718.7
ORD001996,CUST00049,PROD0077,3,2052.65,2025-04-20,2025-04-24,Delivered,True,4.0,6157.950000000001
ORD000125,CUST00512,PROD0139,3,4171.69,2025-10-16,,Delivered,True,,12515.07
ORD000572,CUST00464,PROD0116,4,8033.73,2025-09-02,2025-09-12,Delivered,True,10.0,32134.92
ORD002408,CUST00686,PROD0048,4,56173.09,2026-01-21,,Cancelled,True,,224692.36
ORD005152,CUST00053,PROD0114,3,1292.66,2025-05-23,2025-05-26,Delivered,True,3.0,3877.9800000000005
ORD003659,CUST00790,PROD0052,1,1448.8,2025-06-05,,Processing,True,,1448.8
ORD003559,CUST00069,PROD0114,3,1292.66,2025-09-03,2025-09-09,Delivered,True,6.0,3877.9800000000005
ORD002818,CUST00606,PROD0046,2,51.86,2025-07-05,2025-07-11,Delivered,True,6.0,103.72
ORD002409,CUST00298,PROD0138,5,3519.99,2025-09-12,,Cancelled,True,,17599.949999999997
ORD005852,CUST00163,PROD0010,2,11743.74,2025-04-19,2025-04-21,Delivered,True,2.0,23487.48
ORD004680,CUST00513,PROD0066,3,4931.77,2025-06-25,,Returned,True,,14795.310000000001
ORD005819,CUST00479,PROD0112,5,1969.23,2025-01-22,2025-01-28,Delivered,True,6.0,9846.15
ORD000733,CUST00148,PROD0102,2,133.37,2026-01-28,,Shipped,True,,266.74
ORD001807,CUST00717,PROD0016,5,59834.55,2026-03-17,,Returned,True,,299172.75
ORD000264,CUST00298,PROD0079,5,2916.61,2025-06-06,,Processing,True,,14583.050000000001
ORD000713,CUST00122,PROD0062,3,25032.52,2026-07-20,,Shipped,True,,75097.56
ORD004915,CUST00718,PROD0063,1,869.54,2026-03-15,,Processing,True,,869.54
ORD001277,CUST00125,PROD0014,4,1289.47,2025-11-10,,Cancelled,True,,5157.88
ORD002776,CUST00336,PROD0022,5,459.17,2025-12-11,2025-12-22,Delivered,True,11.0,2295.85
ORD001590,CUST00399,PROD0102,2,133.37,2025-06-11,2025-06-17,Delivered,True,6.0,266.74
ORD003967,CUST00543,PROD0022,5,459.17,2025-04-16,,Cancelled,True,,2295.85
ORD004168,CUST00009,PROD0139,2,4171.69,2025-07-26,,Processing,True,,8343.38
ORD001350,CUST00673,PROD0074,5,2124.57,2026-04-20,,Shipped,True,,10622.85
ORD002514,CUST00763,PROD0080,5,4686.49,2025-03-26,2025-03-27,Delivered,True,1.0,23432.449999999997
ORD001763,CUST00727,PROD0100,4,7797.29,2026-01-08,,Processing,True,,31189.16
ORD000370,CUST00130,PROD0051,3,1399.76,2025-02-23,2025-02-27,Delivered,True,4.0,4199.28
ORD003481,CUST00248,PROD0121,2,751.76,2025-12-31,2026-01-06,Delivered,True,6.0,1503.52
ORD001253,CUST00649,PROD0104,2,1042.65,2025-10-10,,Returned,True,,2085.3
ORD003880,CUST00611,PROD0144,5,4806.1,2026-01-18,,Shipped,True,,24030.5
ORD004437,CUST00679,PROD0095,3,6063.96,2025-12-15,,Processing,True,,18191.88
ORD001194,CUST00405,PROD0102,1,133.37,2026-01-19,,Shipped,True,,133.37
ORD002638,CUST00396,PROD0040,4,2990.7,2025-04-13,2025-04-22,Delivered,True,9.0,11962.8
ORD001274,CUST00369,PROD0038,4,8563.39,2025-06-03,,Shipped,True,,34253.56
ORD003155,CUST00238,PROD0118,1,828.66,2026-02-10,2026-02-19,Delivered,True,9.0,828.66
ORD003305,CUST00785,PROD0002,3,2472.29,2026-04-25,2026-04-29,Delivered,True,4.0,7416.87
ORD000836,CUST00047,PROD0082,2,503.97,2026-02-27,,Shipped,True,,1007.94
ORD004487,CUST00508,PROD0102,5,133.37,2026-04-04,2026-04-16,Delivered,True,12.0,666.85
ORD003108,CUST00265,PROD0034,2,2546.45,2025-04-06,2025-04-18,Delivered,True,12.0,5092.9
ORD000064,CUST00687,PROD0062,1,25032.52,2025-09-08,,Cancelled,True,,25032.52
ORD004870,CUST00339,PROD0079,5,2916.61,2025-04-09,,Returned,True,,14583.050000000001
ORD003636,CUST00786,PROD0072,5,263.08,2025-02-23,2025-02-26,Delivered,True,3.0,1315.3999999999999
ORD002109,CUST00011,PROD0044,3,1423.72,2025-02-05,2025-02-16,Delivered,True,11.0,4271.16
ORD003236,CUST00340,PROD0104,1,1042.65,2025-01-14,,Returned,True,,1042.65
ORD002410,CUST00296,PROD0141,4,22625.81,2025-11-16,,Cancelled,True,,90503.24
ORD005378,CUST00472,PROD0039,2,5112.85,2026-03-29,2026-04-04,Delivered,True,6.0,10225.7
ORD000376,CUST00367,PROD0050,1,3898.39,2026-01-22,2026-01-27,Delivered,True,5.0,3898.39
ORD005738,CUST00162,PROD0008,4,545.71,2026-03-21,2026-03-26,Delivered,True,5.0,2182.84
ORD002760,CUST00622,PROD0114,5,1292.66,2026-05-07,,Processing,True,,6463.3
ORD003783,CUST00088,PROD0134,2,3036.32,2026-07-28,2026-08-01,Delivered,True,4.0,6072.64
ORD005967,CUST00603,PROD0038,2,8563.39,2026-03-17,2026-03-27,Delivered,True,10.0,17126.78
ORD001410,CUST00310,PROD0030,3,429.82,2026-02-12,,Returned,True,,1289.46
ORD001286,CUST00495,PROD0092,4,1419.85,2025-12-29,,Returned,True,,5679.4
ORD002577,CUST00622,PROD0092,2,1419.85,2025-04-16,,Processing,True,,2839.7
ORD005458,CUST00011,PROD0022,4,459.17,2025-06-17,2025-06-25,Delivered,True,8.0,1836.68
ORD002571,CUST00354,PROD0042,1,915.41,2025-02-25,2025-03-07,Delivered,True,10.0,915.41
ORD004268,CUST00236,PROD0058,3,4704.83,2025-02-09,,Cancelled,True,,14114.49
ORD004779,CUST00548,PROD0090,5,955.06,2025-02-11,,Shipped,True,,4775.299999999999
ORD003104,CUST00507,PROD0017,3,4701.06,2025-08-24,,Processing,True,,14103.18
ORD005756,CUST00017,PROD0055,4,70.6,2026-05-15,2026-05-16,Delivered,True,1.0,282.4
ORD003174,CUST00178,PROD0146,5,9127.13,2025-06-13,2025-06-22,Delivered,True,9.0,45635.649999999994
ORD005503,CUST00007,PROD0044,3,1423.72,2025-11-29,2025-11-30,Delivered,True,1.0,4271.16
ORD001708,CUST00607,PROD0031,3,2204.46,2025-04-02,,Cancelled,True,,6613.38
ORD003997,CUST00308,PROD0136,4,18573.07,2025-12-06,2025-12-16,Delivered,True,10.0,74292.28
ORD005342,CUST00087,PROD0125,5,11796.3,2026-04-14,,Cancelled,True,,58981.5
ORD004623,CUST00459,PROD0027,3,331.1,2026-01-31,2026-02-07,Delivered,True,7.0,993.3000000000001
ORD002573,CUST00570,PROD0072,3,263.08,2026-05-14,2026-05-26,Delivered,True,12.0,789.24
ORD000637,CUST00152,PROD0122,1,993.76,2026-01-18,2026-01-23,Delivered,True,5.0,993.76
ORD000735,CUST00252,PROD0121,3,751.76,2025-02-16,,Shipped,True,,2255.2799999999997
ORD003337,CUST00260,PROD0087,2,13732.01,2025-09-15,2025-09-27,Delivered,True,12.0,27464.02
ORD000536,CUST00233,PROD0074,4,2124.57,2026-01-27,2026-01-29,Delivered,True,2.0,8498.28
ORD005126,CUST00626,PROD0010,3,11743.74,2025-03-16,,Returned,True,,35231.22
ORD004993,CUST00182,PROD0028,3,302.64,2026-03-21,2026-03-26,Delivered,True,5.0,907.92
ORD000451,CUST00148,PROD0042,1,915.41,2025-04-04,,Returned,True,,915.41
ORD000996,CUST00368,PROD0050,2,3898.39,2026-06-17,2026-06-20,Delivered,True,3.0,7796.78
ORD003395,CUST00528,PROD0039,2,5112.85,2026-02-13,2026-02-15,Delivered,True,2.0,10225.7
ORD003062,CUST00250,PROD0076,2,32834.68,2026-07-11,2026-07-16,Delivered,True,5.0,65669.36
ORD001125,CUST00605,PROD0095,3,6063.96,2025-03-20,2025-03-31,Delivered,True,11.0,18191.88
ORD005948,CUST00210,PROD0135,3,7336.91,2025-06-26,,Processing,True,,22010.73
ORD004932,CUST00683,PROD0071,2,632.25,2025-12-30,,Processing,True,,1264.5
ORD000485,CUST00363,PROD0023,3,11903.15,2026-04-24,2026-05-03,Delivered,True,9.0,35709.45
ORD004749,CUST00765,PROD0050,5,3898.39,2025-01-12,2025-01-14,Delivered,True,2.0,19491.95
ORD004147,CUST00250,PROD0088,2,34407.7,2025-04-20,2025-04-25,Delivered,True,5.0,68815.4
ORD001394,CUST00586,PROD0095,2,6063.96,2025-10-16,,Cancelled,True,,12127.92
ORD005611,CUST00625,PROD0079,5,2916.61,2025-06-28,,Shipped,True,,14583.050000000001
ORD002592,CUST00226,PROD0043,4,2444.21,2025-07-14,2025-07-21,Delivered,True,7.0,9776.84
ORD001460,CUST00653,PROD0007,3,40685.29,2026-04-23,,Cancelled,True,,122055.87
ORD004396,CUST00487,PROD0023,1,11903.15,2025-07-12,2025-07-13,Delivered,True,1.0,11903.15
ORD004633,CUST00589,PROD0015,5,2263.06,2025-11-29,,Returned,True,,11315.3
ORD003393,CUST00043,PROD0054,5,1632.64,2025-09-27,,Returned,True,,8163.200000000001
ORD005327,CUST00639,PROD0023,3,11903.15,2025-09-11,2025-09-13,Delivered,True,2.0,35709.45
ORD003438,CUST00741,PROD0071,4,632.25,2025-05-04,,Shipped,True,,2529.0
ORD001835,CUST00325,PROD0095,4,6063.96,2025-06-01,,Cancelled,True,,24255.84
ORD003421,CUST00513,PROD0007,4,40685.29,2025-08-01,,Shipped,True,,162741.16
ORD002223,CUST00306,PROD0132,2,305.28,2025-07-11,2025-07-14,Delivered,True,3.0,610.56
ORD001929,CUST00602,PROD0109,2,854.47,2025-05-23,2025-06-03,Delivered,True,11.0,1708.94
ORD003282,CUST00349,PROD0137,4,1360.59,2025-02-14,,Returned,True,,5442.36
ORD001275,CUST00349,PROD0143,2,1730.89,2025-11-07,,Shipped,True,,3461.78
ORD002927,CUST00610,PROD0022,2,459.17,2025-01-18,,Shipped,True,,918.34
ORD004928,CUST00285,PROD0136,3,18573.07,2026-04-05,,Processing,True,,55719.21
ORD005272,CUST00077,PROD0139,3,4171.69,2025-01-06,,Processing,True,,12515.07
ORD001228,CUST00261,PROD0012,3,4952.6,2026-03-08,2026-03-16,Delivered,True,8.0,14857.800000000001
ORD004668,CUST00627,PROD0004,2,2001.32,2026-04-29,,Delivered,True,,4002.64
ORD001605,CUST00338,PROD0067,5,4271.55,2026-06-28,2026-07-01,Delivered,True,3.0,21357.75
ORD001206,CUST00103,PROD0029,4,901.03,2025-05-06,2025-05-11,Delivered,True,5.0,3604.12
ORD002110,CUST00393,PROD0028,1,302.64,2025-06-11,2025-06-14,Delivered,True,3.0,302.64
ORD005394,CUST00795,PROD0048,2,56173.09,2025-11-30,,Shipped,True,,112346.18
ORD001416,CUST00091,PROD0029,5,901.03,2025-12-04,,Delivered,True,,4505.15
ORD002782,CUST00732,PROD0095,5,6063.96,2025-06-21,2025-07-02,Delivered,True,11.0,30319.8
ORD000820,CUST00313,PROD0078,3,12507.55,2026-05-13,2026-05-16,Delivered,True,3.0,37522.649999999994
ORD005851,CUST00003,PROD0057,3,1462.31,2026-06-15,,Cancelled,True,,4386.93
ORD004369,CUST00428,PROD0091,3,1751.39,2025-04-04,2025-04-10,Delivered,True,6.0,5254.17
ORD003261,CUST00069,PROD0021,1,156.01,2025-07-24,,Cancelled,True,,156.01
ORD003638,CUST00544,PROD0020,1,4298.98,2025-12-06,,Cancelled,True,,4298.98
ORD005207,CUST00223,PROD0121,3,751.76,2025-01-30,2025-02-06,Delivered,True,7.0,2255.2799999999997
ORD001914,CUST00668,PROD0082,2,503.97,2026-05-07,2026-05-18,Delivered,True,11.0,1007.94
ORD000298,CUST00432,PROD0067,5,4271.55,2026-03-10,,Processing,True,,21357.75
ORD004577,CUST00633,PROD0043,3,2444.21,2026-05-05,,Processing,True,,7332.63
ORD005263,CUST00027,PROD0123,1,21424.68,2025-06-10,,Shipped,True,,21424.68
ORD000188,CUST00125,PROD0141,3,22625.81,2026-05-01,2026-05-13,Delivered,True,12.0,67877.43000000001
ORD000194,CUST00215,PROD0024,5,1123.83,2025-03-18,,Shipped,True,,5619.15
ORD003191,CUST00043,PROD0045,3,1228.68,2025-11-03,,Processing,True,,3686.04
ORD005298,CUST00026,PROD0049,2,191.03,2026-06-12,,Cancelled,True,,382.06
ORD005397,CUST00672,PROD0070,1,10505.06,2025-10-19,,Cancelled,True,,10505.06
ORD000160,CUST00288,PROD0065,2,9361.22,2026-04-23,,Cancelled,True,,18722.44
ORD003896,CUST00672,PROD0035,3,4733.42,2025-07-02,,Cancelled,True,,14200.26
ORD002300,CUST00142,PROD0056,5,861.22,2025-07-10,,Processing,True,,4306.1
ORD000933,CUST00451,PROD0130,3,314.99,2026-02-24,2026-03-01,Delivered,True,5.0,944.97
ORD002690,CUST00236,PROD0016,2,59834.55,2025-04-28,2025-05-06,Delivered,True,8.0,119669.1
ORD003221,CUST00401,PROD0104,1,1042.65,2025-01-31,2025-02-05,Delivered,True,5.0,1042.65
ORD003222,CUST00134,PROD0120,4,418.7,2025-05-31,2025-06-05,Delivered,True,5.0,1674.8
ORD005491,CUST00169,PROD0093,1,513.19,2025-11-10,,Shipped,True,,513.19
ORD002018,CUST00101,PROD0009,3,390.58,2025-06-10,2025-06-16,Delivered,True,6.0,1171.74
ORD003276,CUST00052,PROD0095,1,6063.96,2025-05-13,2025-05-24,Delivered,True,11.0,6063.96
ORD000777,CUST00246,PROD0063,2,869.54,2025-10-29,,Cancelled,True,,1739.08
ORD003527,CUST00086,PROD0020,2,4298.98,2025-03-26,2025-04-01,Delivered,True,6.0,8597.96
ORD005471,CUST00236,PROD0069,5,58378.98,2026-02-13,,Delivered,True,,291894.9
ORD005726,CUST00307,PROD0019,3,4410.8,2025-01-03,,Processing,True,,13232.400000000001
ORD001407,CUST00023,PROD0125,4,11796.3,2026-02-06,,Processing,True,,47185.2
ORD000477,CUST00595,PROD0017,2,4701.06,2025-10-15,,Processing,True,,9402.12
ORD000102,CUST00644,PROD0072,1,263.08,2026-04-29,,Processing,True,,263.08
ORD005448,CUST00378,PROD0049,5,191.03,2026-02-11,2026-02-18,Delivered,True,7.0,955.15
ORD001869,CUST00392,PROD0006,5,812.36,2026-05-07,2026-05-11,Delivered,True,4.0,4061.8
ORD000755,CUST00104,PROD0006,2,812.36,2025-06-16,,Cancelled,True,,1624.72
ORD003487,CUST00631,PROD0105,2,32176.55,2026-07-19,2026-07-22,Delivered,True,3.0,64353.1
ORD005419,CUST00028,PROD0063,5,869.54,2026-01-04,,Cancelled,True,,4347.7
ORD001300,CUST00443,PROD0026,5,4912.92,2026-05-20,,Shipped,True,,24564.6
ORD001088,CUST00264,PROD0071,2,632.25,2026-01-29,2026-02-01,Delivered,True,3.0,1264.5
ORD004114,CUST00182,PROD0129,4,17176.36,2025-02-28,,Shipped,True,,68705.44
ORD004073,CUST00107,PROD0121,5,751.76,2025-09-28,2025-10-07,Delivered,True,9.0,3758.8
ORD005576,CUST00130,PROD0111,3,42616.44,2025-11-26,,Delivered,True,,127849.32
ORD001962,CUST00242,PROD0043,2,2444.21,2025-01-18,2025-01-20,Delivered,True,2.0,4888.42
ORD005354,CUST00795,PROD0016,2,59834.55,2025-10-17,,Shipped,True,,119669.1
ORD003770,CUST00536,PROD0093,3,513.19,2026-03-29,,Returned,True,,1539.5700000000002
ORD002995,CUST00168,PROD0108,5,4953.1,2025-01-24,,Cancelled,True,,24765.5
ORD005454,CUST00611,PROD0141,3,22625.81,2026-02-27,,Returned,True,,67877.43000000001
ORD005110,CUST00089,PROD0078,1,12507.55,2025-06-05,,Shipped,True,,12507.55
ORD002359,CUST00215,PROD0021,3,156.01,2025-03-07,2025-03-10,Delivered,True,3.0,468.03
ORD005091,CUST00704,PROD0078,3,12507.55,2025-11-28,,Cancelled,True,,37522.649999999994
ORD002382,CUST00335,PROD0024,2,1123.83,2025-07-13,2025-07-18,Delivered,True,5.0,2247.66
ORD002541,CUST00085,PROD0045,5,1228.68,2026-01-03,2026-01-09,Delivered,True,6.0,6143.400000000001
ORD005190,CUST00607,PROD0018,1,18955.94,2025-06-27,,Cancelled,True,,18955.94
ORD000899,CUST00271,PROD0083,3,385.32,2026-06-23,,Returned,True,,1155.96
ORD003962,CUST00262,PROD0137,1,1360.59,2025-04-13,,Cancelled,True,,1360.59
ORD002714,CUST00432,PROD0105,4,32176.55,2026-03-28,2026-04-08,Delivered,True,11.0,128706.2
ORD001900,CUST00254,PROD0013,3,39659.48,2025-05-01,,Returned,True,,118978.44
ORD004812,CUST00704,PROD0131,4,6853.95,2025-06-12,,Shipped,True,,27415.8
ORD003203,CUST00796,PROD0115,1,55563.32,2025-05-16,2025-05-23,Delivered,True,7.0,55563.32
ORD004250,CUST00520,PROD0023,5,11903.15,2025-02-19,,Returned,True,,59515.75
ORD002240,CUST00275,PROD0132,5,305.28,2025-03-09,2025-03-14,Delivered,True,5.0,1526.3999999999999
ORD004741,CUST00223,PROD0110,1,1192.79,2025-11-03,2025-11-07,Delivered,True,4.0,1192.79
ORD003917,CUST00637,PROD0091,2,1751.39,2026-04-02,,Shipped,True,,3502.78
ORD004937,CUST00246,PROD0030,3,429.82,2025-02-01,2025-02-12,Delivered,True,11.0,1289.46
ORD002679,CUST00184,PROD0003,2,14338.6,2026-01-12,2026-01-15,Delivered,True,3.0,28677.2
ORD001971,CUST00701,PROD0134,3,3036.32,2026-02-19,,Cancelled,True,,9108.960000000001
ORD004253,CUST00765,PROD0062,1,25032.52,2025-07-24,,Cancelled,True,,25032.52
ORD002899,CUST00315,PROD0060,1,7402.46,2025-01-13,2025-01-19,Delivered,True,6.0,7402.46
ORD001659,CUST00544,PROD0020,3,4298.98,2026-07-24,2026-08-05,Delivered,True,12.0,12896.939999999999
ORD000763,CUST00781,PROD0064,5,3664.82,2026-03-14,2026-03-23,Delivered,True,9.0,18324.100000000002
ORD005443,CUST00256,PROD0093,2,513.19,2025-02-13,2025-02-17,Delivered,True,4.0,1026.38
ORD002610,CUST00057,PROD0047,1,26286.3,2025-09-03,,Returned,True,,26286.3
ORD001090,CUST00047,PROD0020,5,4298.98,2025-12-18,,Returned,True,,21494.899999999998
ORD003088,CUST00698,PROD0087,3,13732.01,2025-12-03,2025-12-10,Delivered,True,7.0,41196.03
ORD004973,CUST00009,PROD0124,3,2908.87,2025-06-02,,Shipped,True,,8726.61
ORD004124,CUST00367,PROD0056,1,861.22,2026-07-09,,Processing,True,,861.22
ORD005625,CUST00371,PROD0143,1,1730.89,2026-04-13,2026-04-25,Delivered,True,12.0,1730.89
ORD002930,CUST00725,PROD0120,5,418.7,2025-11-04,2025-11-15,Delivered,True,11.0,2093.5
ORD002047,CUST00532,PROD0127,5,919.23,2026-04-14,,Processing,True,,4596.15
ORD004678,CUST00505,PROD0034,2,2546.45,2025-03-04,,Cancelled,True,,5092.9
ORD004956,CUST00704,PROD0032,4,1176.78,2026-07-26,2026-08-01,Delivered,True,6.0,4707.12
ORD001207,CUST00065,PROD0024,1,1123.83,2026-05-22,2026-05-29,Delivered,True,7.0,1123.83
ORD002309,CUST00440,PROD0085,2,4763.96,2026-04-25,,Returned,True,,9527.92
ORD003731,CUST00292,PROD0013,4,39659.48,2026-07-10,2026-07-16,Delivered,True,6.0,158637.92
ORD001679,CUST00047,PROD0075,4,209.7,2025-01-30,,Shipped,True,,838.8
ORD003877,CUST00666,PROD0045,3,1228.68,2025-09-13,2025-09-20,Delivered,True,7.0,3686.04
ORD004664,CUST00674,PROD0150,1,2716.88,2026-02-23,,Cancelled,True,,2716.88
ORD003002,CUST00772,PROD0030,2,429.82,2025-04-20,2025-04-30,Delivered,True,10.0,859.64
ORD004587,CUST00303,PROD0018,5,18955.94,2026-01-24,,Shipped,True,,94779.7
ORD002701,CUST00086,PROD0053,3,379.38,2025-07-07,,Cancelled,True,,1138.1399999999999
ORD004060,CUST00752,PROD0046,5,51.86,2025-11-17,2025-11-24,Delivered,True,7.0,259.3
ORD001705,CUST00240,PROD0139,5,4171.69,2025-11-19,2025-12-01,Delivered,True,12.0,20858.449999999997
ORD003036,CUST00633,PROD0067,2,4271.55,2026-01-21,2026-02-01,Delivered,True,11.0,8543.1
ORD003815,CUST00762,PROD0065,4,9361.22,2025-11-17,,Cancelled,True,,37444.88
ORD004778,CUST00711,PROD0088,4,34407.7,2026-03-19,2026-03-30,Delivered,True,11.0,137630.8
ORD002802,CUST00170,PROD0092,5,1419.85,2025-04-17,2025-04-26,Delivered,True,9.0,7099.25
ORD001470,CUST00188,PROD0004,4,2001.32,2026-03-03,2026-03-07,Delivered,True,4.0,8005.28
ORD000195,CUST00584,PROD0060,4,7402.46,2025-10-31,,Returned,True,,29609.84
ORD000411,CUST00674,PROD0051,5,1399.76,2026-06-21,2026-06-23,Delivered,True,2.0,6998.8
ORD005341,CUST00721,PROD0138,3,3519.99,2025-05-21,,Processing,True,,10559.97
ORD005793,CUST00239,PROD0117,4,430.76,2025-07-28,,Processing,True,,1723.04
ORD000387,CUST00076,PROD0066,1,4931.77,2026-01-11,2026-01-12,Delivered,True,1.0,4931.77
ORD001336,CUST00401,PROD0113,2,974.15,2025-10-17,,Processing,True,,1948.3
ORD003963,CUST00055,PROD0141,3,22625.81,2025-11-17,,Returned,True,,67877.43000000001
ORD001330,CUST00566,PROD0078,2,12507.55,2025-01-22,2025-01-26,Delivered,True,4.0,25015.1
ORD000549,CUST00632,PROD0028,4,302.64,2025-09-23,2025-09-25,Delivered,True,2.0,1210.56
ORD001389,CUST00373,PROD0054,4,1632.64,2026-06-16,,Processing,True,,6530.56
ORD001965,CUST00465,PROD0070,5,10505.06,2025-01-22,2025-01-29,Delivered,True,7.0,52525.299999999996
ORD005549,CUST00076,PROD0127,2,919.23,2026-04-05,2026-04-16,Delivered,True,11.0,1838.46
ORD002700,CUST00749,PROD0100,2,7797.29,2025-03-28,2025-04-06,Delivered,True,9.0,15594.58
ORD000565,CUST00507,PROD0030,0,429.82,2025-08-14,2025-08-21,Delivered,False,7.0,0.0
ORD004655,CUST00042,PROD0135,4,7336.91,2025-02-08,,Shipped,True,,29347.64
ORD005162,CUST00326,PROD0123,1,21424.68,2025-08-03,2025-08-08,Delivered,True,5.0,21424.68
ORD003922,CUST00536,PROD0054,2,1632.64,2025-03-02,2025-03-03,Delivered,True,1.0,3265.28
ORD004551,CUST00761,PROD0068,4,1375.21,2026-05-27,2026-05-30,Delivered,True,3.0,5500.84
ORD003833,CUST00031,PROD0135,5,7336.91,2025-02-24,,Delivered,True,,36684.55
ORD000339,CUST00796,PROD0138,2,3519.99,2025-10-19,,Processing,True,,7039.98
ORD005920,CUST00726,PROD0024,3,1123.83,2025-01-02,,Returned,True,,3371.49
ORD004481,CUST00551,PROD0122,3,993.76,2026-04-17,,Processing,True,,2981.2799999999997
ORD002328,CUST00729,PROD0078,5,12507.55,2025-04-17,,Shipped,True,,62537.75
ORD004220,CUST00776,PROD0014,3,1289.47,2025-06-05,,Shipped,True,,3868.41
ORD002662,CUST00332,PROD0124,2,2908.87,2025-03-23,2025-03-26,Delivered,True,3.0,5817.74
ORD004283,CUST00448,PROD0037,3,1155.64,2026-05-13,2026-05-18,Delivered,True,5.0,3466.92
ORD003204,CUST00505,PROD0079,1,2916.61,2025-12-27,2026-01-08,Delivered,True,12.0,2916.61
ORD000614,CUST00648,PROD0040,2,2990.7,2025-09-01,2025-09-07,Delivered,True,6.0,5981.4
ORD005965,CUST00771,PROD0057,2,1462.31,2025-11-04,,Returned,True,,2924.62
ORD005230,CUST00634,PROD0150,1,2716.88,2025-05-24,,Delivered,True,,2716.88
ORD002019,CUST00320,PROD0065,4,9361.22,2025-07-11,,Returned,True,,37444.88
ORD001660,CUST00462,PROD0016,4,59834.55,2025-05-24,,Returned,True,,239338.2
ORD004799,CUST00677,PROD0070,3,10505.06,2025-08-20,,Shipped,True,,31515.18
ORD000503,CUST00722,PROD0119,3,2603.43,2026-07-23,,Returned,True,,7810.289999999999
ORD005136,CUST00583,PROD0082,2,503.97,2025-11-16,,Delivered,True,,1007.94
ORD003806,CUST00141,PROD0129,4,17176.36,2025-05-25,2025-06-04,Delivered,True,10.0,68705.44
ORD002433,CUST00329,PROD0002,5,2472.29,2025-01-16,,Returned,True,,12361.45
ORD003600,CUST00593,PROD0101,4,782.0,2026-07-15,2026-07-22,Delivered,True,7.0,3128.0
ORD001058,CUST00568,PROD0132,3,305.28,2025-02-22,,Returned,True,,915.8399999999999
ORD002848,CUST00711,PROD0088,1,34407.7,2025-01-30,2025-01-31,Delivered,True,1.0,34407.7
ORD004522,CUST00780,PROD0018,5,18955.94,2026-02-28,2026-03-05,Delivered,True,5.0,94779.7
ORD003281,CUST00286,PROD0094,2,1211.97,2025-04-25,,Delivered,True,,2423.94
ORD004161,CUST00026,PROD0021,2,156.01,2025-01-22,2025-02-03,Delivered,True,12.0,312.02
ORD004137,CUST00427,PROD0048,4,56173.09,2025-03-13,2025-03-21,Delivered,True,8.0,224692.36
ORD004460,CUST00785,PROD0138,3,3519.99,2025-01-15,2025-01-27,Delivered,True,12.0,10559.97
ORD005720,CUST00072,PROD0039,5,5112.85,2025-01-15,2025-01-27,Delivered,True,12.0,25564.25
ORD000515,CUST00673,PROD0125,4,11796.3,2025-05-20,2025-05-31,Delivered,True,11.0,47185.2
ORD002415,CUST00325,PROD0109,1,854.47,2025-08-21,,Cancelled,True,,854.47
ORD002761,CUST00209,PROD0084,4,317.91,2026-02-16,,Cancelled,True,,1271.64
ORD003006,CUST00551,PROD0003,1,14338.6,2025-03-20,,Returned,True,,14338.6
ORD000016,CUST00502,PROD0102,1,133.37,2025-07-22,,Cancelled,True,,133.37
ORD005850,CUST00138,PROD0142,1,1821.04,2025-02-19,,Cancelled,True,,1821.04
ORD003778,CUST00724,PROD0141,2,22625.81,2026-02-11,2026-02-17,Delivered,True,6.0,45251.62
ORD005274,CUST00608,PROD0113,2,974.15,2025-09-12,,Cancelled,True,,1948.3
ORD001143,CUST00017,PROD0055,4,70.6,2025-02-27,,Cancelled,True,,282.4
ORD002757,CUST00699,PROD0077,1,2052.65,2025-04-17,2025-04-26,Delivered,True,9.0,2052.65
ORD001372,CUST00654,PROD0050,5,3898.39,2025-10-28,,Processing,True,,19491.95
ORD004377,CUST00694,PROD0099,5,14295.1,2026-04-28,2026-05-02,Delivered,True,4.0,71475.5
ORD002286,CUST00430,PROD0126,2,8384.51,2026-05-27,,Cancelled,True,,16769.02
ORD003335,CUST00542,PROD0066,4,4931.77,2025-04-14,2025-04-17,Delivered,True,3.0,19727.08
ORD000998,CUST00092,PROD0124,5,2908.87,2025-09-04,2025-09-07,Delivered,True,3.0,14544.349999999999
ORD003001,CUST00043,PROD0013,1,39659.48,2025-04-02,2025-04-03,Delivered,True,1.0,39659.48
ORD004887,CUST00655,PROD0149,2,5764.99,2025-07-11,2025-07-15,Delivered,True,4.0,11529.98
ORD001502,CUST00474,PROD0101,5,782.0,2025-03-15,,Returned,True,,3910.0
ORD001097,CUST00219,PROD0144,4,4806.1,2026-02-15,,Shipped,True,,19224.4
ORD002285,CUST00775,PROD0073,5,34399.58,2026-06-22,,Cancelled,True,,171997.90000000002
ORD005051,CUST00204,PROD0103,3,11738.74,2026-03-21,,Returned,True,,35216.22
ORD005475,CUST00111,PROD0042,4,915.41,2026-04-17,2026-04-23,Delivered,True,6.0,3661.64
ORD001397,CUST00575,PROD0036,3,559.64,2025-04-30,2025-05-12,Delivered,True,12.0,1678.92
ORD005221,CUST00063,PROD0086,2,1450.41,2026-06-05,,Delivered,True,,2900.82
ORD001399,CUST00289,PROD0117,5,430.76,2025-03-17,2025-03-24,Delivered,True,7.0,2153.8
ORD003490,CUST00364,PROD0074,4,2124.57,2026-07-16,,Cancelled,True,,8498.28
ORD001101,CUST00264,PROD0075,1,209.7,2025-06-01,2025-06-06,Delivered,True,5.0,209.7
ORD005206,CUST00317,PROD0118,3,828.66,2025-07-22,,Processing,True,,2485.98
ORD000207,CUST00247,PROD0130,4,314.99,2026-05-23,2026-05-31,Delivered,True,8.0,1259.96
ORD005890,CUST00521,PROD0134,5,3036.32,2025-12-19,2025-12-21,Delivered,True,2.0,15181.6
ORD003113,CUST00422,PROD0139,3,4171.69,2026-03-20,2026-03-29,Delivered,True,9.0,12515.07
ORD003953,CUST00642,PROD0046,2,51.86,2026-07-05,2026-07-15,Delivered,True,10.0,103.72
ORD003863,CUST00052,PROD0148,3,985.06,2025-04-16,,Returned,True,,2955.18
ORD003589,CUST00175,PROD0097,3,166.92,2026-05-20,,Processing,True,,500.76
ORD004835,CUST00655,PROD0099,4,14295.1,2025-12-28,2025-12-29,Delivered,True,1.0,57180.4
ORD001553,CUST00449,PROD0046,4,51.86,2026-05-28,2026-06-07,Delivered,True,10.0,207.44
ORD003330,CUST00143,PROD0081,5,4820.76,2026-05-13,2026-05-15,Delivered,True,2.0,24103.800000000003
ORD005022,CUST00534,PROD0038,1,8563.39,2026-06-25,2026-06-28,Delivered,True,3.0,8563.39
ORD004284,CUST00672,PROD0057,3,1462.31,2025-03-22,2025-03-26,Delivered,True,4.0,4386.93
ORD002828,CUST00160,PROD0089,2,16755.29,2025-11-17,,Cancelled,True,,33510.58
ORD000826,CUST00030,PROD0100,2,7797.29,2026-02-09,2026-02-20,Delivered,True,11.0,15594.58
ORD004682,CUST00660,PROD0011,4,1483.6,2025-08-21,2025-08-28,Delivered,True,7.0,5934.4
ORD005432,CUST00658,PROD0082,4,503.97,2025-01-15,2025-01-27,Delivered,True,12.0,2015.88
ORD003058,CUST00102,PROD0008,2,545.71,2026-06-24,2026-06-27,Delivered,True,3.0,1091.42
ORD005792,CUST00755,PROD0050,4,3898.39,2025-08-21,,Shipped,True,,15593.56
ORD000878,CUST00329,PROD0033,3,5639.02,2026-03-23,,Processing,True,,16917.06
ORD002809,CUST00638,PROD0143,3,1730.89,2025-07-16,,Shipped,True,,5192.67
ORD000869,CUST00096,PROD0088,1,34407.7,2025-12-08,2025-12-10,Delivered,True,2.0,34407.7
ORD005515,CUST00203,PROD0102,4,133.37,2026-04-09,,Shipped,True,,533.48
ORD004331,CUST00501,PROD0143,5,1730.89,2025-05-24,2025-06-02,Delivered,True,9.0,8654.45
ORD002869,CUST00216,PROD0137,2,1360.59,2026-05-01,2026-05-12,Delivered,True,11.0,2721.18
ORD005182,CUST00393,PROD0117,1,430.76,2025-05-24,,Returned,True,,430.76
ORD000427,CUST00721,PROD0091,3,1751.39,2025-11-06,,Shipped,True,,5254.17
ORD000462,CUST00172,PROD0149,3,5764.99,2025-02-06,,Shipped,True,,17294.97
ORD003984,CUST00744,PROD0101,3,782.0,2025-07-29,2025-08-05,Delivered,True,7.0,2346.0
ORD005098,CUST00568,PROD0020,3,4298.98,2025-03-29,2025-04-01,Delivered,True,3.0,12896.939999999999
ORD004257,CUST00237,PROD0015,3,2263.06,2025-10-30,2025-11-08,Delivered,True,9.0,6789.18
ORD003977,CUST00373,PROD0033,3,5639.02,2025-07-15,,Returned,True,,16917.06
ORD003748,CUST00390,PROD0088,2,34407.7,2025-03-08,,Returned,True,,68815.4
ORD004462,CUST00660,PROD0014,4,1289.47,2025-03-30,,Returned,True,,5157.88
ORD003130,CUST00506,PROD0083,4,385.32,2025-10-15,2025-10-26,Delivered,True,11.0,1541.28
ORD002104,CUST00204,PROD0090,3,955.06,2026-04-09,2026-04-10,Delivered,True,1.0,2865.18
ORD001479,CUST00340,PROD0106,2,3327.3,2025-07-12,2025-07-15,Delivered,True,3.0,6654.6
ORD002295,CUST00540,PROD0119,3,2603.43,2025-09-24,,Shipped,True,,7810.289999999999
ORD005553,CUST00318,PROD0023,5,11903.15,2025-11-05,,Cancelled,True,,59515.75
ORD005731,CUST00364,PROD0086,2,1450.41,2026-06-08,2026-06-20,Delivered,True,12.0,2900.82
ORD004321,CUST00203,PROD0033,1,5639.02,2025-05-05,,Delivered,True,,5639.02
ORD005315,CUST00269,PROD0141,5,22625.81,2025-08-25,2025-08-27,Delivered,True,2.0,113129.05
ORD004506,CUST00065,PROD0021,3,156.01,2026-03-17,,Returned,True,,468.03
ORD003811,CUST00287,PROD0098,2,648.17,2026-05-22,2026-06-03,Delivered,True,12.0,1296.34
ORD000544,CUST00432,PROD0076,4,32834.68,2025-03-19,,Returned,True,,131338.72
ORD001656,CUST00776,PROD0058,2,4704.83,2026-07-08,,Cancelled,True,,9409.66
ORD000470,CUST00707,PROD0055,1,70.6,2025-07-26,,Shipped,True,,70.6
ORD001020,CUST00271,PROD0014,1,1289.47,2026-06-12,,Processing,True,,1289.47
ORD002453,CUST00311,PROD0130,3,314.99,2026-06-11,,Cancelled,True,,944.97
ORD000274,CUST00795,PROD0046,5,51.86,2025-05-30,,Processing,True,,259.3
ORD000846,CUST00283,PROD0018,3,18955.94,2025-04-02,2025-04-05,Delivered,True,3.0,56867.81999999999
ORD003171,CUST00613,PROD0109,1,854.47,2026-07-13,,Returned,True,,854.47
ORD002281,CUST00731,PROD0086,1,1450.41,2025-05-20,2025-05-21,Delivered,True,1.0,1450.41
ORD001210,CUST00029,PROD0046,5,51.86,2025-02-02,,Processing,True,,259.3
ORD004652,CUST00580,PROD0126,5,8384.51,2026-07-23,2026-07-24,Delivered,True,1.0,41922.55
ORD003619,CUST00730,PROD0137,3,1360.59,2025-04-23,2025-04-30,Delivered,True,7.0,4081.7699999999995
ORD003320,CUST00502,PROD0039,2,5112.85,2026-05-20,,Returned,True,,10225.7
ORD000967,CUST00307,PROD0117,3,430.76,2026-01-20,,Returned,True,,1292.28
ORD005978,CUST00027,PROD0093,4,513.19,2025-04-30,2025-05-11,Delivered,True,11.0,2052.76
ORD002121,CUST00522,PROD0140,1,899.29,2025-11-26,2025-12-07,Delivered,True,11.0,899.29
ORD001509,CUST00233,PROD0042,3,915.41,2025-05-12,,Cancelled,True,,2746.23
ORD003388,CUST00366,PROD0115,5,55563.32,2025-11-27,2025-12-08,Delivered,True,11.0,277816.6
ORD003161,CUST00169,PROD0106,4,3327.3,2025-02-04,2025-02-08,Delivered,True,4.0,13309.2
ORD000665,CUST00754,PROD0027,2,331.1,2025-03-08,2025-03-14,Delivered,True,6.0,662.2
ORD002598,CUST00318,PROD0118,2,828.66,2026-01-10,,Processing,True,,1657.32
ORD003687,CUST00769,PROD0138,3,3519.99,2025-09-28,2025-10-10,Delivered,True,12.0,10559.97
ORD002490,CUST00325,PROD0142,1,1821.04,2026-01-13,2026-01-21,Delivered,True,8.0,1821.04
ORD001552,CUST00377,PROD0053,5,379.38,2026-04-18,2026-04-29,Delivered,True,11.0,1896.9
ORD002739,CUST00139,PROD0005,3,560.65,2026-05-30,,Returned,True,,1681.9499999999998
ORD003941,CUST00207,PROD0079,4,2916.61,2025-11-11,2025-11-15,Delivered,True,4.0,11666.44
ORD000092,CUST00302,PROD0057,2,1462.31,2025-07-22,,Processing,True,,2924.62
ORD002371,CUST00624,PROD0146,1,9127.13,2026-04-02,2026-04-14,Delivered,True,12.0,9127.13
ORD002767,CUST00266,PROD0135,1,7336.91,2025-06-14,2025-06-16,Delivered,True,2.0,7336.91
ORD002249,CUST00293,PROD0048,2,56173.09,2026-01-13,,Shipped,True,,112346.18
ORD004063,CUST00743,PROD0062,3,25032.52,2025-12-31,,Cancelled,True,,75097.56
ORD003211,CUST00132,PROD0150,1,2716.88,2025-05-13,,Shipped,True,,2716.88
ORD003494,CUST00620,PROD0129,1,17176.36,2025-04-14,2025-04-26,Delivered,True,12.0,17176.36
ORD001771,CUST00404,PROD0051,2,1399.76,2026-02-26,,Returned,True,,2799.52
ORD000009,CUST00287,PROD0119,5,2603.43,2026-05-28,,Processing,True,,13017.15
ORD005430,CUST00429,PROD0048,1,56173.09,2025-04-26,,Processing,True,,56173.09
ORD003838,CUST00445,PROD0015,2,2263.06,2026-05-03,,Processing,True,,4526.12
ORD003287,CUST00597,PROD0090,5,955.06,2025-08-05,,Shipped,True,,4775.299999999999
ORD002658,CUST00190,PROD0041,1,543.32,2025-03-14,,Returned,True,,543.32
ORD001686,CUST00327,PROD0087,4,13732.01,2026-01-06,,Delivered,True,,54928.04
ORD004691,CUST00424,PROD0014,1,1289.47,2026-07-11,,Shipped,True,,1289.47
ORD003394,CUST00182,PROD0053,5,379.38,2025-01-24,2025-02-04,Delivered,True,11.0,1896.9
ORD002089,CUST00170,PROD0063,5,869.54,2026-06-27,,Returned,True,,4347.7
ORD001046,CUST00517,PROD0070,5,10505.06,2025-04-12,2025-04-18,Delivered,True,6.0,52525.299999999996
ORD003124,CUST00544,PROD0068,3,1375.21,2025-02-23,,Processing,True,,4125.63
ORD001263,CUST00124,PROD0012,1,4952.6,2025-10-25,2025-10-28,Delivered,True,3.0,4952.6
ORD000217,CUST00030,PROD0028,3,302.64,2025-07-20,2025-07-27,Delivered,True,7.0,907.92
ORD001793,CUST00234,PROD0082,5,503.97,2025-04-27,2025-04-29,Delivered,True,2.0,2519.8500000000004
ORD001736,CUST00248,PROD0100,2,7797.29,2026-01-16,2026-01-19,Delivered,True,3.0,15594.58
ORD002234,CUST00407,PROD0146,2,9127.13,2025-03-16,2025-03-18,Delivered,True,2.0,18254.26
ORD003003,CUST00475,PROD0143,4,1730.89,2025-02-16,,Cancelled,True,,6923.56
ORD005234,CUST00055,PROD0027,4,331.1,2025-10-31,2025-11-11,Delivered,True,11.0,1324.4
ORD005516,CUST00611,PROD0009,1,390.58,2025-03-11,2025-03-16,Delivered,True,5.0,390.58
ORD005734,CUST00491,PROD0057,2,1462.31,2025-03-19,,Processing,True,,2924.62
ORD004262,CUST00528,PROD0075,2,209.7,2025-11-17,,Shipped,True,,419.4
ORD004256,CUST00127,PROD0036,3,559.64,2025-10-25,,Processing,True,,1678.92
ORD005918,CUST00357,PROD0100,3,7797.29,2026-06-29,,Processing,True,,23391.87
ORD001359,CUST00399,PROD0071,3,632.25,2026-05-22,2026-06-02,Delivered,True,11.0,1896.75
ORD005039,CUST00142,PROD0076,3,32834.68,2025-06-02,2025-06-08,Delivered,True,6.0,98504.04000000001
ORD002780,CUST00493,PROD0017,5,4701.06,2026-05-04,2026-05-11,Delivered,True,7.0,23505.300000000003
ORD003739,CUST00402,PROD0041,4,543.32,2026-07-29,,Shipped,True,,2173.28
ORD000499,CUST00561,PROD0028,3,302.64,2026-07-24,2026-07-29,Delivered,True,5.0,907.92
ORD004083,CUST00155,PROD0078,1,12507.55,2026-07-04,,Returned,True,,12507.55
ORD000939,CUST00396,PROD0137,4,1360.59,2025-06-22,2025-07-03,Delivered,True,11.0,5442.36
ORD001200,CUST00003,PROD0033,5,5639.02,2025-05-02,,Cancelled,True,,28195.100000000002
ORD004251,CUST00390,PROD0038,1,8563.39,2025-02-03,,Processing,True,,8563.39
ORD004893,CUST00413,PROD0120,3,418.7,2026-03-14,,Cancelled,True,,1256.1
ORD001267,CUST00798,PROD0070,5,10505.06,2025-01-22,,Cancelled,True,,52525.299999999996
ORD004182,CUST00024,PROD0061,5,1083.6,2026-02-26,,Cancelled,True,,5418.0
ORD005704,CUST00165,PROD0144,4,4806.1,2025-07-09,2025-07-19,Delivered,True,10.0,19224.4
ORD004767,CUST00250,PROD0059,5,685.94,2025-08-15,2025-08-18,Delivered,True,3.0,3429.7000000000003
ORD004371,CUST00003,PROD0033,2,5639.02,2026-03-16,,Delivered,True,,11278.04
ORD004030,CUST00601,PROD0145,5,2463.88,2025-04-13,2025-04-21,Delivered,True,8.0,12319.400000000001
ORD001767,CUST00350,PROD0139,4,4171.69,2025-11-04,,Cancelled,True,,16686.76
ORD001069,CUST00004,PROD0036,3,559.64,2026-03-21,,Processing,True,,1678.92
ORD002971,CUST00700,PROD0118,1,828.66,2025-01-31,2025-02-04,Delivered,True,4.0,828.66
ORD003471,CUST00198,PROD0096,4,32150.75,2025-05-24,2025-05-26,Delivered,True,2.0,128603.0
ORD003482,CUST00730,PROD0104,3,1042.65,2025-12-07,2025-12-12,Delivered,True,5.0,3127.9500000000003
ORD001014,CUST00522,PROD0122,3,993.76,2026-02-05,2026-02-14,Delivered,True,9.0,2981.2799999999997
ORD003129,CUST00358,PROD0012,4,4952.6,2025-01-22,2025-01-30,Delivered,True,8.0,19810.4
ORD000525,CUST00172,PROD0078,0,12507.55,2025-09-24,,Returned,False,,0.0
ORD000435,CUST00365,PROD0106,3,3327.3,2026-03-30,,Shipped,True,,9981.900000000001
ORD002946,CUST00216,PROD0075,4,209.7,2026-04-10,,Delivered,True,,838.8
ORD002044,CUST00376,PROD0137,2,1360.59,2026-05-06,,Processing,True,,2721.18
ORD005212,CUST00196,PROD0046,1,51.86,2025-11-13,2025-11-24,Delivered,True,11.0,51.86
ORD001936,CUST00274,PROD0146,4,9127.13,2025-07-23,2025-07-30,Delivered,True,7.0,36508.52
ORD002324,CUST00177,PROD0023,1,11903.15,2025-04-26,,Cancelled,True,,11903.15
ORD000325,CUST00069,PROD0148,2,985.06,2025-02-25,,Cancelled,True,,1970.12
ORD001427,CUST00084,PROD0024,2,1123.83,2026-02-21,,Shipped,True,,2247.66
ORD003499,CUST00480,PROD0051,5,1399.76,2025-11-01,,Cancelled,True,,6998.8
ORD000589,CUST00374,PROD0110,2,1192.79,2025-09-11,,Cancelled,True,,2385.58
ORD004738,CUST00248,PROD0029,2,901.03,2025-04-15,,Cancelled,True,,1802.06
ORD001024,CUST00755,PROD0003,1,14338.6,2025-04-30,2025-05-08,Delivered,True,8.0,14338.6
ORD004520,CUST00738,PROD0034,2,2546.45,2026-04-06,,Shipped,True,,5092.9
ORD005755,CUST00274,PROD0127,1,919.23,2025-12-09,2025-12-15,Delivered,True,6.0,919.23
ORD000988,CUST00221,PROD0134,3,3036.32,2026-05-13,,Processing,True,,9108.960000000001
ORD004815,CUST00716,PROD0083,5,385.32,2026-04-03,2026-04-04,Delivered,True,1.0,1926.6
ORD004519,CUST00039,PROD0008,3,545.71,2025-08-26,,Cancelled,True,,1637.13
ORD003551,CUST00683,PROD0075,1,209.7,2026-01-04,2026-01-14,Delivered,True,10.0,209.7
ORD000249,CUST00701,PROD0019,2,4410.8,2025-01-25,,Processing,True,,8821.6
ORD005015,CUST00380,PROD0015,2,2263.06,2026-04-11,,Delivered,True,,4526.12
ORD000736,CUST00111,PROD0098,3,648.17,2026-02-09,,Delivered,True,,1944.5099999999998
ORD001501,CUST00697,PROD0035,4,4733.42,2025-12-01,,Cancelled,True,,18933.68
ORD004243,CUST00214,PROD0114,5,1292.66,2026-01-16,,Shipped,True,,6463.3
ORD004536,CUST00370,PROD0087,2,13732.01,2026-04-28,,Returned,True,,27464.02
ORD002687,CUST00227,PROD0085,5,4763.96,2026-03-07,,Returned,True,,23819.8
ORD003122,CUST00068,PROD0023,3,11903.15,2025-06-29,2025-06-30,Delivered,True,1.0,35709.45
ORD002883,CUST00399,PROD0097,4,166.92,2025-01-05,2025-01-10,Delivered,True,5.0,667.68
ORD002753,CUST00638,PROD0050,2,3898.39,2025-04-20,2025-04-21,Delivered,True,1.0,7796.78
ORD005092,CUST00639,PROD0001,2,2002.86,2025-05-07,,Processing,True,,4005.72
ORD003469,CUST00431,PROD0064,2,3664.82,2026-06-16,2026-06-19,Delivered,True,3.0,7329.64
ORD004970,CUST00411,PROD0134,1,3036.32,2026-02-27,,Cancelled,True,,3036.32
ORD004649,CUST00257,PROD0145,3,2463.88,2026-07-27,2026-08-08,Delivered,True,12.0,7391.64
ORD005226,CUST00458,PROD0063,1,869.54,2025-11-10,,Shipped,True,,869.54
ORD004986,CUST00164,PROD0053,5,379.38,2026-02-28,,Shipped,True,,1896.9
ORD004303,CUST00051,PROD0018,4,18955.94,2025-01-13,2025-01-20,Delivered,True,7.0,75823.76
ORD002077,CUST00727,PROD0052,2,1448.8,2025-07-31,,Processing,True,,2897.6
ORD002587,CUST00269,PROD0101,4,782.0,2025-02-11,2025-02-23,Delivered,True,12.0,3128.0
ORD004061,CUST00133,PROD0029,3,901.03,2025-08-31,,Cancelled,True,,2703.09
ORD005066,CUST00511,PROD0056,1,861.22,2025-11-25,,Cancelled,True,,861.22
ORD001927,CUST00148,PROD0062,5,25032.52,2025-07-15,,Shipped,True,,125162.6
ORD000191,CUST00507,PROD0128,2,3825.7,2025-07-24,2025-07-30,Delivered,True,6.0,7651.4
ORD004480,CUST00348,PROD0009,1,390.58,2025-01-13,,Returned,True,,390.58
ORD002888,CUST00239,PROD0003,3,14338.6,2025-05-27,,Cancelled,True,,43015.8
ORD001989,CUST00568,PROD0050,4,3898.39,2025-07-18,2025-07-25,Delivered,True,7.0,15593.56
ORD000094,CUST00758,PROD0114,2,1292.66,2025-04-05,2025-04-06,Delivered,True,1.0,2585.32
ORD002232,CUST00159,PROD0084,2,317.91,2025-03-30,,Processing,True,,635.82
ORD004556,CUST00237,PROD0143,5,1730.89,2025-11-27,2025-11-29,Delivered,True,2.0,8654.45
ORD001213,CUST00675,PROD0056,3,861.22,2025-04-28,2025-05-04,Delivered,True,6.0,2583.66
ORD002750,CUST00340,PROD0149,4,5764.99,2025-08-27,2025-09-04,Delivered,True,8.0,23059.96
ORD003005,CUST00724,PROD0149,3,5764.99,2026-04-23,,Processing,True,,17294.97
ORD003855,CUST00698,PROD0076,1,32834.68,2025-07-04,2025-07-15,Delivered,True,11.0,32834.68
ORD005311,CUST00237,PROD0004,4,2001.32,2025-05-06,2025-05-17,Delivered,True,11.0,8005.28
ORD003063,CUST00573,PROD0104,5,1042.65,2026-07-21,2026-07-27,Delivered,True,6.0,5213.25
ORD003625,CUST00732,PROD0146,4,9127.13,2025-05-21,2025-05-30,Delivered,True,9.0,36508.52
ORD005513,CUST00274,PROD0059,2,685.94,2025-04-26,2025-05-05,Delivered,True,9.0,1371.88
ORD004204,CUST00395,PROD0145,1,2463.88,2025-02-08,2025-02-15,Delivered,True,7.0,2463.88
ORD001000,CUST00399,PROD0072,2,263.08,2025-09-21,2025-10-02,Delivered,True,11.0,526.16
ORD003029,CUST00609,PROD0085,2,4763.96,2025-11-14,,Delivered,True,,9527.92
ORD001119,CUST00274,PROD0107,2,328.16,2025-01-02,2025-01-06,Delivered,True,4.0,656.32
ORD005973,CUST00503,PROD0125,4,11796.3,2025-08-30,,Cancelled,True,,47185.2
ORD001430,CUST00244,PROD0102,2,133.37,2026-04-03,,Returned,True,,266.74
ORD001852,CUST00075,PROD0043,4,2444.21,2025-08-06,2025-08-17,Delivered,True,11.0,9776.84
ORD001513,CUST00578,PROD0046,4,51.86,2026-06-29,,Delivered,True,,207.44
ORD000133,CUST00477,PROD0025,1,4203.28,2025-12-19,,Cancelled,True,,4203.28
ORD003820,CUST00263,PROD0015,4,2263.06,2025-12-04,2025-12-09,Delivered,True,5.0,9052.24
ORD003826,CUST00208,PROD0015,3,2263.06,2025-06-15,2025-06-23,Delivered,True,8.0,6789.18
ORD004892,CUST00552,PROD0149,4,5764.99,2025-07-30,,Shipped,True,,23059.96
ORD003503,CUST00556,PROD0021,1,156.01,2025-07-05,,Cancelled,True,,156.01
ORD002131,CUST00570,PROD0093,5,513.19,2025-10-09,2025-10-16,Delivered,True,7.0,2565.9500000000003
ORD003883,CUST00363,PROD0067,4,4271.55,2025-05-08,,Delivered,True,,17086.2
ORD005370,CUST00734,PROD0018,2,18955.94,2025-02-14,,Returned,True,,37911.88
ORD001616,CUST00295,PROD0100,1,7797.29,2025-01-09,,Processing,True,,7797.29
ORD004830,CUST00739,PROD0012,2,4952.6,2025-08-08,2025-08-11,Delivered,True,3.0,9905.2
ORD004420,CUST00201,PROD0001,4,2002.86,2026-06-05,2026-06-12,Delivered,True,7.0,8011.44
ORD003177,CUST00465,PROD0104,5,1042.65,2025-10-26,2025-10-30,Delivered,True,4.0,5213.25
ORD003656,CUST00795,PROD0100,4,7797.29,2025-05-26,,Returned,True,,31189.16
ORD005413,CUST00224,PROD0106,5,3327.3,2025-06-19,2025-07-01,Delivered,True,12.0,16636.5
ORD002646,CUST00658,PROD0123,2,21424.68,2025-03-10,2025-03-19,Delivered,True,9.0,42849.36
ORD005566,CUST00142,PROD0028,3,302.64,2025-05-07,,Shipped,True,,907.92
ORD001202,CUST00683,PROD0003,5,14338.6,2025-06-06,2025-06-16,Delivered,True,10.0,71693.0
ORD003708,CUST00502,PROD0140,5,899.29,2026-01-02,2026-01-14,Delivered,True,12.0,4496.45
ORD004596,CUST00481,PROD0101,3,782.0,2025-03-01,,Returned,True,,2346.0
ORD000277,CUST00792,PROD0121,4,751.76,2025-02-17,,Processing,True,,3007.04
ORD001344,CUST00138,PROD0070,3,10505.06,2026-01-29,2026-01-30,Delivered,True,1.0,31515.18
ORD003443,CUST00373,PROD0098,5,648.17,2025-12-09,2025-12-20,Delivered,True,11.0,3240.85
ORD002172,CUST00013,PROD0023,1,11903.15,2026-01-31,,Returned,True,,11903.15
ORD005962,CUST00743,PROD0126,3,8384.51,2025-09-17,,Cancelled,True,,25153.53
ORD003771,CUST00455,PROD0017,1,4701.06,2025-12-06,2025-12-18,Delivered,True,12.0,4701.06
ORD005154,CUST00799,PROD0053,2,379.38,2025-04-18,,Cancelled,True,,758.76
ORD001944,CUST00719,PROD0070,4,10505.06,2025-05-08,2025-05-15,Delivered,True,7.0,42020.24
ORD001974,CUST00716,PROD0096,1,32150.75,2025-11-19,2025-11-20,Delivered,True,1.0,32150.75
ORD000348,CUST00133,PROD0022,4,459.17,2025-11-13,2025-11-25,Delivered,True,12.0,1836.68
ORD001935,CUST00054,PROD0127,4,919.23,2026-07-18,,Shipped,True,,3676.92
ORD000587,CUST00708,PROD0044,5,1423.72,2026-07-21,2026-07-28,Delivered,True,7.0,7118.6
ORD000087,CUST00481,PROD0054,4,1632.64,2025-11-12,,Shipped,True,,6530.56
ORD000655,CUST00047,PROD0149,1,5764.99,2026-06-26,2026-07-01,Delivered,True,5.0,5764.99
ORD003277,CUST00044,PROD0003,5,14338.6,2026-07-13,2026-07-14,Delivered,True,1.0,71693.0
ORD005179,CUST00096,PROD0101,2,782.0,2025-02-03,,Shipped,True,,1564.0
ORD005559,CUST00111,PROD0029,5,901.03,2025-12-05,2025-12-11,Delivered,True,6.0,4505.15
ORD001282,CUST00474,PROD0080,2,4686.49,2026-03-23,2026-04-03,Delivered,True,11.0,9372.98
ORD002868,CUST00401,PROD0102,1,133.37,2025-05-05,2025-05-15,Delivered,True,10.0,133.37
ORD002251,CUST00213,PROD0117,5,430.76,2025-02-09,2025-02-12,Delivered,True,3.0,2153.8
ORD001933,CUST00353,PROD0146,4,9127.13,2026-07-05,2026-07-10,Delivered,True,5.0,36508.52
ORD001438,CUST00255,PROD0033,1,5639.02,2025-06-15,2025-06-18,Delivered,True,3.0,5639.02
ORD001828,CUST00203,PROD0069,1,58378.98,2026-04-06,2026-04-11,Delivered,True,5.0,58378.98
ORD002087,CUST00504,PROD0026,3,4912.92,2026-06-13,,Cancelled,True,,14738.76
ORD002934,CUST00241,PROD0143,4,1730.89,2026-06-11,2026-06-15,Delivered,True,4.0,6923.56
ORD000690,CUST00169,PROD0112,2,1969.23,2026-05-24,2026-06-02,Delivered,True,9.0,3938.46
ORD002498,CUST00190,PROD0130,2,314.99,2025-01-03,2025-01-06,Delivered,True,3.0,629.98
ORD005622,CUST00632,PROD0089,2,16755.29,2025-04-21,2025-05-03,Delivered,True,12.0,33510.58
ORD001952,CUST00407,PROD0071,2,632.25,2025-10-25,,Cancelled,True,,1264.5
ORD003717,CUST00263,PROD0142,5,1821.04,2025-07-12,2025-07-15,Delivered,True,3.0,9105.2
ORD001157,CUST00356,PROD0100,2,7797.29,2025-08-02,2025-08-05,Delivered,True,3.0,15594.58
ORD005823,CUST00251,PROD0074,1,2124.57,2025-11-29,2025-12-04,Delivered,True,5.0,2124.57
ORD002026,CUST00276,PROD0130,3,314.99,2026-06-28,2026-07-05,Delivered,True,7.0,944.97
ORD002561,CUST00244,PROD0033,1,5639.02,2026-04-01,2026-04-07,Delivered,True,6.0,5639.02
ORD005641,CUST00730,PROD0028,5,302.64,2025-12-02,,Cancelled,True,,1513.1999999999998
ORD004817,CUST00214,PROD0049,1,191.03,2026-01-16,,Cancelled,True,,191.03
ORD003331,CUST00585,PROD0147,4,4832.5,2026-07-09,2026-07-14,Delivered,True,5.0,19330.0
ORD002635,CUST00483,PROD0090,1,955.06,2026-04-26,2026-04-27,Delivered,True,1.0,955.06
ORD002665,CUST00626,PROD0080,2,4686.49,2025-04-29,2025-05-10,Delivered,True,11.0,9372.98
ORD003318,CUST00148,PROD0112,5,1969.23,2025-03-13,,Delivered,True,,9846.15
ORD002376,CUST00576,PROD0029,1,901.03,2026-04-01,,Shipped,True,,901.03
ORD002029,CUST00269,PROD0119,5,2603.43,2025-08-25,2025-09-02,Delivered,True,8.0,13017.15
ORD000847,CUST00383,PROD0111,2,42616.44,2026-06-01,,Processing,True,,85232.88
ORD005233,CUST00562,PROD0065,4,9361.22,2025-02-01,2025-02-08,Delivered,True,7.0,37444.88
ORD000669,CUST00576,PROD0117,1,430.76,2025-05-06,,Returned,True,,430.76
ORD003688,CUST00196,PROD0075,1,209.7,2025-02-10,2025-02-11,Delivered,True,1.0,209.7
ORD005729,CUST00528,PROD0010,4,11743.74,2026-03-01,2026-03-04,Delivered,True,3.0,46974.96
ORD003756,CUST00354,PROD0078,3,12507.55,2026-01-02,2026-01-14,Delivered,True,12.0,37522.649999999994
ORD004810,CUST00763,PROD0084,1,317.91,2025-03-11,,Delivered,True,,317.91
ORD000844,CUST00765,PROD0070,5,10505.06,2025-09-14,,Processing,True,,52525.299999999996
ORD003359,CUST00571,PROD0063,4,869.54,2025-07-18,,Shipped,True,,3478.16
ORD001724,CUST00249,PROD0145,5,2463.88,2026-06-29,,Cancelled,True,,12319.400000000001
ORD004875,CUST00238,PROD0050,4,3898.39,2025-10-08,,Returned,True,,15593.56
ORD004044,CUST00594,PROD0120,5,418.7,2025-12-11,,Shipped,True,,2093.5
ORD005789,CUST00642,PROD0144,5,4806.1,2026-07-01,,Processing,True,,24030.5
ORD004585,CUST00014,PROD0023,2,11903.15,2026-05-30,2026-05-31,Delivered,True,1.0,23806.3
ORD001702,CUST00184,PROD0071,5,632.25,2025-09-16,,Returned,True,,3161.25
ORD002080,CUST00329,PROD0118,5,828.66,2025-10-24,,Cancelled,True,,4143.3
ORD004316,CUST00142,PROD0039,2,5112.85,2026-07-28,,Cancelled,True,,10225.7
ORD005076,CUST00416,PROD0090,2,955.06,2026-05-30,2026-06-11,Delivered,True,12.0,1910.12
ORD002549,CUST00304,PROD0019,4,4410.8,2025-08-06,,Processing,True,,17643.2
ORD002233,CUST00600,PROD0086,5,1450.41,2026-04-04,,Shipped,True,,7252.05
ORD000912,CUST00732,PROD0054,4,1632.64,2025-08-28,,Returned,True,,6530.56
ORD002876,CUST00449,PROD0016,1,59834.55,2025-12-08,,Processing,True,,59834.55
ORD005343,CUST00319,PROD0145,5,2463.88,2025-02-19,2025-02-22,Delivered,True,3.0,12319.400000000001
ORD005628,CUST00559,PROD0002,1,2472.29,2025-12-02,,Shipped,True,,2472.29
ORD000593,CUST00010,PROD0105,2,32176.55,2025-05-16,,Shipped,True,,64353.1
ORD004475,CUST00677,PROD0096,4,32150.75,2026-01-24,2026-02-04,Delivered,True,11.0,128603.0
ORD000845,CUST00599,PROD0055,5,70.6,2026-06-07,2026-06-10,Delivered,True,3.0,353.0
ORD005871,CUST00167,PROD0099,3,14295.1,2026-01-26,2026-01-29,Delivered,True,3.0,42885.3
ORD005599,CUST00577,PROD0078,5,12507.55,2026-05-09,,Cancelled,True,,62537.75
ORD004357,CUST00654,PROD0022,1,459.17,2025-03-07,2025-03-14,Delivered,True,7.0,459.17
ORD000696,CUST00704,PROD0148,4,985.06,2025-08-07,,Shipped,True,,3940.24
ORD000757,CUST00275,PROD0080,5,4686.49,2025-05-15,2025-05-21,Delivered,True,6.0,23432.449999999997
ORD000832,CUST00065,PROD0107,1,328.16,2026-06-25,,Cancelled,True,,328.16
ORD000644,CUST00644,PROD0125,4,11796.3,2025-12-15,2025-12-19,Delivered,True,4.0,47185.2
ORD004079,CUST00383,PROD0074,1,2124.57,2025-04-23,2025-05-05,Delivered,True,12.0,2124.57
ORD000074,CUST00684,PROD0129,1,17176.36,2025-07-03,2025-07-10,Delivered,True,7.0,17176.36
ORD002836,CUST00360,PROD0126,5,8384.51,2026-07-02,2026-07-06,Delivered,True,4.0,41922.55
ORD005647,CUST00263,PROD0001,4,2002.86,2025-04-14,2025-04-20,Delivered,True,6.0,8011.44
ORD000308,CUST00793,PROD0133,2,1400.65,2025-06-23,,Processing,True,,2801.3
ORD003981,CUST00334,PROD0047,3,26286.3,2025-01-14,,Processing,True,,78858.9
ORD001678,CUST00063,PROD0007,2,40685.29,2025-07-05,,Processing,True,,81370.58
ORD000687,CUST00571,PROD0121,5,751.76,2025-01-23,,Cancelled,True,,3758.8
ORD004477,CUST00437,PROD0001,1,2002.86,2026-04-26,2026-05-04,Delivered,True,8.0,2002.86
ORD000026,CUST00219,PROD0144,5,4806.1,2026-05-22,,Returned,True,,24030.5
ORD002050,CUST00796,PROD0087,4,13732.01,2025-01-08,,Returned,True,,54928.04
ORD002884,CUST00601,PROD0097,3,166.92,2025-09-20,,Cancelled,True,,500.76
ORD002046,CUST00238,PROD0043,2,2444.21,2026-05-11,2026-05-23,Delivered,True,12.0,4888.42
ORD005054,CUST00754,PROD0062,5,25032.52,2026-04-16,,Delivered,True,,125162.6
ORD004638,CUST00098,PROD0125,5,11796.3,2025-12-05,,Processing,True,,58981.5
ORD003134,CUST00074,PROD0114,4,1292.66,2025-05-31,2025-06-04,Delivered,True,4.0,5170.64
ORD002602,CUST00644,PROD0100,5,7797.29,2025-10-03,,Processing,True,,38986.45
ORD000353,CUST00594,PROD0106,3,3327.3,2025-06-09,2025-06-10,Delivered,True,1.0,9981.900000000001
ORD004726,CUST00330,PROD0006,5,812.36,2025-07-22,2025-07-29,Delivered,True,7.0,4061.8
ORD000151,CUST00714,PROD0015,2,2263.06,2025-02-03,2025-02-09,Delivered,True,6.0,4526.12
ORD001318,CUST00687,PROD0136,4,18573.07,2025-07-14,,Returned,True,,74292.28
ORD005214,CUST00063,PROD0035,3,4733.42,2026-03-11,2026-03-18,Delivered,True,7.0,14200.26
ORD000904,CUST00419,PROD0091,2,1751.39,2025-02-12,,Processing,True,,3502.78
ORD002781,CUST00765,PROD0127,4,919.23,2025-04-08,2025-04-15,Delivered,True,7.0,3676.92
ORD001354,CUST00364,PROD0065,5,9361.22,2025-01-13,,Shipped,True,,46806.1
ORD000048,CUST00657,PROD0109,2,854.47,2026-05-05,2026-05-12,Delivered,True,7.0,1708.94
ORD001691,CUST00139,PROD0011,2,1483.6,2026-07-16,,Shipped,True,,2967.2
ORD002076,CUST00125,PROD0095,3,6063.96,2026-02-25,,Shipped,True,,18191.88
ORD001476,CUST00571,PROD0044,1,1423.72,2025-08-11,,Processing,True,,1423.72
ORD005153,CUST00094,PROD0149,4,5764.99,2025-09-08,2025-09-10,Delivered,True,2.0,23059.96
ORD000950,CUST00211,PROD0128,1,3825.7,2026-07-04,2026-07-09,Delivered,True,5.0,3825.7
ORD001135,CUST00088,PROD0007,4,40685.29,2026-01-16,2026-01-27,Delivered,True,11.0,162741.16
ORD001168,CUST00350,PROD0022,2,459.17,2025-04-21,,Cancelled,True,,918.34
ORD000799,CUST00188,PROD0093,1,513.19,2026-03-30,2026-04-11,Delivered,True,12.0,513.19
ORD005524,CUST00168,PROD0056,5,861.22,2025-10-07,,Delivered,True,,4306.1
ORD003746,CUST00494,PROD0090,1,955.06,2025-12-29,2026-01-10,Delivered,True,12.0,955.06
ORD000375,CUST00452,PROD0033,4,5639.02,2025-08-27,,Processing,True,,22556.08
ORD005300,CUST00081,PROD0110,1,1192.79,2025-01-26,,Shipped,True,,1192.79
ORD004935,CUST00002,PROD0085,3,4763.96,2025-09-26,,Returned,True,,14291.880000000001
ORD003604,CUST00117,PROD0128,1,3825.7,2025-03-27,2025-04-06,Delivered,True,10.0,3825.7
ORD002964,CUST00445,PROD0084,2,317.91,2026-04-24,,Processing,True,,635.82
ORD003292,CUST00523,PROD0040,4,2990.7,2026-02-20,2026-02-24,Delivered,True,4.0,11962.8
ORD003725,CUST00218,PROD0089,2,16755.29,2025-07-05,2025-07-09,Delivered,True,4.0,33510.58
ORD004267,CUST00257,PROD0084,4,317.91,2025-02-27,2025-03-02,Delivered,True,3.0,1271.64
ORD001072,CUST00442,PROD0069,1,58378.98,2026-03-08,,Returned,True,,58378.98
ORD004329,CUST00105,PROD0019,5,4410.8,2026-04-16,,Shipped,True,,22054.0
ORD002955,CUST00697,PROD0024,5,1123.83,2026-07-23,,Processing,True,,5619.15
ORD001673,CUST00442,PROD0069,1,58378.98,2026-05-15,,Cancelled,True,,58378.98
ORD005224,CUST00500,PROD0092,2,1419.85,2025-10-15,,Returned,True,,2839.7
ORD001569,CUST00354,PROD0044,3,1423.72,2025-06-09,,Processing,True,,4271.16
ORD005760,CUST00789,PROD0102,3,133.37,2026-05-14,,Returned,True,,400.11
ORD005514,CUST00528,PROD0068,5,1375.21,2026-07-16,,Delivered,True,,6876.05
ORD005202,CUST00303,PROD0032,1,1176.78,2025-07-16,2025-07-25,Delivered,True,9.0,1176.78
ORD004692,CUST00587,PROD0054,3,1632.64,2025-02-04,,Returned,True,,4897.92
ORD005526,CUST00530,PROD0007,2,40685.29,2026-06-28,,Cancelled,True,,81370.58
ORD005574,CUST00221,PROD0092,1,1419.85,2026-01-29,2026-02-10,Delivered,True,12.0,1419.85
ORD001540,CUST00368,PROD0032,1,1176.78,2026-02-10,2026-02-12,Delivered,True,2.0,1176.78
ORD005698,CUST00217,PROD0087,1,13732.01,2025-11-21,,Returned,True,,13732.01
ORD001599,CUST00732,PROD0123,5,21424.68,2026-04-27,,Cancelled,True,,107123.4
ORD004999,CUST00197,PROD0122,4,993.76,2026-02-25,2026-03-05,Delivered,True,8.0,3975.04
ORD002311,CUST00419,PROD0063,2,869.54,2025-06-02,2025-06-05,Delivered,True,3.0,1739.08
ORD000843,CUST00062,PROD0001,4,2002.86,2025-10-24,2025-10-25,Delivered,True,1.0,8011.44
ORD003467,CUST00737,PROD0027,3,331.1,2025-03-19,,Processing,True,,993.3000000000001
ORD001446,CUST00358,PROD0080,2,4686.49,2025-07-24,,Returned,True,,9372.98
ORD003491,CUST00438,PROD0148,1,985.06,2026-02-27,,Cancelled,True,,985.06
ORD001396,CUST00124,PROD0031,4,2204.46,2026-03-19,,Shipped,True,,8817.84
ORD002517,CUST00718,PROD0135,2,7336.91,2025-12-12,,Cancelled,True,,14673.82
ORD002213,CUST00008,PROD0092,2,1419.85,2025-07-27,,Cancelled,True,,2839.7
ORD004902,CUST00717,PROD0047,4,26286.3,2025-02-02,,Returned,True,,105145.2
ORD005663,CUST00147,PROD0090,3,955.06,2025-05-09,,Shipped,True,,2865.18
ORD000974,CUST00633,PROD0008,2,545.71,2025-09-25,,Returned,True,,1091.42
ORD000574,CUST00314,PROD0136,1,18573.07,2026-01-06,2026-01-14,Delivered,True,8.0,18573.07
ORD003676,CUST00570,PROD0149,1,5764.99,2025-09-22,,Delivered,True,,5764.99
ORD001497,CUST00211,PROD0079,1,2916.61,2025-07-09,2025-07-16,Delivered,True,7.0,2916.61
ORD001190,CUST00323,PROD0023,1,11903.15,2026-02-26,,Returned,True,,11903.15
ORD001061,CUST00280,PROD0001,5,2002.86,2026-02-08,,Shipped,True,,10014.3
ORD000946,CUST00370,PROD0102,4,133.37,2025-05-04,2025-05-06,Delivered,True,2.0,533.48
ORD000251,CUST00007,PROD0019,5,4410.8,2025-08-22,,Cancelled,True,,22054.0
ORD004524,CUST00070,PROD0004,4,2001.32,2026-07-12,,Returned,True,,8005.28
ORD002242,CUST00527,PROD0092,2,1419.85,2025-08-29,,Cancelled,True,,2839.7
ORD004054,CUST00777,PROD0063,3,869.54,2025-05-08,,Processing,True,,2608.62
ORD001820,CUST00531,PROD0107,4,328.16,2025-01-14,2025-01-20,Delivered,True,6.0,1312.64
ORD003183,CUST00521,PROD0063,1,869.54,2025-05-31,,Returned,True,,869.54
ORD005293,CUST00446,PROD0118,5,828.66,2025-12-24,2025-12-30,Delivered,True,6.0,4143.3
ORD000220,CUST00246,PROD0124,5,2908.87,2025-07-01,2025-07-13,Delivered,True,12.0,14544.349999999999
ORD004850,CUST00106,PROD0027,2,331.1,2026-02-24,,Cancelled,True,,662.2
ORD000792,CUST00461,PROD0029,1,901.03,2025-04-15,2025-04-24,Delivered,True,9.0,901.03
ORD002079,CUST00671,PROD0065,1,9361.22,2026-03-20,2026-03-21,Delivered,True,1.0,9361.22
ORD000240,CUST00117,PROD0048,5,56173.09,2025-03-11,2025-03-18,Delivered,True,7.0,280865.44999999995
ORD000349,CUST00308,PROD0033,2,5639.02,2026-06-24,2026-06-25,Delivered,True,1.0,11278.04
ORD000177,CUST00033,PROD0110,4,1192.79,2026-03-16,,Cancelled,True,,4771.16
ORD001180,CUST00678,PROD0082,1,503.97,2025-06-04,2025-06-12,Delivered,True,8.0,503.97
ORD003852,CUST00429,PROD0049,3,191.03,2025-04-06,,Cancelled,True,,573.09
ORD005714,CUST00533,PROD0016,5,59834.55,2026-03-04,,Cancelled,True,,299172.75
ORD005401,CUST00484,PROD0049,5,191.03,2025-06-06,,Processing,True,,955.15
ORD001081,CUST00049,PROD0098,4,648.17,2026-06-22,2026-06-26,Delivered,True,4.0,2592.68
ORD001631,CUST00324,PROD0121,1,751.76,2025-03-04,2025-03-16,Delivered,True,12.0,751.76
ORD002204,CUST00195,PROD0072,1,263.08,2025-10-28,2025-11-09,Delivered,True,12.0,263.08
ORD002445,CUST00284,PROD0138,5,3519.99,2026-05-19,2026-05-27,Delivered,True,8.0,17599.949999999997
ORD005842,CUST00278,PROD0111,3,42616.44,2025-09-12,2025-09-15,Delivered,True,3.0,127849.32
ORD003840,CUST00252,PROD0141,1,22625.81,2025-06-06,,Shipped,True,,22625.81
ORD003874,CUST00053,PROD0133,5,1400.65,2025-08-24,,Shipped,True,,7003.25
ORD002325,CUST00451,PROD0034,2,2546.45,2025-02-12,2025-02-20,Delivered,True,8.0,5092.9
ORD004592,CUST00027,PROD0056,5,861.22,2026-07-31,2026-08-09,Delivered,True,9.0,4306.1
ORD005414,CUST00024,PROD0046,2,51.86,2025-09-04,,Shipped,True,,103.72
ORD002150,CUST00768,PROD0120,5,418.7,2025-03-05,2025-03-10,Delivered,True,5.0,2093.5
ORD005031,CUST00262,PROD0016,1,59834.55,2025-07-08,2025-07-17,Delivered,True,9.0,59834.55
ORD001008,CUST00706,PROD0128,4,3825.7,2025-05-31,,Shipped,True,,15302.8
ORD003496,CUST00357,PROD0098,1,648.17,2026-04-28,2026-04-30,Delivered,True,2.0,648.17
ORD005176,CUST00361,PROD0058,3,4704.83,2025-04-27,2025-05-05,Delivered,True,8.0,14114.49
ORD002250,CUST00460,PROD0093,4,513.19,2026-01-26,,Processing,True,,2052.76
ORD002420,CUST00226,PROD0097,3,166.92,2026-07-25,,Cancelled,True,,500.76
ORD001964,CUST00732,PROD0046,2,51.86,2026-07-01,2026-07-02,Delivered,True,1.0,103.72
ORD004449,CUST00796,PROD0038,1,8563.39,2025-01-03,2025-01-04,Delivered,True,1.0,8563.39
ORD005236,CUST00010,PROD0150,3,2716.88,2025-09-10,,Shipped,True,,8150.64
ORD002749,CUST00661,PROD0106,2,3327.3,2025-02-13,,Processing,True,,6654.6
ORD005629,CUST00503,PROD0120,4,418.7,2026-05-24,,Shipped,True,,1674.8
ORD001613,CUST00344,PROD0049,1,191.03,2026-03-18,,Returned,True,,191.03
ORD005024,CUST00567,PROD0029,5,901.03,2025-01-26,2025-01-31,Delivered,True,5.0,4505.15
ORD003414,CUST00204,PROD0077,1,2052.65,2025-03-09,2025-03-12,Delivered,True,3.0,2052.65
ORD004500,CUST00453,PROD0068,2,1375.21,2025-12-21,,Returned,True,,2750.42
ORD003243,CUST00358,PROD0121,4,751.76,2025-11-26,2025-12-04,Delivered,True,8.0,3007.04
ORD004549,CUST00707,PROD0074,4,2124.57,2026-04-17,,Cancelled,True,,8498.28
ORD004290,CUST00451,PROD0068,3,1375.21,2026-02-04,,Processing,True,,4125.63
ORD005145,CUST00709,PROD0091,1,1751.39,2025-04-12,,Cancelled,True,,1751.39
ORD000848,CUST00658,PROD0067,4,4271.55,2025-10-07,,Processing,True,,17086.2
ORD003186,CUST00170,PROD0149,2,5764.99,2026-06-08,,Processing,True,,11529.98
ORD001176,CUST00137,PROD0014,1,1289.47,2026-03-15,,Shipped,True,,1289.47
ORD005285,CUST00531,PROD0117,4,430.76,2025-02-23,2025-02-28,Delivered,True,5.0,1723.04
ORD002724,CUST00218,PROD0047,3,26286.3,2025-02-21,,Processing,True,,78858.9
ORD000972,CUST00292,PROD0090,5,955.06,2026-05-16,,Processing,True,,4775.299999999999
ORD001145,CUST00382,PROD0104,4,1042.65,2025-06-18,,Processing,True,,4170.6
ORD002381,CUST00231,PROD0139,1,4171.69,2026-03-05,,Processing,True,,4171.69
ORD004547,CUST00516,PROD0010,3,11743.74,2025-04-17,,Cancelled,True,,35231.22
ORD004459,CUST00563,PROD0141,4,22625.81,2025-09-14,,Returned,True,,90503.24
ORD004017,CUST00027,PROD0013,1,39659.48,2026-06-03,,Shipped,True,,39659.48
ORD005934,CUST00769,PROD0103,2,11738.74,2025-01-17,,Cancelled,True,,23477.48
ORD000775,CUST00403,PROD0038,4,8563.39,2026-03-09,2026-03-12,Delivered,True,3.0,34253.56
ORD005253,CUST00473,PROD0001,4,2002.86,2026-03-28,2026-04-02,Delivered,True,5.0,8011.44
ORD004216,CUST00753,PROD0015,2,2263.06,2025-08-24,2025-08-30,Delivered,True,6.0,4526.12
ORD005371,CUST00578,PROD0029,2,901.03,2026-03-29,2026-04-08,Delivered,True,10.0,1802.06
ORD005235,CUST00127,PROD0056,2,861.22,2026-01-16,2026-01-28,Delivered,True,12.0,1722.44
ORD003374,CUST00462,PROD0132,4,305.28,2025-10-01,,Delivered,True,,1221.12
ORD003301,CUST00707,PROD0148,5,985.06,2026-02-12,,Shipped,True,,4925.299999999999
ORD003660,CUST00479,PROD0041,4,543.32,2025-07-03,,Cancelled,True,,2173.28
ORD003662,CUST00567,PROD0016,2,59834.55,2025-11-24,,Processing,True,,119669.1
ORD002547,CUST00543,PROD0149,3,5764.99,2025-08-19,2025-08-26,Delivered,True,7.0,17294.97
ORD000439,CUST00498,PROD0096,2,32150.75,2026-02-01,,Returned,True,,64301.5
ORD004826,CUST00551,PROD0139,0,4171.69,2026-07-19,2026-07-31,Delivered,False,12.0,0.0
ORD002199,CUST00681,PROD0139,2,4171.69,2025-09-04,,Shipped,True,,8343.38
ORD004201,CUST00298,PROD0107,4,328.16,2026-05-08,2026-05-14,Delivered,True,6.0,1312.64
ORD000457,CUST00264,PROD0056,5,861.22,2026-05-03,,Cancelled,True,,4306.1
ORD002844,CUST00566,PROD0049,3,191.03,2025-10-13,,Returned,True,,573.09
ORD004285,CUST00188,PROD0027,1,331.1,2026-07-30,,Delivered,True,,331.1
ORD004259,CUST00699,PROD0118,2,828.66,2026-06-17,,Returned,True,,1657.32
ORD004508,CUST00717,PROD0037,5,1155.64,2025-07-05,,Returned,True,,5778.200000000001
ORD003971,CUST00618,PROD0103,2,11738.74,2026-01-26,,Cancelled,True,,23477.48
ORD002088,CUST00571,PROD0017,5,4701.06,2025-04-20,,Shipped,True,,23505.300000000003
ORD004423,CUST00357,PROD0142,3,1821.04,2025-02-14,2025-02-16,Delivered,True,2.0,5463.12
ORD003519,CUST00319,PROD0026,1,4912.92,2026-05-23,2026-05-26,Delivered,True,3.0,4912.92
ORD004982,CUST00470,PROD0100,4,7797.29,2026-03-05,2026-03-07,Delivered,True,2.0,31189.16
ORD003747,CUST00145,PROD0077,3,2052.65,2025-01-24,2025-02-02,Delivered,True,9.0,6157.950000000001
ORD003307,CUST00337,PROD0002,1,2472.29,2025-07-10,2025-07-20,Delivered,True,10.0,2472.29
ORD005586,CUST00659,PROD0069,3,58378.98,2026-05-08,2026-05-16,Delivered,True,8.0,175136.94
ORD005689,CUST00323,PROD0027,1,331.1,2025-11-19,,Returned,True,,331.1
ORD000440,CUST00668,PROD0042,2,915.41,2025-08-20,,Cancelled,True,,1830.82
ORD005681,CUST00147,PROD0097,4,166.92,2026-05-16,,Returned,True,,667.68
ORD000532,CUST00707,PROD0043,2,2444.21,2025-12-20,,Shipped,True,,4888.42
ORD005140,CUST00183,PROD0107,2,328.16,2025-03-14,2025-03-20,Delivered,True,6.0,656.32
ORD003924,CUST00480,PROD0092,5,1419.85,2025-06-03,,Shipped,True,,7099.25
ORD000258,CUST00439,PROD0101,5,782.0,2026-07-15,,Shipped,True,,3910.0
ORD000618,CUST00133,PROD0002,5,2472.29,2026-06-04,,Shipped,True,,12361.45
ORD002452,CUST00278,PROD0027,5,331.1,2025-03-12,,Returned,True,,1655.5
ORD004318,CUST00577,PROD0117,1,430.76,2025-09-25,2025-09-30,Delivered,True,5.0,430.76
ORD005461,CUST00059,PROD0050,3,3898.39,2025-01-29,2025-02-05,Delivered,True,7.0,11695.17
ORD002111,CUST00190,PROD0059,2,685.94,2025-09-30,,Processing,True,,1371.88
ORD002072,CUST00196,PROD0148,2,985.06,2025-05-03,,Delivered,True,,1970.12
ORD002439,CUST00296,PROD0099,5,14295.1,2025-02-19,,Processing,True,,71475.5
ORD002775,CUST00206,PROD0053,5,379.38,2026-01-30,2026-02-07,Delivered,True,8.0,1896.9
ORD003441,CUST00592,PROD0029,5,901.03,2026-01-28,,Returned,True,,4505.15
ORD005011,CUST00555,PROD0106,3,3327.3,2026-02-12,2026-02-16,Delivered,True,4.0,9981.900000000001
ORD005010,CUST00727,PROD0073,2,34399.58,2025-03-31,,Cancelled,True,,68799.16
ORD001503,CUST00063,PROD0007,2,40685.29,2025-07-02,,Processing,True,,81370.58
ORD001041,CUST00340,PROD0112,4,1969.23,2025-01-27,2025-01-29,Delivered,True,2.0,7876.92
ORD000046,CUST00118,PROD0060,4,7402.46,2025-04-04,2025-04-08,Delivered,True,4.0,29609.84
ORD005873,CUST00759,PROD0061,1,1083.6,2025-06-28,,Processing,True,,1083.6
ORD000504,CUST00128,PROD0079,4,2916.61,2025-03-13,2025-03-24,Delivered,True,11.0,11666.44
ORD004132,CUST00369,PROD0098,5,648.17,2025-12-24,2025-12-31,Delivered,True,7.0,3240.85
ORD001074,CUST00500,PROD0029,1,901.03,2025-01-22,2025-01-28,Delivered,True,6.0,901.03
ORD003260,CUST00415,PROD0031,5,2204.46,2025-04-05,,Shipped,True,,11022.3
ORD002350,CUST00656,PROD0028,2,302.64,2025-02-01,,Processing,True,,605.28
ORD004836,CUST00411,PROD0097,2,166.92,2025-06-15,2025-06-17,Delivered,True,2.0,333.84
ORD001556,CUST00422,PROD0138,1,3519.99,2026-07-01,,Returned,True,,3519.99
ORD004148,CUST00391,PROD0080,2,4686.49,2026-06-27,,Processing,True,,9372.98
ORD005180,CUST00307,PROD0049,2,191.03,2025-07-07,2025-07-18,Delivered,True,11.0,382.06
ORD002075,CUST00452,PROD0088,2,34407.7,2026-04-03,2026-04-15,Delivered,True,12.0,68815.4
ORD003402,CUST00723,PROD0131,5,6853.95,2026-02-28,2026-03-04,Delivered,True,4.0,34269.75
ORD001694,CUST00367,PROD0107,5,328.16,2026-07-19,2026-07-26,Delivered,True,7.0,1640.8000000000002
ORD005844,CUST00496,PROD0028,2,302.64,2026-03-30,,Shipped,True,,605.28
ORD001044,CUST00724,PROD0097,2,166.92,2026-01-23,2026-01-26,Delivered,True,3.0,333.84
ORD002481,CUST00690,PROD0069,5,58378.98,2026-04-26,2026-05-02,Delivered,True,6.0,291894.9
ORD000192,CUST00272,PROD0042,1,915.41,2026-07-16,2026-07-28,Delivered,True,12.0,915.41
ORD003431,CUST00745,PROD0048,1,56173.09,2026-07-26,,Cancelled,True,,56173.09
ORD005658,CUST00738,PROD0116,2,8033.73,2026-06-16,,Processing,True,,16067.46
ORD002505,CUST00327,PROD0144,1,4806.1,2025-04-04,,Processing,True,,4806.1
ORD004832,CUST00374,PROD0075,4,209.7,2025-07-31,,Shipped,True,,838.8
ORD003789,CUST00402,PROD0141,2,22625.81,2026-04-03,2026-04-04,Delivered,True,1.0,45251.62
ORD003706,CUST00616,PROD0110,4,1192.79,2025-04-11,,Returned,True,,4771.16
ORD000384,CUST00751,PROD0083,1,385.32,2025-04-09,2025-04-10,Delivered,True,1.0,385.32
ORD002529,CUST00272,PROD0114,4,1292.66,2025-02-25,,Delivered,True,,5170.64
ORD005065,CUST00680,PROD0010,2,11743.74,2025-03-20,,Returned,True,,23487.48
ORD002323,CUST00752,PROD0118,4,828.66,2026-04-23,2026-04-25,Delivered,True,2.0,3314.64
ORD003169,CUST00016,PROD0007,3,40685.29,2025-11-27,,Shipped,True,,122055.87
ORD003744,CUST00116,PROD0126,2,8384.51,2025-11-19,,Processing,True,,16769.02
ORD005133,CUST00188,PROD0006,4,812.36,2025-02-10,2025-02-21,Delivered,True,11.0,3249.44
ORD003340,CUST00493,PROD0130,4,314.99,2025-03-07,2025-03-10,Delivered,True,3.0,1259.96
ORD002994,CUST00179,PROD0074,5,2124.57,2026-05-30,2026-06-08,Delivered,True,9.0,10622.85
ORD004421,CUST00215,PROD0049,2,191.03,2026-05-29,,Shipped,True,,382.06
ORD000810,CUST00705,PROD0002,4,2472.29,2025-12-14,2025-12-20,Delivered,True,6.0,9889.16
ORD003488,CUST00745,PROD0100,4,7797.29,2025-06-04,2025-06-10,Delivered,True,6.0,31189.16
ORD004762,CUST00292,PROD0139,1,4171.69,2026-02-02,2026-02-04,Delivered,True,2.0,4171.69
ORD001369,CUST00624,PROD0009,2,390.58,2026-01-26,2026-01-28,Delivered,True,2.0,781.16
ORD000698,CUST00203,PROD0038,2,8563.39,2025-06-04,,Cancelled,True,,17126.78
ORD000271,CUST00061,PROD0039,3,5112.85,2026-02-06,,Shipped,True,,15338.550000000001
ORD005955,CUST00323,PROD0096,2,32150.75,2025-12-26,,Cancelled,True,,64301.5
ORD002882,CUST00616,PROD0047,4,26286.3,2025-01-29,,Cancelled,True,,105145.2
ORD003713,CUST00354,PROD0123,4,21424.68,2025-06-05,,Processing,True,,85698.72
ORD005396,CUST00751,PROD0034,2,2546.45,2026-05-12,,Cancelled,True,,5092.9
ORD004356,CUST00338,PROD0089,1,16755.29,2025-05-30,,Returned,True,,16755.29
ORD004695,CUST00533,PROD0103,1,11738.74,2025-05-11,,Returned,True,,11738.74
ORD000467,CUST00236,PROD0145,4,2463.88,2026-06-17,,Returned,True,,9855.52
ORD000699,CUST00182,PROD0082,1,503.97,2025-07-28,,Shipped,True,,503.97
ORD004315,CUST00338,PROD0110,2,1192.79,2025-10-07,,Returned,True,,2385.58
ORD001393,CUST00569,PROD0044,1,1423.72,2025-02-10,2025-02-11,Delivered,True,1.0,1423.72
ORD003733,CUST00084,PROD0141,5,22625.81,2026-03-05,2026-03-16,Delivered,True,11.0,113129.05
ORD003458,CUST00282,PROD0106,2,3327.3,2025-04-17,,Returned,True,,6654.6
ORD002630,CUST00327,PROD0040,5,2990.7,2026-02-05,2026-02-15,Delivered,True,10.0,14953.5
ORD000794,CUST00037,PROD0114,5,1292.66,2026-05-26,2026-06-06,Delivered,True,11.0,6463.3
ORD002644,CUST00369,PROD0048,2,56173.09,2025-12-29,2026-01-05,Delivered,True,7.0,112346.18
ORD004111,CUST00575,PROD0147,3,4832.5,2026-01-12,,Returned,True,,14497.5
ORD003766,CUST00144,PROD0026,2,4912.92,2025-08-09,2025-08-18,Delivered,True,9.0,9825.84
ORD003930,CUST00008,PROD0021,1,156.01,2026-07-15,,Processing,True,,156.01
ORD001584,CUST00192,PROD0073,3,34399.58,2025-09-28,2025-10-04,Delivered,True,6.0,103198.74
ORD002336,CUST00543,PROD0034,2,2546.45,2025-01-28,2025-02-09,Delivered,True,12.0,5092.9
ORD000175,CUST00248,PROD0081,1,4820.76,2025-01-05,,Shipped,True,,4820.76
ORD000275,CUST00202,PROD0057,4,1462.31,2025-08-26,,Shipped,True,,5849.24
ORD005020,CUST00151,PROD0136,3,18573.07,2025-11-24,,Cancelled,True,,55719.21
ORD005763,CUST00687,PROD0015,3,2263.06,2026-04-27,,Delivered,True,,6789.18
ORD000344,CUST00665,PROD0093,5,513.19,2026-06-18,,Cancelled,True,,2565.9500000000003
ORD001572,CUST00628,PROD0072,5,263.08,2025-05-03,2025-05-09,Delivered,True,6.0,1315.3999999999999
ORD003692,CUST00393,PROD0056,4,861.22,2025-07-25,2025-07-26,Delivered,True,1.0,3444.88
ORD003568,CUST00732,PROD0103,5,11738.74,2025-06-14,,Cancelled,True,,58693.7
ORD004405,CUST00387,PROD0101,1,782.0,2025-08-14,,Returned,True,,782.0
ORD003166,CUST00701,PROD0130,4,314.99,2025-12-03,,Processing,True,,1259.96
ORD003401,CUST00013,PROD0117,1,430.76,2025-09-06,2025-09-13,Delivered,True,7.0,430.76
ORD002191,CUST00270,PROD0056,3,861.22,2026-07-30,2026-08-05,Delivered,True,6.0,2583.66
ORD001012,CUST00146,PROD0014,2,1289.47,2026-05-15,,Shipped,True,,2578.94
ORD002009,CUST00287,PROD0126,1,8384.51,2025-10-01,,Shipped,True,,8384.51
ORD005486,CUST00195,PROD0027,4,331.1,2026-03-11,2026-03-16,Delivered,True,5.0,1324.4
ORD000578,CUST00081,PROD0027,1,331.1,2026-07-05,2026-07-06,Delivered,True,1.0,331.1
ORD001621,CUST00431,PROD0070,2,10505.06,2025-08-11,2025-08-14,Delivered,True,3.0,21010.12
ORD000109,CUST00183,PROD0037,1,1155.64,2026-06-23,2026-06-29,Delivered,True,6.0,1155.64
ORD002164,CUST00698,PROD0060,4,7402.46,2026-06-27,,Processing,True,,29609.84
ORD001836,CUST00375,PROD0041,5,543.32,2026-03-31,2026-04-05,Delivered,True,5.0,2716.6000000000004
ORD005957,CUST00001,PROD0128,3,3825.7,2026-02-27,,Processing,True,,11477.099999999999
ORD001689,CUST00509,PROD0104,3,1042.65,2025-05-30,,Processing,True,,3127.9500000000003
ORD001774,CUST00074,PROD0081,3,4820.76,2025-07-27,2025-08-01,Delivered,True,5.0,14462.28
ORD000625,CUST00480,PROD0038,4,8563.39,2026-01-14,,Processing,True,,34253.56
ORD004367,CUST00432,PROD0018,4,18955.94,2025-06-14,,Cancelled,True,,75823.76
ORD004304,CUST00244,PROD0014,4,1289.47,2026-04-25,2026-05-03,Delivered,True,8.0,5157.88
ORD005151,CUST00059,PROD0135,5,7336.91,2025-08-24,,Shipped,True,,36684.55
ORD000183,CUST00268,PROD0035,3,4733.42,2026-05-17,2026-05-20,Delivered,True,3.0,14200.26
ORD001560,CUST00532,PROD0087,2,13732.01,2025-09-06,2025-09-11,Delivered,True,5.0,27464.02
ORD005436,CUST00741,PROD0112,5,1969.23,2025-04-29,,Returned,True,,9846.15
ORD004960,CUST00570,PROD0095,3,6063.96,2026-04-28,,Processing,True,,18191.88
ORD003765,CUST00652,PROD0139,2,4171.69,2025-05-09,,Returned,True,,8343.38
ORD005777,CUST00652,PROD0011,5,1483.6,2026-03-04,2026-03-14,Delivered,True,10.0,7418.0
ORD003336,CUST00246,PROD0137,1,1360.59,2025-04-17,,Shipped,True,,1360.59
ORD000281,CUST00102,PROD0132,3,305.28,2025-08-05,2025-08-08,Delivered,True,3.0,915.8399999999999
ORD005829,CUST00794,PROD0096,2,32150.75,2026-02-23,,Processing,True,,64301.5
ORD002288,CUST00761,PROD0043,3,2444.21,2025-10-22,2025-10-31,Delivered,True,9.0,7332.63
ORD002898,CUST00407,PROD0073,4,34399.58,2026-04-06,,Shipped,True,,137598.32
ORD005409,CUST00339,PROD0149,2,5764.99,2025-12-09,,Cancelled,True,,11529.98
ORD004309,CUST00150,PROD0109,4,854.47,2025-10-14,2025-10-18,Delivered,True,4.0,3417.88
ORD005667,CUST00734,PROD0115,5,55563.32,2025-02-07,2025-02-11,Delivered,True,4.0,277816.6
ORD003232,CUST00521,PROD0094,2,1211.97,2025-01-03,,Cancelled,True,,2423.94
ORD003671,CUST00657,PROD0149,5,5764.99,2026-05-02,,Cancelled,True,,28824.949999999997
ORD004339,CUST00087,PROD0112,5,1969.23,2025-09-02,2025-09-08,Delivered,True,6.0,9846.15
ORD000670,CUST00622,PROD0060,2,7402.46,2025-01-31,2025-02-02,Delivered,True,2.0,14804.92
ORD002290,CUST00700,PROD0002,3,2472.29,2025-04-05,,Cancelled,True,,7416.87
ORD000021,CUST00461,PROD0045,3,1228.68,2025-03-28,,Processing,True,,3686.04
ORD005585,CUST00545,PROD0077,1,2052.65,2026-05-15,2026-05-26,Delivered,True,11.0,2052.65
ORD002291,CUST00567,PROD0003,1,14338.6,2026-06-17,,Cancelled,True,,14338.6
ORD000103,CUST00424,PROD0150,2,2716.88,2025-06-13,2025-06-24,Delivered,True,11.0,5433.76
ORD000341,CUST00690,PROD0074,4,2124.57,2025-05-29,,Processing,True,,8498.28
ORD003641,CUST00708,PROD0018,1,18955.94,2025-10-16,,Shipped,True,,18955.94
ORD005484,CUST00322,PROD0117,4,430.76,2025-06-20,,Returned,True,,1723.04
ORD001115,CUST00700,PROD0004,1,2001.32,2025-04-19,,Processing,True,,2001.32
ORD001214,CUST00109,PROD0033,0,5639.02,2025-10-08,2025-10-10,Delivered,False,2.0,0.0
ORD002392,CUST00235,PROD0110,1,1192.79,2025-09-30,,Shipped,True,,1192.79
ORD003239,CUST00378,PROD0150,5,2716.88,2025-03-14,2025-03-23,Delivered,True,9.0,13584.400000000001
ORD004823,CUST00519,PROD0149,4,5764.99,2025-06-18,,Cancelled,True,,23059.96
ORD005209,CUST00152,PROD0028,1,302.64,2025-04-27,2025-05-08,Delivered,True,11.0,302.64
ORD000226,CUST00707,PROD0083,1,385.32,2025-12-27,,Returned,True,,385.32
ORD003047,CUST00088,PROD0053,2,379.38,2026-05-05,2026-05-11,Delivered,True,6.0,758.76
ORD004631,CUST00226,PROD0121,3,751.76,2025-05-09,,Returned,True,,2255.2799999999997
ORD003928,CUST00797,PROD0147,1,4832.5,2025-03-13,2025-03-18,Delivered,True,5.0,4832.5
ORD005806,CUST00561,PROD0103,1,11738.74,2025-04-20,,Shipped,True,,11738.74
ORD004544,CUST00173,PROD0033,2,5639.02,2026-07-18,,Returned,True,,11278.04
ORD001651,CUST00643,PROD0031,5,2204.46,2025-10-30,,Processing,True,,11022.3
ORD003168,CUST00479,PROD0078,2,12507.55,2026-06-12,,Returned,True,,25015.1
ORD000049,CUST00181,PROD0027,3,331.1,2026-01-12,2026-01-19,Delivered,True,7.0,993.3000000000001
ORD001810,CUST00781,PROD0126,3,8384.51,2026-07-14,2026-07-24,Delivered,True,10.0,25153.53
ORD005741,CUST00573,PROD0043,3,2444.21,2025-07-02,2025-07-05,Delivered,True,3.0,7332.63
ORD000718,CUST00005,PROD0042,3,915.41,2026-06-03,,Processing,True,,2746.23
ORD003608,CUST00726,PROD0129,4,17176.36,2026-01-25,2026-01-28,Delivered,True,3.0,68705.44
ORD003929,CUST00619,PROD0093,4,513.19,2025-03-21,,Cancelled,True,,2052.76
ORD002653,CUST00364,PROD0018,3,18955.94,2025-03-30,,Shipped,True,,56867.81999999999
ORD001418,CUST00476,PROD0093,5,513.19,2025-07-23,,Cancelled,True,,2565.9500000000003
ORD000677,CUST00685,PROD0043,4,2444.21,2026-03-18,,Shipped,True,,9776.84
ORD005645,CUST00083,PROD0123,4,21424.68,2025-08-14,2025-08-15,Delivered,True,1.0,85698.72
ORD005057,CUST00370,PROD0031,5,2204.46,2025-05-14,,Returned,True,,11022.3
ORD005420,CUST00018,PROD0083,4,385.32,2025-03-30,,Shipped,True,,1541.28
ORD005194,CUST00009,PROD0077,4,2052.65,2025-03-02,,Cancelled,True,,8210.6
ORD000113,CUST00538,PROD0045,4,1228.68,2025-11-11,2025-11-14,Delivered,True,3.0,4914.72
ORD002124,CUST00724,PROD0113,5,974.15,2026-01-16,2026-01-28,Delivered,True,12.0,4870.75
ORD000153,CUST00019,PROD0126,5,8384.51,2026-04-02,,Returned,True,,41922.55
ORD003185,CUST00751,PROD0070,2,10505.06,2025-04-27,2025-04-29,Delivered,True,2.0,21010.12
ORD002081,CUST00643,PROD0074,2,2124.57,2025-10-18,2025-10-25,Delivered,True,7.0,4249.14
ORD002669,CUST00488,PROD0145,4,2463.88,2025-10-18,,Delivered,True,,9855.52
ORD000651,CUST00364,PROD0132,5,305.28,2025-03-02,,Delivered,True,,1526.3999999999999
ORD003120,CUST00386,PROD0077,4,2052.65,2025-06-26,,Cancelled,True,,8210.6
ORD003344,CUST00024,PROD0148,5,985.06,2026-07-04,,Cancelled,True,,4925.299999999999
ORD005866,CUST00315,PROD0048,4,56173.09,2025-04-12,,Processing,True,,224692.36
ORD000017,CUST00513,PROD0002,2,2472.29,2025-07-30,2025-08-09,Delivered,True,10.0,4944.58
ORD000653,CUST00455,PROD0090,1,955.06,2025-04-03,,Shipped,True,,955.06
ORD003417,CUST00323,PROD0131,4,6853.95,2026-07-27,2026-07-30,Delivered,True,3.0,27415.8
ORD000570,CUST00257,PROD0041,1,543.32,2026-05-14,2026-05-15,Delivered,True,1.0,543.32
ORD005537,CUST00021,PROD0142,3,1821.04,2026-03-06,2026-03-08,Delivered,True,2.0,5463.12
ORD001957,CUST00246,PROD0133,5,1400.65,2026-06-28,2026-07-05,Delivered,True,7.0,7003.25
ORD004643,CUST00406,PROD0018,4,18955.94,2025-07-29,,Shipped,True,,75823.76
ORD001664,CUST00587,PROD0071,3,632.25,2025-01-12,2025-01-21,Delivered,True,9.0,1896.75
ORD002207,CUST00343,PROD0127,4,919.23,2026-03-30,,Shipped,True,,3676.92
ORD000822,CUST00735,PROD0141,3,22625.81,2025-03-11,,Cancelled,True,,67877.43000000001
ORD002569,CUST00255,PROD0040,5,2990.7,2026-05-07,,Shipped,True,,14953.5
ORD002895,CUST00044,PROD0051,1,1399.76,2026-03-12,2026-03-14,Delivered,True,2.0,1399.76
ORD001710,CUST00071,PROD0091,2,1751.39,2026-03-17,,Returned,True,,3502.78
ORD002378,CUST00640,PROD0078,5,12507.55,2025-05-22,2025-05-30,Delivered,True,8.0,62537.75
ORD000672,CUST00018,PROD0025,1,4203.28,2026-06-17,,Returned,True,,4203.28
ORD000066,CUST00668,PROD0003,2,14338.6,2026-05-24,,Shipped,True,,28677.2
ORD003927,CUST00357,PROD0106,4,3327.3,2025-02-02,2025-02-03,Delivered,True,1.0,13309.2
ORD002892,CUST00640,PROD0001,5,2002.86,2025-06-27,,Shipped,True,,10014.3
ORD003802,CUST00293,PROD0078,3,12507.55,2025-09-23,,Cancelled,True,,37522.649999999994
ORD002027,CUST00766,PROD0011,4,1483.6,2026-07-15,,Returned,True,,5934.4
ORD000129,CUST00579,PROD0122,1,993.76,2025-11-12,,Returned,True,,993.76
ORD002612,CUST00735,PROD0074,1,2124.57,2025-09-29,2025-10-03,Delivered,True,4.0,2124.57
ORD000347,CUST00335,PROD0141,1,22625.81,2025-01-27,2025-01-29,Delivered,True,2.0,22625.81
ORD003140,CUST00214,PROD0075,2,209.7,2025-02-16,,Cancelled,True,,419.4
ORD005751,CUST00389,PROD0066,2,4931.77,2025-09-30,,Processing,True,,9863.54
ORD004229,CUST00544,PROD0118,4,828.66,2025-03-16,2025-03-21,Delivered,True,5.0,3314.64
ORD004028,CUST00480,PROD0123,5,21424.68,2025-10-01,,Cancelled,True,,107123.4
ORD002346,CUST00351,PROD0031,5,2204.46,2025-05-06,2025-05-07,Delivered,True,1.0,11022.3
ORD002852,CUST00194,PROD0071,5,632.25,2026-06-14,,Returned,True,,3161.25
ORD000221,CUST00323,PROD0100,5,7797.29,2025-11-26,,Cancelled,True,,38986.45
ORD001790,CUST00647,PROD0100,1,7797.29,2025-10-04,,Processing,True,,7797.29
ORD004593,CUST00241,PROD0075,1,209.7,2025-11-25,2025-11-29,Delivered,True,4.0,209.7
ORD001550,CUST00703,PROD0100,5,7797.29,2026-06-08,2026-06-16,Delivered,True,8.0,38986.45
ORD002157,CUST00109,PROD0130,4,314.99,2025-12-02,2025-12-10,Delivered,True,8.0,1259.96
ORD004877,CUST00083,PROD0127,4,919.23,2025-12-26,,Cancelled,True,,3676.92
ORD002829,CUST00092,PROD0129,3,17176.36,2026-05-16,2026-05-24,Delivered,True,8.0,51529.08
ORD001126,CUST00032,PROD0100,4,7797.29,2026-05-05,2026-05-15,Delivered,True,10.0,31189.16
ORD005672,CUST00115,PROD0050,1,3898.39,2026-06-25,2026-07-02,Delivered,True,7.0,3898.39
ORD002697,CUST00447,PROD0085,5,4763.96,2025-12-12,,Returned,True,,23819.8
ORD005446,CUST00109,PROD0103,4,11738.74,2026-06-02,2026-06-09,Delivered,True,7.0,46954.96
ORD002623,CUST00136,PROD0049,2,191.03,2026-04-25,2026-04-30,Delivered,True,5.0,382.06
ORD003296,CUST00674,PROD0016,3,59834.55,2025-05-13,,Shipped,True,,179503.65000000002
ORD001264,CUST00005,PROD0078,3,12507.55,2026-04-09,,Processing,True,,37522.649999999994
ORD005558,CUST00071,PROD0092,3,1419.85,2025-11-02,2025-11-06,Delivered,True,4.0,4259.549999999999
ORD002591,CUST00481,PROD0049,2,191.03,2026-03-03,2026-03-08,Delivered,True,5.0,382.06
ORD003724,CUST00287,PROD0010,4,11743.74,2025-10-09,2025-10-16,Delivered,True,7.0,46974.96
ORD002847,CUST00342,PROD0148,3,985.06,2026-01-21,,Cancelled,True,,2955.18
ORD005352,CUST00519,PROD0004,2,2001.32,2025-02-24,,Returned,True,,4002.64
ORD000750,CUST00579,PROD0118,4,828.66,2026-04-10,,Shipped,True,,3314.64
ORD005450,CUST00109,PROD0124,3,2908.87,2025-08-02,2025-08-07,Delivered,True,5.0,8726.61
ORD004955,CUST00641,PROD0092,5,1419.85,2025-12-11,,Cancelled,True,,7099.25
ORD003686,CUST00607,PROD0036,4,559.64,2026-03-10,2026-03-19,Delivered,True,9.0,2238.56
ORD003515,CUST00436,PROD0011,2,1483.6,2025-10-26,2025-10-30,Delivered,True,4.0,2967.2
ORD005703,CUST00244,PROD0054,5,1632.64,2025-12-19,,Shipped,True,,8163.200000000001
ORD004780,CUST00587,PROD0071,1,632.25,2025-11-09,2025-11-14,Delivered,True,5.0,632.25
ORD005381,CUST00019,PROD0056,1,861.22,2025-01-15,2025-01-16,Delivered,True,1.0,861.22
ORD002362,CUST00267,PROD0115,5,55563.32,2026-05-13,,Delivered,True,,277816.6
ORD001082,CUST00241,PROD0016,5,59834.55,2026-03-14,2026-03-19,Delivered,True,5.0,299172.75
ORD005946,CUST00571,PROD0041,1,543.32,2025-09-13,,Shipped,True,,543.32
ORD001353,CUST00437,PROD0102,1,133.37,2025-10-08,,Shipped,True,,133.37
ORD004994,CUST00248,PROD0011,1,1483.6,2025-10-26,2025-11-06,Delivered,True,11.0,1483.6
ORD004866,CUST00053,PROD0045,1,1228.68,2026-01-08,,Cancelled,True,,1228.68
ORD002275,CUST00639,PROD0036,3,559.64,2026-07-25,,Cancelled,True,,1678.92
ORD005470,CUST00161,PROD0103,4,11738.74,2026-03-26,2026-04-05,Delivered,True,10.0,46954.96
ORD002830,CUST00085,PROD0014,5,1289.47,2025-02-18,,Shipped,True,,6447.35
ORD000351,CUST00535,PROD0139,2,4171.69,2026-04-13,,Cancelled,True,,8343.38
ORD000897,CUST00390,PROD0021,4,156.01,2025-03-08,,Cancelled,True,,624.04
ORD001595,CUST00595,PROD0036,4,559.64,2025-10-08,2025-10-12,Delivered,True,4.0,2238.56
ORD003284,CUST00667,PROD0036,1,559.64,2025-11-23,,Shipped,True,,559.64
ORD004361,CUST00480,PROD0064,1,3664.82,2026-06-05,2026-06-16,Delivered,True,11.0,3664.82
ORD003068,CUST00178,PROD0103,2,11738.74,2026-04-02,,Processing,True,,23477.48
ORD002974,CUST00190,PROD0084,2,317.91,2025-09-22,,Cancelled,True,,635.82
ORD001893,CUST00327,PROD0008,3,545.71,2026-04-30,2026-05-07,Delivered,True,7.0,1637.13
ORD001908,CUST00482,PROD0092,4,1419.85,2026-02-15,2026-02-18,Delivered,True,3.0,5679.4
ORD004672,CUST00111,PROD0070,5,10505.06,2025-06-08,,Returned,True,,52525.299999999996
ORD005217,CUST00094,PROD0138,2,3519.99,2026-02-16,2026-02-28,Delivered,True,12.0,7039.98
ORD005045,CUST00503,PROD0018,5,18955.94,2025-10-13,2025-10-22,Delivered,True,9.0,94779.7
ORD002369,CUST00671,PROD0125,4,11796.3,2025-09-30,2025-10-03,Delivered,True,3.0,47185.2
ORD004925,CUST00756,PROD0024,5,1123.83,2025-12-01,2025-12-06,Delivered,True,5.0,5619.15
ORD003010,CUST00507,PROD0110,1,1192.79,2026-07-20,2026-07-30,Delivered,True,10.0,1192.79
ORD002354,CUST00388,PROD0103,2,11738.74,2025-04-27,2025-04-28,Delivered,True,1.0,23477.48
ORD002139,CUST00261,PROD0064,5,3664.82,2025-07-18,2025-07-27,Delivered,True,9.0,18324.100000000002
ORD001603,CUST00185,PROD0106,2,3327.3,2025-06-04,,Shipped,True,,6654.6
ORD004854,CUST00457,PROD0054,3,1632.64,2025-04-02,,Shipped,True,,4897.92
ORD005838,CUST00333,PROD0086,2,1450.41,2025-03-10,,Returned,True,,2900.82
ORD001743,CUST00300,PROD0067,1,4271.55,2025-05-03,2025-05-05,Delivered,True,2.0,4271.55
ORD005156,CUST00258,PROD0007,1,40685.29,2025-08-29,2025-09-07,Delivered,True,9.0,40685.29
ORD004496,CUST00127,PROD0133,3,1400.65,2025-03-14,,Shipped,True,,4201.950000000001
ORD000568,CUST00582,PROD0107,2,328.16,2026-01-14,2026-01-22,Delivered,True,8.0,656.32
ORD004953,CUST00289,PROD0027,4,331.1,2025-02-20,,Processing,True,,1324.4
ORD004684,CUST00755,PROD0032,2,1176.78,2025-12-17,2025-12-25,Delivered,True,8.0,2353.56
ORD004987,CUST00685,PROD0134,3,3036.32,2026-05-23,2026-05-24,Delivered,True,1.0,9108.960000000001
ORD002944,CUST00213,PROD0038,1,8563.39,2026-01-03,2026-01-07,Delivered,True,4.0,8563.39
ORD001068,CUST00171,PROD0138,3,3519.99,2025-04-22,,Returned,True,,10559.97
ORD004907,CUST00636,PROD0064,4,3664.82,2026-02-26,,Returned,True,,14659.28
ORD001224,CUST00312,PROD0003,3,14338.6,2025-08-07,,Processing,True,,43015.8
ORD003918,CUST00664,PROD0062,4,25032.52,2026-02-03,,Cancelled,True,,100130.08
ORD001472,CUST00363,PROD0071,5,632.25,2025-07-23,,Cancelled,True,,3161.25
ORD004452,CUST00250,PROD0014,3,1289.47,2025-10-20,,Processing,True,,3868.41
ORD001554,CUST00795,PROD0063,4,869.54,2025-03-13,2025-03-24,Delivered,True,11.0,3478.16
ORD004484,CUST00276,PROD0067,2,4271.55,2025-02-27,2025-03-06,Delivered,True,7.0,8543.1
ORD004159,CUST00370,PROD0143,5,1730.89,2025-01-07,2025-01-08,Delivered,True,1.0,8654.45
ORD000211,CUST00177,PROD0005,1,560.65,2026-02-18,2026-02-27,Delivered,True,9.0,560.65
ORD001113,CUST00233,PROD0026,4,4912.92,2026-01-29,2026-01-30,Delivered,True,1.0,19651.68
ORD003944,CUST00318,PROD0027,1,331.1,2025-06-20,,Returned,True,,331.1
ORD001548,CUST00495,PROD0021,5,156.01,2026-02-23,,Processing,True,,780.05
ORD004703,CUST00280,PROD0147,1,4832.5,2025-08-15,,Returned,True,,4832.5
ORD001187,CUST00800,PROD0110,5,1192.79,2025-12-10,2025-12-18,Delivered,True,8.0,5963.95
ORD001035,CUST00363,PROD0061,1,1083.6,2025-07-12,,Shipped,True,,1083.6
ORD004852,CUST00493,PROD0110,5,1192.79,2026-05-20,,Returned,True,,5963.95
ORD002677,CUST00325,PROD0029,5,901.03,2026-01-02,,Cancelled,True,,4505.15
ORD001242,CUST00509,PROD0022,3,459.17,2026-07-26,2026-08-07,Delivered,True,12.0,1377.51
ORD003557,CUST00375,PROD0058,1,4704.83,2026-01-30,,Processing,True,,4704.83
ORD002745,CUST00622,PROD0122,3,993.76,2025-06-24,,Processing,True,,2981.2799999999997
ORD001332,CUST00399,PROD0097,2,166.92,2026-03-17,2026-03-19,Delivered,True,2.0,333.84
ORD004752,CUST00091,PROD0096,1,32150.75,2025-12-31,2026-01-10,Delivered,True,10.0,32150.75
ORD004311,CUST00004,PROD0059,5,685.94,2025-04-22,2025-04-26,Delivered,True,4.0,3429.7000000000003
ORD001099,CUST00155,PROD0117,5,430.76,2026-06-22,,Shipped,True,,2153.8
ORD005319,CUST00052,PROD0129,3,17176.36,2025-05-24,,Cancelled,True,,51529.08
ORD001335,CUST00153,PROD0138,5,3519.99,2025-02-16,2025-02-17,Delivered,True,1.0,17599.949999999997
ORD005900,CUST00756,PROD0107,1,328.16,2025-08-19,,Processing,True,,328.16
ORD003271,CUST00565,PROD0097,1,166.92,2026-01-08,2026-01-11,Delivered,True,3.0,166.92
ORD001013,CUST00364,PROD0041,1,543.32,2026-07-16,,Processing,True,,543.32
ORD000479,CUST00688,PROD0009,3,390.58,2026-02-28,,Returned,True,,1171.74
ORD001775,CUST00394,PROD0081,5,4820.76,2026-04-03,,Processing,True,,24103.800000000003
ORD000408,CUST00072,PROD0038,2,8563.39,2025-12-11,,Returned,True,,17126.78
ORD001262,CUST00311,PROD0150,1,2716.88,2026-05-16,,Returned,True,,2716.88
ORD004059,CUST00758,PROD0070,5,10505.06,2025-02-04,,Cancelled,True,,52525.299999999996
ORD000137,CUST00523,PROD0045,2,1228.68,2025-08-05,2025-08-06,Delivered,True,1.0,2457.36
ORD002860,CUST00259,PROD0041,5,543.32,2026-02-05,2026-02-07,Delivered,True,2.0,2716.6000000000004
ORD002940,CUST00441,PROD0072,5,263.08,2025-10-03,,Cancelled,True,,1315.3999999999999
ORD004612,CUST00419,PROD0043,2,2444.21,2026-03-15,2026-03-24,Delivered,True,9.0,4888.42
ORD000706,CUST00657,PROD0134,5,3036.32,2026-06-22,,Returned,True,,15181.6
ORD005523,CUST00398,PROD0121,3,751.76,2025-04-13,,Processing,True,,2255.2799999999997
ORD000571,CUST00104,PROD0073,4,34399.58,2026-05-03,2026-05-06,Delivered,True,3.0,137598.32
ORD005353,CUST00008,PROD0081,5,4820.76,2026-06-24,2026-07-05,Delivered,True,11.0,24103.800000000003
ORD001985,CUST00245,PROD0084,3,317.91,2026-01-12,2026-01-20,Delivered,True,8.0,953.73
ORD002810,CUST00502,PROD0115,5,55563.32,2025-02-23,,Returned,True,,277816.6
ORD001384,CUST00278,PROD0035,2,4733.42,2026-06-06,2026-06-07,Delivered,True,1.0,9466.84
ORD005974,CUST00398,PROD0147,5,4832.5,2025-11-21,2025-12-01,Delivered,True,10.0,24162.5
ORD002426,CUST00443,PROD0014,1,1289.47,2026-02-11,,Processing,True,,1289.47
ORD004808,CUST00625,PROD0107,2,328.16,2025-11-04,2025-11-08,Delivered,True,4.0,656.32
ORD005466,CUST00456,PROD0112,5,1969.23,2026-07-24,2026-08-04,Delivered,True,11.0,9846.15
ORD005016,CUST00618,PROD0112,5,1969.23,2026-05-15,,Cancelled,True,,9846.15
ORD003280,CUST00048,PROD0041,2,543.32,2026-04-17,,Returned,True,,1086.64
ORD002763,CUST00578,PROD0037,4,1155.64,2025-05-29,2025-06-02,Delivered,True,4.0,4622.56
ORD004300,CUST00131,PROD0006,1,812.36,2025-10-15,,Shipped,True,,812.36
ORD004505,CUST00140,PROD0027,4,331.1,2026-07-15,,Returned,True,,1324.4
ORD002668,CUST00410,PROD0007,3,40685.29,2026-05-13,,Shipped,True,,122055.87
ORD004353,CUST00285,PROD0019,5,4410.8,2025-01-07,,Processing,True,,22054.0
ORD001092,CUST00509,PROD0065,5,9361.22,2025-12-22,,Returned,True,,46806.1
ORD003428,CUST00260,PROD0053,4,379.38,2026-04-06,2026-04-18,Delivered,True,12.0,1517.52
ORD000591,CUST00202,PROD0121,5,751.76,2025-02-04,,Cancelled,True,,3758.8
ORD001747,CUST00093,PROD0037,4,1155.64,2025-02-12,2025-02-16,Delivered,True,4.0,4622.56
ORD000958,CUST00520,PROD0007,2,40685.29,2025-12-06,2025-12-10,Delivered,True,4.0,81370.58
ORD005469,CUST00396,PROD0026,3,4912.92,2025-12-10,,Returned,True,,14738.76
ORD003678,CUST00691,PROD0030,1,429.82,2025-12-03,2025-12-04,Delivered,True,1.0,429.82
ORD004034,CUST00253,PROD0147,4,4832.5,2025-10-06,,Returned,True,,19330.0
ORD004065,CUST00392,PROD0022,2,459.17,2025-08-25,2025-08-29,Delivered,True,4.0,918.34
ORD000402,CUST00787,PROD0124,2,2908.87,2026-05-15,2026-05-25,Delivered,True,10.0,5817.74
ORD002733,CUST00323,PROD0065,3,9361.22,2025-07-02,,Processing,True,,28083.659999999996
ORD001534,CUST00406,PROD0128,2,3825.7,2026-06-30,,Cancelled,True,,7651.4
ORD001116,CUST00745,PROD0022,2,459.17,2025-05-23,,Returned,True,,918.34
ORD004425,CUST00264,PROD0081,3,4820.76,2025-05-02,,Returned,True,,14462.28
ORD004327,CUST00214,PROD0015,3,2263.06,2025-01-25,2025-02-01,Delivered,True,7.0,6789.18
ORD004575,CUST00284,PROD0003,2,14338.6,2025-07-25,2025-07-30,Delivered,True,5.0,28677.2
ORD005433,CUST00554,PROD0021,4,156.01,2026-01-21,2026-01-24,Delivered,True,3.0,624.04
ORD000255,CUST00093,PROD0098,4,648.17,2025-02-01,2025-02-10,Delivered,True,9.0,2592.68
ORD002340,CUST00401,PROD0073,5,34399.58,2025-04-20,,Processing,True,,171997.90000000002
ORD002190,CUST00691,PROD0031,4,2204.46,2026-03-04,,Returned,True,,8817.84
ORD002979,CUST00109,PROD0126,4,8384.51,2026-07-02,2026-07-08,Delivered,True,6.0,33538.04
ORD005953,CUST00309,PROD0046,5,51.86,2025-08-17,,Processing,True,,259.3
ORD001922,CUST00790,PROD0038,1,8563.39,2026-01-14,,Cancelled,True,,8563.39
ORD002916,CUST00564,PROD0122,5,993.76,2025-11-17,2025-11-19,Delivered,True,2.0,4968.8
ORD004274,CUST00658,PROD0009,5,390.58,2026-07-25,2026-08-01,Delivered,True,7.0,1952.8999999999999
ORD005295,CUST00571,PROD0002,5,2472.29,2026-07-07,,Processing,True,,12361.45
ORD005560,CUST00512,PROD0029,1,901.03,2025-02-21,,Cancelled,True,,901.03
ORD004294,CUST00438,PROD0028,2,302.64,2026-02-07,,Shipped,True,,605.28
ORD004566,CUST00768,PROD0145,1,2463.88,2026-03-30,,Shipped,True,,2463.88
ORD000267,CUST00540,PROD0119,4,2603.43,2026-01-03,,Returned,True,,10413.72
ORD002421,CUST00097,PROD0128,4,3825.7,2025-02-21,,Cancelled,True,,15302.8
ORD003242,CUST00586,PROD0114,5,1292.66,2026-03-02,2026-03-08,Delivered,True,6.0,6463.3
ORD004399,CUST00180,PROD0136,5,18573.07,2026-04-21,2026-04-27,Delivered,True,6.0,92865.35
ORD004531,CUST00247,PROD0137,3,1360.59,2026-04-05,,Processing,True,,4081.7699999999995
ORD002843,CUST00397,PROD0013,1,39659.48,2026-06-09,2026-06-15,Delivered,True,6.0,39659.48
ORD001425,CUST00702,PROD0080,3,4686.49,2026-03-12,2026-03-17,Delivered,True,5.0,14059.47
ORD005160,CUST00672,PROD0035,5,4733.42,2025-09-26,2025-10-03,Delivered,True,7.0,23667.1
ORD004115,CUST00525,PROD0034,3,2546.45,2026-01-27,,Processing,True,,7639.349999999999
ORD003931,CUST00123,PROD0056,4,861.22,2025-10-11,,Cancelled,True,,3444.88
ORD002424,CUST00205,PROD0082,2,503.97,2025-07-16,2025-07-23,Delivered,True,7.0,1007.94
ORD003672,CUST00551,PROD0112,3,1969.23,2026-02-13,,Returned,True,,5907.6900000000005
ORD000684,CUST00150,PROD0022,1,459.17,2025-11-09,,Processing,True,,459.17
ORD000118,CUST00391,PROD0066,1,4931.77,2025-01-02,,Cancelled,True,,4931.77
ORD000319,CUST00079,PROD0103,3,11738.74,2025-03-19,2025-03-27,Delivered,True,8.0,35216.22
ORD002168,CUST00737,PROD0076,2,32834.68,2026-06-17,,Cancelled,True,,65669.36
ORD000908,CUST00724,PROD0031,1,2204.46,2026-01-04,2026-01-10,Delivered,True,6.0,2204.46
ORD004419,CUST00724,PROD0120,4,418.7,2026-02-02,2026-02-08,Delivered,True,6.0,1674.8
ORD001896,CUST00415,PROD0025,4,4203.28,2026-01-24,2026-02-03,Delivered,True,10.0,16813.12
ORD002463,CUST00557,PROD0053,5,379.38,2025-08-20,,Returned,True,,1896.9
ORD001226,CUST00613,PROD0072,5,263.08,2025-03-18,,Cancelled,True,,1315.3999999999999
ORD001614,CUST00669,PROD0039,3,5112.85,2025-03-16,,Processing,True,,15338.550000000001
ORD005940,CUST00262,PROD0118,4,828.66,2025-03-04,,Processing,True,,3314.64
ORD005587,CUST00764,PROD0046,5,51.86,2025-07-26,,Cancelled,True,,259.3
ORD005050,CUST00514,PROD0034,1,2546.45,2025-04-18,,Processing,True,,2546.45
ORD004912,CUST00051,PROD0090,4,955.06,2025-08-07,,Processing,True,,3820.24
ORD000279,CUST00594,PROD0020,5,4298.98,2025-09-15,2025-09-24,Delivered,True,9.0,21494.899999999998
ORD003758,CUST00347,PROD0114,3,1292.66,2026-01-30,2026-02-01,Delivered,True,2.0,3877.9800000000005
ORD005732,CUST00768,PROD0080,3,4686.49,2025-03-16,,Cancelled,True,,14059.47
ORD001050,CUST00745,PROD0064,5,3664.82,2026-03-05,2026-03-13,Delivered,True,8.0,18324.100000000002
ORD004094,CUST00404,PROD0057,1,1462.31,2025-08-20,,Cancelled,True,,1462.31
ORD003894,CUST00199,PROD0112,5,1969.23,2026-06-14,2026-06-19,Delivered,True,5.0,9846.15
ORD000659,CUST00798,PROD0081,1,4820.76,2026-04-23,2026-05-01,Delivered,True,8.0,4820.76
ORD001138,CUST00562,PROD0036,5,559.64,2025-11-03,,Cancelled,True,,2798.2
ORD004492,CUST00495,PROD0103,2,11738.74,2025-10-18,,Processing,True,,23477.48
ORD002654,CUST00457,PROD0020,5,4298.98,2025-12-17,,Cancelled,True,,21494.899999999998
ORD004120,CUST00620,PROD0080,3,4686.49,2026-04-11,2026-04-13,Delivered,True,2.0,14059.47
ORD000802,CUST00786,PROD0103,5,11738.74,2025-11-08,,Processing,True,,58693.7
ORD003137,CUST00159,PROD0071,3,632.25,2025-04-30,,Returned,True,,1896.75
ORD003251,CUST00550,PROD0080,1,4686.49,2026-07-07,2026-07-11,Delivered,True,4.0,4686.49
ORD002195,CUST00022,PROD0038,4,8563.39,2025-09-30,,Cancelled,True,,34253.56
ORD001864,CUST00791,PROD0146,2,9127.13,2025-04-10,,Processing,True,,18254.26
ORD003714,CUST00221,PROD0127,4,919.23,2025-10-31,2025-11-09,Delivered,True,9.0,3676.92
ORD003319,CUST00422,PROD0101,3,782.0,2025-09-09,2025-09-12,Delivered,True,3.0,2346.0
ORD003794,CUST00182,PROD0057,4,1462.31,2025-01-10,2025-01-21,Delivered,True,11.0,5849.24
ORD000015,CUST00782,PROD0110,4,1192.79,2025-08-26,2025-08-29,Delivered,True,3.0,4771.16
ORD003640,CUST00531,PROD0135,5,7336.91,2025-02-06,,Shipped,True,,36684.55
ORD000322,CUST00469,PROD0092,2,1419.85,2025-04-20,2025-05-01,Delivered,True,11.0,2839.7
ORD003008,CUST00537,PROD0143,5,1730.89,2026-03-31,2026-04-08,Delivered,True,8.0,8654.45
ORD000793,CUST00667,PROD0031,2,2204.46,2026-01-06,,Shipped,True,,4408.92
ORD000403,CUST00506,PROD0148,4,985.06,2025-03-22,,Processing,True,,3940.24
ORD001291,CUST00490,PROD0028,3,302.64,2025-04-10,,Returned,True,,907.92
ORD004434,CUST00373,PROD0104,1,1042.65,2025-06-07,2025-06-16,Delivered,True,9.0,1042.65
ORD002465,CUST00758,PROD0141,4,22625.81,2025-01-31,2025-02-10,Delivered,True,10.0,90503.24
ORD005740,CUST00259,PROD0082,3,503.97,2025-09-19,2025-09-29,Delivered,True,10.0,1511.91
ORD002133,CUST00671,PROD0094,3,1211.97,2025-06-24,,Cancelled,True,,3635.91
ORD003351,CUST00428,PROD0092,4,1419.85,2025-12-27,2026-01-01,Delivered,True,5.0,5679.4
ORD005710,CUST00146,PROD0008,2,545.71,2025-06-12,2025-06-19,Delivered,True,7.0,1091.42
ORD004673,CUST00512,PROD0078,5,12507.55,2026-03-27,2026-04-06,Delivered,True,10.0,62537.75
ORD001186,CUST00796,PROD0117,4,430.76,2026-02-25,,Processing,True,,1723.04
ORD000289,CUST00598,PROD0018,2,18955.94,2026-01-23,,Delivered,True,,37911.88
ORD005849,CUST00398,PROD0050,2,3898.39,2025-10-17,,Processing,True,,7796.78
ORD002805,CUST00711,PROD0028,5,302.64,2025-12-22,2025-12-23,Delivered,True,1.0,1513.1999999999998
ORD001475,CUST00570,PROD0030,1,429.82,2025-07-06,2025-07-12,Delivered,True,6.0,429.82
ORD005535,CUST00682,PROD0083,4,385.32,2025-08-17,,Shipped,True,,1541.28
ORD000332,CUST00089,PROD0047,5,26286.3,2025-05-15,2025-05-17,Delivered,True,2.0,131431.5
ORD005609,CUST00537,PROD0134,3,3036.32,2025-03-08,,Shipped,True,,9108.960000000001
ORD000915,CUST00196,PROD0079,1,2916.61,2026-05-27,,Processing,True,,2916.61
ORD004384,CUST00652,PROD0147,4,4832.5,2025-04-12,2025-04-18,Delivered,True,6.0,19330.0
ORD001130,CUST00229,PROD0128,5,3825.7,2026-07-01,2026-07-08,Delivered,True,7.0,19128.5
ORD001230,CUST00266,PROD0002,4,2472.29,2025-10-19,,Cancelled,True,,9889.16
ORD005728,CUST00510,PROD0027,1,331.1,2026-06-08,,Cancelled,True,,331.1
ORD005604,CUST00110,PROD0028,5,302.64,2025-04-03,,Cancelled,True,,1513.1999999999998
ORD005723,CUST00725,PROD0057,1,1462.31,2025-08-23,2025-09-04,Delivered,True,12.0,1462.31
ORD005985,CUST00095,PROD0011,1,1483.6,2025-03-03,2025-03-09,Delivered,True,6.0,1483.6
ORD001733,CUST00045,PROD0012,2,4952.6,2025-04-12,2025-04-16,Delivered,True,4.0,9905.2
ORD004330,CUST00170,PROD0132,1,305.28,2025-05-23,,Delivered,True,,305.28
ORD000905,CUST00694,PROD0116,4,8033.73,2026-03-19,,Processing,True,,32134.92
ORD001177,CUST00629,PROD0051,3,1399.76,2026-03-06,,Returned,True,,4199.28
ORD000476,CUST00748,PROD0081,5,4820.76,2026-07-03,2026-07-13,Delivered,True,10.0,24103.800000000003
ORD000621,CUST00064,PROD0057,4,1462.31,2026-01-01,,Processing,True,,5849.24
ORD002619,CUST00567,PROD0046,4,51.86,2026-06-02,,Shipped,True,,207.44
ORD004352,CUST00612,PROD0102,4,133.37,2025-01-24,2025-01-28,Delivered,True,4.0,533.48
ORD004222,CUST00549,PROD0034,3,2546.45,2025-08-27,2025-09-04,Delivered,True,8.0,7639.349999999999
ORD003009,CUST00346,PROD0015,2,2263.06,2026-04-25,,Cancelled,True,,4526.12
ORD001887,CUST00457,PROD0079,2,2916.61,2026-02-20,2026-03-01,Delivered,True,9.0,5833.22
ORD000983,CUST00238,PROD0048,2,56173.09,2025-03-02,2025-03-07,Delivered,True,5.0,112346.18
ORD005061,CUST00677,PROD0121,1,751.76,2025-07-01,2025-07-02,Delivered,True,1.0,751.76
ORD000326,CUST00566,PROD0139,1,4171.69,2026-05-30,,Cancelled,True,,4171.69
ORD000148,CUST00562,PROD0114,3,1292.66,2025-10-03,2025-10-07,Delivered,True,4.0,3877.9800000000005
ORD000080,CUST00001,PROD0079,1,2916.61,2025-07-30,2025-08-06,Delivered,True,7.0,2916.61
ORD000879,CUST00071,PROD0150,5,2716.88,2025-05-30,,Returned,True,,13584.400000000001
ORD001717,CUST00035,PROD0096,5,32150.75,2025-07-01,2025-07-10,Delivered,True,9.0,160753.75
ORD003127,CUST00234,PROD0148,2,985.06,2025-09-09,2025-09-18,Delivered,True,9.0,1970.12
ORD005355,CUST00447,PROD0089,1,16755.29,2026-05-15,,Processing,True,,16755.29
ORD004803,CUST00204,PROD0136,2,18573.07,2025-08-22,2025-08-30,Delivered,True,8.0,37146.14
ORD005646,CUST00727,PROD0058,3,4704.83,2025-09-14,2025-09-21,Delivered,True,7.0,14114.49
ORD005254,CUST00345,PROD0065,5,9361.22,2026-01-30,,Cancelled,True,,46806.1
ORD000022,CUST00314,PROD0062,3,25032.52,2025-04-30,,Processing,True,,75097.56
ORD004109,CUST00432,PROD0097,5,166.92,2025-08-11,2025-08-12,Delivered,True,1.0,834.5999999999999
ORD001940,CUST00268,PROD0109,2,854.47,2025-02-10,2025-02-11,Delivered,True,1.0,1708.94
ORD004677,CUST00353,PROD0128,4,3825.7,2025-12-25,2025-12-29,Delivered,True,4.0,15302.8
ORD002921,CUST00487,PROD0037,2,1155.64,2025-05-03,,Shipped,True,,2311.28
ORD004149,CUST00347,PROD0114,4,1292.66,2025-11-06,,Processing,True,,5170.64
ORD000385,CUST00236,PROD0046,1,51.86,2025-07-26,,Returned,True,,51.86
ORD002308,CUST00214,PROD0150,4,2716.88,2025-01-03,2025-01-11,Delivered,True,8.0,10867.52
ORD002633,CUST00423,PROD0114,2,1292.66,2025-07-14,2025-07-15,Delivered,True,1.0,2585.32
ORD002554,CUST00793,PROD0065,2,9361.22,2025-01-15,2025-01-17,Delivered,True,2.0,18722.44
ORD003974,CUST00435,PROD0059,2,685.94,2025-12-27,2025-12-30,Delivered,True,3.0,1371.88
ORD001100,CUST00117,PROD0076,3,32834.68,2026-07-20,,Delivered,True,,98504.04000000001
ORD002723,CUST00496,PROD0127,3,919.23,2025-09-24,2025-10-04,Delivered,True,10.0,2757.69
ORD001477,CUST00723,PROD0021,2,156.01,2025-11-12,2025-11-24,Delivered,True,12.0,312.02
ORD005613,CUST00178,PROD0030,5,429.82,2026-06-12,2026-06-16,Delivered,True,4.0,2149.1
ORD005588,CUST00090,PROD0129,3,17176.36,2025-04-03,2025-04-10,Delivered,True,7.0,51529.08
ORD003066,CUST00480,PROD0069,4,58378.98,2025-03-21,,Cancelled,True,,233515.92
ORD000038,CUST00381,PROD0107,4,328.16,2026-04-08,2026-04-15,Delivered,True,7.0,1312.64
ORD000631,CUST00321,PROD0036,2,559.64,2025-07-10,,Shipped,True,,1119.28
ORD003179,CUST00444,PROD0005,1,560.65,2025-10-17,,Cancelled,True,,560.65
ORD003828,CUST00051,PROD0025,5,4203.28,2026-07-02,2026-07-09,Delivered,True,7.0,21016.399999999998
ORD001256,CUST00698,PROD0104,4,1042.65,2026-02-07,2026-02-19,Delivered,True,12.0,4170.6
ORD001338,CUST00241,PROD0032,1,1176.78,2025-03-20,2025-03-28,Delivered,True,8.0,1176.78
ORD004385,CUST00037,PROD0085,3,4763.96,2025-06-13,2025-06-16,Delivered,True,3.0,14291.880000000001
ORD000679,CUST00364,PROD0142,5,1821.04,2026-04-27,2026-05-06,Delivered,True,9.0,9105.2
ORD004891,CUST00379,PROD0105,3,32176.55,2026-06-13,,Returned,True,,96529.65
ORD002784,CUST00030,PROD0030,4,429.82,2026-05-31,,Processing,True,,1719.28
ORD004181,CUST00450,PROD0118,3,828.66,2025-04-24,2025-04-29,Delivered,True,5.0,2485.98
ORD003200,CUST00646,PROD0056,4,861.22,2025-01-20,2025-01-23,Delivered,True,3.0,3444.88
ORD000382,CUST00521,PROD0138,4,3519.99,2025-07-14,,Returned,True,,14079.96
ORD003356,CUST00640,PROD0018,5,18955.94,2026-04-29,2026-05-02,Delivered,True,3.0,94779.7
ORD001248,CUST00452,PROD0029,2,901.03,2025-01-17,,Delivered,True,,1802.06
ORD002793,CUST00222,PROD0118,3,828.66,2026-05-25,,Processing,True,,2485.98
ORD001098,CUST00416,PROD0048,1,56173.09,2025-06-13,2025-06-23,Delivered,True,10.0,56173.09
ORD003092,CUST00654,PROD0070,1,10505.06,2025-06-15,2025-06-23,Delivered,True,8.0,10505.06
ORD000433,CUST00481,PROD0038,5,8563.39,2025-06-11,2025-06-20,Delivered,True,9.0,42816.95
ORD003112,CUST00007,PROD0111,3,42616.44,2025-04-08,2025-04-11,Delivered,True,3.0,127849.32
ORD003461,CUST00217,PROD0105,5,32176.55,2025-01-03,,Cancelled,True,,160882.75
ORD005517,CUST00342,PROD0066,4,4931.77,2025-01-15,,Returned,True,,19727.08
ORD002316,CUST00444,PROD0061,4,1083.6,2025-03-25,,Processing,True,,4334.4
ORD004659,CUST00775,PROD0045,3,1228.68,2026-05-17,,Processing,True,,3686.04
ORD004245,CUST00493,PROD0021,3,156.01,2026-02-01,,Shipped,True,,468.03
ORD002335,CUST00418,PROD0141,3,22625.81,2026-07-07,,Cancelled,True,,67877.43000000001
ORD004479,CUST00131,PROD0145,4,2463.88,2025-06-17,2025-06-29,Delivered,True,12.0,9855.52
ORD005552,CUST00001,PROD0060,1,7402.46,2026-06-01,,Shipped,True,,7402.46
ORD004324,CUST00600,PROD0027,3,331.1,2025-12-02,,Returned,True,,993.3000000000001
ORD004088,CUST00257,PROD0102,3,133.37,2026-04-25,2026-05-07,Delivered,True,12.0,400.11
ORD000545,CUST00519,PROD0110,3,1192.79,2025-09-21,2025-09-26,Delivered,True,5.0,3578.37
ORD005200,CUST00144,PROD0132,1,305.28,2026-04-21,2026-04-26,Delivered,True,5.0,305.28
ORD003314,CUST00649,PROD0059,2,685.94,2026-06-13,,Shipped,True,,1371.88
ORD002785,CUST00227,PROD0108,5,4953.1,2026-07-01,2026-07-10,Delivered,True,9.0,24765.5
ORD005372,CUST00394,PROD0081,4,4820.76,2025-03-31,2025-04-02,Delivered,True,2.0,19283.04
ORD005846,CUST00606,PROD0078,5,12507.55,2025-05-03,,Cancelled,True,,62537.75
ORD004116,CUST00079,PROD0101,3,782.0,2026-07-08,,Processing,True,,2346.0
ORD002961,CUST00673,PROD0005,2,560.65,2026-07-07,2026-07-10,Delivered,True,3.0,1121.3
ORD005863,CUST00115,PROD0026,4,4912.92,2025-10-05,2025-10-14,Delivered,True,9.0,19651.68
ORD003456,CUST00254,PROD0123,2,21424.68,2025-03-29,2025-04-08,Delivered,True,10.0,42849.36
ORD004333,CUST00566,PROD0033,2,5639.02,2025-08-12,2025-08-17,Delivered,True,5.0,11278.04
ORD001645,CUST00264,PROD0042,4,915.41,2025-11-27,,Returned,True,,3661.64
ORD001462,CUST00328,PROD0114,3,1292.66,2026-06-23,2026-07-03,Delivered,True,10.0,3877.9800000000005
ORD000722,CUST00080,PROD0116,4,8033.73,2025-05-17,2025-05-28,Delivered,True,11.0,32134.92
ORD003354,CUST00077,PROD0015,3,2263.06,2025-03-15,,Cancelled,True,,6789.18
ORD005368,CUST00753,PROD0121,5,751.76,2026-07-07,,Processing,True,,3758.8
ORD004838,CUST00596,PROD0043,4,2444.21,2026-07-23,,Returned,True,,9776.84
ORD004289,CUST00005,PROD0076,5,32834.68,2026-04-15,,Delivered,True,,164173.4
ORD005803,CUST00289,PROD0115,3,55563.32,2026-06-05,2026-06-16,Delivered,True,11.0,166689.96
ORD001655,CUST00441,PROD0136,2,18573.07,2026-01-19,2026-01-30,Delivered,True,11.0,37146.14
ORD000469,CUST00564,PROD0031,2,2204.46,2026-03-01,2026-03-07,Delivered,True,6.0,4408.92
ORD002337,CUST00586,PROD0037,4,1155.64,2025-02-25,2025-03-03,Delivered,True,6.0,4622.56
ORD000143,CUST00254,PROD0089,4,16755.29,2025-09-28,,Returned,True,,67021.16
ORD003628,CUST00720,PROD0040,1,2990.7,2025-10-04,2025-10-16,Delivered,True,12.0,2990.7
ORD003075,CUST00752,PROD0041,4,543.32,2025-07-04,2025-07-07,Delivered,True,3.0,2173.28
ORD000134,CUST00623,PROD0059,5,685.94,2025-03-04,,Cancelled,True,,3429.7000000000003
ORD004597,CUST00245,PROD0040,3,2990.7,2026-04-16,2026-04-18,Delivered,True,2.0,8972.099999999999
ORD004635,CUST00055,PROD0009,5,390.58,2025-04-27,2025-05-04,Delivered,True,7.0,1952.8999999999999
ORD005596,CUST00112,PROD0131,2,6853.95,2026-01-18,,Cancelled,True,,13707.9
ORD002317,CUST00124,PROD0118,1,828.66,2025-12-22,2026-01-03,Delivered,True,12.0,828.66
ORD003165,CUST00772,PROD0148,3,985.06,2025-03-25,2025-04-03,Delivered,True,9.0,2955.18
ORD000493,CUST00106,PROD0137,1,1360.59,2026-04-22,2026-04-24,Delivered,True,2.0,1360.59
ORD002416,CUST00636,PROD0108,3,4953.1,2025-09-12,2025-09-14,Delivered,True,2.0,14859.300000000001
ORD003268,CUST00528,PROD0114,1,1292.66,2025-10-24,2025-11-03,Delivered,True,10.0,1292.66
ORD004299,CUST00272,PROD0105,1,32176.55,2025-06-19,,Delivered,True,,32176.55
ORD001464,CUST00138,PROD0071,4,632.25,2026-02-12,,Shipped,True,,2529.0
ORD002516,CUST00069,PROD0047,1,26286.3,2026-04-25,2026-05-07,Delivered,True,12.0,26286.3
ORD003910,CUST00328,PROD0057,3,1462.31,2026-03-27,2026-04-04,Delivered,True,8.0,4386.93
ORD002484,CUST00368,PROD0118,1,828.66,2026-06-25,,Cancelled,True,,828.66
ORD003561,CUST00617,PROD0006,5,812.36,2025-10-12,2025-10-19,Delivered,True,7.0,4061.8
ORD004080,CUST00539,PROD0088,1,34407.7,2025-08-07,,Returned,True,,34407.7
ORD004178,CUST00556,PROD0042,5,915.41,2025-04-16,,Processing,True,,4577.05
ORD000273,CUST00169,PROD0129,1,17176.36,2025-09-02,2025-09-11,Delivered,True,9.0,17176.36
ORD004045,CUST00323,PROD0058,3,4704.83,2025-10-04,,Returned,True,,14114.49
ORD001700,CUST00622,PROD0112,1,1969.23,2025-06-25,,Returned,True,,1969.23
ORD002832,CUST00654,PROD0121,2,751.76,2026-01-10,2026-01-16,Delivered,True,6.0,1503.52
ORD003960,CUST00751,PROD0092,3,1419.85,2025-07-20,2025-07-26,Delivered,True,6.0,4259.549999999999
ORD001866,CUST00269,PROD0006,3,812.36,2025-02-05,,Shipped,True,,2437.08
ORD001955,CUST00571,PROD0126,4,8384.51,2026-04-02,2026-04-09,Delivered,True,7.0,33538.04
ORD003769,CUST00515,PROD0038,5,8563.39,2025-06-29,2025-07-03,Delivered,True,4.0,42816.95
ORD002926,CUST00240,PROD0088,2,34407.7,2025-08-08,,Shipped,True,,68815.4
ORD005081,CUST00723,PROD0002,5,2472.29,2026-07-04,,Processing,True,,12361.45
ORD004798,CUST00771,PROD0039,2,5112.85,2025-05-07,2025-05-10,Delivered,True,3.0,10225.7
ORD000937,CUST00210,PROD0022,5,459.17,2025-09-06,2025-09-14,Delivered,True,8.0,2295.85
ORD001823,CUST00059,PROD0005,4,560.65,2026-01-14,2026-01-18,Delivered,True,4.0,2242.6
ORD004497,CUST00182,PROD0109,5,854.47,2026-07-22,2026-07-25,Delivered,True,3.0,4272.35
ORD002814,CUST00775,PROD0065,2,9361.22,2025-02-14,,Returned,True,,18722.44
ORD003037,CUST00493,PROD0042,2,915.41,2026-01-28,2026-02-02,Delivered,True,5.0,1830.82
ORD004846,CUST00028,PROD0079,5,2916.61,2025-08-19,,Shipped,True,,14583.050000000001
ORD002064,CUST00613,PROD0064,1,3664.82,2025-12-09,2025-12-20,Delivered,True,11.0,3664.82
ORD005742,CUST00484,PROD0141,1,22625.81,2026-01-01,2026-01-02,Delivered,True,1.0,22625.81
ORD000580,CUST00786,PROD0051,3,1399.76,2025-08-24,,Processing,True,,4199.28
ORD001873,CUST00237,PROD0070,2,10505.06,2025-08-29,,Delivered,True,,21010.12
ORD003935,CUST00785,PROD0038,5,8563.39,2025-01-17,2025-01-23,Delivered,True,6.0,42816.95
ORD005858,CUST00145,PROD0149,2,5764.99,2025-01-01,2025-01-03,Delivered,True,2.0,11529.98
ORD005676,CUST00451,PROD0020,4,4298.98,2026-06-06,2026-06-12,Delivered,True,6.0,17195.92
ORD004628,CUST00036,PROD0070,3,10505.06,2025-10-15,,Processing,True,,31515.18
ORD004526,CUST00296,PROD0077,3,2052.65,2026-06-07,,Cancelled,True,,6157.950000000001
ORD005316,CUST00567,PROD0080,3,4686.49,2026-03-27,,Cancelled,True,,14059.47
ORD004395,CUST00641,PROD0145,4,2463.88,2026-03-30,,Returned,True,,9855.52
ORD000182,CUST00114,PROD0134,5,3036.32,2026-06-21,,Cancelled,True,,15181.6
ORD002908,CUST00292,PROD0148,4,985.06,2025-07-29,2025-08-04,Delivered,True,6.0,3940.24
ORD005899,CUST00720,PROD0116,5,8033.73,2025-03-11,,Cancelled,True,,40168.649999999994
ORD002582,CUST00721,PROD0006,2,812.36,2025-04-02,2025-04-10,Delivered,True,8.0,1624.72
ORD000604,CUST00669,PROD0095,1,6063.96,2025-07-12,2025-07-14,Delivered,True,2.0,6063.96
ORD002326,CUST00154,PROD0136,4,18573.07,2025-09-12,2025-09-13,Delivered,True,1.0,74292.28
ORD004679,CUST00271,PROD0102,5,133.37,2025-08-20,2025-08-23,Delivered,True,3.0,666.85
ORD003027,CUST00713,PROD0012,2,4952.6,2025-04-14,2025-04-21,Delivered,True,7.0,9905.2
ORD002924,CUST00337,PROD0105,1,32176.55,2025-05-29,,Shipped,True,,32176.55
ORD005507,CUST00593,PROD0007,4,40685.29,2026-02-28,,Returned,True,,162741.16
ORD004990,CUST00260,PROD0001,1,2002.86,2025-12-28,2026-01-09,Delivered,True,12.0,2002.86
ORD003507,CUST00437,PROD0008,1,545.71,2026-02-15,,Shipped,True,,545.71
ORD004517,CUST00030,PROD0142,4,1821.04,2025-05-20,2025-05-21,Delivered,True,1.0,7284.16
ORD001508,CUST00051,PROD0028,4,302.64,2025-03-26,2025-04-06,Delivered,True,11.0,1210.56
ORD003633,CUST00238,PROD0109,4,854.47,2026-01-26,2026-02-07,Delivered,True,12.0,3417.88
ORD003464,CUST00455,PROD0129,4,17176.36,2025-12-10,,Processing,True,,68705.44
ORD002257,CUST00528,PROD0084,2,317.91,2026-06-30,,Returned,True,,635.82
ORD001791,CUST00533,PROD0132,4,305.28,2026-02-21,2026-02-27,Delivered,True,6.0,1221.12
ORD005019,CUST00551,PROD0049,5,191.03,2025-08-24,2025-09-04,Delivered,True,11.0,955.15
ORD003595,CUST00323,PROD0021,4,156.01,2026-05-26,,Cancelled,True,,624.04
ORD002140,CUST00016,PROD0069,2,58378.98,2025-06-08,2025-06-20,Delivered,True,12.0,116757.96
ORD005654,CUST00315,PROD0035,5,4733.42,2025-06-30,,Cancelled,True,,23667.1
ORD002073,CUST00469,PROD0012,1,4952.6,2026-02-09,2026-02-14,Delivered,True,5.0,4952.6
ORD001487,CUST00472,PROD0092,1,1419.85,2025-06-12,,Returned,True,,1419.85
ORD001756,CUST00571,PROD0122,5,993.76,2026-01-31,,Cancelled,True,,4968.8
ORD005296,CUST00332,PROD0138,2,3519.99,2026-02-22,2026-03-06,Delivered,True,12.0,7039.98
ORD001905,CUST00557,PROD0145,1,2463.88,2026-03-25,,Processing,True,,2463.88
ORD000186,CUST00292,PROD0137,5,1360.59,2025-02-19,2025-03-02,Delivered,True,11.0,6802.95
ORD003187,CUST00627,PROD0052,4,1448.8,2025-02-17,,Returned,True,,5795.2
ORD000093,CUST00213,PROD0022,5,459.17,2025-09-23,2025-09-25,Delivered,True,2.0,2295.85
ORD002768,CUST00571,PROD0015,2,2263.06,2026-03-19,,Cancelled,True,,4526.12
ORD004143,CUST00027,PROD0034,2,2546.45,2025-12-16,,Cancelled,True,,5092.9
ORD003957,CUST00404,PROD0119,2,2603.43,2025-02-23,2025-02-26,Delivered,True,3.0,5206.86
ORD001915,CUST00241,PROD0055,0,70.6,2025-06-26,2025-06-29,Delivered,False,3.0,0.0
ORD005575,CUST00739,PROD0071,3,632.25,2026-02-08,,Shipped,True,,1896.75
ORD000238,CUST00366,PROD0040,1,2990.7,2025-06-07,2025-06-18,Delivered,True,11.0,2990.7
ORD005144,CUST00428,PROD0018,3,18955.94,2025-10-29,,Cancelled,True,,56867.81999999999
ORD004728,CUST00391,PROD0126,2,8384.51,2025-10-06,,Cancelled,True,,16769.02
ORD004126,CUST00049,PROD0117,5,430.76,2026-01-04,,Shipped,True,,2153.8
ORD000377,CUST00099,PROD0113,5,974.15,2025-10-29,,Returned,True,,4870.75
ORD005776,CUST00002,PROD0126,2,8384.51,2026-04-06,2026-04-11,Delivered,True,5.0,16769.02
ORD002021,CUST00177,PROD0109,3,854.47,2025-07-08,2025-07-13,Delivered,True,5.0,2563.41
ORD001533,CUST00175,PROD0082,3,503.97,2026-04-01,,Returned,True,,1511.91
ORD002952,CUST00540,PROD0067,4,4271.55,2025-09-08,2025-09-09,Delivered,True,1.0,17086.2
ORD004056,CUST00019,PROD0104,1,1042.65,2025-05-06,2025-05-10,Delivered,True,4.0,1042.65
ORD001910,CUST00364,PROD0140,3,899.29,2026-07-25,,Returned,True,,2697.87
ORD003110,CUST00011,PROD0078,5,12507.55,2026-05-10,2026-05-17,Delivered,True,7.0,62537.75
ORD003049,CUST00214,PROD0033,2,5639.02,2026-06-26,,Returned,True,,11278.04
ORD005172,CUST00341,PROD0020,2,4298.98,2025-08-07,2025-08-16,Delivered,True,9.0,8597.96
ORD005679,CUST00012,PROD0114,3,1292.66,2026-03-25,2026-03-31,Delivered,True,6.0,3877.9800000000005
ORD000490,CUST00421,PROD0087,5,13732.01,2026-03-31,2026-04-01,Delivered,True,1.0,68660.05
ORD000443,CUST00407,PROD0011,5,1483.6,2026-01-25,,Cancelled,True,,7418.0
ORD002738,CUST00736,PROD0050,1,3898.39,2026-07-07,2026-07-12,Delivered,True,5.0,3898.39
ORD003034,CUST00434,PROD0085,1,4763.96,2025-05-18,,Processing,True,,4763.96
ORD002186,CUST00734,PROD0027,3,331.1,2025-01-22,,Shipped,True,,993.3000000000001
ORD000307,CUST00367,PROD0003,2,14338.6,2026-06-15,2026-06-16,Delivered,True,1.0,28677.2
ORD002685,CUST00788,PROD0067,3,4271.55,2026-04-07,2026-04-17,Delivered,True,10.0,12814.650000000001
ORD004624,CUST00188,PROD0043,4,2444.21,2025-01-23,,Processing,True,,9776.84
ORD004388,CUST00307,PROD0128,4,3825.7,2025-06-28,2025-07-08,Delivered,True,10.0,15302.8
ORD004340,CUST00344,PROD0017,4,4701.06,2026-04-19,,Shipped,True,,18804.24
ORD004972,CUST00294,PROD0048,3,56173.09,2025-07-10,,Cancelled,True,,168519.27
ORD005848,CUST00148,PROD0132,5,305.28,2025-01-13,2025-01-22,Delivered,True,9.0,1526.3999999999999
ORD002625,CUST00755,PROD0084,5,317.91,2025-02-16,2025-02-19,Delivered,True,3.0,1589.5500000000002
ORD005003,CUST00027,PROD0076,5,32834.68,2026-02-21,2026-02-27,Delivered,True,6.0,164173.4
ORD003375,CUST00376,PROD0034,5,2546.45,2025-11-24,,Cancelled,True,,12732.25
ORD005380,CUST00023,PROD0124,1,2908.87,2025-02-27,2025-03-03,Delivered,True,4.0,2908.87
ORD004214,CUST00441,PROD0109,3,854.47,2025-04-14,2025-04-19,Delivered,True,5.0,2563.41
ORD004068,CUST00750,PROD0058,3,4704.83,2026-05-07,,Cancelled,True,,14114.49
ORD004087,CUST00513,PROD0003,2,14338.6,2025-01-02,,Returned,True,,28677.2
ORD005995,CUST00447,PROD0120,4,418.7,2025-09-11,,Returned,True,,1674.8
ORD005196,CUST00366,PROD0004,2,2001.32,2025-09-06,,Processing,True,,4002.64
ORD001754,CUST00679,PROD0010,2,11743.74,2025-04-17,,Delivered,True,,23487.48
ORD005571,CUST00191,PROD0009,2,390.58,2025-08-23,2025-08-31,Delivered,True,8.0,781.16
ORD000552,CUST00404,PROD0001,5,2002.86,2026-05-18,,Cancelled,True,,10014.3
ORD002025,CUST00120,PROD0129,2,17176.36,2025-08-05,,Processing,True,,34352.72
ORD004754,CUST00579,PROD0129,4,17176.36,2026-05-20,,Returned,True,,68705.44
ORD002060,CUST00603,PROD0140,3,899.29,2026-07-20,,Shipped,True,,2697.87
ORD004584,CUST00096,PROD0075,2,209.7,2025-04-29,2025-04-30,Delivered,True,1.0,419.4
ORD004878,CUST00458,PROD0086,5,1450.41,2026-04-01,,Cancelled,True,,7252.05
ORD001494,CUST00781,PROD0135,2,7336.91,2025-05-23,,Processing,True,,14673.82
ORD002503,CUST00051,PROD0047,2,26286.3,2025-09-26,2025-09-28,Delivered,True,2.0,52572.6
ORD003602,CUST00616,PROD0032,5,1176.78,2025-12-31,2026-01-02,Delivered,True,2.0,5883.9
ORD003290,CUST00592,PROD0081,4,4820.76,2026-01-25,2026-02-01,Delivered,True,7.0,19283.04
ORD003836,CUST00069,PROD0050,4,3898.39,2025-05-04,2025-05-12,Delivered,True,8.0,15593.56
ORD005653,CUST00051,PROD0129,4,17176.36,2026-07-01,2026-07-04,Delivered,True,3.0,68705.44
ORD004704,CUST00690,PROD0120,5,418.7,2025-08-11,2025-08-23,Delivered,True,12.0,2093.5
ORD001690,CUST00749,PROD0035,4,4733.42,2025-04-17,2025-04-23,Delivered,True,6.0,18933.68
ORD004595,CUST00119,PROD0008,4,545.71,2025-03-20,,Returned,True,,2182.84
ORD004478,CUST00633,PROD0008,2,545.71,2025-01-13,2025-01-16,Delivered,True,3.0,1091.42
ORD005522,CUST00261,PROD0123,5,21424.68,2026-04-26,2026-05-03,Delivered,True,7.0,107123.4
ORD004693,CUST00304,PROD0069,2,58378.98,2025-07-15,2025-07-26,Delivered,True,11.0,116757.96
ORD004271,CUST00006,PROD0130,1,314.99,2025-12-11,,Cancelled,True,,314.99
ORD002440,CUST00658,PROD0044,3,1423.72,2025-09-29,2025-10-04,Delivered,True,5.0,4271.16
ORD004187,CUST00419,PROD0127,2,919.23,2026-01-21,,Returned,True,,1838.46
ORD001405,CUST00690,PROD0098,5,648.17,2025-08-29,,Processing,True,,3240.85
ORD004152,CUST00357,PROD0044,1,1423.72,2025-09-13,,Returned,True,,1423.72
ORD005107,CUST00495,PROD0029,3,901.03,2025-04-23,2025-04-25,Delivered,True,2.0,2703.09
ORD005068,CUST00774,PROD0046,4,51.86,2025-06-25,2025-07-05,Delivered,True,10.0,207.44
ORD001296,CUST00556,PROD0114,4,1292.66,2025-02-26,,Shipped,True,,5170.64
ORD002580,CUST00127,PROD0089,5,16755.29,2025-08-25,,Returned,True,,83776.45000000001
ORD000496,CUST00169,PROD0101,2,782.0,2025-12-05,,Returned,True,,1564.0
ORD001993,CUST00552,PROD0084,5,317.91,2025-06-09,,Shipped,True,,1589.5500000000002
ORD002855,CUST00150,PROD0014,2,1289.47,2025-05-27,,Returned,True,,2578.94
ORD000730,CUST00035,PROD0056,3,861.22,2025-07-13,2025-07-20,Delivered,True,7.0,2583.66
ORD000708,CUST00232,PROD0100,2,7797.29,2026-03-10,2026-03-12,Delivered,True,2.0,15594.58
ORD003412,CUST00444,PROD0069,3,58378.98,2026-03-13,,Shipped,True,,175136.94
ORD001112,CUST00694,PROD0063,4,869.54,2026-02-17,2026-03-01,Delivered,True,12.0,3478.16
ORD000111,CUST00251,PROD0035,2,4733.42,2026-03-24,,Returned,True,,9466.84
ORD002134,CUST00687,PROD0011,5,1483.6,2025-02-10,,Returned,True,,7418.0
ORD001663,CUST00699,PROD0032,5,1176.78,2025-06-05,,Returned,True,,5883.9
ORD005903,CUST00667,PROD0014,1,1289.47,2025-10-15,2025-10-23,Delivered,True,8.0,1289.47
ORD001134,CUST00771,PROD0054,2,1632.64,2025-02-27,2025-03-11,Delivered,True,12.0,3265.28
ORD003148,CUST00062,PROD0072,4,263.08,2025-06-27,,Cancelled,True,,1052.32
ORD000167,CUST00674,PROD0049,3,191.03,2025-08-16,,Returned,True,,573.09
ORD005046,CUST00024,PROD0013,1,39659.48,2025-07-21,,Returned,True,,39659.48
ORD001261,CUST00634,PROD0046,3,51.86,2025-03-20,2025-03-30,Delivered,True,10.0,155.57999999999998
ORD005814,CUST00136,PROD0119,4,2603.43,2025-05-19,,Returned,True,,10413.72
ORD004057,CUST00792,PROD0026,1,4912.92,2025-03-21,,Processing,True,,4912.92
ORD001223,CUST00650,PROD0038,3,8563.39,2025-05-06,,Processing,True,,25690.17
ORD001040,CUST00033,PROD0050,3,3898.39,2026-06-08,2026-06-15,Delivered,True,7.0,11695.17
ORD002875,CUST00075,PROD0103,5,11738.74,2025-09-09,,Processing,True,,58693.7
ORD000358,CUST00448,PROD0057,3,1462.31,2025-03-23,2025-04-01,Delivered,True,9.0,4386.93
ORD004962,CUST00730,PROD0012,5,4952.6,2025-09-06,,Cancelled,True,,24763.0
ORD003712,CUST00739,PROD0062,3,25032.52,2026-07-03,2026-07-09,Delivered,True,6.0,75097.56
ORD002545,CUST00354,PROD0068,1,1375.21,2025-09-05,,Shipped,True,,1375.21
ORD005915,CUST00133,PROD0085,1,4763.96,2025-07-04,2025-07-09,Delivered,True,5.0,4763.96
ORD003131,CUST00440,PROD0122,4,993.76,2025-05-13,,Shipped,True,,3975.04
ORD003040,CUST00400,PROD0129,4,17176.36,2025-05-06,,Cancelled,True,,68705.44
ORD001403,CUST00188,PROD0055,1,70.6,2026-03-21,,Returned,True,,70.6
ORD000803,CUST00052,PROD0072,5,263.08,2025-05-31,,Returned,True,,1315.3999999999999
ORD005219,CUST00320,PROD0047,2,26286.3,2025-05-17,,Processing,True,,52572.6
ORD000527,CUST00001,PROD0007,3,40685.29,2026-05-12,2026-05-21,Delivered,True,9.0,122055.87
ORD005417,CUST00083,PROD0044,5,1423.72,2026-07-17,,Returned,True,,7118.6
ORD002982,CUST00626,PROD0103,2,11738.74,2025-05-14,2025-05-24,Delivered,True,10.0,23477.48
ORD002194,CUST00446,PROD0008,5,545.71,2025-05-31,,Processing,True,,2728.55
ORD004723,CUST00097,PROD0102,1,133.37,2026-03-29,2026-04-05,Delivered,True,7.0,133.37
ORD001574,CUST00482,PROD0009,4,390.58,2025-04-12,2025-04-17,Delivered,True,5.0,1562.32
ORD003050,CUST00368,PROD0014,4,1289.47,2025-01-31,,Cancelled,True,,5157.88
ORD003347,CUST00277,PROD0040,2,2990.7,2026-02-09,2026-02-18,Delivered,True,9.0,5981.4
ORD001521,CUST00760,PROD0111,3,42616.44,2025-12-20,2026-01-01,Delivered,True,12.0,127849.32
ORD003798,CUST00158,PROD0117,1,430.76,2026-03-21,,Shipped,True,,430.76
ORD003682,CUST00131,PROD0130,5,314.99,2025-07-31,,Returned,True,,1574.95
ORD005598,CUST00321,PROD0116,3,8033.73,2026-07-26,,Returned,True,,24101.19
ORD004010,CUST00618,PROD0082,1,503.97,2026-01-02,,Cancelled,True,,503.97
ORD004789,CUST00263,PROD0012,1,4952.6,2026-02-10,,Cancelled,True,,4952.6
ORD003202,CUST00300,PROD0116,4,8033.73,2025-03-02,,Cancelled,True,,32134.92
ORD002574,CUST00172,PROD0135,1,7336.91,2025-03-09,,Processing,True,,7336.91
ORD002586,CUST00141,PROD0015,3,2263.06,2026-02-20,,Processing,True,,6789.18
ORD002943,CUST00158,PROD0044,1,1423.72,2025-06-20,,Returned,True,,1423.72
ORD000674,CUST00800,PROD0088,5,34407.7,2026-07-14,2026-07-21,Delivered,True,7.0,172038.5
ORD003299,CUST00458,PROD0094,2,1211.97,2025-04-10,,Returned,True,,2423.94
ORD000139,CUST00080,PROD0018,1,18955.94,2026-02-02,,Cancelled,True,,18955.94
ORD003844,CUST00760,PROD0108,2,4953.1,2025-04-19,2025-04-26,Delivered,True,7.0,9906.2
ORD003734,CUST00470,PROD0130,2,314.99,2025-10-31,2025-11-11,Delivered,True,11.0,629.98
ORD000987,CUST00062,PROD0025,2,4203.28,2026-06-19,,Cancelled,True,,8406.56
ORD000920,CUST00669,PROD0078,1,12507.55,2025-06-25,2025-06-26,Delivered,True,1.0,12507.55
ORD002621,CUST00764,PROD0007,5,40685.29,2026-02-25,2026-03-01,Delivered,True,4.0,203426.45
ORD002474,CUST00273,PROD0105,5,32176.55,2025-11-20,2025-11-21,Delivered,True,1.0,160882.75
ORD003763,CUST00466,PROD0006,2,812.36,2025-12-11,,Cancelled,True,,1624.72
ORD002945,CUST00176,PROD0016,1,59834.55,2025-01-19,,Cancelled,True,,59834.55
ORD002976,CUST00786,PROD0057,3,1462.31,2026-01-28,2026-02-07,Delivered,True,10.0,4386.93
ORD005111,CUST00604,PROD0079,4,2916.61,2026-05-31,,Cancelled,True,,11666.44
ORD002754,CUST00282,PROD0058,2,4704.83,2025-03-07,2025-03-10,Delivered,True,3.0,9409.66
ORD003613,CUST00164,PROD0037,4,1155.64,2025-07-07,,Processing,True,,4622.56
ORD005888,CUST00539,PROD0127,4,919.23,2026-04-07,,Returned,True,,3676.92
ORD003500,CUST00137,PROD0083,3,385.32,2025-05-28,2025-06-04,Delivered,True,7.0,1155.96
ORD000096,CUST00460,PROD0098,4,648.17,2025-06-26,2025-06-29,Delivered,True,3.0,2592.68
ORD003381,CUST00045,PROD0023,3,11903.15,2025-04-05,2025-04-13,Delivered,True,8.0,35709.45
ORD001665,CUST00103,PROD0121,2,751.76,2026-03-25,2026-04-03,Delivered,True,9.0,1503.52
ORD001246,CUST00357,PROD0057,3,1462.31,2026-01-30,2026-02-06,Delivered,True,7.0,4386.93
ORD005257,CUST00494,PROD0050,1,3898.39,2026-07-24,2026-07-25,Delivered,True,1.0,3898.39
ORD003118,CUST00386,PROD0143,2,1730.89,2025-06-26,,Processing,True,,3461.78
ORD003447,CUST00077,PROD0066,5,4931.77,2026-02-13,2026-02-16,Delivered,True,3.0,24658.850000000002
ORD004627,CUST00669,PROD0023,3,11903.15,2025-01-28,,Shipped,True,,35709.45
ORD003793,CUST00501,PROD0051,1,1399.76,2026-02-01,2026-02-13,Delivered,True,12.0,1399.76
ORD001466,CUST00332,PROD0045,4,1228.68,2026-07-13,,Delivered,True,,4914.72
ORD001094,CUST00471,PROD0129,1,17176.36,2025-06-20,,Shipped,True,,17176.36
ORD005855,CUST00788,PROD0089,5,16755.29,2026-06-21,,Cancelled,True,,83776.45000000001
ORD002803,CUST00439,PROD0143,2,1730.89,2025-02-12,,Returned,True,,3461.78
ORD002859,CUST00387,PROD0026,3,4912.92,2025-07-31,,Returned,True,,14738.76
ORD003622,CUST00637,PROD0019,2,4410.8,2025-04-23,,Cancelled,True,,8821.6
ORD000488,CUST00068,PROD0030,1,429.82,2026-07-28,2026-08-01,Delivered,True,4.0,429.82
ORD003357,CUST00305,PROD0052,5,1448.8,2026-02-21,,Cancelled,True,,7244.0
ORD002729,CUST00469,PROD0049,4,191.03,2025-03-20,2025-03-23,Delivered,True,3.0,764.12
ORD003796,CUST00764,PROD0125,4,11796.3,2026-05-09,,Delivered,True,,47185.2
ORD000042,CUST00154,PROD0013,1,39659.48,2025-04-12,,Returned,True,,39659.48
ORD001170,CUST00214,PROD0125,2,11796.3,2026-05-03,,Shipped,True,,23592.6
ORD003233,CUST00417,PROD0026,5,4912.92,2026-03-17,,Processing,True,,24564.6
ORD002315,CUST00072,PROD0016,1,59834.55,2025-07-26,,Shipped,True,,59834.55
ORD005040,CUST00545,PROD0128,4,3825.7,2026-01-13,,Shipped,True,,15302.8
ORD002299,CUST00348,PROD0017,4,4701.06,2025-08-09,,Returned,True,,18804.24
ORD003159,CUST00772,PROD0043,5,2444.21,2025-04-23,,Shipped,True,,12221.05
ORD001931,CUST00554,PROD0134,2,3036.32,2025-05-01,2025-05-05,Delivered,True,4.0,6072.64
ORD000616,CUST00717,PROD0038,3,8563.39,2026-04-05,2026-04-14,Delivered,True,9.0,25690.17
ORD005951,CUST00025,PROD0093,2,513.19,2026-07-14,,Returned,True,,1026.38
ORD003090,CUST00639,PROD0076,2,32834.68,2026-02-08,,Cancelled,True,,65669.36
ORD005307,CUST00612,PROD0128,3,3825.7,2025-03-10,2025-03-18,Delivered,True,8.0,11477.099999999999
ORD002273,CUST00613,PROD0016,5,59834.55,2025-05-15,2025-05-20,Delivered,True,5.0,299172.75
ORD002526,CUST00399,PROD0084,1,317.91,2025-02-13,,Shipped,True,,317.91
ORD000119,CUST00093,PROD0108,2,4953.1,2026-02-28,,Cancelled,True,,9906.2
ORD002880,CUST00092,PROD0026,4,4912.92,2025-10-25,,Cancelled,True,,19651.68
ORD005089,CUST00506,PROD0049,3,191.03,2026-04-15,,Cancelled,True,,573.09
ORD003121,CUST00649,PROD0065,2,9361.22,2025-01-14,2025-01-17,Delivered,True,3.0,18722.44
ORD000165,CUST00310,PROD0082,2,503.97,2025-01-27,,Returned,True,,1007.94
ORD005073,CUST00519,PROD0113,3,974.15,2025-02-26,,Processing,True,,2922.45
ORD005129,CUST00021,PROD0137,5,1360.59,2025-08-01,2025-08-09,Delivered,True,8.0,6802.95
ORD000854,CUST00020,PROD0114,1,1292.66,2025-08-15,,Shipped,True,,1292.66
ORD004895,CUST00696,PROD0147,5,4832.5,2026-05-01,2026-05-07,Delivered,True,6.0,24162.5
ORD001720,CUST00670,PROD0087,4,13732.01,2026-07-16,,Returned,True,,54928.04
ORD005506,CUST00654,PROD0107,1,328.16,2026-03-12,,Cancelled,True,,328.16
ORD001164,CUST00646,PROD0022,4,459.17,2026-06-03,,Shipped,True,,1836.68
ORD002470,CUST00415,PROD0099,1,14295.1,2025-01-12,2025-01-17,Delivered,True,5.0,14295.1
ORD001760,CUST00501,PROD0006,4,812.36,2025-11-04,2025-11-12,Delivered,True,8.0,3249.44
ORD004050,CUST00363,PROD0040,5,2990.7,2025-09-26,2025-09-30,Delivered,True,4.0,14953.5
ORD003115,CUST00003,PROD0123,2,21424.68,2026-02-19,2026-03-03,Delivered,True,12.0,42849.36
ORD003768,CUST00212,PROD0015,2,2263.06,2026-01-14,2026-01-21,Delivered,True,7.0,4526.12
ORD000057,CUST00095,PROD0019,5,4410.8,2025-01-13,,Processing,True,,22054.0
ORD003256,CUST00074,PROD0098,3,648.17,2026-03-24,2026-03-28,Delivered,True,4.0,1944.5099999999998
ORD004510,CUST00491,PROD0085,3,4763.96,2025-10-13,,Shipped,True,,14291.880000000001
ORD004766,CUST00086,PROD0017,5,4701.06,2025-03-25,2025-04-05,Delivered,True,11.0,23505.300000000003
ORD004666,CUST00184,PROD0053,5,379.38,2025-08-09,,Processing,True,,1896.9
ORD002804,CUST00041,PROD0139,5,4171.69,2025-08-31,,Returned,True,,20858.449999999997
ORD003033,CUST00420,PROD0029,2,901.03,2026-07-14,,Returned,True,,1802.06
ORD004698,CUST00674,PROD0099,5,14295.1,2025-01-17,,Cancelled,True,,71475.5
ORD003835,CUST00760,PROD0090,2,955.06,2025-06-25,,Cancelled,True,,1910.12
ORD004039,CUST00421,PROD0014,4,1289.47,2026-02-19,,Shipped,True,,5157.88
ORD000219,CUST00427,PROD0130,2,314.99,2026-05-26,2026-06-04,Delivered,True,9.0,629.98
ORD002347,CUST00705,PROD0106,5,3327.3,2025-08-24,,Returned,True,,16636.5
ORD002218,CUST00226,PROD0032,2,1176.78,2025-08-12,2025-08-23,Delivered,True,11.0,2353.56
ORD002370,CUST00683,PROD0047,2,26286.3,2026-06-12,,Shipped,True,,52572.6
ORD004578,CUST00624,PROD0146,1,9127.13,2025-01-28,,Returned,True,,9127.13
ORD002675,CUST00626,PROD0057,4,1462.31,2025-07-23,,Cancelled,True,,5849.24
ORD004203,CUST00791,PROD0061,4,1083.6,2025-11-29,2025-12-11,Delivered,True,12.0,4334.4
ORD000174,CUST00300,PROD0118,2,828.66,2025-11-20,2025-11-28,Delivered,True,8.0,1657.32
ORD005695,CUST00049,PROD0064,3,3664.82,2025-12-19,2025-12-31,Delivered,True,12.0,10994.460000000001
ORD005833,CUST00443,PROD0024,2,1123.83,2025-07-15,,Cancelled,True,,2247.66
ORD000980,CUST00627,PROD0025,1,4203.28,2026-03-04,,Cancelled,True,,4203.28
ORD000128,CUST00388,PROD0025,1,4203.28,2025-07-31,,Shipped,True,,4203.28
ORD000938,CUST00004,PROD0044,1,1423.72,2025-04-13,,Shipped,True,,1423.72
ORD000297,CUST00312,PROD0081,4,4820.76,2026-01-06,2026-01-13,Delivered,True,7.0,19283.04
ORD003213,CUST00588,PROD0135,4,7336.91,2025-07-08,,Cancelled,True,,29347.64
ORD004992,CUST00073,PROD0068,2,1375.21,2026-03-01,,Delivered,True,,2750.42
ORD005498,CUST00141,PROD0114,2,1292.66,2025-09-17,2025-09-23,Delivered,True,6.0,2585.32
ORD005701,CUST00124,PROD0135,4,7336.91,2025-06-14,,Cancelled,True,,29347.64
ORD000546,CUST00574,PROD0100,3,7797.29,2025-03-03,,Shipped,True,,23391.87
ORD000584,CUST00646,PROD0035,4,4733.42,2025-07-18,,Processing,True,,18933.68
ORD005884,CUST00384,PROD0120,5,418.7,2025-06-27,2025-06-29,Delivered,True,2.0,2093.5
ORD001174,CUST00170,PROD0046,1,51.86,2025-05-26,,Shipped,True,,51.86
ORD004844,CUST00589,PROD0080,4,4686.49,2025-12-26,2025-12-31,Delivered,True,5.0,18745.96
ORD002217,CUST00557,PROD0120,4,418.7,2026-07-14,,Processing,True,,1674.8
ORD004190,CUST00408,PROD0121,5,751.76,2026-03-05,,Delivered,True,,3758.8
ORD005808,CUST00088,PROD0016,1,59834.55,2025-10-28,2025-10-30,Delivered,True,2.0,59834.55
ORD000510,CUST00229,PROD0014,1,1289.47,2026-07-28,2026-08-02,Delivered,True,5.0,1289.47
ORD005225,CUST00783,PROD0124,3,2908.87,2025-10-20,,Cancelled,True,,8726.61
ORD004238,CUST00450,PROD0103,5,11738.74,2026-07-04,,Cancelled,True,,58693.7
ORD005879,CUST00296,PROD0064,5,3664.82,2025-03-16,2025-03-19,Delivered,True,3.0,18324.100000000002
ORD002448,CUST00233,PROD0139,1,4171.69,2025-03-10,,Cancelled,True,,4171.69
ORD001819,CUST00788,PROD0123,5,21424.68,2025-10-24,2025-11-02,Delivered,True,9.0,107123.4
ORD002205,CUST00281,PROD0105,2,32176.55,2026-06-19,,Returned,True,,64353.1
ORD004607,CUST00408,PROD0074,5,2124.57,2026-06-23,2026-07-03,Delivered,True,10.0,10622.85
ORD002127,CUST00220,PROD0123,3,21424.68,2026-05-18,2026-05-21,Delivered,True,3.0,64274.04
ORD003550,CUST00702,PROD0082,4,503.97,2025-05-30,2025-05-31,Delivered,True,1.0,2015.88
ORD004946,CUST00770,PROD0094,5,1211.97,2025-10-19,,Shipped,True,,6059.85
ORD000877,CUST00524,PROD0124,5,2908.87,2026-04-01,2026-04-04,Delivered,True,3.0,14544.349999999999
ORD003321,CUST00024,PROD0056,2,861.22,2025-03-19,2025-03-26,Delivered,True,7.0,1722.44
ORD001972,CUST00537,PROD0129,4,17176.36,2025-05-10,2025-05-12,Delivered,True,2.0,68705.44
ORD004868,CUST00436,PROD0121,1,751.76,2026-01-08,,Returned,True,,751.76
ORD003926,CUST00027,PROD0109,3,854.47,2025-09-09,2025-09-13,Delivered,True,4.0,2563.41
ORD004626,CUST00438,PROD0098,5,648.17,2025-09-19,,Returned,True,,3240.85
ORD001106,CUST00257,PROD0150,1,2716.88,2026-01-27,,Shipped,True,,2716.88
ORD003873,CUST00248,PROD0132,2,305.28,2025-10-04,2025-10-08,Delivered,True,4.0,610.56
ORD005113,CUST00403,PROD0048,5,56173.09,2025-05-08,,Cancelled,True,,280865.44999999995
ORD001038,CUST00640,PROD0098,2,648.17,2026-02-14,2026-02-19,Delivered,True,5.0,1296.34
ORD001676,CUST00157,PROD0108,4,4953.1,2025-02-10,,Returned,True,,19812.4
ORD003911,CUST00406,PROD0013,4,39659.48,2025-08-14,,Returned,True,,158637.92
ORD004537,CUST00567,PROD0097,1,166.92,2025-09-07,2025-09-16,Delivered,True,9.0,166.92
ORD001695,CUST00419,PROD0149,4,5764.99,2026-02-01,,Processing,True,,23059.96
ORD000001,CUST00606,PROD0141,1,22625.81,2026-04-18,,Returned,True,,22625.81
ORD003788,CUST00040,PROD0062,4,25032.52,2026-07-09,2026-07-10,Delivered,True,1.0,100130.08
ORD005583,CUST00648,PROD0020,4,4298.98,2026-05-11,,Returned,True,,17195.92
ORD005337,CUST00003,PROD0138,4,3519.99,2025-09-14,,Returned,True,,14079.96
ORD001580,CUST00362,PROD0022,4,459.17,2025-07-22,2025-08-01,Delivered,True,10.0,1836.68
ORD005411,CUST00243,PROD0038,2,8563.39,2025-05-27,,Returned,True,,17126.78
ORD004279,CUST00062,PROD0058,1,4704.83,2025-04-23,2025-05-05,Delivered,True,12.0,4704.83
ORD000748,CUST00065,PROD0107,1,328.16,2025-09-10,,Delivered,True,,328.16
ORD004076,CUST00088,PROD0022,1,459.17,2026-05-16,2026-05-22,Delivered,True,6.0,459.17
ORD002835,CUST00388,PROD0067,3,4271.55,2025-07-28,,Processing,True,,12814.650000000001
ORD003907,CUST00576,PROD0014,2,1289.47,2026-03-09,,Shipped,True,,2578.94
ORD003117,CUST00531,PROD0082,3,503.97,2025-03-24,,Cancelled,True,,1511.91
ORD002473,CUST00289,PROD0108,5,4953.1,2025-05-22,,Processing,True,,24765.5
ORD001486,CUST00168,PROD0083,3,385.32,2026-01-22,2026-01-28,Delivered,True,6.0,1155.96
ORD004997,CUST00381,PROD0026,2,4912.92,2025-08-18,,Processing,True,,9825.84
ORD000682,CUST00159,PROD0150,1,2716.88,2025-12-16,2025-12-23,Delivered,True,7.0,2716.88
ORD000209,CUST00655,PROD0061,1,1083.6,2026-04-16,,Returned,True,,1083.6
ORD004618,CUST00794,PROD0089,2,16755.29,2026-03-29,,Cancelled,True,,33510.58
ORD002215,CUST00629,PROD0027,1,331.1,2025-06-17,,Cancelled,True,,331.1
ORD003948,CUST00646,PROD0051,3,1399.76,2026-03-05,2026-03-11,Delivered,True,6.0,4199.28
ORD003080,CUST00703,PROD0116,1,8033.73,2026-06-02,,Cancelled,True,,8033.73
ORD003813,CUST00308,PROD0027,3,331.1,2025-07-10,2025-07-12,Delivered,True,2.0,993.3000000000001
ORD000639,CUST00611,PROD0014,3,1289.47,2026-01-05,,Processing,True,,3868.41
ORD004686,CUST00732,PROD0105,5,32176.55,2025-08-02,2025-08-10,Delivered,True,8.0,160882.75
ORD004554,CUST00004,PROD0062,5,25032.52,2025-09-26,,Shipped,True,,125162.6
ORD006000,CUST00247,PROD0007,1,40685.29,2025-01-18,2025-01-30,Delivered,True,12.0,40685.29
ORD005700,CUST00537,PROD0069,2,58378.98,2026-04-21,,Cancelled,True,,116757.96
ORD001818,CUST00442,PROD0016,3,59834.55,2025-04-19,,Processing,True,,179503.65000000002
ORD002725,CUST00691,PROD0139,2,4171.69,2026-07-04,2026-07-15,Delivered,True,11.0,8343.38
ORD000414,CUST00095,PROD0007,3,40685.29,2025-06-23,,Returned,True,,122055.87
ORD004276,CUST00775,PROD0078,2,12507.55,2025-01-16,2025-01-21,Delivered,True,5.0,25015.1
ORD004856,CUST00285,PROD0046,4,51.86,2026-05-19,2026-05-23,Delivered,True,4.0,207.44
ORD002178,CUST00264,PROD0123,5,21424.68,2026-06-26,,Cancelled,True,,107123.4
ORD002837,CUST00585,PROD0108,1,4953.1,2025-03-12,2025-03-23,Delivered,True,11.0,4953.1
ORD000420,CUST00624,PROD0135,1,7336.91,2025-09-19,2025-09-24,Delivered,True,5.0,7336.91
ORD000747,CUST00151,PROD0145,5,2463.88,2025-08-06,2025-08-15,Delivered,True,9.0,12319.400000000001
ORD002461,CUST00045,PROD0036,3,559.64,2026-01-21,2026-01-23,Delivered,True,2.0,1678.92
ORD001361,CUST00316,PROD0149,3,5764.99,2025-02-12,2025-02-13,Delivered,True,1.0,17294.97
ORD003245,CUST00759,PROD0089,1,16755.29,2025-10-02,,Cancelled,True,,16755.29
ORD005578,CUST00487,PROD0138,3,3519.99,2025-12-05,,Returned,True,,10559.97
ORD002094,CUST00773,PROD0051,2,1399.76,2025-11-29,,Processing,True,,2799.52
ORD005964,CUST00226,PROD0050,4,3898.39,2025-10-30,,Processing,True,,15593.56
ORD000821,CUST00524,PROD0013,3,39659.48,2025-10-18,2025-10-30,Delivered,True,12.0,118978.44
ORD001916,CUST00793,PROD0038,1,8563.39,2026-05-05,2026-05-15,Delivered,True,10.0,8563.39
ORD001670,CUST00127,PROD0027,3,331.1,2025-10-10,,Processing,True,,993.3000000000001
ORD003651,CUST00659,PROD0113,3,974.15,2026-06-18,2026-06-21,Delivered,True,3.0,2922.45
ORD005926,CUST00113,PROD0090,2,955.06,2026-02-01,,Processing,True,,1910.12
ORD002752,CUST00339,PROD0067,5,4271.55,2026-06-11,,Processing,True,,21357.75
ORD005070,CUST00753,PROD0104,5,1042.65,2025-07-21,,Processing,True,,5213.25
ORD001029,CUST00314,PROD0047,5,26286.3,2025-07-04,,Returned,True,,131431.5
ORD001630,CUST00672,PROD0037,2,1155.64,2025-07-01,2025-07-04,Delivered,True,3.0,2311.28
ORD001147,CUST00644,PROD0086,1,1450.41,2025-09-03,2025-09-12,Delivered,True,9.0,1450.41
ORD002137,CUST00198,PROD0032,4,1176.78,2025-09-16,2025-09-25,Delivered,True,9.0,4707.12
ORD005387,CUST00595,PROD0106,5,3327.3,2025-10-19,,Processing,True,,16636.5
ORD004857,CUST00147,PROD0126,4,8384.51,2025-04-28,2025-04-29,Delivered,True,1.0,33538.04
ORD001546,CUST00338,PROD0119,2,2603.43,2025-04-11,,Cancelled,True,,5206.86
ORD004409,CUST00435,PROD0003,1,14338.6,2026-04-27,,Returned,True,,14338.6
ORD005324,CUST00102,PROD0142,3,1821.04,2025-02-11,2025-02-21,Delivered,True,10.0,5463.12
ORD005614,CUST00426,PROD0001,4,2002.86,2025-12-04,,Cancelled,True,,8011.44
ORD000596,CUST00679,PROD0119,1,2603.43,2025-03-14,,Processing,True,,2603.43
ORD004000,CUST00683,PROD0131,5,6853.95,2025-12-18,,Shipped,True,,34269.75
ORD003616,CUST00615,PROD0113,5,974.15,2025-10-28,,Cancelled,True,,4870.75
ORD002864,CUST00064,PROD0147,2,4832.5,2025-04-18,,Returned,True,,9665.0
ORD005429,CUST00560,PROD0063,1,869.54,2026-07-17,,Cancelled,True,,869.54
ORD000295,CUST00038,PROD0022,3,459.17,2026-07-11,,Shipped,True,,1377.51
ORD003577,CUST00174,PROD0075,3,209.7,2025-07-05,2025-07-11,Delivered,True,6.0,629.0999999999999
ORD001030,CUST00008,PROD0032,1,1176.78,2025-05-12,2025-05-23,Delivered,True,11.0,1176.78
ORD002125,CUST00641,PROD0081,4,4820.76,2025-04-28,,Shipped,True,,19283.04
ORD001449,CUST00297,PROD0110,5,1192.79,2025-11-10,,Cancelled,True,,5963.95
ORD001142,CUST00157,PROD0059,4,685.94,2025-06-10,2025-06-19,Delivered,True,9.0,2743.76
ORD002248,CUST00230,PROD0137,3,1360.59,2026-06-21,,Cancelled,True,,4081.7699999999995
ORD004291,CUST00311,PROD0033,2,5639.02,2026-04-14,,Returned,True,,11278.04
ORD002522,CUST00580,PROD0036,5,559.64,2025-02-18,,Processing,True,,2798.2
ORD002450,CUST00441,PROD0084,5,317.91,2026-05-31,,Shipped,True,,1589.5500000000002
ORD001297,CUST00407,PROD0124,2,2908.87,2025-08-29,,Shipped,True,,5817.74
ORD001657,CUST00763,PROD0072,1,263.08,2026-02-15,,Cancelled,True,,263.08
ORD000244,CUST00018,PROD0063,1,869.54,2025-11-25,2025-12-02,Delivered,True,7.0,869.54
ORD005908,CUST00598,PROD0015,4,2263.06,2025-07-06,2025-07-12,Delivered,True,6.0,9052.24
ORD002873,CUST00416,PROD0103,1,11738.74,2025-12-18,,Returned,True,,11738.74
ORD005630,CUST00404,PROD0023,2,11903.15,2026-02-14,,Cancelled,True,,23806.3
ORD002939,CUST00705,PROD0136,2,18573.07,2026-02-07,2026-02-11,Delivered,True,4.0,37146.14
ORD001027,CUST00164,PROD0138,2,3519.99,2026-02-20,,Cancelled,True,,7039.98
ORD004373,CUST00113,PROD0136,2,18573.07,2025-01-03,,Shipped,True,,37146.14
ORD005143,CUST00624,PROD0086,3,1450.41,2025-04-14,,Delivered,True,,4351.2300000000005
ORD002048,CUST00201,PROD0095,2,6063.96,2025-02-12,,Returned,True,,12127.92
ORD003816,CUST00227,PROD0131,4,6853.95,2025-01-23,,Cancelled,True,,27415.8
ORD002849,CUST00695,PROD0088,4,34407.7,2025-08-22,2025-08-31,Delivered,True,9.0,137630.8
ORD005204,CUST00180,PROD0098,3,648.17,2025-04-10,2025-04-13,Delivered,True,3.0,1944.5099999999998
ORD002197,CUST00765,PROD0110,1,1192.79,2025-05-30,,Processing,True,,1192.79
ORD005624,CUST00724,PROD0150,3,2716.88,2025-02-18,2025-02-24,Delivered,True,6.0,8150.64
ORD003701,CUST00224,PROD0057,1,1462.31,2025-04-01,,Processing,True,,1462.31
ORD004853,CUST00594,PROD0146,2,9127.13,2026-01-05,,Cancelled,True,,18254.26
ORD001247,CUST00352,PROD0109,2,854.47,2025-11-11,2025-11-14,Delivered,True,3.0,1708.94
ORD004313,CUST00597,PROD0055,4,70.6,2025-04-25,,Returned,True,,282.4
ORD001898,CUST00029,PROD0033,5,5639.02,2025-01-29,,Returned,True,,28195.100000000002
ORD004639,CUST00157,PROD0032,3,1176.78,2025-07-05,,Processing,True,,3530.34
ORD005427,CUST00558,PROD0050,2,3898.39,2026-02-09,2026-02-20,Delivered,True,11.0,7796.78
ORD001526,CUST00775,PROD0132,5,305.28,2025-09-07,,Processing,True,,1526.3999999999999
ORD001149,CUST00466,PROD0069,1,58378.98,2025-02-15,,Returned,True,,58378.98
ORD002751,CUST00113,PROD0105,2,32176.55,2025-10-31,2025-11-07,Delivered,True,7.0,64353.1
ORD000395,CUST00043,PROD0084,3,317.91,2026-02-27,,Cancelled,True,,953.73
ORD005130,CUST00530,PROD0060,5,7402.46,2026-07-19,2026-07-23,Delivered,True,4.0,37012.3
ORD005784,CUST00565,PROD0026,4,4912.92,2025-11-24,,Returned,True,,19651.68
ORD003546,CUST00536,PROD0084,2,317.91,2026-06-23,,Processing,True,,635.82
ORD003163,CUST00720,PROD0113,2,974.15,2025-01-23,,Returned,True,,1948.3
ORD000495,CUST00491,PROD0060,2,7402.46,2025-05-28,,Shipped,True,,14804.92
ORD001701,CUST00494,PROD0015,3,2263.06,2026-05-04,2026-05-15,Delivered,True,11.0,6789.18
ORD005308,CUST00581,PROD0017,3,4701.06,2025-04-22,,Returned,True,,14103.18
ORD005897,CUST00357,PROD0014,2,1289.47,2025-11-21,,Cancelled,True,,2578.94
ORD003920,CUST00540,PROD0108,4,4953.1,2025-12-30,,Shipped,True,,19812.4
ORD000107,CUST00073,PROD0057,1,1462.31,2026-06-24,2026-06-30,Delivered,True,6.0,1462.31
ORD005860,CUST00415,PROD0031,4,2204.46,2026-02-05,,Returned,True,,8817.84
ORD003795,CUST00241,PROD0063,4,869.54,2025-01-13,,Shipped,True,,3478.16
ORD000432,CUST00370,PROD0052,2,1448.8,2025-11-13,2025-11-20,Delivered,True,7.0,2897.6
ORD002528,CUST00203,PROD0130,4,314.99,2025-04-08,2025-04-11,Delivered,True,3.0,1259.96
ORD000734,CUST00558,PROD0025,5,4203.28,2025-03-02,,Processing,True,,21016.399999999998
ORD003723,CUST00066,PROD0032,1,1176.78,2025-06-03,2025-06-05,Delivered,True,2.0,1176.78
ORD001591,CUST00311,PROD0107,3,328.16,2025-08-23,,Returned,True,,984.48
ORD003932,CUST00102,PROD0080,3,4686.49,2026-04-27,,Cancelled,True,,14059.47
ORD005716,CUST00267,PROD0135,5,7336.91,2025-06-29,2025-07-09,Delivered,True,10.0,36684.55
ORD001240,CUST00707,PROD0115,1,55563.32,2026-06-19,2026-06-29,Delivered,True,10.0,55563.32
ORD001582,CUST00257,PROD0050,5,3898.39,2026-04-13,,Shipped,True,,19491.95
ORD003540,CUST00075,PROD0108,2,4953.1,2025-09-24,,Returned,True,,9906.2
ORD003382,CUST00628,PROD0076,2,32834.68,2026-01-26,,Processing,True,,65669.36
ORD004824,CUST00652,PROD0120,1,418.7,2025-04-05,2025-04-17,Delivered,True,12.0,418.7
ORD000453,CUST00081,PROD0044,3,1423.72,2025-06-03,2025-06-06,Delivered,True,3.0,4271.16
ORD002228,CUST00713,PROD0147,4,4832.5,2025-01-24,,Cancelled,True,,19330.0
ORD004493,CUST00727,PROD0066,3,4931.77,2025-12-05,,Cancelled,True,,14795.310000000001
ORD002393,CUST00212,PROD0017,4,4701.06,2025-01-12,,Processing,True,,18804.24
ORD003938,CUST00284,PROD0005,3,560.65,2025-10-12,2025-10-22,Delivered,True,10.0,1681.9499999999998
ORD003716,CUST00115,PROD0032,4,1176.78,2025-04-22,,Processing,True,,4707.12
ORD002546,CUST00161,PROD0033,2,5639.02,2025-07-18,,Shipped,True,,11278.04
ORD004829,CUST00585,PROD0117,4,430.76,2025-08-13,2025-08-21,Delivered,True,8.0,1723.04
ORD001609,CUST00204,PROD0102,4,133.37,2025-02-19,2025-02-28,Delivered,True,9.0,533.48
ORD005999,CUST00352,PROD0094,1,1211.97,2026-03-31,,Cancelled,True,,1211.97
ORD003516,CUST00406,PROD0085,3,4763.96,2026-07-21,2026-07-22,Delivered,True,1.0,14291.880000000001
ORD003779,CUST00121,PROD0118,4,828.66,2026-05-11,2026-05-17,Delivered,True,6.0,3314.64
ORD000962,CUST00694,PROD0120,3,418.7,2025-06-18,2025-06-25,Delivered,True,7.0,1256.1
ORD002303,CUST00787,PROD0094,2,1211.97,2026-07-08,,Processing,True,,2423.94
ORD000993,CUST00761,PROD0106,2,3327.3,2025-01-04,,Processing,True,,6654.6
ORD000365,CUST00296,PROD0009,3,390.58,2025-03-24,2025-03-29,Delivered,True,5.0,1171.74
ORD002686,CUST00030,PROD0068,1,1375.21,2026-06-23,2026-06-26,Delivered,True,3.0,1375.21
ORD004750,CUST00676,PROD0091,4,1751.39,2025-04-07,2025-04-13,Delivered,True,6.0,7005.56
ORD000835,CUST00058,PROD0047,1,26286.3,2025-03-01,,Cancelled,True,,26286.3
ORD004886,CUST00441,PROD0137,2,1360.59,2025-07-23,,Processing,True,,2721.18
ORD003475,CUST00185,PROD0066,3,4931.77,2026-02-26,,Processing,True,,14795.310000000001
ORD005670,CUST00082,PROD0052,3,1448.8,2025-01-18,2025-01-28,Delivered,True,10.0,4346.4
ORD004687,CUST00585,PROD0067,2,4271.55,2025-06-03,,Processing,True,,8543.1
ORD005326,CUST00241,PROD0036,3,559.64,2026-03-01,,Delivered,True,,1678.92
ORD004312,CUST00712,PROD0063,1,869.54,2025-02-26,2025-03-05,Delivered,True,7.0,869.54
ORD004540,CUST00033,PROD0089,3,16755.29,2026-05-07,,Processing,True,,50265.87
ORD001426,CUST00763,PROD0026,3,4912.92,2026-04-28,,Shipped,True,,14738.76
ORD002911,CUST00049,PROD0010,2,11743.74,2025-11-09,,Cancelled,True,,23487.48
ORD004681,CUST00538,PROD0062,1,25032.52,2025-02-03,,Shipped,True,,25032.52
ORD002894,CUST00578,PROD0061,3,1083.6,2026-07-05,2026-07-13,Delivered,True,8.0,3250.7999999999997
ORD004383,CUST00418,PROD0002,3,2472.29,2025-01-19,,Cancelled,True,,7416.87
ORD001268,CUST00117,PROD0037,3,1155.64,2026-05-25,2026-06-04,Delivered,True,10.0,3466.92
ORD002321,CUST00491,PROD0022,2,459.17,2026-05-27,2026-05-30,Delivered,True,3.0,918.34
ORD002119,CUST00572,PROD0086,5,1450.41,2025-05-20,2025-05-27,Delivered,True,7.0,7252.05
ORD004089,CUST00524,PROD0124,4,2908.87,2025-04-22,2025-04-30,Delivered,True,8.0,11635.48
ORD005909,CUST00168,PROD0088,1,34407.7,2025-09-17,2025-09-27,Delivered,True,10.0,34407.7
ORD005336,CUST00431,PROD0111,2,42616.44,2025-07-28,,Processing,True,,85232.88
ORD001834,CUST00479,PROD0037,3,1155.64,2025-01-26,,Cancelled,True,,3466.92
ORD004298,CUST00579,PROD0007,5,40685.29,2026-02-20,,Processing,True,,203426.45
ORD000608,CUST00727,PROD0006,3,812.36,2025-07-13,2025-07-17,Delivered,True,4.0,2437.08
ORD000634,CUST00691,PROD0121,1,751.76,2025-10-22,2025-10-30,Delivered,True,8.0,751.76
ORD003620,CUST00520,PROD0115,4,55563.32,2026-05-20,2026-06-01,Delivered,True,12.0,222253.28
ORD002482,CUST00259,PROD0050,4,3898.39,2026-03-06,2026-03-11,Delivered,True,5.0,15593.56
ORD000023,CUST00689,PROD0037,5,1155.64,2026-02-02,2026-02-12,Delivered,True,10.0,5778.200000000001
ORD000404,CUST00597,PROD0112,4,1969.23,2025-05-04,2025-05-15,Delivered,True,11.0,7876.92
ORD000906,CUST00622,PROD0082,3,503.97,2026-01-27,2026-02-04,Delivered,True,8.0,1511.91
ORD003937,CUST00604,PROD0060,2,7402.46,2025-01-04,2025-01-12,Delivered,True,8.0,14804.92
ORD003152,CUST00250,PROD0005,1,560.65,2025-08-14,2025-08-19,Delivered,True,5.0,560.65
ORD000436,CUST00212,PROD0049,1,191.03,2025-05-15,2025-05-25,Delivered,True,10.0,191.03
ORD000817,CUST00236,PROD0132,5,305.28,2025-05-01,,Returned,True,,1526.3999999999999
ORD002449,CUST00438,PROD0011,3,1483.6,2025-12-03,2025-12-04,Delivered,True,1.0,4450.799999999999
ORD005686,CUST00505,PROD0046,3,51.86,2026-03-31,,Shipped,True,,155.57999999999998
ORD000500,CUST00754,PROD0106,2,3327.3,2025-09-07,2025-09-15,Delivered,True,8.0,6654.6
ORD005605,CUST00402,PROD0120,1,418.7,2026-06-21,,Processing,True,,418.7
ORD000917,CUST00058,PROD0006,5,812.36,2025-02-02,2025-02-08,Delivered,True,6.0,4061.8
ORD002181,CUST00734,PROD0149,1,5764.99,2025-10-24,2025-10-25,Delivered,True,1.0,5764.99
ORD001953,CUST00035,PROD0121,1,751.76,2026-07-31,2026-08-08,Delivered,True,8.0,751.76
ORD000759,CUST00074,PROD0109,3,854.47,2025-07-10,,Cancelled,True,,2563.41
ORD003571,CUST00211,PROD0132,1,305.28,2025-02-02,2025-02-10,Delivered,True,8.0,305.28
ORD003218,CUST00003,PROD0127,4,919.23,2025-07-11,,Cancelled,True,,3676.92
ORD002379,CUST00618,PROD0134,5,3036.32,2025-08-27,,Returned,True,,15181.6
ORD000523,CUST00304,PROD0121,4,751.76,2026-06-09,,Processing,True,,3007.04
ORD003588,CUST00454,PROD0048,5,56173.09,2025-12-16,2025-12-23,Delivered,True,7.0,280865.44999999995
ORD000724,CUST00171,PROD0101,4,782.0,2025-08-18,2025-08-27,Delivered,True,9.0,3128.0
ORD000994,CUST00343,PROD0093,1,513.19,2025-11-30,2025-12-10,Delivered,True,10.0,513.19
ORD001319,CUST00197,PROD0091,3,1751.39,2026-07-27,2026-08-04,Delivered,True,8.0,5254.17
ORD002122,CUST00529,PROD0008,1,545.71,2025-01-12,,Delivered,True,,545.71
ORD001822,CUST00748,PROD0096,2,32150.75,2026-01-14,,Returned,True,,64301.5
ORD001128,CUST00641,PROD0082,4,503.97,2026-03-11,,Cancelled,True,,2015.88
ORD000702,CUST00522,PROD0010,2,11743.74,2025-06-13,2025-06-14,Delivered,True,1.0,23487.48
ORD001918,CUST00329,PROD0111,1,42616.44,2025-11-25,2025-11-29,Delivered,True,4.0,42616.44
ORD005149,CUST00768,PROD0108,4,4953.1,2026-05-30,2026-06-11,Delivered,True,12.0,19812.4
ORD001244,CUST00659,PROD0049,4,191.03,2025-04-18,2025-04-28,Delivered,True,10.0,764.12
ORD001946,CUST00205,PROD0112,5,1969.23,2026-01-31,2026-02-04,Delivered,True,4.0,9846.15
ORD001969,CUST00342,PROD0001,3,2002.86,2026-04-17,,Returned,True,,6008.58
ORD001001,CUST00282,PROD0126,1,8384.51,2025-12-07,2025-12-18,Delivered,True,11.0,8384.51
ORD002910,CUST00689,PROD0055,2,70.6,2026-03-06,2026-03-15,Delivered,True,9.0,141.2
ORD005205,CUST00095,PROD0021,4,156.01,2025-02-28,2025-03-05,Delivered,True,5.0,624.04
ORD000236,CUST00088,PROD0011,4,1483.6,2025-10-13,,Shipped,True,,5934.4
ORD004874,CUST00714,PROD0089,5,16755.29,2026-01-23,,Shipped,True,,83776.45000000001
ORD002063,CUST00468,PROD0121,3,751.76,2026-02-20,2026-02-25,Delivered,True,5.0,2255.2799999999997
ORD004919,CUST00670,PROD0109,5,854.47,2025-02-25,,Processing,True,,4272.35
ORD000886,CUST00373,PROD0085,4,4763.96,2025-07-30,2025-07-31,Delivered,True,1.0,19055.84
ORD002689,CUST00005,PROD0064,2,3664.82,2025-04-17,,Returned,True,,7329.64
ORD001772,CUST00135,PROD0034,4,2546.45,2025-11-20,2025-12-01,Delivered,True,11.0,10185.8
ORD000646,CUST00102,PROD0030,2,429.82,2025-01-18,,Processing,True,,859.64
ORD005444,CUST00683,PROD0120,5,418.7,2025-12-21,2025-12-30,Delivered,True,9.0,2093.5
ORD000883,CUST00677,PROD0145,3,2463.88,2025-11-03,,Processing,True,,7391.64
ORD001493,CUST00694,PROD0069,5,58378.98,2026-02-15,2026-02-18,Delivered,True,3.0,291894.9
ORD002180,CUST00679,PROD0116,1,8033.73,2025-02-18,,Processing,True,,8033.73
ORD001208,CUST00454,PROD0106,1,3327.3,2026-05-14,2026-05-18,Delivered,True,4.0,3327.3
ORD001260,CUST00140,PROD0037,1,1155.64,2026-05-01,,Processing,True,,1155.64
ORD000073,CUST00777,PROD0082,3,503.97,2025-03-21,,Processing,True,,1511.91
ORD002500,CUST00183,PROD0088,4,34407.7,2025-10-09,,Returned,True,,137630.8
ORD002604,CUST00388,PROD0093,2,513.19,2026-03-24,,Returned,True,,1026.38
ORD002260,CUST00181,PROD0058,5,4704.83,2025-04-19,,Cancelled,True,,23524.15
ORD001821,CUST00721,PROD0110,5,1192.79,2025-05-05,2025-05-14,Delivered,True,9.0,5963.95
ORD001463,CUST00315,PROD0095,3,6063.96,2026-05-30,,Shipped,True,,18191.88
ORD005059,CUST00306,PROD0116,5,8033.73,2025-09-02,,Processing,True,,40168.649999999994
ORD001581,CUST00435,PROD0003,5,14338.6,2026-03-17,,Returned,True,,71693.0
ORD004748,CUST00340,PROD0001,1,2002.86,2025-06-21,,Processing,True,,2002.86
ORD002216,CUST00798,PROD0057,4,1462.31,2025-09-01,,Processing,True,,5849.24
ORD004733,CUST00458,PROD0091,1,1751.39,2026-02-17,,Processing,True,,1751.39
ORD001417,CUST00473,PROD0024,3,1123.83,2025-12-28,,Delivered,True,,3371.49
ORD001437,CUST00037,PROD0124,5,2908.87,2026-07-23,2026-07-30,Delivered,True,7.0,14544.349999999999
ORD003175,CUST00485,PROD0083,2,385.32,2025-08-27,2025-09-04,Delivered,True,8.0,770.64
ORD001559,CUST00642,PROD0149,1,5764.99,2025-06-23,,Cancelled,True,,5764.99
ORD005468,CUST00070,PROD0021,2,156.01,2026-07-10,2026-07-20,Delivered,True,10.0,312.02
ORD004710,CUST00438,PROD0037,5,1155.64,2026-01-02,,Delivered,True,,5778.200000000001
ORD005043,CUST00196,PROD0099,1,14295.1,2025-05-05,,Cancelled,True,,14295.1
ORD005297,CUST00377,PROD0052,3,1448.8,2025-03-16,,Cancelled,True,,4346.4
ORD004616,CUST00001,PROD0123,3,21424.68,2025-04-11,2025-04-19,Delivered,True,8.0,64274.04
ORD001252,CUST00724,PROD0013,4,39659.48,2026-03-09,,Shipped,True,,158637.92
ORD002601,CUST00580,PROD0008,3,545.71,2025-10-01,,Returned,True,,1637.13
ORD002235,CUST00499,PROD0084,5,317.91,2026-02-12,2026-02-21,Delivered,True,9.0,1589.5500000000002
ORD002263,CUST00623,PROD0125,3,11796.3,2025-09-25,2025-09-29,Delivered,True,4.0,35388.899999999994
ORD002148,CUST00228,PROD0072,3,263.08,2026-06-10,2026-06-14,Delivered,True,4.0,789.24
ORD003032,CUST00735,PROD0082,4,503.97,2025-09-10,,Processing,True,,2015.88
ORD001292,CUST00496,PROD0085,1,4763.96,2025-05-05,2025-05-17,Delivered,True,12.0,4763.96
ORD002786,CUST00391,PROD0128,2,3825.7,2025-01-18,,Cancelled,True,,7651.4
ORD002504,CUST00786,PROD0019,4,4410.8,2026-07-10,2026-07-18,Delivered,True,8.0,17643.2
ORD000158,CUST00557,PROD0045,5,1228.68,2025-01-09,,Shipped,True,,6143.400000000001
ORD002380,CUST00483,PROD0096,4,32150.75,2025-01-12,2025-01-13,Delivered,True,1.0,128603.0
ORD001290,CUST00149,PROD0002,4,2472.29,2026-06-15,2026-06-17,Delivered,True,2.0,9889.16
ORD001661,CUST00256,PROD0063,4,869.54,2025-06-13,,Cancelled,True,,3478.16
ORD005108,CUST00155,PROD0093,4,513.19,2025-07-14,2025-07-19,Delivered,True,5.0,2052.76
ORD003839,CUST00172,PROD0076,3,32834.68,2026-06-13,2026-06-19,Delivered,True,6.0,98504.04000000001
ORD002170,CUST00731,PROD0112,1,1969.23,2026-06-16,2026-06-28,Delivered,True,12.0,1969.23
ORD005555,CUST00577,PROD0139,1,4171.69,2025-06-12,2025-06-22,Delivered,True,10.0,4171.69
ORD002169,CUST00380,PROD0011,3,1483.6,2025-01-22,2025-01-30,Delivered,True,8.0,4450.799999999999
ORD001991,CUST00291,PROD0057,4,1462.31,2025-06-19,2025-06-21,Delivered,True,2.0,5849.24
ORD005188,CUST00687,PROD0035,1,4733.42,2025-02-02,,Returned,True,,4733.42
ORD003689,CUST00482,PROD0013,1,39659.48,2025-11-08,2025-11-14,Delivered,True,6.0,39659.48
ORD005568,CUST00284,PROD0144,2,4806.1,2025-09-19,,Returned,True,,9612.2
ORD003294,CUST00045,PROD0002,1,2472.29,2026-03-28,2026-04-04,Delivered,True,7.0,2472.29
ORD001451,CUST00383,PROD0046,3,51.86,2025-04-15,,Cancelled,True,,155.57999999999998
ORD002023,CUST00352,PROD0052,2,1448.8,2026-03-04,2026-03-15,Delivered,True,11.0,2897.6
ORD002177,CUST00358,PROD0136,4,18573.07,2025-07-18,,Shipped,True,,74292.28
ORD001457,CUST00012,PROD0021,5,156.01,2025-08-08,,Shipped,True,,780.05
ORD004157,CUST00417,PROD0045,5,1228.68,2025-04-26,,Cancelled,True,,6143.400000000001
ORD000865,CUST00463,PROD0115,3,55563.32,2025-01-06,2025-01-12,Delivered,True,6.0,166689.96
ORD005880,CUST00275,PROD0032,5,1176.78,2026-03-18,,Returned,True,,5883.9
ORD001797,CUST00579,PROD0048,1,56173.09,2025-04-04,,Cancelled,True,,56173.09
ORD002970,CUST00694,PROD0105,1,32176.55,2025-02-25,2025-03-06,Delivered,True,9.0,32176.55
ORD005052,CUST00411,PROD0052,3,1448.8,2026-01-06,2026-01-16,Delivered,True,10.0,4346.4
ORD002466,CUST00098,PROD0133,5,1400.65,2025-02-20,2025-02-23,Delivered,True,3.0,7003.25
ORD004756,CUST00745,PROD0042,5,915.41,2026-01-10,,Returned,True,,4577.05
ORD002211,CUST00073,PROD0018,3,18955.94,2025-01-24,,Shipped,True,,56867.81999999999
ORD001742,CUST00045,PROD0102,3,133.37,2026-07-04,,Shipped,True,,400.11
ORD001635,CUST00491,PROD0009,2,390.58,2026-02-22,,Cancelled,True,,781.16
ORD001414,CUST00681,PROD0067,1,4271.55,2025-10-02,2025-10-08,Delivered,True,6.0,4271.55
ORD001324,CUST00197,PROD0080,4,4686.49,2025-02-28,2025-03-10,Delivered,True,10.0,18745.96
ORD002794,CUST00213,PROD0147,3,4832.5,2026-02-20,2026-03-01,Delivered,True,9.0,14497.5
ORD005836,CUST00059,PROD0094,1,1211.97,2026-05-10,,Returned,True,,1211.97
ORD004845,CUST00797,PROD0100,2,7797.29,2026-04-24,2026-05-02,Delivered,True,8.0,15594.58
ORD002659,CUST00156,PROD0035,1,4733.42,2025-06-03,2025-06-07,Delivered,True,4.0,4733.42
ORD003369,CUST00627,PROD0044,5,1423.72,2025-09-14,2025-09-25,Delivered,True,11.0,7118.6
ORD002144,CUST00257,PROD0065,1,9361.22,2026-04-19,,Cancelled,True,,9361.22
ORD001535,CUST00292,PROD0104,1,1042.65,2025-03-22,,Returned,True,,1042.65
ORD005232,CUST00081,PROD0024,4,1123.83,2025-03-03,2025-03-06,Delivered,True,3.0,4495.32
ORD005854,CUST00115,PROD0111,4,42616.44,2026-03-09,2026-03-18,Delivered,True,9.0,170465.76
ORD000830,CUST00742,PROD0063,5,869.54,2026-03-31,,Processing,True,,4347.7
ORD004705,CUST00264,PROD0043,1,2444.21,2026-06-07,,Cancelled,True,,2444.21
ORD003026,CUST00452,PROD0109,5,854.47,2025-03-18,,Processing,True,,4272.35
ORD003664,CUST00583,PROD0002,5,2472.29,2026-04-29,2026-05-10,Delivered,True,11.0,12361.45
ORD000303,CUST00026,PROD0141,5,22625.81,2025-02-23,,Cancelled,True,,113129.05
ORD000441,CUST00539,PROD0004,3,2001.32,2026-02-27,2026-03-03,Delivered,True,4.0,6003.96
ORD003479,CUST00739,PROD0092,2,1419.85,2026-03-24,,Returned,True,,2839.7
ORD005739,CUST00581,PROD0057,2,1462.31,2025-05-05,2025-05-10,Delivered,True,5.0,2924.62
ORD003345,CUST00244,PROD0084,5,317.91,2026-03-15,,Shipped,True,,1589.5500000000002
ORD003430,CUST00797,PROD0039,4,5112.85,2025-12-23,,Cancelled,True,,20451.4
ORD000108,CUST00305,PROD0034,3,2546.45,2025-07-01,2025-07-02,Delivered,True,1.0,7639.349999999999
ORD000052,CUST00585,PROD0023,0,11903.15,2025-05-24,,Cancelled,False,,0.0
ORD004642,CUST00357,PROD0122,3,993.76,2025-06-22,2025-06-23,Delivered,True,1.0,2981.2799999999997
ORD003423,CUST00439,PROD0092,5,1419.85,2025-10-18,2025-10-29,Delivered,True,11.0,7099.25
ORD003955,CUST00042,PROD0067,4,4271.55,2025-07-13,2025-07-25,Delivered,True,12.0,17086.2
ORD000446,CUST00373,PROD0011,5,1483.6,2026-02-01,2026-02-05,Delivered,True,4.0,7418.0
ORD002905,CUST00665,PROD0062,5,25032.52,2025-03-19,,Returned,True,,125162.6
ORD004230,CUST00008,PROD0144,4,4806.1,2026-05-28,,Cancelled,True,,19224.4
ORD001792,CUST00573,PROD0050,4,3898.39,2025-10-16,2025-10-24,Delivered,True,8.0,15593.56
ORD000827,CUST00275,PROD0072,1,263.08,2025-06-19,,Shipped,True,,263.08
ORD003138,CUST00653,PROD0119,4,2603.43,2026-02-02,,Processing,True,,10413.72
ORD003249,CUST00063,PROD0094,2,1211.97,2025-04-30,2025-05-11,Delivered,True,11.0,2423.94
ORD003596,CUST00509,PROD0110,3,1192.79,2025-03-01,2025-03-12,Delivered,True,11.0,3578.37
ORD001883,CUST00145,PROD0066,5,4931.77,2025-06-18,,Processing,True,,24658.850000000002
ORD004180,CUST00109,PROD0073,5,34399.58,2025-06-18,,Returned,True,,171997.90000000002
ORD003989,CUST00158,PROD0072,4,263.08,2025-10-11,2025-10-21,Delivered,True,10.0,1052.32
ORD002451,CUST00208,PROD0059,3,685.94,2025-08-24,2025-08-25,Delivered,True,1.0,2057.82
ORD000800,CUST00492,PROD0022,3,459.17,2025-11-19,2025-11-26,Delivered,True,7.0,1377.51
ORD005208,CUST00527,PROD0040,2,2990.7,2025-05-07,,Processing,True,,5981.4
ORD005266,CUST00250,PROD0133,4,1400.65,2025-12-26,,Returned,True,,5602.6
ORD000772,CUST00775,PROD0093,4,513.19,2025-11-06,,Delivered,True,,2052.76
ORD005063,CUST00691,PROD0148,1,985.06,2025-06-02,,Returned,True,,985.06
ORD003741,CUST00612,PROD0079,3,2916.61,2025-03-03,2025-03-13,Delivered,True,10.0,8749.83
ORD004215,CUST00432,PROD0006,5,812.36,2026-07-06,2026-07-18,Delivered,True,12.0,4061.8
ORD000320,CUST00632,PROD0147,3,4832.5,2025-07-07,,Returned,True,,14497.5
ORD002423,CUST00169,PROD0126,4,8384.51,2025-12-15,2025-12-25,Delivered,True,10.0,33538.04
ORD000808,CUST00449,PROD0078,4,12507.55,2026-06-02,2026-06-08,Delivered,True,6.0,50030.2
ORD002550,CUST00292,PROD0034,4,2546.45,2025-07-08,2025-07-16,Delivered,True,8.0,10185.8
ORD001294,CUST00184,PROD0002,4,2472.29,2025-07-25,2025-07-26,Delivered,True,1.0,9889.16
ORD005612,CUST00161,PROD0098,2,648.17,2025-11-29,2025-12-05,Delivered,True,6.0,1296.34
ORD003522,CUST00557,PROD0137,4,1360.59,2025-11-03,2025-11-11,Delivered,True,8.0,5442.36
ORD002715,CUST00361,PROD0094,1,1211.97,2026-03-25,2026-04-02,Delivered,True,8.0,1211.97
ORD005931,CUST00640,PROD0053,4,379.38,2025-08-31,,Cancelled,True,,1517.52
ORD003730,CUST00041,PROD0101,5,782.0,2026-01-12,,Returned,True,,3910.0
ORD005493,CUST00048,PROD0068,5,1375.21,2025-09-29,,Processing,True,,6876.05
ORD005304,CUST00223,PROD0062,5,25032.52,2026-04-15,2026-04-17,Delivered,True,2.0,125162.6
ORD001450,CUST00054,PROD0144,5,4806.1,2025-07-27,2025-07-29,Delivered,True,2.0,24030.5
ORD000329,CUST00231,PROD0048,5,56173.09,2025-09-27,,Shipped,True,,280865.44999999995
ORD003959,CUST00699,PROD0023,2,11903.15,2025-09-13,,Processing,True,,23806.3
ORD000662,CUST00268,PROD0114,2,1292.66,2026-07-22,,Shipped,True,,2585.32
ORD005290,CUST00682,PROD0057,2,1462.31,2026-04-26,,Processing,True,,2924.62
ORD005705,CUST00649,PROD0032,5,1176.78,2025-06-08,,Shipped,True,,5883.9
ORD000890,CUST00128,PROD0068,1,1375.21,2025-01-22,,Cancelled,True,,1375.21
ORD002622,CUST00203,PROD0116,2,8033.73,2026-03-17,,Processing,True,,16067.46
ORD004424,CUST00637,PROD0101,3,782.0,2025-07-20,,Returned,True,,2346.0
ORD000379,CUST00166,PROD0120,3,418.7,2026-07-22,2026-07-31,Delivered,True,9.0,1256.1
ORD004415,CUST00308,PROD0146,1,9127.13,2026-04-19,,Cancelled,True,,9127.13
ORD000091,CUST00206,PROD0141,2,22625.81,2025-04-07,2025-04-10,Delivered,True,3.0,45251.62
ORD002838,CUST00218,PROD0047,4,26286.3,2025-02-08,,Returned,True,,105145.2
ORD003391,CUST00420,PROD0127,5,919.23,2025-03-01,,Shipped,True,,4596.15
ORD005270,CUST00757,PROD0057,1,1462.31,2025-02-18,,Cancelled,True,,1462.31
ORD003196,CUST00684,PROD0117,1,430.76,2025-06-29,2025-07-10,Delivered,True,11.0,430.76
ORD004883,CUST00121,PROD0135,5,7336.91,2026-02-12,2026-02-23,Delivered,True,11.0,36684.55
ORD004604,CUST00351,PROD0008,4,545.71,2025-04-21,2025-04-22,Delivered,True,1.0,2182.84
ORD001980,CUST00430,PROD0111,1,42616.44,2025-10-29,,Returned,True,,42616.44
ORD003916,CUST00721,PROD0074,2,2124.57,2025-10-20,,Processing,True,,4249.14
ORD001166,CUST00115,PROD0097,2,166.92,2026-02-13,2026-02-20,Delivered,True,7.0,333.84
ORD000973,CUST00296,PROD0015,4,2263.06,2026-03-11,,Delivered,True,,9052.24
ORD002893,CUST00690,PROD0131,4,6853.95,2025-10-04,,Processing,True,,27415.8
ORD000364,CUST00060,PROD0108,3,4953.1,2026-05-26,,Returned,True,,14859.300000000001
ORD004582,CUST00046,PROD0052,2,1448.8,2026-03-19,,Returned,True,,2897.6
ORD001334,CUST00330,PROD0061,2,1083.6,2025-04-05,2025-04-09,Delivered,True,4.0,2167.2
ORD003405,CUST00599,PROD0011,3,1483.6,2026-03-27,,Processing,True,,4450.799999999999
ORD005064,CUST00578,PROD0148,1,985.06,2026-03-07,2026-03-11,Delivered,True,4.0,985.06
ORD003951,CUST00788,PROD0020,2,4298.98,2026-07-22,,Processing,True,,8597.96
ORD004320,CUST00169,PROD0144,1,4806.1,2026-05-05,,Processing,True,,4806.1
ORD000333,CUST00225,PROD0143,4,1730.89,2026-01-26,2026-02-07,Delivered,True,12.0,6923.56
ORD005241,CUST00118,PROD0028,4,302.64,2025-10-22,2025-10-30,Delivered,True,8.0,1210.56
ORD005193,CUST00579,PROD0134,4,3036.32,2025-09-21,2025-09-28,Delivered,True,7.0,12145.28
ORD002189,CUST00686,PROD0006,5,812.36,2026-04-30,,Cancelled,True,,4061.8
ORD004287,CUST00023,PROD0001,3,2002.86,2025-11-16,2025-11-25,Delivered,True,9.0,6008.58
ORD002841,CUST00190,PROD0048,3,56173.09,2025-03-06,2025-03-08,Delivered,True,2.0,168519.27
ORD005362,CUST00625,PROD0114,3,1292.66,2026-05-03,,Processing,True,,3877.9800000000005
ORD001356,CUST00343,PROD0113,1,974.15,2026-04-23,,Processing,True,,974.15
ORD003853,CUST00569,PROD0017,1,4701.06,2025-07-31,,Returned,True,,4701.06
ORD001037,CUST00352,PROD0033,5,5639.02,2026-03-09,,Shipped,True,,28195.100000000002
ORD001506,CUST00079,PROD0087,4,13732.01,2025-07-04,2025-07-09,Delivered,True,5.0,54928.04
ORD003884,CUST00150,PROD0088,3,34407.7,2025-05-20,,Returned,True,,103223.09999999999
ORD004082,CUST00764,PROD0139,1,4171.69,2025-08-10,,Cancelled,True,,4171.69
ORD004759,CUST00611,PROD0035,1,4733.42,2026-07-31,2026-08-11,Delivered,True,11.0,4733.42
ORD002043,CUST00078,PROD0065,1,9361.22,2025-03-30,2025-04-02,Delivered,True,3.0,9361.22
ORD000068,CUST00779,PROD0135,1,7336.91,2025-09-27,2025-10-05,Delivered,True,8.0,7336.91
ORD000629,CUST00772,PROD0135,3,7336.91,2025-03-09,,Cancelled,True,,22010.73
ORD005223,CUST00667,PROD0116,2,8033.73,2026-01-05,,Shipped,True,,16067.46
ORD001212,CUST00757,PROD0050,5,3898.39,2025-01-31,2025-02-09,Delivered,True,9.0,19491.95
ORD002419,CUST00012,PROD0149,3,5764.99,2025-07-03,,Shipped,True,,17294.97
ORD003834,CUST00338,PROD0054,1,1632.64,2026-05-27,,Cancelled,True,,1632.64
ORD002878,CUST00089,PROD0064,1,3664.82,2025-12-09,,Cancelled,True,,3664.82
ORD002158,CUST00136,PROD0142,5,1821.04,2025-01-09,2025-01-13,Delivered,True,4.0,9105.2
ORD003024,CUST00798,PROD0138,2,3519.99,2025-05-21,,Shipped,True,,7039.98
ORD002322,CUST00033,PROD0039,2,5112.85,2025-04-29,2025-05-01,Delivered,True,2.0,10225.7
ORD004167,CUST00673,PROD0102,1,133.37,2026-05-08,,Processing,True,,133.37
ORD004527,CUST00226,PROD0060,3,7402.46,2026-03-20,,Shipped,True,,22207.38
ORD005748,CUST00672,PROD0044,4,1423.72,2025-09-14,,Cancelled,True,,5694.88
ORD004301,CUST00209,PROD0103,4,11738.74,2025-11-04,,Cancelled,True,,46954.96
ORD003404,CUST00160,PROD0056,1,861.22,2025-11-27,,Processing,True,,861.22
ORD003476,CUST00401,PROD0056,3,861.22,2025-07-10,,Cancelled,True,,2583.66
ORD001360,CUST00064,PROD0013,2,39659.48,2025-04-28,2025-05-01,Delivered,True,3.0,79318.96
ORD001057,CUST00386,PROD0135,2,7336.91,2025-06-29,,Processing,True,,14673.82
ORD003736,CUST00531,PROD0112,4,1969.23,2025-11-03,,Processing,True,,7876.92
ORD000876,CUST00702,PROD0147,2,4832.5,2026-06-06,,Processing,True,,9665.0
ORD005796,CUST00176,PROD0002,1,2472.29,2025-10-06,,Returned,True,,2472.29
ORD001726,CUST00009,PROD0110,4,1192.79,2026-03-22,,Delivered,True,,4771.16
ORD000374,CUST00317,PROD0016,1,59834.55,2025-12-31,2026-01-12,Delivered,True,12.0,59834.55
ORD003283,CUST00159,PROD0127,3,919.23,2025-11-26,,Shipped,True,,2757.69
ORD002443,CUST00041,PROD0095,3,6063.96,2026-04-24,2026-04-28,Delivered,True,4.0,18191.88
ORD004714,CUST00767,PROD0059,5,685.94,2025-09-21,,Processing,True,,3429.7000000000003
ORD002740,CUST00569,PROD0149,3,5764.99,2025-01-13,,Returned,True,,17294.97
ORD004154,CUST00767,PROD0054,5,1632.64,2025-05-15,,Returned,True,,8163.200000000001
ORD001453,CUST00390,PROD0044,1,1423.72,2025-08-26,2025-09-05,Delivered,True,10.0,1423.72
ORD002284,CUST00138,PROD0134,2,3036.32,2026-03-12,2026-03-23,Delivered,True,11.0,6072.64
ORD003444,CUST00369,PROD0113,4,974.15,2025-09-27,,Shipped,True,,3896.6
ORD001703,CUST00097,PROD0035,4,4733.42,2025-08-09,,Shipped,True,,18933.68
ORD005189,CUST00250,PROD0036,1,559.64,2025-10-11,,Shipped,True,,559.64
ORD005005,CUST00433,PROD0029,3,901.03,2025-08-09,2025-08-10,Delivered,True,1.0,2703.09
ORD005289,CUST00646,PROD0101,5,782.0,2025-07-02,2025-07-03,Delivered,True,1.0,3910.0
ORD002532,CUST00243,PROD0092,1,1419.85,2025-01-11,,Cancelled,True,,1419.85
ORD000507,CUST00486,PROD0075,4,209.7,2026-04-03,2026-04-14,Delivered,True,11.0,838.8
ORD004948,CUST00694,PROD0034,2,2546.45,2025-12-16,,Returned,True,,5092.9
ORD000361,CUST00563,PROD0070,5,10505.06,2026-05-19,,Processing,True,,52525.299999999996
ORD003109,CUST00345,PROD0083,5,385.32,2025-04-23,2025-05-05,Delivered,True,12.0,1926.6
ORD001682,CUST00785,PROD0083,4,385.32,2025-12-23,,Returned,True,,1541.28
ORD005127,CUST00710,PROD0073,4,34399.58,2025-05-21,,Shipped,True,,137598.32
ORD000881,CUST00494,PROD0014,4,1289.47,2025-12-19,2025-12-30,Delivered,True,11.0,5157.88
ORD001934,CUST00170,PROD0032,4,1176.78,2026-07-18,2026-07-20,Delivered,True,2.0,4707.12
ORD004066,CUST00112,PROD0070,2,10505.06,2025-02-18,,Returned,True,,21010.12
ORD002227,CUST00248,PROD0140,3,899.29,2026-02-23,,Processing,True,,2697.87
ORD005428,CUST00606,PROD0002,5,2472.29,2026-07-21,2026-07-24,Delivered,True,3.0,12361.45
ORD002314,CUST00159,PROD0054,3,1632.64,2026-06-11,2026-06-15,Delivered,True,4.0,4897.92
ORD000619,CUST00311,PROD0075,5,209.7,2025-05-31,,Returned,True,,1048.5
ORD001817,CUST00612,PROD0128,4,3825.7,2026-03-22,,Returned,True,,15302.8
ORD000582,CUST00117,PROD0019,4,4410.8,2026-05-12,,Cancelled,True,,17643.2
ORD003070,CUST00516,PROD0047,3,26286.3,2025-10-14,2025-10-16,Delivered,True,2.0,78858.9
ORD002406,CUST00517,PROD0038,1,8563.39,2025-10-06,,Returned,True,,8563.39
ORD001600,CUST00312,PROD0125,2,11796.3,2025-10-14,,Cancelled,True,,23592.6
ORD003897,CUST00457,PROD0121,5,751.76,2025-06-21,,Returned,True,,3758.8
ORD004713,CUST00243,PROD0103,2,11738.74,2026-03-29,2026-04-08,Delivered,True,10.0,23477.48
ORD000855,CUST00276,PROD0092,2,1419.85,2025-04-03,,Shipped,True,,2839.7
ORD000210,CUST00570,PROD0128,4,3825.7,2025-11-20,,Returned,True,,15302.8
ORD003086,CUST00347,PROD0053,2,379.38,2025-01-07,2025-01-13,Delivered,True,6.0,758.76
ORD002296,CUST00429,PROD0035,4,4733.42,2025-06-08,2025-06-14,Delivered,True,6.0,18933.68
ORD000907,CUST00720,PROD0020,3,4298.98,2025-03-26,2025-03-31,Delivered,True,5.0,12896.939999999999
ORD004518,CUST00564,PROD0008,4,545.71,2025-12-10,,Shipped,True,,2182.84
ORD000795,CUST00637,PROD0032,2,1176.78,2026-03-26,2026-03-30,Delivered,True,4.0,2353.56
ORD005971,CUST00052,PROD0082,1,503.97,2025-09-16,,Delivered,True,,503.97
ORD003773,CUST00216,PROD0112,5,1969.23,2026-01-17,2026-01-18,Delivered,True,1.0,9846.15
ORD005634,CUST00260,PROD0068,5,1375.21,2025-10-31,,Shipped,True,,6876.05
ORD001688,CUST00623,PROD0144,5,4806.1,2025-07-02,2025-07-06,Delivered,True,4.0,24030.5
ORD003298,CUST00543,PROD0114,5,1292.66,2025-09-29,,Cancelled,True,,6463.3
ORD002508,CUST00081,PROD0009,4,390.58,2025-03-14,,Processing,True,,1562.32
ORD000181,CUST00191,PROD0017,1,4701.06,2025-11-02,,Returned,True,,4701.06
ORD004694,CUST00308,PROD0138,5,3519.99,2025-08-04,,Shipped,True,,17599.949999999997
ORD000852,CUST00484,PROD0114,1,1292.66,2025-12-28,,Processing,True,,1292.66
ORD004788,CUST00376,PROD0033,3,5639.02,2026-02-14,,Cancelled,True,,16917.06
ORD005520,CUST00501,PROD0070,4,10505.06,2025-11-28,,Cancelled,True,,42020.24
ORD003567,CUST00658,PROD0006,5,812.36,2025-10-15,,Returned,True,,4061.8
ORD005286,CUST00124,PROD0111,3,42616.44,2025-12-31,2026-01-05,Delivered,True,5.0,127849.32
ORD005923,CUST00745,PROD0106,5,3327.3,2026-05-25,,Returned,True,,16636.5
ORD004209,CUST00470,PROD0147,2,4832.5,2025-07-21,2025-08-01,Delivered,True,11.0,9665.0
ORD004839,CUST00568,PROD0110,3,1192.79,2025-08-09,2025-08-13,Delivered,True,4.0,3578.37
ORD003533,CUST00514,PROD0146,5,9127.13,2025-08-15,2025-08-21,Delivered,True,6.0,45635.649999999994
ORD000900,CUST00311,PROD0069,5,58378.98,2026-02-15,2026-02-19,Delivered,True,4.0,291894.9
ORD004822,CUST00421,PROD0123,1,21424.68,2025-05-06,2025-05-10,Delivered,True,4.0,21424.68
ORD003442,CUST00508,PROD0033,4,5639.02,2025-08-12,,Processing,True,,22556.08
ORD002489,CUST00604,PROD0092,4,1419.85,2026-06-19,,Delivered,True,,5679.4
ORD001857,CUST00452,PROD0053,2,379.38,2025-11-02,,Shipped,True,,758.76
ORD000606,CUST00578,PROD0038,4,8563.39,2025-06-04,2025-06-09,Delivered,True,5.0,34253.56
ORD001348,CUST00085,PROD0068,5,1375.21,2025-08-10,,Processing,True,,6876.05
ORD002403,CUST00697,PROD0009,2,390.58,2025-10-24,2025-11-03,Delivered,True,10.0,781.16
ORD002716,CUST00245,PROD0081,2,4820.76,2025-02-28,,Shipped,True,,9641.52
ORD005085,CUST00232,PROD0039,1,5112.85,2025-01-02,2025-01-11,Delivered,True,9.0,5112.85
ORD005291,CUST00660,PROD0128,1,3825.7,2025-05-25,,Cancelled,True,,3825.7
ORD001610,CUST00243,PROD0112,1,1969.23,2026-06-01,,Returned,True,,1969.23
ORD003015,CUST00564,PROD0129,1,17176.36,2025-01-16,,Shipped,True,,17176.36
ORD003207,CUST00793,PROD0140,2,899.29,2025-05-02,,Returned,True,,1798.58
ORD000838,CUST00111,PROD0099,1,14295.1,2025-10-03,,Processing,True,,14295.1
ORD005874,CUST00360,PROD0066,1,4931.77,2026-06-30,,Processing,True,,4931.77
ORD000163,CUST00691,PROD0084,3,317.91,2025-09-25,,Shipped,True,,953.73
ORD005328,CUST00447,PROD0146,2,9127.13,2025-09-05,2025-09-07,Delivered,True,2.0,18254.26
ORD002084,CUST00194,PROD0070,2,10505.06,2026-05-07,,Returned,True,,21010.12
ORD003125,CUST00119,PROD0050,2,3898.39,2025-03-10,,Shipped,True,,7796.78
ORD000753,CUST00251,PROD0015,1,2263.06,2026-07-15,,Cancelled,True,,2263.06
ORD002833,CUST00285,PROD0113,5,974.15,2025-10-30,,Returned,True,,4870.75
ORD001622,CUST00316,PROD0032,4,1176.78,2025-01-27,,Delivered,True,,4707.12
ORD004231,CUST00222,PROD0115,4,55563.32,2025-03-21,2025-04-01,Delivered,True,11.0,222253.28
ORD000857,CUST00497,PROD0054,1,1632.64,2025-07-20,,Cancelled,True,,1632.64
ORD005864,CUST00612,PROD0145,3,2463.88,2025-07-14,,Delivered,True,,7391.64
ORD002593,CUST00314,PROD0023,3,11903.15,2025-05-31,2025-06-07,Delivered,True,7.0,35709.45
ORD001961,CUST00294,PROD0014,5,1289.47,2025-06-30,,Returned,True,,6447.35
ORD005801,CUST00152,PROD0125,5,11796.3,2025-06-02,2025-06-13,Delivered,True,11.0,58981.5
ORD004671,CUST00153,PROD0009,5,390.58,2026-06-12,,Shipped,True,,1952.8999999999999
ORD000004,CUST00241,PROD0150,4,2716.88,2026-07-02,,Cancelled,True,,10867.52
ORD002666,CUST00387,PROD0080,2,4686.49,2025-02-01,,Processing,True,,9372.98
ORD005255,CUST00154,PROD0056,4,861.22,2025-03-11,,Processing,True,,3444.88
ORD001376,CUST00662,PROD0150,2,2716.88,2025-09-24,,Processing,True,,5433.76
ORD004890,CUST00632,PROD0046,3,51.86,2025-01-31,2025-02-01,Delivered,True,1.0,155.57999999999998
ORD003231,CUST00699,PROD0137,2,1360.59,2025-01-05,,Returned,True,,2721.18
ORD002405,CUST00759,PROD0147,5,4832.5,2025-02-12,2025-02-19,Delivered,True,7.0,24162.5
ORD001285,CUST00683,PROD0025,2,4203.28,2026-06-24,,Processing,True,,8406.56
ORD000715,CUST00792,PROD0003,4,14338.6,2025-09-19,2025-09-23,Delivered,True,4.0,57354.4
ORD003584,CUST00756,PROD0032,2,1176.78,2025-06-10,2025-06-15,Delivered,True,5.0,2353.56
ORD005049,CUST00671,PROD0022,3,459.17,2026-04-21,,Cancelled,True,,1377.51
ORD005259,CUST00144,PROD0027,2,331.1,2026-05-03,,Shipped,True,,662.2
ORD001325,CUST00189,PROD0008,1,545.71,2025-12-13,,Shipped,True,,545.71
ORD001712,CUST00033,PROD0021,3,156.01,2026-04-08,,Shipped,True,,468.03
ORD002797,CUST00416,PROD0103,5,11738.74,2026-07-04,2026-07-11,Delivered,True,7.0,58693.7
ORD002361,CUST00767,PROD0109,1,854.47,2025-11-15,2025-11-17,Delivered,True,2.0,854.47
ORD003609,CUST00610,PROD0138,3,3519.99,2025-04-16,2025-04-27,Delivered,True,11.0,10559.97
ORD002885,CUST00102,PROD0009,1,390.58,2026-04-18,2026-04-24,Delivered,True,6.0,390.58
ORD004239,CUST00241,PROD0046,5,51.86,2025-02-05,,Returned,True,,259.3
ORD005445,CUST00021,PROD0056,2,861.22,2026-01-31,2026-02-02,Delivered,True,2.0,1722.44
ORD001454,CUST00629,PROD0122,1,993.76,2025-11-28,2025-12-01,Delivered,True,3.0,993.76
ORD004784,CUST00499,PROD0135,4,7336.91,2025-05-07,,Shipped,True,,29347.64
ORD002570,CUST00774,PROD0080,1,4686.49,2025-04-09,2025-04-12,Delivered,True,3.0,4686.49
ORD000124,CUST00247,PROD0014,1,1289.47,2025-12-06,2025-12-13,Delivered,True,7.0,1289.47
ORD002357,CUST00358,PROD0086,2,1450.41,2025-07-25,,Cancelled,True,,2900.82
ORD003975,CUST00140,PROD0013,2,39659.48,2025-06-11,2025-06-12,Delivered,True,1.0,79318.96
ORD005382,CUST00031,PROD0036,3,559.64,2026-06-11,,Returned,True,,1678.92
ORD003539,CUST00061,PROD0071,1,632.25,2025-08-16,,Cancelled,True,,632.25
ORD005765,CUST00618,PROD0034,5,2546.45,2025-10-16,,Shipped,True,,12732.25
ORD002298,CUST00217,PROD0141,2,22625.81,2026-03-27,,Returned,True,,45251.62
ORD001516,CUST00267,PROD0095,3,6063.96,2026-03-12,,Shipped,True,,18191.88
ORD001433,CUST00335,PROD0134,5,3036.32,2025-08-27,,Returned,True,,15181.6
ORD002819,CUST00658,PROD0076,4,32834.68,2025-01-31,,Returned,True,,131338.72
ORD005038,CUST00664,PROD0133,5,1400.65,2025-09-21,2025-09-28,Delivered,True,7.0,7003.25
ORD002266,CUST00554,PROD0061,3,1083.6,2025-02-08,,Processing,True,,3250.7999999999997
ORD000649,CUST00116,PROD0079,2,2916.61,2025-08-03,2025-08-10,Delivered,True,7.0,5833.22
ORD000293,CUST00679,PROD0012,5,4952.6,2026-03-16,,Returned,True,,24763.0
ORD003004,CUST00133,PROD0091,5,1751.39,2025-02-22,,Shipped,True,,8756.95
ORD000050,CUST00619,PROD0035,2,4733.42,2025-03-12,2025-03-22,Delivered,True,10.0,9466.84
ORD005914,CUST00590,PROD0030,4,429.82,2025-05-08,,Returned,True,,1719.28
ORD004406,CUST00546,PROD0139,5,4171.69,2025-12-28,,Processing,True,,20858.449999999997
ORD003323,CUST00264,PROD0097,1,166.92,2025-12-10,,Processing,True,,166.92
ORD004248,CUST00747,PROD0022,4,459.17,2025-11-08,,Cancelled,True,,1836.68
ORD003983,CUST00062,PROD0149,1,5764.99,2025-09-21,,Processing,True,,5764.99
ORD000034,CUST00463,PROD0072,5,263.08,2026-07-06,,Processing,True,,1315.3999999999999
ORD003051,CUST00163,PROD0060,2,7402.46,2025-02-28,,Processing,True,,14804.92
ORD000884,CUST00639,PROD0027,4,331.1,2025-02-13,2025-02-14,Delivered,True,1.0,1324.4
ORD005415,CUST00119,PROD0107,4,328.16,2025-04-18,,Processing,True,,1312.64
ORD003639,CUST00124,PROD0122,3,993.76,2026-06-28,2026-07-07,Delivered,True,9.0,2981.2799999999997
ORD004712,CUST00223,PROD0044,2,1423.72,2025-04-16,,Processing,True,,2847.44
ORD002821,CUST00369,PROD0084,3,317.91,2025-08-17,,Cancelled,True,,953.73
ORD004163,CUST00533,PROD0070,1,10505.06,2026-02-12,,Returned,True,,10505.06
ORD004532,CUST00113,PROD0012,2,4952.6,2025-03-23,2025-04-02,Delivered,True,10.0,9905.2
ORD001452,CUST00770,PROD0148,5,985.06,2025-10-11,,Returned,True,,4925.299999999999
ORD004861,CUST00118,PROD0135,4,7336.91,2025-04-10,,Shipped,True,,29347.64
ORD005699,CUST00012,PROD0035,4,4733.42,2025-07-16,2025-07-27,Delivered,True,11.0,18933.68
ORD000866,CUST00674,PROD0007,2,40685.29,2026-03-10,2026-03-14,Delivered,True,4.0,81370.58
ORD003041,CUST00189,PROD0124,5,2908.87,2025-08-24,2025-08-28,Delivered,True,4.0,14544.349999999999
ORD003225,CUST00491,PROD0034,1,2546.45,2026-07-08,,Processing,True,,2546.45
ORD004511,CUST00669,PROD0076,1,32834.68,2025-08-30,2025-09-01,Delivered,True,2.0,32834.68
ORD000868,CUST00237,PROD0086,3,1450.41,2025-09-11,,Returned,True,,4351.2300000000005
ORD004753,CUST00501,PROD0057,0,1462.31,2026-02-26,,Returned,False,,0.0
ORD003753,CUST00643,PROD0014,5,1289.47,2026-01-08,2026-01-17,Delivered,True,9.0,6447.35
ORD004873,CUST00414,PROD0017,1,4701.06,2026-06-21,,Returned,True,,4701.06
ORD004562,CUST00411,PROD0126,2,8384.51,2026-06-08,2026-06-14,Delivered,True,6.0,16769.02
ORD004208,CUST00726,PROD0037,1,1155.64,2026-03-20,,Processing,True,,1155.64
ORD005310,CUST00342,PROD0053,2,379.38,2026-06-21,2026-06-27,Delivered,True,6.0,758.76
ORD004005,CUST00579,PROD0123,3,21424.68,2025-12-19,2025-12-28,Delivered,True,9.0,64274.04
ORD003477,CUST00130,PROD0077,5,2052.65,2026-03-30,2026-04-02,Delivered,True,3.0,10263.25
ORD001340,CUST00061,PROD0063,5,869.54,2025-10-01,2025-10-02,Delivered,True,1.0,4347.7
ORD003861,CUST00011,PROD0079,4,2916.61,2026-02-26,2026-02-28,Delivered,True,2.0,11666.44
ORD004314,CUST00764,PROD0117,2,430.76,2025-04-17,2025-04-27,Delivered,True,10.0,861.52
ORD003214,CUST00591,PROD0033,1,5639.02,2026-01-29,,Cancelled,True,,5639.02
ORD004591,CUST00308,PROD0103,4,11738.74,2025-02-25,2025-03-05,Delivered,True,8.0,46954.96
ORD000380,CUST00272,PROD0068,5,1375.21,2026-01-11,2026-01-22,Delivered,True,11.0,6876.05
ORD000889,CUST00706,PROD0068,2,1375.21,2025-12-14,2025-12-17,Delivered,True,3.0,2750.42
ORD002383,CUST00527,PROD0022,2,459.17,2026-06-08,,Shipped,True,,918.34
ORD005872,CUST00602,PROD0107,2,328.16,2026-04-15,2026-04-18,Delivered,True,3.0,656.32
ORD001110,CUST00455,PROD0046,2,51.86,2026-05-18,,Shipped,True,,103.72
ORD000367,CUST00223,PROD0004,1,2001.32,2025-09-12,,Returned,True,,2001.32
ORD003295,CUST00315,PROD0081,4,4820.76,2025-02-25,,Returned,True,,19283.04
ORD001473,CUST00334,PROD0001,3,2002.86,2025-10-08,,Processing,True,,6008.58
ORD003513,CUST00003,PROD0022,1,459.17,2025-02-18,2025-02-19,Delivered,True,1.0,459.17
ORD001826,CUST00107,PROD0064,4,3664.82,2026-07-31,2026-08-06,Delivered,True,6.0,14659.28
ORD003554,CUST00794,PROD0033,5,5639.02,2025-04-08,,Shipped,True,,28195.100000000002
ORD003742,CUST00654,PROD0103,4,11738.74,2025-06-19,2025-06-27,Delivered,True,8.0,46954.96
ORD000691,CUST00186,PROD0013,3,39659.48,2026-02-16,2026-02-28,Delivered,True,12.0,118978.44
ORD001499,CUST00795,PROD0089,1,16755.29,2026-04-28,,Cancelled,True,,16755.29
ORD001881,CUST00091,PROD0038,5,8563.39,2025-12-16,2025-12-26,Delivered,True,10.0,42816.95
ORD004351,CUST00309,PROD0069,4,58378.98,2025-08-30,2025-09-01,Delivered,True,2.0,233515.92
ORD005825,CUST00620,PROD0043,5,2444.21,2026-03-21,,Returned,True,,12221.05
ORD005536,CUST00782,PROD0091,2,1751.39,2025-12-05,2025-12-08,Delivered,True,3.0,3502.78
ORD005986,CUST00501,PROD0030,4,429.82,2025-08-24,,Processing,True,,1719.28
ORD000444,CUST00235,PROD0147,5,4832.5,2026-07-04,2026-07-13,Delivered,True,9.0,24162.5
ORD000989,CUST00214,PROD0110,3,1192.79,2026-01-15,,Processing,True,,3578.37
ORD000008,CUST00336,PROD0133,5,1400.65,2025-08-15,,Processing,True,,7003.25
ORD001422,CUST00237,PROD0059,2,685.94,2025-02-04,2025-02-11,Delivered,True,7.0,1371.88
ORD001007,CUST00158,PROD0138,4,3519.99,2025-11-20,,Shipped,True,,14079.96
ORD000130,CUST00783,PROD0068,1,1375.21,2026-07-12,2026-07-18,Delivered,True,6.0,1375.21
ORD003583,CUST00390,PROD0122,1,993.76,2026-02-10,2026-02-16,Delivered,True,6.0,993.76
ORD002648,CUST00713,PROD0144,3,4806.1,2025-05-05,,Processing,True,,14418.300000000001
ORD000201,CUST00118,PROD0016,2,59834.55,2025-04-17,,Returned,True,,119669.1
ORD005264,CUST00245,PROD0047,2,26286.3,2025-11-28,,Cancelled,True,,52572.6
ORD005749,CUST00212,PROD0062,5,25032.52,2025-08-24,,Shipped,True,,125162.6
ORD001073,CUST00301,PROD0033,3,5639.02,2026-02-14,,Cancelled,True,,16917.06
ORD000742,CUST00539,PROD0039,5,5112.85,2026-03-27,2026-03-30,Delivered,True,3.0,25564.25
ORD004007,CUST00173,PROD0075,5,209.7,2026-01-31,,Cancelled,True,,1048.5
ORD002639,CUST00599,PROD0047,0,26286.3,2026-05-20,,Cancelled,False,,0.0
ORD001888,CUST00583,PROD0007,1,40685.29,2025-02-01,2025-02-05,Delivered,True,4.0,40685.29
ORD000992,CUST00012,PROD0072,2,263.08,2026-01-13,,Returned,True,,526.16
ORD002036,CUST00248,PROD0140,2,899.29,2025-01-15,2025-01-21,Delivered,True,6.0,1798.58
ORD003781,CUST00162,PROD0021,3,156.01,2025-07-21,,Shipped,True,,468.03
ORD005547,CUST00274,PROD0091,2,1751.39,2025-01-23,2025-01-27,Delivered,True,4.0,3502.78
ORD000123,CUST00095,PROD0124,1,2908.87,2026-03-18,2026-03-28,Delivered,True,10.0,2908.87
ORD004801,CUST00397,PROD0057,3,1462.31,2025-07-21,,Returned,True,,4386.93
ORD003809,CUST00380,PROD0074,1,2124.57,2025-06-19,2025-06-30,Delivered,True,11.0,2124.57
ORD001374,CUST00185,PROD0105,3,32176.55,2025-03-23,2025-03-29,Delivered,True,6.0,96529.65
ORD004620,CUST00145,PROD0132,1,305.28,2025-04-24,,Shipped,True,,305.28
ORD000828,CUST00613,PROD0032,5,1176.78,2025-03-29,2025-04-08,Delivered,True,10.0,5883.9
ORD003398,CUST00762,PROD0126,1,8384.51,2026-02-16,,Delivered,True,,8384.51
ORD001796,CUST00552,PROD0085,1,4763.96,2025-05-05,2025-05-09,Delivered,True,4.0,4763.96
ORD001175,CUST00407,PROD0021,3,156.01,2026-04-08,2026-04-19,Delivered,True,11.0,468.03
ORD003272,CUST00525,PROD0137,3,1360.59,2025-01-17,,Processing,True,,4081.7699999999995
ORD002907,CUST00022,PROD0120,1,418.7,2026-07-26,2026-08-07,Delivered,True,12.0,418.7
ORD001977,CUST00170,PROD0125,4,11796.3,2026-04-23,,Processing,True,,47185.2
ORD004813,CUST00262,PROD0102,4,133.37,2026-03-22,,Cancelled,True,,533.48
ORD002499,CUST00533,PROD0128,1,3825.7,2025-01-19,2025-01-30,Delivered,True,11.0,3825.7
ORD001874,CUST00283,PROD0112,5,1969.23,2026-05-16,2026-05-21,Delivered,True,5.0,9846.15
ORD003857,CUST00135,PROD0048,2,56173.09,2026-03-21,,Shipped,True,,112346.18
ORD005907,CUST00638,PROD0066,2,4931.77,2026-06-01,,Cancelled,True,,9863.54
ORD001265,CUST00078,PROD0066,4,4931.77,2025-09-17,,Returned,True,,19727.08
ORD000127,CUST00372,PROD0110,1,1192.79,2025-10-29,,Returned,True,,1192.79
ORD001484,CUST00074,PROD0132,2,305.28,2025-09-22,,Returned,True,,610.56
ORD004055,CUST00309,PROD0082,5,503.97,2025-12-15,2025-12-23,Delivered,True,8.0,2519.8500000000004
ORD005102,CUST00067,PROD0093,1,513.19,2025-05-24,,Processing,True,,513.19
ORD003532,CUST00209,PROD0135,3,7336.91,2026-03-13,,Shipped,True,,22010.73
ORD002162,CUST00067,PROD0095,5,6063.96,2025-12-21,2025-12-23,Delivered,True,2.0,30319.8
ORD003248,CUST00433,PROD0083,4,385.32,2025-09-24,,Cancelled,True,,1541.28
ORD003649,CUST00744,PROD0024,1,1123.83,2026-01-10,,Cancelled,True,,1123.83
ORD005921,CUST00112,PROD0047,5,26286.3,2025-01-31,2025-02-11,Delivered,True,11.0,131431.5
ORD003385,CUST00459,PROD0116,5,8033.73,2026-05-30,2026-06-02,Delivered,True,3.0,40168.649999999994
ORD002909,CUST00487,PROD0077,2,2052.65,2025-07-09,2025-07-14,Delivered,True,5.0,4105.3
ORD000363,CUST00017,PROD0113,1,974.15,2025-08-27,2025-08-28,Delivered,True,1.0,974.15
ORD002116,CUST00798,PROD0144,4,4806.1,2026-02-09,2026-02-10,Delivered,True,1.0,19224.4
ORD003082,CUST00454,PROD0044,1,1423.72,2026-07-13,2026-07-23,Delivered,True,10.0,1423.72
ORD001543,CUST00667,PROD0028,3,302.64,2026-05-30,,Cancelled,True,,907.92
ORD003661,CUST00119,PROD0144,2,4806.1,2025-09-19,2025-09-30,Delivered,True,11.0,9612.2
ORD005002,CUST00401,PROD0021,5,156.01,2025-10-01,,Returned,True,,780.05
ORD001048,CUST00354,PROD0033,3,5639.02,2025-01-10,2025-01-21,Delivered,True,11.0,16917.06
ORD001379,CUST00505,PROD0142,4,1821.04,2025-04-14,,Delivered,True,,7284.16
ORD001769,CUST00051,PROD0111,2,42616.44,2026-03-30,2026-04-06,Delivered,True,7.0,85232.88
ORD000885,CUST00010,PROD0059,4,685.94,2025-08-07,,Returned,True,,2743.76
ORD003704,CUST00499,PROD0025,5,4203.28,2025-05-08,2025-05-19,Delivered,True,11.0,21016.399999999998
ORD003831,CUST00523,PROD0046,4,51.86,2025-04-16,,Shipped,True,,207.44
ORD001766,CUST00313,PROD0079,2,2916.61,2026-02-07,,Returned,True,,5833.22
ORD004514,CUST00265,PROD0097,2,166.92,2026-06-13,2026-06-15,Delivered,True,2.0,333.84
ORD003943,CUST00444,PROD0033,1,5639.02,2025-07-12,,Shipped,True,,5639.02
ORD000575,CUST00364,PROD0054,3,1632.64,2025-02-24,2025-02-27,Delivered,True,3.0,4897.92
ORD003378,CUST00512,PROD0141,4,22625.81,2025-10-14,,Returned,True,,90503.24
ORD002329,CUST00128,PROD0026,1,4912.92,2025-10-19,,Cancelled,True,,4912.92
ORD004770,CUST00375,PROD0130,5,314.99,2025-04-18,,Cancelled,True,,1574.95
ORD004175,CUST00357,PROD0012,1,4952.6,2026-07-30,,Processing,True,,4952.6
ORD002942,CUST00303,PROD0106,3,3327.3,2025-10-08,2025-10-11,Delivered,True,3.0,9981.900000000001
ORD003644,CUST00585,PROD0123,3,21424.68,2026-04-15,,Processing,True,,64274.04
ORD001368,CUST00665,PROD0131,5,6853.95,2025-12-19,,Cancelled,True,,34269.75
ORD001349,CUST00118,PROD0112,4,1969.23,2025-02-28,,Cancelled,True,,7876.92
ORD003812,CUST00489,PROD0029,1,901.03,2026-04-14,2026-04-25,Delivered,True,11.0,901.03
ORD002437,CUST00510,PROD0038,1,8563.39,2025-06-18,2025-06-27,Delivered,True,9.0,8563.39
ORD005464,CUST00708,PROD0070,4,10505.06,2025-03-21,,Returned,True,,42020.24
ORD002430,CUST00071,PROD0103,2,11738.74,2025-11-20,,Delivered,True,,23477.48
ORD000392,CUST00271,PROD0143,5,1730.89,2026-03-02,,Processing,True,,8654.45
ORD004557,CUST00224,PROD0013,2,39659.48,2025-09-08,2025-09-20,Delivered,True,12.0,79318.96
ORD004234,CUST00518,PROD0129,5,17176.36,2025-04-11,2025-04-12,Delivered,True,1.0,85881.8
ORD005804,CUST00462,PROD0016,3,59834.55,2025-07-12,2025-07-18,Delivered,True,6.0,179503.65000000002
ORD005621,CUST00545,PROD0072,1,263.08,2025-08-19,,Processing,True,,263.08
ORD005892,CUST00012,PROD0059,5,685.94,2026-02-10,,Returned,True,,3429.7000000000003
ORD000990,CUST00692,PROD0093,4,513.19,2026-01-23,2026-01-29,Delivered,True,6.0,2052.76
ORD005856,CUST00790,PROD0041,1,543.32,2026-04-14,,Shipped,True,,543.32
ORD004760,CUST00280,PROD0123,1,21424.68,2026-04-28,,Processing,True,,21424.68
ORD002755,CUST00315,PROD0045,1,1228.68,2026-01-17,2026-01-29,Delivered,True,12.0,1228.68
ORD002171,CUST00665,PROD0005,1,560.65,2025-07-17,2025-07-23,Delivered,True,6.0,560.65
ORD005644,CUST00005,PROD0018,2,18955.94,2025-01-12,,Cancelled,True,,37911.88
ORD003601,CUST00566,PROD0110,2,1192.79,2025-12-10,2025-12-13,Delivered,True,3.0,2385.58
ORD005650,CUST00089,PROD0052,5,1448.8,2025-09-07,,Cancelled,True,,7244.0
ORD001203,CUST00406,PROD0034,4,2546.45,2026-01-02,2026-01-13,Delivered,True,11.0,10185.8
ORD004018,CUST00052,PROD0053,2,379.38,2025-11-04,2025-11-06,Delivered,True,2.0,758.76
ORD001023,CUST00660,PROD0023,4,11903.15,2026-01-27,,Returned,True,,47612.6
ORD002863,CUST00780,PROD0138,1,3519.99,2025-10-09,2025-10-10,Delivered,True,1.0,3519.99
ORD000880,CUST00273,PROD0088,3,34407.7,2026-01-13,2026-01-14,Delivered,True,1.0,103223.09999999999
ORD004020,CUST00016,PROD0125,1,11796.3,2025-12-21,,Shipped,True,,11796.3
ORD000283,CUST00241,PROD0054,5,1632.64,2025-06-15,,Cancelled,True,,8163.200000000001
ORD005813,CUST00237,PROD0076,2,32834.68,2026-06-09,2026-06-17,Delivered,True,8.0,65669.36
ORD000423,CUST00360,PROD0098,5,648.17,2025-04-12,,Returned,True,,3240.85
ORD001951,CUST00386,PROD0104,2,1042.65,2025-08-12,,Processing,True,,2085.3
ORD002488,CUST00088,PROD0006,5,812.36,2025-08-31,2025-09-02,Delivered,True,2.0,4061.8
ORD001549,CUST00344,PROD0064,2,3664.82,2026-04-29,,Processing,True,,7329.64
ORD005013,CUST00746,PROD0117,3,430.76,2025-12-06,2025-12-13,Delivered,True,7.0,1292.28
ORD001680,CUST00418,PROD0089,3,16755.29,2025-09-12,,Returned,True,,50265.87
ORD003607,CUST00558,PROD0054,2,1632.64,2025-09-23,,Processing,True,,3265.28
ORD005989,CUST00103,PROD0035,2,4733.42,2025-08-28,2025-09-04,Delivered,True,7.0,9466.84
ORD004574,CUST00649,PROD0093,2,513.19,2025-06-26,2025-07-08,Delivered,True,12.0,1026.38
ORD005330,CUST00141,PROD0137,3,1360.59,2025-12-18,,Returned,True,,4081.7699999999995
ORD000002,CUST00359,PROD0018,4,18955.94,2026-05-27,,Shipped,True,,75823.76
ORD004630,CUST00294,PROD0106,2,3327.3,2025-06-05,2025-06-09,Delivered,True,4.0,6654.6
ORD004589,CUST00542,PROD0010,5,11743.74,2025-06-07,2025-06-11,Delivered,True,4.0,58718.7
ORD001692,CUST00586,PROD0127,2,919.23,2025-08-13,2025-08-21,Delivered,True,8.0,1838.46
ORD003856,CUST00160,PROD0070,1,10505.06,2026-06-22,2026-06-29,Delivered,True,7.0,10505.06
ORD000612,CUST00131,PROD0013,2,39659.48,2025-12-28,,Returned,True,,79318.96
ORD000013,CUST00563,PROD0082,1,503.97,2025-11-04,2025-11-05,Delivered,True,1.0,503.97
ORD002783,CUST00347,PROD0020,5,4298.98,2025-05-11,,Returned,True,,21494.899999999998
ORD005519,CUST00210,PROD0091,5,1751.39,2026-01-13,,Processing,True,,8756.95
ORD005309,CUST00334,PROD0108,2,4953.1,2025-09-22,2025-09-24,Delivered,True,2.0,9906.2
ORD000184,CUST00547,PROD0005,2,560.65,2025-08-18,,Delivered,True,,1121.3
ORD002769,CUST00634,PROD0044,1,1423.72,2025-03-05,,Processing,True,,1423.72
ORD003042,CUST00697,PROD0079,2,2916.61,2026-06-27,2026-07-05,Delivered,True,8.0,5833.22
ORD001219,CUST00388,PROD0146,3,9127.13,2026-01-18,2026-01-26,Delivered,True,8.0,27381.39
ORD000425,CUST00613,PROD0006,1,812.36,2025-09-11,,Shipped,True,,812.36
ORD005431,CUST00214,PROD0005,2,560.65,2025-04-11,,Returned,True,,1121.3
ORD001527,CUST00326,PROD0122,2,993.76,2026-03-24,2026-03-29,Delivered,True,5.0,1987.52
ORD001752,CUST00511,PROD0042,2,915.41,2026-07-15,2026-07-17,Delivered,True,2.0,1830.82
ORD002988,CUST00567,PROD0097,5,166.92,2025-06-06,2025-06-08,Delivered,True,2.0,834.5999999999999
ORD000199,CUST00185,PROD0024,3,1123.83,2025-12-17,2025-12-24,Delivered,True,7.0,3371.49
ORD000465,CUST00330,PROD0028,5,302.64,2026-06-26,,Returned,True,,1513.1999999999998
ORD003593,CUST00226,PROD0075,4,209.7,2025-10-22,,Returned,True,,838.8
ORD004809,CUST00760,PROD0039,3,5112.85,2025-11-15,2025-11-18,Delivered,True,3.0,15338.550000000001
ORD005306,CUST00313,PROD0129,4,17176.36,2026-03-16,2026-03-21,Delivered,True,5.0,68705.44
ORD001371,CUST00368,PROD0121,5,751.76,2026-06-17,,Processing,True,,3758.8
ORD004949,CUST00314,PROD0040,3,2990.7,2026-01-08,2026-01-14,Delivered,True,6.0,8972.099999999999
ORD003097,CUST00686,PROD0026,5,4912.92,2025-05-16,,Cancelled,True,,24564.6
ORD005788,CUST00577,PROD0037,5,1155.64,2025-05-01,,Returned,True,,5778.200000000001
ORD000813,CUST00228,PROD0021,1,156.01,2025-03-05,2025-03-13,Delivered,True,8.0,156.01
ORD000562,CUST00516,PROD0138,2,3519.99,2025-08-27,2025-09-08,Delivered,True,12.0,7039.98
ORD004796,CUST00166,PROD0059,3,685.94,2025-07-23,2025-08-04,Delivered,True,12.0,2057.82
ORD004252,CUST00615,PROD0089,4,16755.29,2025-12-06,2025-12-14,Delivered,True,8.0,67021.16
ORD000362,CUST00028,PROD0039,1,5112.85,2026-07-02,2026-07-04,Delivered,True,2.0,5112.85
ORD000521,CUST00520,PROD0072,4,263.08,2026-06-14,2026-06-18,Delivered,True,4.0,1052.32
ORD004952,CUST00055,PROD0051,1,1399.76,2025-10-17,2025-10-29,Delivered,True,12.0,1399.76
ORD005744,CUST00785,PROD0001,1,2002.86,2025-06-11,,Cancelled,True,,2002.86
ORD001589,CUST00103,PROD0077,5,2052.65,2025-08-04,2025-08-10,Delivered,True,6.0,10263.25
ORD004196,CUST00003,PROD0030,4,429.82,2025-07-08,,Cancelled,True,,1719.28
ORD004979,CUST00344,PROD0056,5,861.22,2025-12-09,2025-12-15,Delivered,True,6.0,4306.1
ORD000911,CUST00580,PROD0149,1,5764.99,2026-04-29,2026-05-06,Delivered,True,7.0,5764.99
ORD005062,CUST00235,PROD0052,1,1448.8,2026-01-25,,Cancelled,True,,1448.8
ORD001868,CUST00798,PROD0023,2,11903.15,2026-04-12,,Shipped,True,,23806.3
ORD000697,CUST00708,PROD0137,5,1360.59,2026-03-21,2026-03-30,Delivered,True,9.0,6802.95
ORD001558,CUST00016,PROD0131,4,6853.95,2026-03-15,2026-03-18,Delivered,True,3.0,27415.8
ORD004555,CUST00795,PROD0108,3,4953.1,2025-02-02,,Cancelled,True,,14859.300000000001
ORD003652,CUST00129,PROD0011,3,1483.6,2025-01-29,2025-02-04,Delivered,True,6.0,4450.799999999999
ORD001681,CUST00198,PROD0084,4,317.91,2025-09-27,2025-10-06,Delivered,True,9.0,1271.64
ORD002225,CUST00786,PROD0044,5,1423.72,2026-07-14,,Returned,True,,7118.6
ORD000703,CUST00352,PROD0141,2,22625.81,2025-02-13,2025-02-14,Delivered,True,1.0,45251.62
ORD003440,CUST00413,PROD0093,4,513.19,2025-11-11,,Cancelled,True,,2052.76
ORD003093,CUST00508,PROD0101,3,782.0,2025-05-18,2025-05-21,Delivered,True,3.0,2346.0
ORD003255,CUST00426,PROD0004,2,2001.32,2026-02-06,2026-02-16,Delivered,True,10.0,4002.64
ORD002016,CUST00481,PROD0086,3,1450.41,2025-09-02,,Cancelled,True,,4351.2300000000005
ORD005384,CUST00657,PROD0123,2,21424.68,2026-07-21,,Shipped,True,,42849.36
ORD003901,CUST00439,PROD0063,4,869.54,2026-07-27,,Cancelled,True,,3478.16
ORD001812,CUST00655,PROD0119,4,2603.43,2026-04-09,2026-04-21,Delivered,True,12.0,10413.72
ORD001579,CUST00341,PROD0026,5,4912.92,2025-02-22,2025-02-26,Delivered,True,4.0,24564.6
ORD001746,CUST00137,PROD0022,0,459.17,2025-09-05,,Processing,False,,0.0
ORD004957,CUST00589,PROD0124,4,2908.87,2026-03-01,2026-03-10,Delivered,True,9.0,11635.48
ORD004876,CUST00049,PROD0044,4,1423.72,2025-07-25,,Returned,True,,5694.88
ORD000934,CUST00363,PROD0119,1,2603.43,2025-03-16,,Returned,True,,2603.43
ORD003727,CUST00261,PROD0051,1,1399.76,2025-05-20,2025-05-27,Delivered,True,7.0,1399.76
ORD001986,CUST00167,PROD0132,1,305.28,2026-07-16,2026-07-19,Delivered,True,3.0,305.28
ORD001999,CUST00319,PROD0017,3,4701.06,2025-02-28,,Cancelled,True,,14103.18
ORD003028,CUST00551,PROD0141,0,22625.81,2025-10-25,2025-10-29,Delivered,False,4.0,0.0
ORD005525,CUST00412,PROD0059,5,685.94,2025-02-27,,Processing,True,,3429.7000000000003
ORD001117,CUST00611,PROD0079,3,2916.61,2026-05-06,2026-05-07,Delivered,True,1.0,8749.83
ORD004412,CUST00160,PROD0110,2,1192.79,2026-01-30,,Processing,True,,2385.58
ORD000654,CUST00279,PROD0090,3,955.06,2025-06-14,2025-06-23,Delivered,True,9.0,2865.18
ORD003038,CUST00190,PROD0095,3,6063.96,2026-03-09,,Returned,True,,18191.88
ORD005163,CUST00071,PROD0127,3,919.23,2025-08-07,,Shipped,True,,2757.69
ORD001326,CUST00714,PROD0086,1,1450.41,2025-05-23,,Processing,True,,1450.41
ORD002932,CUST00507,PROD0028,5,302.64,2025-04-24,2025-04-27,Delivered,True,3.0,1513.1999999999998
ORD003241,CUST00526,PROD0071,4,632.25,2025-10-21,2025-10-26,Delivered,True,5.0,2529.0
ORD000056,CUST00758,PROD0014,2,1289.47,2026-05-22,2026-05-26,Delivered,True,4.0,2578.94
ORD005331,CUST00080,PROD0096,2,32150.75,2025-10-24,2025-11-03,Delivered,True,10.0,64301.5
ORD005930,CUST00493,PROD0099,3,14295.1,2026-03-02,2026-03-13,Delivered,True,11.0,42885.3
ORD005502,CUST00435,PROD0046,2,51.86,2025-02-19,,Returned,True,,103.72
ORD005492,CUST00115,PROD0038,1,8563.39,2025-03-21,,Returned,True,,8563.39
ORD005885,CUST00057,PROD0121,4,751.76,2025-12-21,2025-12-25,Delivered,True,4.0,3007.04
ORD001036,CUST00756,PROD0035,0,4733.42,2026-07-20,,Processing,False,,0.0
ORD001920,CUST00609,PROD0131,4,6853.95,2025-06-11,,Shipped,True,,27415.8
ORD000528,CUST00352,PROD0065,2,9361.22,2025-10-15,,Shipped,True,,18722.44
ORD000752,CUST00787,PROD0146,2,9127.13,2025-08-05,,Shipped,True,,18254.26
ORD002256,CUST00439,PROD0027,3,331.1,2026-02-19,,Shipped,True,,993.3000000000001
ORD005017,CUST00677,PROD0001,3,2002.86,2026-04-19,2026-04-22,Delivered,True,3.0,6008.58
ORD000287,CUST00536,PROD0124,2,2908.87,2025-08-13,2025-08-23,Delivered,True,10.0,5817.74
ORD001312,CUST00270,PROD0099,4,14295.1,2025-03-07,,Shipped,True,,57180.4
ORD003480,CUST00091,PROD0063,3,869.54,2026-07-18,,Processing,True,,2608.62
ORD005155,CUST00004,PROD0062,1,25032.52,2026-03-19,,Shipped,True,,25032.52
ORD000368,CUST00347,PROD0009,2,390.58,2026-04-17,2026-04-25,Delivered,True,8.0,781.16
ORD005302,CUST00320,PROD0014,3,1289.47,2025-03-23,,Shipped,True,,3868.41
ORD000478,CUST00255,PROD0137,2,1360.59,2026-02-03,2026-02-08,Delivered,True,5.0,2721.18
ORD005364,CUST00638,PROD0047,4,26286.3,2026-02-21,2026-02-27,Delivered,True,6.0,105145.2
ORD003634,CUST00580,PROD0128,1,3825.7,2025-07-31,2025-08-06,Delivered,True,6.0,3825.7
ORD005608,CUST00332,PROD0117,3,430.76,2026-02-05,,Shipped,True,,1292.28
ORD001287,CUST00393,PROD0106,4,3327.3,2025-01-29,2025-02-05,Delivered,True,7.0,13309.2
ORD005539,CUST00213,PROD0110,3,1192.79,2025-06-15,,Cancelled,True,,3578.37
ORD004213,CUST00038,PROD0071,3,632.25,2025-09-12,2025-09-13,Delivered,True,1.0,1896.75
ORD004171,CUST00339,PROD0115,5,55563.32,2025-06-07,2025-06-14,Delivered,True,7.0,277816.6
ORD000617,CUST00244,PROD0104,4,1042.65,2025-05-29,,Processing,True,,4170.6
ORD004456,CUST00594,PROD0129,5,17176.36,2025-11-28,,Shipped,True,,85881.8
ORD005691,CUST00288,PROD0110,3,1192.79,2026-03-07,2026-03-18,Delivered,True,11.0,3578.37
ORD003425,CUST00004,PROD0043,1,2444.21,2026-06-10,,Cancelled,True,,2444.21
ORD002904,CUST00005,PROD0145,2,2463.88,2025-06-13,,Processing,True,,4927.76
ORD001858,CUST00055,PROD0119,1,2603.43,2025-08-24,,Shipped,True,,2603.43
ORD004950,CUST00386,PROD0116,4,8033.73,2026-04-03,2026-04-10,Delivered,True,7.0,32134.92
ORD004210,CUST00503,PROD0005,3,560.65,2025-11-24,2025-12-06,Delivered,True,12.0,1681.9499999999998
ORD003610,CUST00060,PROD0146,1,9127.13,2025-12-16,2025-12-17,Delivered,True,1.0,9127.13
ORD002703,CUST00461,PROD0075,2,209.7,2025-09-29,2025-10-10,Delivered,True,11.0,419.4
ORD004471,CUST00572,PROD0143,1,1730.89,2026-06-19,2026-07-01,Delivered,True,12.0,1730.89
ORD005960,CUST00655,PROD0080,3,4686.49,2025-01-27,,Delivered,True,,14059.47
ORD000072,CUST00561,PROD0108,2,4953.1,2025-11-26,,Cancelled,True,,9906.2
ORD000771,CUST00465,PROD0123,4,21424.68,2026-02-19,,Returned,True,,85698.72
ORD001654,CUST00076,PROD0039,5,5112.85,2026-06-28,2026-07-07,Delivered,True,9.0,25564.25
ORD002958,CUST00475,PROD0062,3,25032.52,2026-02-27,2026-03-07,Delivered,True,8.0,75097.56
ORD002202,CUST00035,PROD0101,4,782.0,2025-03-06,2025-03-13,Delivered,True,7.0,3128.0
ORD004156,CUST00763,PROD0020,3,4298.98,2025-06-11,,Processing,True,,12896.939999999999
ORD001937,CUST00090,PROD0028,4,302.64,2026-03-24,,Processing,True,,1210.56
ORD005034,CUST00277,PROD0096,1,32150.75,2025-12-30,2026-01-07,Delivered,True,8.0,32150.75
ORD002584,CUST00384,PROD0139,3,4171.69,2025-03-10,,Cancelled,True,,12515.07
ORD000189,CUST00158,PROD0078,4,12507.55,2025-04-14,,Shipped,True,,50030.2
ORD004821,CUST00307,PROD0091,4,1751.39,2025-11-16,2025-11-20,Delivered,True,4.0,7005.56
ORD001222,CUST00588,PROD0092,2,1419.85,2025-03-16,,Processing,True,,2839.7
ORD001749,CUST00348,PROD0090,4,955.06,2025-07-25,2025-08-01,Delivered,True,7.0,3820.24
ORD000595,CUST00437,PROD0150,1,2716.88,2026-04-11,2026-04-23,Delivered,True,12.0,2716.88
ORD004608,CUST00465,PROD0063,4,869.54,2025-12-10,2025-12-20,Delivered,True,10.0,3478.16
ORD000290,CUST00464,PROD0130,4,314.99,2025-06-03,2025-06-06,Delivered,True,3.0,1259.96
ORD003774,CUST00247,PROD0150,4,2716.88,2026-05-11,,Delivered,True,,10867.52
ORD000172,CUST00436,PROD0019,4,4410.8,2025-07-19,2025-07-30,Delivered,True,11.0,17643.2
ORD002774,CUST00541,PROD0111,2,42616.44,2026-04-14,2026-04-18,Delivered,True,4.0,85232.88
ORD000903,CUST00043,PROD0022,2,459.17,2025-03-28,,Returned,True,,918.34
ORD002429,CUST00015,PROD0116,4,8033.73,2026-05-05,,Returned,True,,32134.92
ORD003081,CUST00211,PROD0001,4,2002.86,2026-05-23,,Cancelled,True,,8011.44
ORD004498,CUST00180,PROD0148,4,985.06,2025-05-01,2025-05-02,Delivered,True,1.0,3940.24
ORD005449,CUST00250,PROD0005,2,560.65,2025-06-25,,Shipped,True,,1121.3
ORD001445,CUST00311,PROD0003,3,14338.6,2026-03-03,2026-03-11,Delivered,True,8.0,43015.8
ORD000633,CUST00760,PROD0144,4,4806.1,2025-08-18,2025-08-21,Delivered,True,3.0,19224.4
ORD000142,CUST00642,PROD0026,1,4912.92,2026-07-31,,Shipped,True,,4912.92
ORD003786,CUST00779,PROD0003,5,14338.6,2025-07-30,,Cancelled,True,,71693.0
ORD001236,CUST00612,PROD0095,5,6063.96,2025-01-06,,Shipped,True,,30319.8
ORD000239,CUST00605,PROD0078,4,12507.55,2026-07-18,2026-07-30,Delivered,True,12.0,50030.2
ORD002966,CUST00343,PROD0003,3,14338.6,2025-03-31,2025-04-09,Delivered,True,9.0,43015.8
ORD000666,CUST00547,PROD0032,2,1176.78,2026-03-11,,Shipped,True,,2353.56
ORD001800,CUST00395,PROD0048,4,56173.09,2025-10-22,2025-10-30,Delivered,True,8.0,224692.36
ORD002651,CUST00532,PROD0094,4,1211.97,2025-03-06,,Shipped,True,,4847.88
ORD000931,CUST00769,PROD0012,2,4952.6,2025-06-11,,Shipped,True,,9905.2
ORD002372,CUST00458,PROD0043,4,2444.21,2025-05-23,2025-05-31,Delivered,True,8.0,9776.84
ORD001644,CUST00738,PROD0099,1,14295.1,2025-07-22,2025-07-25,Delivered,True,3.0,14295.1
ORD001902,CUST00218,PROD0085,4,4763.96,2025-04-23,2025-04-27,Delivered,True,4.0,19055.84
ORD001803,CUST00623,PROD0059,2,685.94,2026-02-09,,Shipped,True,,1371.88
ORD002567,CUST00382,PROD0146,4,9127.13,2026-04-27,2026-05-04,Delivered,True,7.0,36508.52
ORD001925,CUST00034,PROD0126,3,8384.51,2026-06-30,2026-07-05,Delivered,True,5.0,25153.53
ORD004939,CUST00405,PROD0093,3,513.19,2025-12-27,2026-01-02,Delivered,True,6.0,1539.5700000000002
ORD000036,CUST00228,PROD0016,3,59834.55,2025-05-10,2025-05-13,Delivered,True,3.0,179503.65000000002
ORD004660,CUST00003,PROD0048,2,56173.09,2026-05-24,,Shipped,True,,112346.18
ORD000768,CUST00183,PROD0077,3,2052.65,2026-04-11,,Shipped,True,,6157.950000000001
ORD003422,CUST00219,PROD0121,3,751.76,2026-02-03,2026-02-09,Delivered,True,6.0,2255.2799999999997
ORD002390,CUST00691,PROD0012,5,4952.6,2026-03-08,,Shipped,True,,24763.0
ORD002333,CUST00627,PROD0055,5,70.6,2025-12-20,,Returned,True,,353.0
ORD000850,CUST00778,PROD0122,0,993.76,2025-01-10,,Cancelled,False,,0.0
ORD002377,CUST00605,PROD0131,1,6853.95,2025-03-14,,Cancelled,True,,6853.95
ORD003637,CUST00299,PROD0024,5,1123.83,2025-08-09,2025-08-20,Delivered,True,11.0,5619.15
ORD003643,CUST00510,PROD0055,3,70.6,2025-07-15,2025-07-20,Delivered,True,5.0,211.79999999999998
ORD004307,CUST00525,PROD0114,1,1292.66,2026-03-10,2026-03-15,Delivered,True,5.0,1292.66
ORD001185,CUST00398,PROD0078,3,12507.55,2026-05-30,,Returned,True,,37522.649999999994
ORD000601,CUST00153,PROD0149,2,5764.99,2025-08-19,,Processing,True,,11529.98
ORD000044,CUST00445,PROD0034,3,2546.45,2025-06-12,2025-06-23,Delivered,True,11.0,7639.349999999999
ORD001816,CUST00067,PROD0041,3,543.32,2026-07-17,2026-07-21,Delivered,True,4.0,1629.96
ORD005053,CUST00215,PROD0010,3,11743.74,2025-05-04,,Processing,True,,35231.22
ORD005724,CUST00724,PROD0100,4,7797.29,2025-08-29,,Cancelled,True,,31189.16
ORD003145,CUST00665,PROD0086,2,1450.41,2026-05-29,,Shipped,True,,2900.82
ORD003326,CUST00174,PROD0112,4,1969.23,2026-01-11,2026-01-18,Delivered,True,7.0,7876.92
ORD000247,CUST00651,PROD0138,5,3519.99,2025-01-08,2025-01-12,Delivered,True,4.0,17599.949999999997
ORD005715,CUST00290,PROD0081,4,4820.76,2025-10-27,2025-11-01,Delivered,True,5.0,19283.04
ORD004690,CUST00520,PROD0149,2,5764.99,2025-04-15,2025-04-19,Delivered,True,4.0,11529.98
ORD003069,CUST00369,PROD0003,1,14338.6,2025-10-26,2025-10-30,Delivered,True,4.0,14338.6
ORD001281,CUST00389,PROD0064,4,3664.82,2026-03-09,2026-03-14,Delivered,True,5.0,14659.28
ORD004117,CUST00709,PROD0062,4,25032.52,2026-01-30,,Shipped,True,,100130.08
ORD000461,CUST00653,PROD0042,3,915.41,2026-07-30,,Returned,True,,2746.23
ORD002609,CUST00251,PROD0096,5,32150.75,2026-01-26,,Shipped,True,,160753.75
ORD002183,CUST00424,PROD0147,4,4832.5,2025-10-31,,Returned,True,,19330.0
ORD001293,CUST00240,PROD0144,4,4806.1,2025-05-20,2025-05-25,Delivered,True,5.0,19224.4
ORD003599,CUST00253,PROD0019,5,4410.8,2025-03-03,2025-03-07,Delivered,True,4.0,22054.0
ORD000743,CUST00560,PROD0010,4,11743.74,2025-09-24,,Returned,True,,46974.96
ORD004943,CUST00037,PROD0031,2,2204.46,2025-08-11,,Returned,True,,4408.92
ORD005924,CUST00212,PROD0024,4,1123.83,2025-05-03,,Shipped,True,,4495.32
ORD005772,CUST00390,PROD0092,2,1419.85,2026-01-11,,Cancelled,True,,2839.7
ORD005981,CUST00746,PROD0123,4,21424.68,2026-05-10,2026-05-18,Delivered,True,8.0,85698.72
ORD002425,CUST00299,PROD0067,4,4271.55,2026-01-26,2026-02-02,Delivered,True,7.0,17086.2
ORD005238,CUST00133,PROD0063,4,869.54,2025-04-03,,Shipped,True,,3478.16
ORD003626,CUST00101,PROD0014,4,1289.47,2025-01-25,2025-02-05,Delivered,True,11.0,5157.88
ORD005682,CUST00643,PROD0044,3,1423.72,2026-04-29,,Cancelled,True,,4271.16
ORD003535,CUST00709,PROD0094,3,1211.97,2026-06-01,2026-06-04,Delivered,True,3.0,3635.91
ORD002259,CUST00784,PROD0057,3,1462.31,2026-06-27,,Processing,True,,4386.93
ORD005840,CUST00434,PROD0109,2,854.47,2025-04-25,,Shipped,True,,1708.94
ORD003228,CUST00355,PROD0008,5,545.71,2026-05-12,,Cancelled,True,,2728.55
ORD000895,CUST00503,PROD0049,5,191.03,2025-10-29,,Processing,True,,955.15
ORD002914,CUST00107,PROD0101,4,782.0,2025-05-19,,Processing,True,,3128.0
ORD005340,CUST00431,PROD0079,4,2916.61,2026-03-08,2026-03-15,Delivered,True,7.0,11666.44
ORD001132,CUST00343,PROD0093,5,513.19,2026-05-01,2026-05-02,Delivered,True,1.0,2565.9500000000003
ORD003732,CUST00432,PROD0096,2,32150.75,2025-09-18,2025-09-23,Delivered,True,5.0,64301.5
ORD004108,CUST00692,PROD0084,1,317.91,2026-05-07,,Processing,True,,317.91
ORD002717,CUST00201,PROD0095,2,6063.96,2025-02-27,2025-03-03,Delivered,True,4.0,12127.92
ORD003254,CUST00022,PROD0142,4,1821.04,2025-10-13,2025-10-24,Delivered,True,11.0,7284.16
ORD002431,CUST00325,PROD0046,3,51.86,2025-04-13,,Processing,True,,155.57999999999998
ORD000400,CUST00618,PROD0040,2,2990.7,2025-09-29,2025-10-03,Delivered,True,4.0,5981.4
ORD004625,CUST00048,PROD0070,4,10505.06,2025-12-26,2026-01-07,Delivered,True,12.0,42020.24
ORD003868,CUST00270,PROD0062,4,25032.52,2026-01-27,,Cancelled,True,,100130.08
ORD005544,CUST00784,PROD0140,3,899.29,2025-03-12,,Returned,True,,2697.87
ORD001576,CUST00501,PROD0047,2,26286.3,2025-08-22,2025-08-23,Delivered,True,1.0,52572.6
ORD000778,CUST00049,PROD0086,1,1450.41,2025-04-16,,Cancelled,True,,1450.41
ORD001903,CUST00469,PROD0002,4,2472.29,2025-06-30,2025-07-05,Delivered,True,5.0,9889.16
ORD004931,CUST00234,PROD0138,2,3519.99,2026-05-13,2026-05-22,Delivered,True,9.0,7039.98
ORD000671,CUST00762,PROD0046,4,51.86,2025-12-01,,Shipped,True,,207.44
ORD001779,CUST00638,PROD0011,2,1483.6,2026-01-26,,Cancelled,True,,2967.2
ORD000628,CUST00131,PROD0042,4,915.41,2026-03-01,2026-03-04,Delivered,True,3.0,3661.64
ORD001165,CUST00301,PROD0011,5,1483.6,2025-02-28,2025-03-03,Delivered,True,3.0,7418.0
ORD000823,CUST00319,PROD0147,3,4832.5,2026-04-09,,Cancelled,True,,14497.5
ORD000304,CUST00173,PROD0002,1,2472.29,2025-05-29,,Cancelled,True,,2472.29
ORD003964,CUST00136,PROD0111,2,42616.44,2025-11-09,,Shipped,True,,85232.88
ORD000978,CUST00168,PROD0079,4,2916.61,2025-04-02,,Processing,True,,11666.44
ORD000818,CUST00335,PROD0009,2,390.58,2026-07-27,2026-08-06,Delivered,True,10.0,781.16
ORD004881,CUST00764,PROD0010,2,11743.74,2025-09-17,,Processing,True,,23487.48
ORD005521,CUST00280,PROD0126,5,8384.51,2026-05-31,2026-06-01,Delivered,True,1.0,41922.55
ORD005990,CUST00763,PROD0096,2,32150.75,2026-01-13,,Returned,True,,64301.5
ORD004906,CUST00493,PROD0065,3,9361.22,2026-06-18,2026-06-30,Delivered,True,12.0,28083.659999999996
ORD002881,CUST00121,PROD0011,2,1483.6,2026-06-05,,Returned,True,,2967.2
ORD005917,CUST00174,PROD0115,4,55563.32,2026-05-25,2026-05-30,Delivered,True,5.0,222253.28
ORD004281,CUST00063,PROD0147,4,4832.5,2025-01-07,2025-01-08,Delivered,True,1.0,19330.0
ORD000754,CUST00294,PROD0103,3,11738.74,2025-07-02,,Cancelled,True,,35216.22
ORD002478,CUST00654,PROD0024,1,1123.83,2025-01-14,,Cancelled,True,,1123.83
ORD001892,CUST00658,PROD0011,4,1483.6,2025-02-02,,Processing,True,,5934.4
ORD003865,CUST00080,PROD0080,2,4686.49,2025-11-04,2025-11-15,Delivered,True,11.0,9372.98
ORD000680,CUST00189,PROD0127,5,919.23,2026-01-22,,Processing,True,,4596.15
ORD005949,CUST00059,PROD0091,4,1751.39,2025-03-29,,Cancelled,True,,7005.56
ORD004842,CUST00355,PROD0025,2,4203.28,2025-07-27,,Shipped,True,,8406.56
ORD001066,CUST00113,PROD0106,1,3327.3,2026-05-15,2026-05-26,Delivered,True,11.0,3327.3
ORD000929,CUST00758,PROD0117,3,430.76,2025-11-01,2025-11-08,Delivered,True,7.0,1292.28
ORD004189,CUST00674,PROD0013,2,39659.48,2025-10-04,2025-10-15,Delivered,True,11.0,79318.96
ORD002365,CUST00291,PROD0082,2,503.97,2025-02-13,2025-02-23,Delivered,True,10.0,1007.94
ORD002811,CUST00673,PROD0005,1,560.65,2026-06-28,2026-07-05,Delivered,True,7.0,560.65
ORD000863,CUST00068,PROD0032,5,1176.78,2026-04-23,,Processing,True,,5883.9
ORD004393,CUST00314,PROD0140,4,899.29,2025-03-11,2025-03-14,Delivered,True,3.0,3597.16
ORD000369,CUST00478,PROD0083,2,385.32,2025-02-13,2025-02-18,Delivered,True,5.0,770.64
ORD004665,CUST00114,PROD0005,2,560.65,2026-07-09,,Processing,True,,1121.3
ORD002698,CUST00176,PROD0143,4,1730.89,2025-03-22,2025-03-24,Delivered,True,2.0,6923.56
ORD004052,CUST00066,PROD0120,1,418.7,2025-09-15,,Returned,True,,418.7
ORD000445,CUST00361,PROD0011,2,1483.6,2026-06-16,,Cancelled,True,,2967.2
ORD003675,CUST00053,PROD0098,3,648.17,2025-07-20,2025-08-01,Delivered,True,12.0,1944.5099999999998
ORD002334,CUST00343,PROD0025,2,4203.28,2026-04-10,2026-04-15,Delivered,True,5.0,8406.56
ORD003478,CUST00397,PROD0111,4,42616.44,2025-07-17,2025-07-29,Delivered,True,12.0,170465.76
ORD003829,CUST00031,PROD0081,4,4820.76,2025-09-07,,Cancelled,True,,19283.04
ORD002933,CUST00426,PROD0104,3,1042.65,2026-07-03,,Shipped,True,,3127.9500000000003
ORD003969,CUST00173,PROD0034,2,2546.45,2025-09-14,2025-09-21,Delivered,True,7.0,5092.9
ORD000438,CUST00418,PROD0021,4,156.01,2025-05-18,,Returned,True,,624.04
ORD001653,CUST00274,PROD0050,2,3898.39,2025-08-16,2025-08-28,Delivered,True,12.0,7796.78
ORD004472,CUST00627,PROD0132,4,305.28,2026-05-13,,Processing,True,,1221.12
ORD005276,CUST00048,PROD0027,5,331.1,2025-05-08,2025-05-09,Delivered,True,1.0,1655.5
ORD000037,CUST00347,PROD0101,4,782.0,2025-05-26,,Shipped,True,,3128.0
ORD001811,CUST00496,PROD0091,4,1751.39,2026-04-22,,Processing,True,,7005.56
ORD001342,CUST00384,PROD0142,2,1821.04,2025-05-06,2025-05-07,Delivered,True,1.0,3642.08
ORD003463,CUST00271,PROD0051,1,1399.76,2026-02-18,2026-02-21,Delivered,True,3.0,1399.76
ORD005504,CUST00527,PROD0036,3,559.64,2026-02-19,2026-03-03,Delivered,True,12.0,1678.92
ORD004192,CUST00263,PROD0059,4,685.94,2026-03-02,,Shipped,True,,2743.76
ORD005853,CUST00767,PROD0146,3,9127.13,2026-03-05,2026-03-16,Delivered,True,11.0,27381.39
ORD000598,CUST00339,PROD0015,5,2263.06,2026-01-08,2026-01-15,Delivered,True,7.0,11315.3
ORD003764,CUST00021,PROD0127,1,919.23,2025-11-15,2025-11-27,Delivered,True,12.0,919.23
ORD002229,CUST00655,PROD0031,4,2204.46,2026-05-05,,Cancelled,True,,8817.84
ORD000032,CUST00597,PROD0023,4,11903.15,2025-05-01,2025-05-13,Delivered,True,12.0,47612.6
ORD005807,CUST00620,PROD0006,3,812.36,2025-03-04,,Processing,True,,2437.08
ORD004716,CUST00420,PROD0074,4,2124.57,2026-01-06,,Processing,True,,8498.28
ORD000760,CUST00079,PROD0011,5,1483.6,2025-12-16,2025-12-27,Delivered,True,11.0,7418.0
ORD000422,CUST00353,PROD0093,1,513.19,2025-01-20,,Cancelled,True,,513.19
ORD004350,CUST00344,PROD0014,2,1289.47,2025-12-31,2026-01-12,Delivered,True,12.0,2578.94
ORD002631,CUST00266,PROD0125,2,11796.3,2025-12-19,,Processing,True,,23592.6
ORD000114,CUST00604,PROD0147,4,4832.5,2025-02-03,,Processing,True,,19330.0
ORD005511,CUST00629,PROD0082,1,503.97,2025-05-23,,Delivered,True,,503.97
ORD000323,CUST00434,PROD0002,5,2472.29,2025-02-13,,Processing,True,,12361.45
ORD005687,CUST00680,PROD0133,5,1400.65,2025-05-30,2025-06-11,Delivered,True,12.0,7003.25
ORD003617,CUST00795,PROD0043,3,2444.21,2025-10-22,2025-10-23,Delivered,True,1.0,7332.63
ORD005128,CUST00560,PROD0111,3,42616.44,2025-10-24,,Cancelled,True,,127849.32
ORD000561,CUST00195,PROD0087,1,13732.01,2026-02-20,2026-03-03,Delivered,True,11.0,13732.01
ORD002617,CUST00687,PROD0141,4,22625.81,2025-04-05,,Shipped,True,,90503.24
ORD003197,CUST00458,PROD0072,3,263.08,2025-08-12,,Cancelled,True,,789.24
ORD003759,CUST00129,PROD0096,4,32150.75,2025-06-20,,Shipped,True,,128603.0
ORD005447,CUST00346,PROD0138,4,3519.99,2025-05-19,2025-05-22,Delivered,True,3.0,14079.96
ORD001131,CUST00415,PROD0108,5,4953.1,2025-08-13,,Delivered,True,,24765.5
ORD003846,CUST00630,PROD0067,1,4271.55,2025-08-01,,Shipped,True,,4271.55
ORD004199,CUST00017,PROD0058,2,4704.83,2025-12-04,,Shipped,True,,9409.66
ORD003505,CUST00669,PROD0007,4,40685.29,2026-07-18,2026-07-24,Delivered,True,6.0,162741.16
ORD002535,CUST00320,PROD0113,3,974.15,2025-02-14,2025-02-22,Delivered,True,8.0,2922.45
ORD001850,CUST00237,PROD0107,5,328.16,2025-03-11,,Delivered,True,,1640.8000000000002
ORD000567,CUST00280,PROD0012,5,4952.6,2025-06-27,2025-06-29,Delivered,True,2.0,24763.0
ORD000230,CUST00272,PROD0053,5,379.38,2025-02-03,,Returned,True,,1896.9
ORD004538,CUST00263,PROD0115,5,55563.32,2025-08-20,,Returned,True,,277816.6
ORD005246,CUST00360,PROD0130,1,314.99,2025-05-06,,Processing,True,,314.99
ORD002305,CUST00748,PROD0119,4,2603.43,2025-08-13,,Cancelled,True,,10413.72
ORD002086,CUST00710,PROD0029,3,901.03,2026-01-15,,Shipped,True,,2703.09
ORD004118,CUST00092,PROD0143,4,1730.89,2026-02-18,,Returned,True,,6923.56
ORD005709,CUST00789,PROD0062,1,25032.52,2025-09-25,2025-09-29,Delivered,True,4.0,25032.52
ORD001947,CUST00579,PROD0105,4,32176.55,2026-03-30,,Cancelled,True,,128706.2
ORD005490,CUST00171,PROD0056,2,861.22,2026-01-09,2026-01-14,Delivered,True,5.0,1722.44
ORD000196,CUST00267,PROD0026,2,4912.92,2025-02-10,,Processing,True,,9825.84
ORD005635,CUST00719,PROD0082,4,503.97,2026-05-07,,Cancelled,True,,2015.88
ORD005480,CUST00495,PROD0103,4,11738.74,2025-07-20,,Shipped,True,,46954.96
ORD003615,CUST00008,PROD0099,5,14295.1,2026-04-26,,Shipped,True,,71475.5
ORD002820,CUST00543,PROD0123,4,21424.68,2025-11-07,,Shipped,True,,85698.72
ORD001431,CUST00283,PROD0028,3,302.64,2025-12-07,2025-12-09,Delivered,True,2.0,907.92
ORD002941,CUST00392,PROD0115,1,55563.32,2026-06-01,2026-06-05,Delivered,True,4.0,55563.32
ORD003541,CUST00257,PROD0027,1,331.1,2025-01-04,,Cancelled,True,,331.1
ORD002694,CUST00164,PROD0038,5,8563.39,2025-08-17,2025-08-18,Delivered,True,1.0,42816.95
ORD004908,CUST00158,PROD0086,5,1450.41,2025-01-12,2025-01-13,Delivered,True,1.0,7252.05
ORD001051,CUST00346,PROD0129,3,17176.36,2025-10-10,2025-10-15,Delivered,True,5.0,51529.08
ORD003264,CUST00589,PROD0031,1,2204.46,2026-02-17,,Shipped,True,,2204.46
ORD000650,CUST00578,PROD0020,1,4298.98,2026-05-11,2026-05-15,Delivered,True,4.0,4298.98
ORD004202,CUST00222,PROD0006,2,812.36,2025-06-20,2025-07-02,Delivered,True,12.0,1624.72
ORD001998,CUST00405,PROD0103,4,11738.74,2025-12-06,2025-12-10,Delivered,True,4.0,46954.96
ORD003132,CUST00632,PROD0135,3,7336.91,2025-01-11,,Processing,True,,22010.73
ORD004782,CUST00541,PROD0074,4,2124.57,2026-02-20,2026-03-02,Delivered,True,10.0,8498.28
ORD000076,CUST00052,PROD0095,2,6063.96,2025-10-26,,Shipped,True,,12127.92
ORD001813,CUST00786,PROD0007,2,40685.29,2025-11-21,2025-11-28,Delivered,True,7.0,81370.58
ORD001033,CUST00419,PROD0076,5,32834.68,2026-04-01,,Returned,True,,164173.4
ORD002789,CUST00227,PROD0145,2,2463.88,2025-12-18,2025-12-28,Delivered,True,10.0,4927.76
ORD002070,CUST00654,PROD0064,5,3664.82,2025-05-08,,Shipped,True,,18324.100000000002
ORD002674,CUST00207,PROD0006,4,812.36,2025-09-08,,Processing,True,,3249.44
ORD001270,CUST00409,PROD0028,3,302.64,2026-07-12,2026-07-17,Delivered,True,5.0,907.92
ORD003085,CUST00800,PROD0147,1,4832.5,2025-08-19,2025-08-25,Delivered,True,6.0,4832.5
ORD002748,CUST00439,PROD0041,2,543.32,2025-10-20,2025-10-26,Delivered,True,6.0,1086.64
ORD005736,CUST00054,PROD0004,4,2001.32,2025-03-20,2025-03-31,Delivered,True,11.0,8005.28
ORD002496,CUST00458,PROD0094,3,1211.97,2025-05-16,,Processing,True,,3635.91
ORD003670,CUST00159,PROD0124,4,2908.87,2026-04-26,,Cancelled,True,,11635.48
ORD005913,CUST00497,PROD0033,5,5639.02,2025-11-01,2025-11-02,Delivered,True,1.0,28195.100000000002
ORD003703,CUST00622,PROD0052,5,1448.8,2026-04-04,,Shipped,True,,7244.0
ORD005184,CUST00588,PROD0015,3,2263.06,2026-01-03,,Processing,True,,6789.18
ORD000563,CUST00061,PROD0005,4,560.65,2025-02-16,2025-02-17,Delivered,True,1.0,2242.6
ORD005086,CUST00691,PROD0107,5,328.16,2025-04-27,2025-05-08,Delivered,True,11.0,1640.8000000000002
ORD002067,CUST00565,PROD0049,4,191.03,2026-07-15,2026-07-22,Delivered,True,7.0,764.12
ORD000458,CUST00362,PROD0021,5,156.01,2025-01-07,,Shipped,True,,780.05
ORD004469,CUST00663,PROD0068,2,1375.21,2026-07-25,2026-07-31,Delivered,True,6.0,2750.42
ORD000705,CUST00169,PROD0024,4,1123.83,2025-05-24,2025-06-03,Delivered,True,10.0,4495.32
ORD002813,CUST00312,PROD0032,1,1176.78,2025-08-25,,Shipped,True,,1176.78
ORD003528,CUST00474,PROD0111,2,42616.44,2026-02-02,,Cancelled,True,,85232.88
ORD001153,CUST00628,PROD0007,5,40685.29,2026-01-27,2026-02-01,Delivered,True,5.0,203426.45
ORD003684,CUST00773,PROD0146,1,9127.13,2025-09-16,2025-09-28,Delivered,True,12.0,9127.13
ORD002221,CUST00297,PROD0014,2,1289.47,2026-04-08,,Shipped,True,,2578.94
ORD000115,CUST00235,PROD0057,5,1462.31,2025-04-17,2025-04-23,Delivered,True,6.0,7311.549999999999
ORD001439,CUST00593,PROD0010,4,11743.74,2026-05-23,,Returned,True,,46974.96
ORD001704,CUST00759,PROD0078,3,12507.55,2025-08-27,,Cancelled,True,,37522.649999999994
ORD004286,CUST00060,PROD0022,2,459.17,2025-06-10,2025-06-18,Delivered,True,8.0,918.34
ORD001511,CUST00522,PROD0014,3,1289.47,2026-03-12,2026-03-22,Delivered,True,10.0,3868.41
ORD003013,CUST00116,PROD0011,4,1483.6,2026-03-06,2026-03-07,Delivered,True,1.0,5934.4
ORD004093,CUST00613,PROD0013,3,39659.48,2025-04-16,,Cancelled,True,,118978.44
ORD004858,CUST00579,PROD0058,5,4704.83,2025-04-19,,Shipped,True,,23524.15
ORD004959,CUST00317,PROD0014,3,1289.47,2025-07-25,,Returned,True,,3868.41
ORD004571,CUST00313,PROD0126,3,8384.51,2025-10-30,2025-10-31,Delivered,True,1.0,25153.53
ORD001596,CUST00718,PROD0076,3,32834.68,2025-01-25,,Cancelled,True,,98504.04000000001
ORD004265,CUST00675,PROD0132,5,305.28,2026-05-24,,Processing,True,,1526.3999999999999
ORD005243,CUST00709,PROD0101,2,782.0,2026-05-03,2026-05-11,Delivered,True,8.0,1564.0
ORD001026,CUST00429,PROD0112,3,1969.23,2025-05-09,,Processing,True,,5907.6900000000005
ORD001471,CUST00141,PROD0038,3,8563.39,2025-03-27,,Returned,True,,25690.17
ORD002615,CUST00698,PROD0027,1,331.1,2025-01-31,2025-02-08,Delivered,True,8.0,331.1
ORD005329,CUST00569,PROD0068,1,1375.21,2026-02-15,,Shipped,True,,1375.21
ORD002960,CUST00362,PROD0038,1,8563.39,2025-04-08,2025-04-13,Delivered,True,5.0,8563.39
ORD000343,CUST00094,PROD0075,3,209.7,2026-02-09,,Returned,True,,629.0999999999999
ORD002986,CUST00197,PROD0145,4,2463.88,2025-11-05,2025-11-09,Delivered,True,4.0,9855.52
ORD004308,CUST00160,PROD0024,3,1123.83,2025-10-21,2025-10-27,Delivered,True,6.0,3371.49
ORD002008,CUST00770,PROD0026,1,4912.92,2025-03-26,2025-03-30,Delivered,True,4.0,4912.92
ORD002160,CUST00147,PROD0063,4,869.54,2025-12-08,,Returned,True,,3478.16
ORD004653,CUST00767,PROD0084,4,317.91,2025-10-08,,Returned,True,,1271.64
ORD001215,CUST00517,PROD0076,4,32834.68,2026-05-23,,Cancelled,True,,131338.72
ORD000887,CUST00525,PROD0092,1,1419.85,2026-07-23,2026-07-28,Delivered,True,5.0,1419.85
ORD000656,CUST00414,PROD0138,1,3519.99,2025-04-12,,Returned,True,,3519.99
ORD001618,CUST00463,PROD0118,2,828.66,2025-12-30,2026-01-03,Delivered,True,4.0,1657.32
ORD002656,CUST00150,PROD0055,5,70.6,2025-11-25,,Returned,True,,353.0
ORD002850,CUST00721,PROD0088,2,34407.7,2025-04-08,,Cancelled,True,,68815.4
ORD000161,CUST00232,PROD0027,1,331.1,2026-06-08,,Shipped,True,,331.1
ORD002854,CUST00715,PROD0126,3,8384.51,2025-12-23,2026-01-01,Delivered,True,9.0,25153.53
ORD000516,CUST00140,PROD0109,5,854.47,2025-07-04,,Cancelled,True,,4272.35
ORD003216,CUST00542,PROD0040,5,2990.7,2026-07-16,2026-07-22,Delivered,True,6.0,14953.5
ORD002663,CUST00513,PROD0008,4,545.71,2025-12-14,,Returned,True,,2182.84
ORD000205,CUST00233,PROD0135,5,7336.91,2025-08-18,2025-08-25,Delivered,True,7.0,36684.55
ORD002427,CUST00214,PROD0089,2,16755.29,2025-02-24,,Cancelled,True,,33510.58
ORD001761,CUST00370,PROD0059,4,685.94,2025-05-09,,Processing,True,,2743.76
ORD002684,CUST00558,PROD0079,5,2916.61,2025-05-05,2025-05-15,Delivered,True,10.0,14583.050000000001
ORD001435,CUST00726,PROD0105,1,32176.55,2025-10-02,,Returned,True,,32176.55
ORD002493,CUST00073,PROD0048,1,56173.09,2025-04-09,2025-04-14,Delivered,True,5.0,56173.09
ORD004292,CUST00035,PROD0069,1,58378.98,2026-04-11,2026-04-15,Delivered,True,4.0,58378.98
ORD002455,CUST00572,PROD0068,4,1375.21,2025-02-24,2025-03-05,Delivered,True,9.0,5500.84
ORD001059,CUST00473,PROD0044,3,1423.72,2025-04-26,2025-05-05,Delivered,True,9.0,4271.16
ORD003648,CUST00532,PROD0027,4,331.1,2026-06-24,2026-07-02,Delivered,True,8.0,1324.4
ORD000825,CUST00663,PROD0116,4,8033.73,2025-06-02,2025-06-12,Delivered,True,10.0,32134.92
ORD004525,CUST00220,PROD0013,4,39659.48,2026-03-03,,Processing,True,,158637.92
ORD001047,CUST00513,PROD0047,3,26286.3,2026-06-29,,Cancelled,True,,78858.9
ORD002176,CUST00518,PROD0068,3,1375.21,2025-02-11,2025-02-16,Delivered,True,5.0,4125.63
ORD004212,CUST00106,PROD0064,5,3664.82,2025-04-11,2025-04-12,Delivered,True,1.0,18324.100000000002
ORD002984,CUST00335,PROD0120,1,418.7,2025-06-13,2025-06-24,Delivered,True,11.0,418.7
ORD005564,CUST00336,PROD0008,4,545.71,2025-01-24,,Cancelled,True,,2182.84
ORD002220,CUST00198,PROD0037,4,1155.64,2025-10-29,2025-10-31,Delivered,True,2.0,4622.56
ORD001313,CUST00722,PROD0010,1,11743.74,2026-03-29,2026-04-01,Delivered,True,3.0,11743.74
ORD003681,CUST00602,PROD0117,5,430.76,2025-07-28,,Processing,True,,2153.8
ORD003304,CUST00309,PROD0127,3,919.23,2026-07-27,,Cancelled,True,,2757.69
ORD000131,CUST00299,PROD0048,4,56173.09,2025-02-15,,Returned,True,,224692.36
ORD004128,CUST00266,PROD0122,4,993.76,2025-11-11,,Processing,True,,3975.04
ORD003474,CUST00270,PROD0094,2,1211.97,2026-06-14,2026-06-18,Delivered,True,4.0,2423.94
ORD001420,CUST00365,PROD0056,5,861.22,2025-09-12,2025-09-13,Delivered,True,1.0,4306.1
ORD001102,CUST00049,PROD0064,2,3664.82,2026-07-02,2026-07-13,Delivered,True,11.0,7329.64
ORD005279,CUST00253,PROD0050,3,3898.39,2025-07-26,,Shipped,True,,11695.17
ORD005673,CUST00496,PROD0146,2,9127.13,2026-04-04,2026-04-11,Delivered,True,7.0,18254.26
ORD004043,CUST00466,PROD0019,3,4410.8,2026-07-04,2026-07-07,Delivered,True,3.0,13232.400000000001
ORD004448,CUST00213,PROD0061,2,1083.6,2025-03-16,2025-03-26,Delivered,True,10.0,2167.2
ORD003309,CUST00238,PROD0035,2,4733.42,2026-02-19,,Shipped,True,,9466.84
ORD002702,CUST00753,PROD0035,1,4733.42,2025-09-12,,Shipped,True,,4733.42
ORD000767,CUST00271,PROD0047,4,26286.3,2025-02-16,,Cancelled,True,,105145.2
ORD004237,CUST00393,PROD0012,3,4952.6,2025-02-06,,Cancelled,True,,14857.800000000001
ORD002155,CUST00552,PROD0051,4,1399.76,2025-08-10,,Cancelled,True,,5599.04
ORD004332,CUST00442,PROD0097,5,166.92,2025-02-22,,Cancelled,True,,834.5999999999999
ORD001519,CUST00173,PROD0010,5,11743.74,2025-04-25,2025-05-04,Delivered,True,9.0,58718.7
ORD004297,CUST00672,PROD0090,4,955.06,2026-02-11,2026-02-22,Delivered,True,11.0,3820.24
ORD000918,CUST00221,PROD0147,4,4832.5,2026-01-26,,Cancelled,True,,19330.0
ORD002816,CUST00629,PROD0078,1,12507.55,2026-01-22,2026-01-24,Delivered,True,2.0,12507.55
ORD005569,CUST00296,PROD0149,4,5764.99,2025-09-13,2025-09-23,Delivered,True,10.0,23059.96
ORD003705,CUST00038,PROD0122,4,993.76,2025-12-31,2026-01-12,Delivered,True,12.0,3975.04
ORD005482,CUST00535,PROD0117,2,430.76,2026-07-25,,Processing,True,,861.52
ORD002825,CUST00527,PROD0018,4,18955.94,2025-08-31,2025-09-11,Delivered,True,11.0,75823.76
ORD004193,CUST00191,PROD0104,4,1042.65,2025-05-22,,Processing,True,,4170.6
ORD001773,CUST00042,PROD0022,1,459.17,2025-01-09,,Processing,True,,459.17
ORD004366,CUST00703,PROD0141,3,22625.81,2025-05-22,,Returned,True,,67877.43000000001
ORD004091,CUST00445,PROD0017,4,4701.06,2025-07-09,,Returned,True,,18804.24
ORD000257,CUST00791,PROD0096,1,32150.75,2026-07-21,,Delivered,True,,32150.75
ORD000804,CUST00584,PROD0053,5,379.38,2026-03-29,,Cancelled,True,,1896.9
ORD002386,CUST00389,PROD0059,1,685.94,2025-09-22,,Cancelled,True,,685.94
ORD000027,CUST00105,PROD0114,4,1292.66,2025-06-21,2025-06-25,Delivered,True,4.0,5170.64
ORD000984,CUST00417,PROD0113,5,974.15,2025-04-22,2025-04-24,Delivered,True,2.0,4870.75
ORD005616,CUST00101,PROD0042,5,915.41,2025-03-22,,Returned,True,,4577.05
ORD001585,CUST00613,PROD0129,3,17176.36,2026-03-27,,Delivered,True,,51529.08
ORD003077,CUST00283,PROD0110,1,1192.79,2025-05-09,,Cancelled,True,,1192.79
ORD003822,CUST00160,PROD0033,5,5639.02,2025-06-10,,Returned,True,,28195.100000000002
ORD002792,CUST00059,PROD0113,5,974.15,2026-02-10,,Delivered,True,,4870.75
ORD000246,CUST00743,PROD0012,3,4952.6,2025-07-17,2025-07-19,Delivered,True,2.0,14857.800000000001
ORD000551,CUST00506,PROD0100,3,7797.29,2025-06-05,,Cancelled,True,,23391.87
ORD005103,CUST00474,PROD0018,3,18955.94,2026-03-18,2026-03-26,Delivered,True,8.0,56867.81999999999
ORD004435,CUST00101,PROD0007,3,40685.29,2026-01-31,,Shipped,True,,122055.87
ORD003720,CUST00055,PROD0012,1,4952.6,2025-07-08,,Shipped,True,,4952.6
ORD004923,CUST00227,PROD0031,3,2204.46,2025-10-09,2025-10-20,Delivered,True,11.0,6613.38
ORD003961,CUST00447,PROD0016,3,59834.55,2025-10-31,,Returned,True,,179503.65000000002
ORD000964,CUST00319,PROD0021,3,156.01,2026-02-12,2026-02-20,Delivered,True,8.0,468.03
ORD000607,CUST00301,PROD0139,2,4171.69,2026-05-01,,Cancelled,True,,8343.38
ORD002642,CUST00531,PROD0040,2,2990.7,2025-06-15,2025-06-26,Delivered,True,11.0,5981.4
ORD002039,CUST00131,PROD0080,5,4686.49,2026-07-16,2026-07-18,Delivered,True,2.0,23432.449999999997
ORD003762,CUST00351,PROD0109,5,854.47,2025-08-28,,Cancelled,True,,4272.35
ORD004317,CUST00056,PROD0063,5,869.54,2025-06-07,,Cancelled,True,,4347.7
ORD005269,CUST00462,PROD0120,3,418.7,2025-01-13,,Shipped,True,,1256.1
ORD001611,CUST00488,PROD0148,3,985.06,2025-03-10,2025-03-19,Delivered,True,9.0,2955.18
ORD004408,CUST00152,PROD0061,5,1083.6,2026-04-24,2026-04-25,Delivered,True,1.0,5418.0
ORD004489,CUST00424,PROD0023,4,11903.15,2025-11-05,2025-11-11,Delivered,True,6.0,47612.6
ORD000505,CUST00423,PROD0098,3,648.17,2026-05-22,2026-05-24,Delivered,True,2.0,1944.5099999999998
ORD005271,CUST00760,PROD0090,5,955.06,2026-05-12,,Processing,True,,4775.299999999999
ORD003084,CUST00790,PROD0077,2,2052.65,2025-02-03,,Shipped,True,,4105.3
ORD002385,CUST00118,PROD0101,5,782.0,2026-05-04,,Delivered,True,,3910.0
ORD005350,CUST00680,PROD0091,1,1751.39,2026-06-19,,Shipped,True,,1751.39
ORD004107,CUST00409,PROD0022,1,459.17,2026-02-23,,Returned,True,,459.17
ORD003502,CUST00246,PROD0077,1,2052.65,2025-08-09,,Shipped,True,,2052.65
ORD002709,CUST00533,PROD0013,2,39659.48,2025-06-15,,Shipped,True,,79318.96
ORD005942,CUST00395,PROD0099,5,14295.1,2025-04-09,,Shipped,True,,71475.5
ORD000664,CUST00780,PROD0027,4,331.1,2026-03-25,2026-03-27,Delivered,True,2.0,1324.4
ORD000936,CUST00157,PROD0035,3,4733.42,2026-04-21,,Returned,True,,14200.26
ORD001189,CUST00223,PROD0073,4,34399.58,2025-10-18,2025-10-20,Delivered,True,2.0,137598.32
ORD003472,CUST00567,PROD0012,1,4952.6,2025-04-27,,Shipped,True,,4952.6
ORD003517,CUST00106,PROD0020,4,4298.98,2025-03-04,2025-03-12,Delivered,True,8.0,17195.92
ORD000537,CUST00707,PROD0091,4,1751.39,2025-10-07,,Shipped,True,,7005.56
ORD004727,CUST00423,PROD0094,5,1211.97,2025-04-21,,Shipped,True,,6059.85
ORD000475,CUST00723,PROD0138,3,3519.99,2026-04-19,2026-04-28,Delivered,True,9.0,10559.97
ORD004640,CUST00292,PROD0073,5,34399.58,2026-02-01,,Processing,True,,171997.90000000002
ORD001830,CUST00436,PROD0124,5,2908.87,2025-05-30,,Processing,True,,14544.349999999999
ORD004225,CUST00124,PROD0086,4,1450.41,2025-11-18,,Returned,True,,5801.64
ORD004905,CUST00096,PROD0103,1,11738.74,2025-08-12,2025-08-15,Delivered,True,3.0,11738.74
ORD001469,CUST00702,PROD0005,3,560.65,2025-11-21,,Processing,True,,1681.9499999999998
ORD003377,CUST00200,PROD0063,2,869.54,2025-06-22,2025-07-04,Delivered,True,12.0,1739.08
ORD002402,CUST00331,PROD0078,4,12507.55,2025-05-29,2025-06-08,Delivered,True,10.0,50030.2
ORD003054,CUST00406,PROD0022,3,459.17,2026-04-06,,Shipped,True,,1377.51
ORD000798,CUST00144,PROD0036,4,559.64,2026-02-28,,Returned,True,,2238.56
ORD004513,CUST00073,PROD0112,2,1969.23,2026-04-10,2026-04-22,Delivered,True,12.0,3938.46
ORD003416,CUST00261,PROD0094,4,1211.97,2025-06-14,2025-06-25,Delivered,True,11.0,4847.88
ORD001906,CUST00626,PROD0111,1,42616.44,2026-06-22,2026-06-29,Delivered,True,7.0,42616.44
ORD000060,CUST00756,PROD0011,1,1483.6,2026-02-12,,Shipped,True,,1483.6
ORD005550,CUST00159,PROD0049,2,191.03,2026-06-04,,Shipped,True,,382.06
ORD005363,CUST00420,PROD0080,5,4686.49,2025-04-20,,Returned,True,,23432.449999999997
ORD002276,CUST00330,PROD0084,5,317.91,2026-06-03,,Returned,True,,1589.5500000000002
ORD004504,CUST00057,PROD0079,4,2916.61,2025-01-06,2025-01-16,Delivered,True,10.0,11666.44
ORD002862,CUST00153,PROD0112,5,1969.23,2025-04-27,2025-05-07,Delivered,True,10.0,9846.15
ORD002057,CUST00455,PROD0024,2,1123.83,2026-06-22,2026-06-28,Delivered,True,6.0,2247.66
ORD004707,CUST00304,PROD0102,4,133.37,2026-03-21,,Cancelled,True,,533.48
ORD003484,CUST00322,PROD0077,1,2052.65,2025-09-30,,Processing,True,,2052.65
ORD000511,CUST00252,PROD0111,5,42616.44,2026-02-08,,Processing,True,,213082.2
ORD001917,CUST00308,PROD0106,3,3327.3,2025-08-19,,Cancelled,True,,9981.900000000001
ORD005642,CUST00738,PROD0136,4,18573.07,2026-07-02,,Returned,True,,74292.28
ORD003339,CUST00497,PROD0078,4,12507.55,2025-11-04,2025-11-10,Delivered,True,6.0,50030.2
ORD000216,CUST00604,PROD0028,1,302.64,2025-06-18,2025-06-30,Delivered,True,12.0,302.64
ORD003366,CUST00468,PROD0119,2,2603.43,2025-12-29,,Returned,True,,5206.86
ORD005033,CUST00201,PROD0139,3,4171.69,2026-01-25,2026-02-02,Delivered,True,8.0,12515.07
ORD003269,CUST00791,PROD0063,5,869.54,2025-10-06,,Returned,True,,4347.7
ORD003565,CUST00727,PROD0012,1,4952.6,2026-02-13,2026-02-21,Delivered,True,8.0,4952.6
ORD004368,CUST00475,PROD0054,4,1632.64,2025-12-01,2025-12-11,Delivered,True,10.0,6530.56
ORD004416,CUST00169,PROD0130,3,314.99,2026-04-07,2026-04-18,Delivered,True,11.0,944.97
ORD005001,CUST00699,PROD0011,5,1483.6,2025-03-21,2025-03-22,Delivered,True,1.0,7418.0
ORD005332,CUST00154,PROD0020,3,4298.98,2025-07-17,,Returned,True,,12896.939999999999
ORD001120,CUST00576,PROD0091,3,1751.39,2025-08-20,2025-08-28,Delivered,True,8.0,5254.17
ORD004011,CUST00071,PROD0029,5,901.03,2026-02-17,,Cancelled,True,,4505.15
ORD002128,CUST00338,PROD0074,5,2124.57,2025-02-13,,Cancelled,True,,10622.85
ORD005745,CUST00537,PROD0086,1,1450.41,2025-12-02,,Returned,True,,1450.41
ORD002418,CUST00011,PROD0013,1,39659.48,2025-11-05,,Shipped,True,,39659.48
ORD004645,CUST00314,PROD0105,2,32176.55,2026-07-19,2026-07-26,Delivered,True,7.0,64353.1
ORD001152,CUST00236,PROD0025,3,4203.28,2026-02-22,2026-03-03,Delivered,True,9.0,12609.84
ORD000406,CUST00220,PROD0145,2,2463.88,2025-12-01,2025-12-04,Delivered,True,3.0,4927.76
ORD003358,CUST00343,PROD0132,2,305.28,2025-11-22,2025-12-04,Delivered,True,12.0,610.56
ORD004397,CUST00642,PROD0085,4,4763.96,2026-02-26,,Returned,True,,19055.84
ORD000719,CUST00393,PROD0141,3,22625.81,2026-04-10,2026-04-21,Delivered,True,11.0,67877.43000000001
ORD003987,CUST00555,PROD0061,1,1083.6,2025-07-30,2025-08-06,Delivered,True,7.0,1083.6
ORD002799,CUST00029,PROD0043,5,2444.21,2026-02-08,,Processing,True,,12221.05
ORD004805,CUST00456,PROD0099,2,14295.1,2025-11-15,,Cancelled,True,,28590.2
ORD000592,CUST00241,PROD0026,4,4912.92,2026-05-23,2026-06-01,Delivered,True,9.0,19651.68
ORD000067,CUST00537,PROD0096,2,32150.75,2025-10-03,2025-10-09,Delivered,True,6.0,64301.5
ORD003055,CUST00790,PROD0003,3,14338.6,2025-07-16,,Processing,True,,43015.8
ORD004662,CUST00782,PROD0144,1,4806.1,2025-05-31,2025-06-03,Delivered,True,3.0,4806.1
ORD002339,CUST00400,PROD0114,1,1292.66,2026-03-18,2026-03-25,Delivered,True,7.0,1292.66
ORD004797,CUST00779,PROD0096,4,32150.75,2025-01-18,2025-01-23,Delivered,True,5.0,128603.0
ORD001587,CUST00315,PROD0114,3,1292.66,2026-07-06,2026-07-08,Delivered,True,2.0,3877.9800000000005
ORD002035,CUST00250,PROD0030,2,429.82,2026-02-03,,Processing,True,,859.64
ORD002950,CUST00554,PROD0137,5,1360.59,2026-04-16,,Delivered,True,,6802.95
ORD000410,CUST00682,PROD0034,2,2546.45,2026-05-08,2026-05-16,Delivered,True,8.0,5092.9
ORD001643,CUST00259,PROD0034,3,2546.45,2026-03-09,2026-03-19,Delivered,True,10.0,7639.349999999999
ORD004195,CUST00234,PROD0069,1,58378.98,2025-04-13,2025-04-21,Delivered,True,8.0,58378.98
ORD002268,CUST00281,PROD0028,3,302.64,2025-12-02,2025-12-06,Delivered,True,4.0,907.92
ORD004470,CUST00392,PROD0022,4,459.17,2025-01-19,2025-01-29,Delivered,True,10.0,1836.68
ORD003674,CUST00044,PROD0005,1,560.65,2026-01-11,2026-01-16,Delivered,True,5.0,560.65
ORD005292,CUST00429,PROD0048,1,56173.09,2025-06-08,2025-06-09,Delivered,True,1.0,56173.09
ORD004786,CUST00213,PROD0100,2,7797.29,2026-04-02,2026-04-04,Delivered,True,2.0,15594.58
ORD005467,CUST00611,PROD0066,1,4931.77,2026-04-04,2026-04-09,Delivered,True,5.0,4931.77
ORD002650,CUST00569,PROD0074,4,2124.57,2025-08-23,,Returned,True,,8498.28
ORD001343,CUST00626,PROD0113,4,974.15,2025-04-27,,Returned,True,,3896.6
ORD003592,CUST00346,PROD0120,5,418.7,2025-03-19,,Processing,True,,2093.5
ORD004269,CUST00562,PROD0120,4,418.7,2025-04-15,,Processing,True,,1674.8
ORD005954,CUST00240,PROD0140,4,899.29,2026-06-24,,Returned,True,,3597.16
ORD000180,CUST00717,PROD0080,2,4686.49,2025-04-16,,Shipped,True,,9372.98
ORD003371,CUST00199,PROD0005,4,560.65,2025-07-15,2025-07-16,Delivered,True,1.0,2242.6
ORD004656,CUST00558,PROD0001,4,2002.86,2025-05-04,,Cancelled,True,,8011.44
ORD001434,CUST00170,PROD0106,3,3327.3,2025-12-12,2025-12-18,Delivered,True,6.0,9981.900000000001
ORD003452,CUST00333,PROD0118,5,828.66,2026-06-14,,Processing,True,,4143.3
ORD003262,CUST00448,PROD0026,1,4912.92,2025-12-10,,Shipped,True,,4912.92
ORD001424,CUST00571,PROD0004,0,2001.32,2025-06-05,,Cancelled,False,,0.0
ORD005440,CUST00381,PROD0146,1,9127.13,2025-07-03,2025-07-05,Delivered,True,2.0,9127.13
ORD003435,CUST00117,PROD0069,5,58378.98,2026-07-12,2026-07-16,Delivered,True,4.0,291894.9
ORD001634,CUST00547,PROD0096,3,32150.75,2025-11-25,,Delivered,True,,96452.25
ORD005314,CUST00490,PROD0098,4,648.17,2025-01-08,,Processing,True,,2592.68
ORD004266,CUST00005,PROD0134,5,3036.32,2026-01-22,2026-01-28,Delivered,True,6.0,15181.6
ORD001352,CUST00068,PROD0022,2,459.17,2026-07-10,,Processing,True,,918.34
ORD002509,CUST00276,PROD0004,1,2001.32,2026-05-11,2026-05-20,Delivered,True,9.0,2001.32
ORD001840,CUST00758,PROD0083,4,385.32,2025-07-02,2025-07-13,Delivered,True,11.0,1541.28
ORD001331,CUST00473,PROD0005,5,560.65,2026-05-09,,Cancelled,True,,2803.25
ORD001959,CUST00292,PROD0116,2,8033.73,2025-10-28,,Cancelled,True,,16067.46
ORD005406,CUST00097,PROD0101,4,782.0,2025-11-13,2025-11-20,Delivered,True,7.0,3128.0
ORD000315,CUST00689,PROD0114,4,1292.66,2026-07-31,2026-08-06,Delivered,True,6.0,5170.64
ORD003020,CUST00291,PROD0112,5,1969.23,2025-05-02,,Processing,True,,9846.15
ORD003450,CUST00289,PROD0097,1,166.92,2026-01-18,,Shipped,True,,166.92
ORD004121,CUST00773,PROD0061,1,1083.6,2025-08-22,2025-08-27,Delivered,True,5.0,1083.6
ORD003579,CUST00571,PROD0036,5,559.64,2026-03-22,2026-04-03,Delivered,True,12.0,2798.2
ORD003722,CUST00159,PROD0119,1,2603.43,2025-08-27,2025-08-30,Delivered,True,3.0,2603.43
ORD002022,CUST00743,PROD0086,2,1450.41,2025-02-13,2025-02-22,Delivered,True,9.0,2900.82
ORD005260,CUST00740,PROD0080,5,4686.49,2025-12-15,2025-12-26,Delivered,True,11.0,23432.449999999997
ORD001597,CUST00574,PROD0084,5,317.91,2026-07-28,2026-08-07,Delivered,True,10.0,1589.5500000000002
ORD002906,CUST00561,PROD0080,1,4686.49,2025-05-28,,Shipped,True,,4686.49
ORD002238,CUST00138,PROD0059,5,685.94,2026-03-20,,Shipped,True,,3429.7000000000003
ORD001588,CUST00280,PROD0079,5,2916.61,2025-11-09,,Returned,True,,14583.050000000001
ORD005595,CUST00105,PROD0049,2,191.03,2025-05-15,,Processing,True,,382.06
ORD000970,CUST00406,PROD0096,4,32150.75,2026-05-17,2026-05-24,Delivered,True,7.0,128603.0
ORD004090,CUST00719,PROD0096,1,32150.75,2026-05-10,,Returned,True,,32150.75
ORD002807,CUST00777,PROD0100,4,7797.29,2025-04-15,,Processing,True,,31189.16
ORD004820,CUST00579,PROD0072,3,263.08,2025-12-31,,Cancelled,True,,789.24
ORD001178,CUST00254,PROD0042,4,915.41,2025-12-30,,Cancelled,True,,3661.64
ORD001254,CUST00419,PROD0111,1,42616.44,2025-02-21,2025-02-23,Delivered,True,2.0,42616.44
ORD005607,CUST00649,PROD0090,4,955.06,2026-04-27,,Processing,True,,3820.24
ORD001709,CUST00326,PROD0100,4,7797.29,2026-01-26,2026-02-01,Delivered,True,6.0,31189.16
ORD005721,CUST00478,PROD0013,5,39659.48,2025-10-18,,Shipped,True,,198297.40000000002
ORD002436,CUST00224,PROD0105,3,32176.55,2025-06-18,,Cancelled,True,,96529.65
ORD004263,CUST00608,PROD0058,1,4704.83,2026-05-19,2026-05-27,Delivered,True,8.0,4704.83
ORD001250,CUST00097,PROD0055,2,70.6,2026-02-11,,Cancelled,True,,141.2
ORD000434,CUST00184,PROD0031,2,2204.46,2025-11-22,2025-11-28,Delivered,True,6.0,4408.92
ORD005278,CUST00754,PROD0038,1,8563.39,2026-05-14,,Shipped,True,,8563.39
ORD003201,CUST00516,PROD0094,2,1211.97,2025-01-10,,Shipped,True,,2423.94
ORD001386,CUST00383,PROD0025,2,4203.28,2025-11-01,,Processing,True,,8406.56
ORD005933,CUST00538,PROD0149,1,5764.99,2025-11-23,,Processing,True,,5764.99
ORD001042,CUST00486,PROD0029,5,901.03,2026-02-21,,Processing,True,,4505.15
ORD000689,CUST00085,PROD0128,5,3825.7,2025-12-14,,Shipped,True,,19128.5
ORD001780,CUST00354,PROD0044,1,1423.72,2026-01-07,2026-01-15,Delivered,True,8.0,1423.72
ORD005649,CUST00783,PROD0123,1,21424.68,2025-11-22,,Cancelled,True,,21424.68
ORD002972,CUST00625,PROD0146,4,9127.13,2025-03-12,,Delivered,True,,36508.52
ORD004019,CUST00378,PROD0057,4,1462.31,2025-09-05,,Cancelled,True,,5849.24
ORD000262,CUST00743,PROD0085,3,4763.96,2025-05-12,2025-05-14,Delivered,True,2.0,14291.880000000001
ORD000350,CUST00058,PROD0122,4,993.76,2026-07-08,,Returned,True,,3975.04
ORD002765,CUST00486,PROD0056,1,861.22,2025-10-16,2025-10-18,Delivered,True,2.0,861.22
ORD005603,CUST00768,PROD0124,3,2908.87,2026-02-20,2026-02-22,Delivered,True,2.0,8726.61
ORD000168,CUST00484,PROD0092,5,1419.85,2025-11-04,2025-11-09,Delivered,True,5.0,7099.25
ORD001151,CUST00480,PROD0129,2,17176.36,2025-11-19,,Processing,True,,34352.72
ORD003157,CUST00500,PROD0100,2,7797.29,2026-02-18,2026-02-24,Delivered,True,6.0,15594.58
ORD005265,CUST00120,PROD0010,2,11743.74,2025-08-29,2025-09-04,Delivered,True,6.0,23487.48
ORD003139,CUST00354,PROD0108,1,4953.1,2026-03-09,,Shipped,True,,4953.1
ORD002387,CUST00798,PROD0091,4,1751.39,2025-02-15,2025-02-18,Delivered,True,3.0,7005.56
ORD004561,CUST00383,PROD0051,3,1399.76,2026-02-18,2026-02-21,Delivered,True,3.0,4199.28
ORD002588,CUST00675,PROD0022,5,459.17,2026-06-09,,Processing,True,,2295.85
ORD004376,CUST00799,PROD0029,4,901.03,2026-02-10,2026-02-17,Delivered,True,7.0,3604.12
ORD003814,CUST00486,PROD0108,2,4953.1,2026-03-02,,Returned,True,,9906.2
ORD005764,CUST00507,PROD0140,1,899.29,2025-07-17,2025-07-26,Delivered,True,9.0,899.29
ORD002294,CUST00419,PROD0023,4,11903.15,2025-07-01,,Processing,True,,47612.6
ORD002800,CUST00465,PROD0031,1,2204.46,2025-06-17,,Delivered,True,,2204.46
ORD003492,CUST00766,PROD0138,2,3519.99,2025-10-31,,Returned,True,,7039.98
ORD000284,CUST00454,PROD0063,1,869.54,2025-05-11,2025-05-14,Delivered,True,3.0,869.54
ORD002037,CUST00540,PROD0006,1,812.36,2025-05-13,2025-05-24,Delivered,True,11.0,812.36
ORD001404,CUST00007,PROD0054,2,1632.64,2025-02-09,,Shipped,True,,3265.28
ORD000517,CUST00573,PROD0116,4,8033.73,2025-12-30,2026-01-06,Delivered,True,7.0,32134.92
ORD002065,CUST00752,PROD0027,1,331.1,2026-04-27,2026-04-30,Delivered,True,3.0,331.1
ORD005325,CUST00024,PROD0060,5,7402.46,2026-03-19,2026-03-20,Delivered,True,1.0,37012.3
ORD004142,CUST00037,PROD0008,4,545.71,2025-09-22,2025-09-29,Delivered,True,7.0,2182.84
ORD000657,CUST00533,PROD0048,4,56173.09,2025-04-20,,Processing,True,,224692.36
ORD003807,CUST00452,PROD0035,4,4733.42,2026-01-26,2026-01-27,Delivered,True,1.0,18933.68
ORD002537,CUST00037,PROD0094,1,1211.97,2025-08-25,2025-08-26,Delivered,True,1.0,1211.97
ORD005947,CUST00510,PROD0093,4,513.19,2026-05-09,2026-05-21,Delivered,True,12.0,2052.76
ORD001798,CUST00213,PROD0060,2,7402.46,2025-02-21,,Cancelled,True,,14804.92
ORD002902,CUST00199,PROD0009,3,390.58,2026-04-07,2026-04-08,Delivered,True,1.0,1171.74
ORD001065,CUST00389,PROD0003,1,14338.6,2026-03-18,2026-03-20,Delivered,True,2.0,14338.6
ORD004249,CUST00672,PROD0090,5,955.06,2026-01-10,2026-01-15,Delivered,True,5.0,4775.299999999999
ORD000963,CUST00216,PROD0078,3,12507.55,2026-04-05,2026-04-10,Delivered,True,5.0,37522.649999999994
ORD003913,CUST00334,PROD0106,2,3327.3,2026-02-02,,Cancelled,True,,6654.6
ORD001571,CUST00429,PROD0098,1,648.17,2025-03-08,2025-03-13,Delivered,True,5.0,648.17
ORD001192,CUST00393,PROD0055,2,70.6,2026-04-11,,Cancelled,True,,141.2
ORD003061,CUST00729,PROD0126,4,8384.51,2025-05-04,2025-05-11,Delivered,True,7.0,33538.04
ORD004621,CUST00528,PROD0095,4,6063.96,2025-07-02,2025-07-14,Delivered,True,12.0,24255.84
ORD004535,CUST00546,PROD0124,5,2908.87,2026-02-03,,Cancelled,True,,14544.349999999999
ORD005896,CUST00195,PROD0099,5,14295.1,2025-09-08,2025-09-17,Delivered,True,9.0,71475.5
ORD001541,CUST00653,PROD0041,4,543.32,2026-07-18,,Processing,True,,2173.28
ORD003575,CUST00448,PROD0004,2,2001.32,2025-10-12,,Processing,True,,4002.64
ORD003823,CUST00396,PROD0133,2,1400.65,2025-01-21,2025-01-29,Delivered,True,8.0,2801.3
ORD004971,CUST00547,PROD0064,3,3664.82,2025-05-19,2025-05-24,Delivered,True,5.0,10994.460000000001
ORD003902,CUST00328,PROD0083,5,385.32,2025-12-26,2026-01-07,Delivered,True,12.0,1926.6
ORD004811,CUST00515,PROD0064,3,3664.82,2025-12-11,2025-12-20,Delivered,True,9.0,10994.460000000001
ORD003510,CUST00005,PROD0073,1,34399.58,2026-07-31,,Shipped,True,,34399.58
ORD002515,CUST00672,PROD0040,3,2990.7,2026-07-29,,Cancelled,True,,8972.099999999999
ORD005481,CUST00399,PROD0099,3,14295.1,2026-07-01,,Shipped,True,,42885.3
ORD005080,CUST00696,PROD0052,5,1448.8,2025-04-13,,Cancelled,True,,7244.0
ORD002681,CUST00690,PROD0075,5,209.7,2026-07-28,,Processing,True,,1048.5
ORD003413,CUST00189,PROD0106,4,3327.3,2025-10-28,2025-11-04,Delivered,True,7.0,13309.2
ORD001983,CUST00329,PROD0007,5,40685.29,2025-08-12,,Processing,True,,203426.45
ORD000807,CUST00478,PROD0134,3,3036.32,2025-06-13,2025-06-22,Delivered,True,9.0,9108.960000000001
ORD001269,CUST00097,PROD0093,2,513.19,2025-04-02,,Cancelled,True,,1026.38
ORD005460,CUST00785,PROD0061,2,1083.6,2025-01-12,2025-01-14,Delivered,True,2.0,2167.2
ORD000756,CUST00297,PROD0040,1,2990.7,2025-11-02,,Cancelled,True,,2990.7
ORD003043,CUST00558,PROD0078,5,12507.55,2025-11-29,,Delivered,True,,62537.75
ORD001171,CUST00371,PROD0010,5,11743.74,2025-06-09,2025-06-20,Delivered,True,11.0,58718.7
ORD003361,CUST00400,PROD0045,1,1228.68,2025-12-07,2025-12-08,Delivered,True,1.0,1228.68
ORD001889,CUST00660,PROD0019,1,4410.8,2025-09-17,2025-09-24,Delivered,True,7.0,4410.8
ORD005671,CUST00491,PROD0141,2,22625.81,2026-07-01,,Shipped,True,,45251.62
ORD000566,CUST00001,PROD0103,3,11738.74,2025-05-04,2025-05-10,Delivered,True,6.0,35216.22
ORD003647,CUST00089,PROD0141,3,22625.81,2025-02-06,2025-02-09,Delivered,True,3.0,67877.43000000001
ORD004965,CUST00475,PROD0142,2,1821.04,2025-03-22,2025-03-28,Delivered,True,6.0,3642.08
ORD001441,CUST00314,PROD0112,3,1969.23,2025-10-05,,Processing,True,,5907.6900000000005
ORD001849,CUST00623,PROD0102,1,133.37,2026-06-07,,Returned,True,,133.37
ORD001504,CUST00633,PROD0088,5,34407.7,2025-01-02,,Cancelled,True,,172038.5
ORD004534,CUST00223,PROD0134,4,3036.32,2025-10-28,,Returned,True,,12145.28
ORD001777,CUST00459,PROD0137,5,1360.59,2026-02-24,,Returned,True,,6802.95
ORD004173,CUST00011,PROD0025,3,4203.28,2025-02-15,,Cancelled,True,,12609.84
ORD004439,CUST00295,PROD0128,4,3825.7,2026-05-14,,Shipped,True,,15302.8
ORD002513,CUST00185,PROD0023,5,11903.15,2026-06-12,,Returned,True,,59515.75
ORD003497,CUST00690,PROD0109,4,854.47,2026-07-22,2026-07-29,Delivered,True,7.0,3417.88
ORD003631,CUST00637,PROD0039,1,5112.85,2025-02-20,,Shipped,True,,5112.85
ORD005195,CUST00491,PROD0022,1,459.17,2025-01-17,,Returned,True,,459.17
ORD005453,CUST00251,PROD0082,1,503.97,2026-06-25,,Processing,True,,503.97
ORD005386,CUST00708,PROD0056,2,861.22,2025-07-08,,Cancelled,True,,1722.44
ORD005802,CUST00540,PROD0050,4,3898.39,2026-02-22,,Processing,True,,15593.56
ORD002956,CUST00689,PROD0067,3,4271.55,2026-05-29,,Shipped,True,,12814.650000000001
ORD001958,CUST00259,PROD0059,1,685.94,2025-06-12,2025-06-17,Delivered,True,5.0,685.94
ORD001604,CUST00326,PROD0052,5,1448.8,2025-04-01,2025-04-07,Delivered,True,6.0,7244.0
ORD005087,CUST00299,PROD0115,3,55563.32,2025-08-04,,Shipped,True,,166689.96
ORD001637,CUST00294,PROD0108,1,4953.1,2025-04-26,,Returned,True,,4953.1
ORD004658,CUST00223,PROD0021,1,156.01,2026-06-01,2026-06-11,Delivered,True,10.0,156.01
ORD004933,CUST00455,PROD0093,3,513.19,2026-04-24,2026-04-30,Delivered,True,6.0,1539.5700000000002
ORD002292,CUST00711,PROD0126,2,8384.51,2025-07-28,,Returned,True,,16769.02
ORD004947,CUST00435,PROD0107,4,328.16,2025-09-29,,Cancelled,True,,1312.64
ORD004443,CUST00283,PROD0005,2,560.65,2025-07-08,2025-07-18,Delivered,True,10.0,1121.3
ORD004553,CUST00410,PROD0137,4,1360.59,2026-03-25,2026-04-05,Delivered,True,11.0,5442.36
ORD002310,CUST00184,PROD0029,2,901.03,2026-05-18,2026-05-28,Delivered,True,10.0,1802.06
ORD005868,CUST00459,PROD0130,1,314.99,2025-11-27,2025-12-07,Delivered,True,10.0,314.99
ORD002742,CUST00399,PROD0130,3,314.99,2025-03-15,,Processing,True,,944.97
ORD000678,CUST00415,PROD0100,4,7797.29,2025-04-23,,Returned,True,,31189.16
ORD003056,CUST00228,PROD0116,1,8033.73,2026-05-01,,Returned,True,,8033.73
ORD001161,CUST00152,PROD0122,3,993.76,2026-03-29,2026-03-31,Delivered,True,2.0,2981.2799999999997
ORD005906,CUST00381,PROD0040,2,2990.7,2025-01-21,2025-01-22,Delivered,True,1.0,5981.4
ORD002713,CUST00326,PROD0028,2,302.64,2025-07-29,2025-07-30,Delivered,True,1.0,605.28
ORD000401,CUST00781,PROD0024,5,1123.83,2026-02-14,2026-02-26,Delivered,True,12.0,5619.15
ORD000540,CUST00785,PROD0003,1,14338.6,2025-03-11,,Cancelled,True,,14338.6
ORD004013,CUST00083,PROD0050,1,3898.39,2025-03-29,,Returned,True,,3898.39
ORD005299,CUST00166,PROD0138,3,3519.99,2026-03-31,2026-04-12,Delivered,True,12.0,10559.97
ORD002990,CUST00718,PROD0148,2,985.06,2025-01-18,,Shipped,True,,1970.12
ORD004374,CUST00077,PROD0037,3,1155.64,2025-07-22,,Processing,True,,3466.92
ORD005125,CUST00490,PROD0087,2,13732.01,2025-10-27,2025-10-31,Delivered,True,4.0,27464.02
ORD002404,CUST00059,PROD0121,4,751.76,2025-03-08,2025-03-20,Delivered,True,12.0,3007.04
ORD004515,CUST00331,PROD0136,3,18573.07,2025-10-29,2025-11-05,Delivered,True,7.0,55719.21
ORD005096,CUST00469,PROD0147,5,4832.5,2025-03-20,,Returned,True,,24162.5
ORD005284,CUST00225,PROD0149,4,5764.99,2026-07-05,,Processing,True,,23059.96
ORD004467,CUST00751,PROD0103,4,11738.74,2025-11-09,,Processing,True,,46954.96
ORD002001,CUST00679,PROD0031,3,2204.46,2025-08-30,,Returned,True,,6613.38
ORD004150,CUST00378,PROD0008,4,545.71,2026-07-25,,Returned,True,,2182.84
ORD005390,CUST00621,PROD0128,4,3825.7,2026-01-31,,Processing,True,,15302.8
ORD005488,CUST00504,PROD0051,3,1399.76,2025-12-18,,Cancelled,True,,4199.28
ORD001982,CUST00006,PROD0003,1,14338.6,2025-05-30,,Shipped,True,,14338.6
ORD004021,CUST00151,PROD0107,1,328.16,2025-12-20,,Delivered,True,,328.16
ORD004440,CUST00531,PROD0060,2,7402.46,2026-05-15,2026-05-25,Delivered,True,10.0,14804.92
ORD005410,CUST00006,PROD0147,4,4832.5,2025-07-08,,Cancelled,True,,19330.0
ORD002834,CUST00459,PROD0092,5,1419.85,2025-11-04,,Returned,True,,7099.25
ORD002696,CUST00378,PROD0101,3,782.0,2026-06-26,,Cancelled,True,,2346.0
ORD002607,CUST00299,PROD0006,5,812.36,2025-01-09,,Processing,True,,4061.8
ORD000952,CUST00312,PROD0082,4,503.97,2025-03-11,2025-03-21,Delivered,True,10.0,2015.88
ORD001305,CUST00158,PROD0041,3,543.32,2026-05-28,2026-06-03,Delivered,True,6.0,1629.96
ORD003696,CUST00018,PROD0059,1,685.94,2025-09-26,,Returned,True,,685.94
ORD003864,CUST00327,PROD0050,5,3898.39,2026-07-07,2026-07-11,Delivered,True,4.0,19491.95
ORD003100,CUST00550,PROD0039,5,5112.85,2026-02-13,,Cancelled,True,,25564.25
ORD005237,CUST00143,PROD0040,4,2990.7,2026-07-25,,Processing,True,,11962.8
ORD004022,CUST00683,PROD0125,3,11796.3,2026-02-17,2026-02-25,Delivered,True,8.0,35388.899999999994
ORD002153,CUST00114,PROD0057,2,1462.31,2025-04-15,2025-04-27,Delivered,True,12.0,2924.62
ORD002330,CUST00091,PROD0135,2,7336.91,2025-12-12,,Processing,True,,14673.82
ORD002239,CUST00483,PROD0075,2,209.7,2025-11-02,,Processing,True,,419.4
ORD001524,CUST00172,PROD0078,4,12507.55,2026-02-15,2026-02-27,Delivered,True,12.0,50030.2
ORD000413,CUST00242,PROD0094,3,1211.97,2025-07-15,,Processing,True,,3635.91
ORD003083,CUST00465,PROD0012,2,4952.6,2025-07-10,,Processing,True,,9905.2
ORD004599,CUST00201,PROD0129,1,17176.36,2025-04-06,2025-04-12,Delivered,True,6.0,17176.36
ORD002897,CUST00126,PROD0121,4,751.76,2026-01-03,2026-01-15,Delivered,True,12.0,3007.04
ORD005222,CUST00487,PROD0081,1,4820.76,2026-05-25,2026-06-04,Delivered,True,10.0,4820.76
ORD000312,CUST00245,PROD0071,2,632.25,2025-07-19,,Cancelled,True,,1264.5
ORD000638,CUST00330,PROD0038,3,8563.39,2026-04-18,,Processing,True,,25690.17
ORD003630,CUST00484,PROD0036,5,559.64,2026-03-13,2026-03-15,Delivered,True,2.0,2798.2
ORD000005,CUST00070,PROD0010,3,11743.74,2026-07-04,2026-07-06,Delivered,True,2.0,35231.22
ORD002093,CUST00073,PROD0145,5,2463.88,2026-01-01,,Cancelled,True,,12319.400000000001
ORD003624,CUST00493,PROD0141,1,22625.81,2025-10-21,,Returned,True,,22625.81
ORD001782,CUST00046,PROD0046,2,51.86,2025-11-04,2025-11-06,Delivered,True,2.0,103.72
ORD001391,CUST00068,PROD0125,4,11796.3,2025-08-18,,Shipped,True,,47185.2
ORD002879,CUST00692,PROD0150,4,2716.88,2025-07-10,,Processing,True,,10867.52
ORD004872,CUST00569,PROD0088,4,34407.7,2026-06-05,,Cancelled,True,,137630.8
ORD005983,CUST00277,PROD0095,4,6063.96,2025-03-16,2025-03-25,Delivered,True,9.0,24255.84
ORD003150,CUST00116,PROD0129,3,17176.36,2025-11-17,,Shipped,True,,51529.08
ORD004927,CUST00396,PROD0009,5,390.58,2025-09-01,,Processing,True,,1952.8999999999999
ORD005058,CUST00002,PROD0128,3,3825.7,2026-06-06,,Shipped,True,,11477.099999999999
ORD003683,CUST00104,PROD0048,1,56173.09,2025-10-18,,Cancelled,True,,56173.09
ORD001193,CUST00722,PROD0051,4,1399.76,2025-05-08,,Returned,True,,5599.04
ORD001184,CUST00390,PROD0049,5,191.03,2025-01-15,,Processing,True,,955.15
ORD000986,CUST00099,PROD0026,1,4912.92,2025-03-04,2025-03-15,Delivered,True,11.0,4912.92
ORD005592,CUST00081,PROD0145,2,2463.88,2026-03-07,,Cancelled,True,,4927.76
ORD005773,CUST00062,PROD0134,5,3036.32,2025-12-21,2025-12-31,Delivered,True,10.0,15181.6
ORD001891,CUST00313,PROD0054,3,1632.64,2026-03-15,,Returned,True,,4897.92
ORD003338,CUST00369,PROD0116,4,8033.73,2025-06-17,2025-06-27,Delivered,True,10.0,32134.92
ORD005781,CUST00177,PROD0006,3,812.36,2025-04-23,,Processing,True,,2437.08
ORD001032,CUST00169,PROD0140,2,899.29,2026-03-10,2026-03-14,Delivered,True,4.0,1798.58
ORD000727,CUST00035,PROD0067,2,4271.55,2025-04-02,2025-04-12,Delivered,True,10.0,8543.1
ORD005572,CUST00578,PROD0042,3,915.41,2026-07-14,,Shipped,True,,2746.23
ORD005048,CUST00023,PROD0135,4,7336.91,2026-04-22,,Returned,True,,29347.64
ORD001375,CUST00395,PROD0059,4,685.94,2026-03-05,2026-03-14,Delivered,True,9.0,2743.76
ORD004486,CUST00079,PROD0049,2,191.03,2026-04-15,2026-04-23,Delivered,True,8.0,382.06
ORD000007,CUST00153,PROD0085,4,4763.96,2025-04-19,2025-04-24,Delivered,True,5.0,19055.84
ORD001525,CUST00134,PROD0021,4,156.01,2025-04-30,,Shipped,True,,624.04
ORD002049,CUST00534,PROD0001,5,2002.86,2025-12-30,,Processing,True,,10014.3
ORD005845,CUST00081,PROD0143,5,1730.89,2025-09-15,,Returned,True,,8654.45
ORD001745,CUST00241,PROD0028,1,302.64,2025-08-23,,Cancelled,True,,302.64
ORD003998,CUST00755,PROD0137,2,1360.59,2025-06-12,2025-06-24,Delivered,True,12.0,2721.18
ORD000535,CUST00077,PROD0100,4,7797.29,2025-09-26,,Cancelled,True,,31189.16
ORD004040,CUST00798,PROD0089,2,16755.29,2026-01-04,,Returned,True,,33510.58
ORD002957,CUST00628,PROD0005,2,560.65,2025-09-24,2025-09-30,Delivered,True,6.0,1121.3
ORD005082,CUST00398,PROD0103,0,11738.74,2025-10-06,,Shipped,False,,0.0
ORD002771,CUST00649,PROD0025,1,4203.28,2025-11-26,2025-12-02,Delivered,True,6.0,4203.28
ORD000658,CUST00473,PROD0109,2,854.47,2026-06-11,,Cancelled,True,,1708.94
ORD002398,CUST00104,PROD0077,1,2052.65,2025-08-08,2025-08-14,Delivered,True,6.0,2052.65
ORD001668,CUST00743,PROD0075,2,209.7,2026-06-20,2026-07-02,Delivered,True,12.0,419.4
ORD001919,CUST00646,PROD0101,4,782.0,2025-08-19,,Returned,True,,3128.0
ORD001649,CUST00545,PROD0025,3,4203.28,2026-06-16,2026-06-22,Delivered,True,6.0,12609.84
ORD000620,CUST00026,PROD0029,4,901.03,2025-02-11,,Delivered,True,,3604.12
ORD001537,CUST00741,PROD0075,3,209.7,2026-04-08,2026-04-11,Delivered,True,3.0,629.0999999999999
ORD001976,CUST00083,PROD0063,2,869.54,2025-01-17,,Returned,True,,1739.08
ORD002817,CUST00717,PROD0112,4,1969.23,2025-05-21,,Cancelled,True,,7876.92
ORD001496,CUST00083,PROD0043,4,2444.21,2025-01-01,2025-01-05,Delivered,True,4.0,9776.84
ORD002901,CUST00458,PROD0043,1,2444.21,2025-09-26,2025-09-30,Delivered,True,4.0,2444.21
ORD003627,CUST00768,PROD0024,3,1123.83,2026-04-09,2026-04-13,Delivered,True,4.0,3371.49
ORD005500,CUST00176,PROD0016,4,59834.55,2025-11-20,,Shipped,True,,239338.2
ORD003860,CUST00133,PROD0008,2,545.71,2025-10-14,,Processing,True,,1091.42
ORD002511,CUST00365,PROD0143,5,1730.89,2025-08-07,,Processing,True,,8654.45
ORD003195,CUST00557,PROD0004,5,2001.32,2025-02-03,2025-02-04,Delivered,True,1.0,10006.6
ORD003808,CUST00607,PROD0054,4,1632.64,2025-04-11,,Returned,True,,6530.56
ORD005943,CUST00497,PROD0141,2,22625.81,2026-05-05,2026-05-16,Delivered,True,11.0,45251.62
ORD003079,CUST00618,PROD0053,5,379.38,2026-05-16,,Processing,True,,1896.9
ORD003128,CUST00768,PROD0042,3,915.41,2026-04-20,2026-04-30,Delivered,True,10.0,2746.23
ORD000185,CUST00111,PROD0044,1,1423.72,2026-01-11,2026-01-18,Delivered,True,7.0,1423.72
ORD003190,CUST00291,PROD0117,2,430.76,2026-02-16,2026-02-26,Delivered,True,10.0,861.52
ORD004550,CUST00154,PROD0098,5,648.17,2025-01-11,,Shipped,True,,3240.85
ORD005677,CUST00523,PROD0104,4,1042.65,2026-05-21,2026-06-02,Delivered,True,12.0,4170.6
ORD000977,CUST00204,PROD0065,3,9361.22,2026-05-28,,Cancelled,True,,28083.659999999996
ORD003870,CUST00581,PROD0060,5,7402.46,2026-01-28,,Shipped,True,,37012.3
ORD002705,CUST00426,PROD0008,1,545.71,2026-07-20,,Processing,True,,545.71
ORD003797,CUST00236,PROD0021,3,156.01,2025-04-13,,Returned,True,,468.03
ORD005857,CUST00232,PROD0083,5,385.32,2025-03-18,,Cancelled,True,,1926.6
ORD000744,CUST00744,PROD0030,4,429.82,2025-02-11,,Processing,True,,1719.28
ORD004747,CUST00500,PROD0140,4,899.29,2026-02-15,2026-02-19,Delivered,True,4.0,3597.16
ORD001718,CUST00277,PROD0008,5,545.71,2025-02-09,2025-02-14,Delivered,True,5.0,2728.55
ORD004783,CUST00108,PROD0012,1,4952.6,2026-02-05,,Returned,True,,4952.6
ORD005079,CUST00089,PROD0091,4,1751.39,2025-07-10,,Shipped,True,,7005.56
ORD005600,CUST00501,PROD0051,1,1399.76,2026-03-12,2026-03-18,Delivered,True,6.0,1399.76
ORD004924,CUST00611,PROD0007,1,40685.29,2025-05-30,,Processing,True,,40685.29
ORD004605,CUST00291,PROD0071,1,632.25,2026-07-27,2026-07-31,Delivered,True,4.0,632.25
ORD004697,CUST00747,PROD0135,3,7336.91,2025-04-27,,Cancelled,True,,22010.73
ORD001491,CUST00402,PROD0065,3,9361.22,2025-12-12,,Cancelled,True,,28083.659999999996
ORD005533,CUST00466,PROD0087,2,13732.01,2025-10-11,2025-10-19,Delivered,True,8.0,27464.02
ORD001419,CUST00224,PROD0059,3,685.94,2025-06-15,,Processing,True,,2057.82
ORD000833,CUST00614,PROD0024,1,1123.83,2025-04-12,2025-04-17,Delivered,True,5.0,1123.83
ORD001928,CUST00736,PROD0086,5,1450.41,2026-02-26,,Shipped,True,,7252.05
ORD005321,CUST00169,PROD0016,3,59834.55,2026-07-05,,Returned,True,,179503.65000000002
ORD002068,CUST00648,PROD0100,2,7797.29,2026-06-25,,Processing,True,,15594.58
ORD002510,CUST00478,PROD0144,3,4806.1,2025-10-28,2025-11-07,Delivered,True,10.0,14418.300000000001
ORD005147,CUST00713,PROD0103,3,11738.74,2025-01-11,2025-01-16,Delivered,True,5.0,35216.22
ORD002512,CUST00500,PROD0066,3,4931.77,2026-04-29,,Cancelled,True,,14795.310000000001
ORD000265,CUST00340,PROD0110,2,1192.79,2025-01-05,2025-01-09,Delivered,True,4.0,2385.58
ORD004689,CUST00324,PROD0057,4,1462.31,2025-06-30,,Processing,True,,5849.24
ORD002572,CUST00625,PROD0059,2,685.94,2025-06-09,,Shipped,True,,1371.88
ORD002224,CUST00780,PROD0138,2,3519.99,2025-04-15,2025-04-20,Delivered,True,5.0,7039.98
ORD004084,CUST00178,PROD0067,4,4271.55,2025-05-18,2025-05-20,Delivered,True,2.0,17086.2
ORD001570,CUST00464,PROD0096,4,32150.75,2026-05-12,2026-05-21,Delivered,True,9.0,128603.0
ORD002101,CUST00746,PROD0138,2,3519.99,2025-02-15,,Shipped,True,,7039.98
ORD003433,CUST00105,PROD0106,4,3327.3,2025-03-21,2025-03-27,Delivered,True,6.0,13309.2
ORD004130,CUST00140,PROD0039,2,5112.85,2026-02-01,2026-02-06,Delivered,True,5.0,10225.7
ORD001258,CUST00788,PROD0074,1,2124.57,2025-04-07,,Returned,True,,2124.57
ORD002210,CUST00177,PROD0126,4,8384.51,2026-01-29,2026-02-08,Delivered,True,10.0,33538.04
ORD001067,CUST00491,PROD0102,3,133.37,2025-11-03,,Cancelled,True,,400.11
ORD000278,CUST00103,PROD0134,3,3036.32,2025-09-27,2025-10-04,Delivered,True,7.0,9108.960000000001
ORD003372,CUST00591,PROD0113,4,974.15,2026-04-28,,Cancelled,True,,3896.6
ORD002779,CUST00247,PROD0052,2,1448.8,2025-06-06,2025-06-12,Delivered,True,6.0,2897.6
ORD000215,CUST00446,PROD0091,3,1751.39,2026-07-15,,Processing,True,,5254.17
ORD003985,CUST00595,PROD0111,2,42616.44,2025-08-14,,Returned,True,,85232.88
ORD000357,CUST00683,PROD0102,2,133.37,2025-06-17,,Cancelled,True,,266.74
ORD004335,CUST00394,PROD0082,4,503.97,2025-03-13,2025-03-16,Delivered,True,3.0,2015.88
ORD000661,CUST00760,PROD0030,4,429.82,2025-10-18,,Shipped,True,,1719.28
ORD001481,CUST00677,PROD0094,3,1211.97,2026-06-20,2026-06-21,Delivered,True,1.0,3635.91
ORD005106,CUST00293,PROD0027,3,331.1,2025-06-13,,Shipped,True,,993.3000000000001
ORD002611,CUST00289,PROD0035,2,4733.42,2026-01-12,2026-01-17,Delivered,True,5.0,9466.84
ORD005975,CUST00367,PROD0077,4,2052.65,2025-08-26,,Cancelled,True,,8210.6
ORD000667,CUST00505,PROD0149,5,5764.99,2025-10-07,,Cancelled,True,,28824.949999999997
ORD003230,CUST00017,PROD0146,5,9127.13,2025-02-04,,Processing,True,,45635.649999999994
ORD005121,CUST00356,PROD0115,4,55563.32,2026-01-30,,Shipped,True,,222253.28
ORD001735,CUST00742,PROD0030,3,429.82,2025-01-05,,Processing,True,,1289.46
ORD005248,CUST00490,PROD0075,3,209.7,2026-01-01,2026-01-09,Delivered,True,8.0,629.0999999999999
ORD002636,CUST00288,PROD0012,5,4952.6,2025-07-11,,Returned,True,,24763.0
ORD000770,CUST00258,PROD0028,4,302.64,2026-07-02,2026-07-09,Delivered,True,7.0,1210.56
ORD005317,CUST00780,PROD0116,4,8033.73,2026-01-17,,Cancelled,True,,32134.92
ORD000816,CUST00166,PROD0107,2,328.16,2025-05-28,2025-06-05,Delivered,True,8.0,656.32
ORD001966,CUST00086,PROD0121,2,751.76,2025-05-16,,Processing,True,,1503.52
ORD005119,CUST00413,PROD0045,4,1228.68,2026-05-04,,Delivered,True,,4914.72
ORD001304,CUST00468,PROD0091,2,1751.39,2026-04-25,,Shipped,True,,3502.78
ORD004996,CUST00601,PROD0148,1,985.06,2026-06-25,2026-07-01,Delivered,True,6.0,985.06
ORD000769,CUST00446,PROD0048,2,56173.09,2025-07-09,,Shipped,True,,112346.18
ORD005563,CUST00177,PROD0018,3,18955.94,2026-06-17,,Processing,True,,56867.81999999999
ORD001765,CUST00435,PROD0050,5,3898.39,2026-01-08,,Cancelled,True,,19491.95
ORD000862,CUST00176,PROD0110,1,1192.79,2025-11-27,,Cancelled,True,,1192.79
ORD004564,CUST00641,PROD0127,3,919.23,2025-12-18,,Processing,True,,2757.69
ORD000328,CUST00340,PROD0003,1,14338.6,2025-08-04,2025-08-10,Delivered,True,6.0,14338.6
ORD004442,CUST00337,PROD0103,5,11738.74,2026-01-22,,Cancelled,True,,58693.7
ORD002166,CUST00556,PROD0038,1,8563.39,2025-09-03,,Shipped,True,,8563.39
ORD002272,CUST00248,PROD0117,4,430.76,2026-06-26,,Returned,True,,1723.04
ORD001235,CUST00029,PROD0036,1,559.64,2025-11-27,2025-11-30,Delivered,True,3.0,559.64
ORD004768,CUST00739,PROD0131,4,6853.95,2025-05-19,,Cancelled,True,,27415.8
ORD000117,CUST00791,PROD0086,4,1450.41,2025-01-12,2025-01-16,Delivered,True,4.0,5801.64
ORD001217,CUST00103,PROD0150,5,2716.88,2025-11-16,2025-11-28,Delivered,True,12.0,13584.400000000001
ORD002056,CUST00781,PROD0105,1,32176.55,2025-01-27,,Processing,True,,32176.55
ORD001968,CUST00216,PROD0042,5,915.41,2025-02-13,,Cancelled,True,,4577.05
ORD004328,CUST00011,PROD0013,1,39659.48,2025-04-24,2025-04-30,Delivered,True,6.0,39659.48
ORD000796,CUST00311,PROD0088,3,34407.7,2026-06-02,2026-06-07,Delivered,True,5.0,103223.09999999999
ORD003718,CUST00410,PROD0102,3,133.37,2025-04-06,,Returned,True,,400.11
ORD003205,CUST00292,PROD0129,1,17176.36,2026-06-30,,Processing,True,,17176.36
ORD000896,CUST00347,PROD0014,3,1289.47,2025-05-10,,Returned,True,,3868.41
ORD005556,CUST00105,PROD0125,4,11796.3,2026-05-26,,Returned,True,,47185.2
ORD001182,CUST00017,PROD0116,5,8033.73,2025-04-10,2025-04-22,Delivered,True,12.0,40168.649999999994
ORD002010,CUST00652,PROD0135,1,7336.91,2025-10-19,2025-10-27,Delivered,True,8.0,7336.91
ORD002937,CUST00589,PROD0143,1,1730.89,2025-04-23,2025-05-01,Delivered,True,8.0,1730.89
ORD005565,CUST00746,PROD0005,4,560.65,2025-05-22,2025-05-29,Delivered,True,7.0,2242.6
ORD002968,CUST00492,PROD0046,3,51.86,2025-12-21,2025-12-26,Delivered,True,5.0,155.57999999999998
ORD005532,CUST00408,PROD0016,5,59834.55,2025-12-24,2025-12-30,Delivered,True,6.0,299172.75
ORD000366,CUST00457,PROD0140,4,899.29,2025-07-05,,Shipped,True,,3597.16
ORD000243,CUST00613,PROD0003,1,14338.6,2025-12-21,2026-01-01,Delivered,True,11.0,14338.6
ORD004176,CUST00401,PROD0061,2,1083.6,2025-06-02,,Returned,True,,2167.2
ORD000359,CUST00421,PROD0070,3,10505.06,2026-06-29,,Cancelled,True,,31515.18
ORD005966,CUST00519,PROD0147,4,4832.5,2025-08-23,,Returned,True,,19330.0
ORD004848,CUST00279,PROD0090,3,955.06,2026-07-20,,Processing,True,,2865.18
ORD004427,CUST00765,PROD0125,1,11796.3,2025-10-27,,Processing,True,,11796.3
ORD000723,CUST00428,PROD0073,2,34399.58,2025-03-28,,Processing,True,,68799.16
ORD004601,CUST00120,PROD0053,1,379.38,2026-03-11,,Returned,True,,379.38
ORD000955,CUST00668,PROD0096,4,32150.75,2025-10-31,2025-11-07,Delivered,True,7.0,128603.0
ORD003410,CUST00593,PROD0084,4,317.91,2026-07-01,,Delivered,True,,1271.64
ORD004155,CUST00243,PROD0135,4,7336.91,2025-06-13,,Returned,True,,29347.64
ORD005141,CUST00418,PROD0019,5,4410.8,2025-09-21,,Shipped,True,,22054.0
ORD003606,CUST00651,PROD0063,5,869.54,2026-07-05,2026-07-09,Delivered,True,4.0,4347.7
ORD004533,CUST00723,PROD0024,2,1123.83,2025-08-03,2025-08-07,Delivered,True,4.0,2247.66
ORD005281,CUST00121,PROD0144,4,4806.1,2026-06-08,,Processing,True,,19224.4
ORD003869,CUST00739,PROD0109,5,854.47,2025-06-27,,Processing,True,,4272.35
ORD000991,CUST00005,PROD0001,4,2002.86,2026-02-16,2026-02-26,Delivered,True,10.0,8011.44
ORD005719,CUST00398,PROD0142,3,1821.04,2026-02-01,2026-02-09,Delivered,True,8.0,5463.12
ORD004717,CUST00100,PROD0020,4,4298.98,2025-03-01,,Returned,True,,17195.92
ORD005518,CUST00538,PROD0126,2,8384.51,2025-09-10,,Cancelled,True,,16769.02
ORD001963,CUST00654,PROD0046,5,51.86,2025-05-08,,Processing,True,,259.3
ORD001867,CUST00587,PROD0068,4,1375.21,2025-07-29,2025-08-06,Delivered,True,8.0,5500.84
ORD005771,CUST00635,PROD0099,3,14295.1,2025-06-10,2025-06-20,Delivered,True,10.0,42885.3
ORD002527,CUST00766,PROD0008,5,545.71,2025-04-15,2025-04-17,Delivered,True,2.0,2728.55
ORD005247,CUST00295,PROD0035,2,4733.42,2026-06-29,2026-06-30,Delivered,True,1.0,9466.84
ORD005602,CUST00283,PROD0021,4,156.01,2025-09-14,2025-09-15,Delivered,True,1.0,624.04
ORD000241,CUST00547,PROD0024,3,1123.83,2025-08-15,,Processing,True,,3371.49
ORD002141,CUST00680,PROD0076,2,32834.68,2026-06-19,,Shipped,True,,65669.36
ORD001764,CUST00442,PROD0103,2,11738.74,2026-06-27,2026-07-01,Delivered,True,4.0,23477.48
ORD005994,CUST00033,PROD0121,5,751.76,2026-07-20,,Returned,True,,3758.8
ORD004219,CUST00787,PROD0137,4,1360.59,2025-02-25,,Shipped,True,,5442.36
ORD000491,CUST00174,PROD0013,1,39659.48,2026-01-28,2026-02-04,Delivered,True,7.0,39659.48
ORD004615,CUST00419,PROD0080,4,4686.49,2026-03-08,,Cancelled,True,,18745.96
ORD002435,CUST00334,PROD0148,5,985.06,2026-01-02,2026-01-07,Delivered,True,5.0,4925.299999999999
ORD005617,CUST00221,PROD0008,2,545.71,2026-02-05,,Cancelled,True,,1091.42
ORD002523,CUST00217,PROD0115,4,55563.32,2025-10-11,,Cancelled,True,,222253.28
ORD000430,CUST00209,PROD0059,4,685.94,2025-09-04,2025-09-11,Delivered,True,7.0,2743.76
ORD004438,CUST00049,PROD0033,4,5639.02,2025-08-06,,Cancelled,True,,22556.08
ORD004711,CUST00303,PROD0086,2,1450.41,2025-11-14,,Returned,True,,2900.82
ORD000506,CUST00499,PROD0149,1,5764.99,2025-05-31,,Returned,True,,5764.99
ORD000331,CUST00476,PROD0108,3,4953.1,2026-01-09,,Shipped,True,,14859.300000000001
ORD003316,CUST00750,PROD0124,3,2908.87,2025-11-25,,Processing,True,,8726.61
ORD004744,CUST00414,PROD0061,5,1083.6,2026-02-19,,Processing,True,,5418.0
ORD003801,CUST00178,PROD0029,5,901.03,2025-03-24,,Shipped,True,,4505.15
ORD005122,CUST00651,PROD0035,5,4733.42,2025-07-22,,Returned,True,,23667.1
ORD000668,CUST00618,PROD0122,5,993.76,2026-02-19,,Shipped,True,,4968.8
ORD001711,CUST00074,PROD0048,3,56173.09,2026-02-16,2026-02-22,Delivered,True,6.0,168519.27
ORD001204,CUST00285,PROD0050,5,3898.39,2025-09-09,,Shipped,True,,19491.95
ORD005367,CUST00351,PROD0026,2,4912.92,2025-09-18,2025-09-28,Delivered,True,10.0,9825.84
ORD002887,CUST00396,PROD0010,2,11743.74,2026-07-28,2026-07-31,Delivered,True,3.0,23487.48
ORD004745,CUST00517,PROD0105,5,32176.55,2025-03-13,2025-03-14,Delivered,True,1.0,160882.75
ORD000882,CUST00046,PROD0088,2,34407.7,2026-05-03,,Processing,True,,68815.4
ORD001284,CUST00041,PROD0022,3,459.17,2026-04-18,2026-04-25,Delivered,True,7.0,1377.51
ORD001923,CUST00412,PROD0119,3,2603.43,2025-11-07,,Processing,True,,7810.289999999999
ORD003841,CUST00185,PROD0056,5,861.22,2025-06-07,,Processing,True,,4306.1
ORD005072,CUST00262,PROD0118,5,828.66,2026-03-18,2026-03-22,Delivered,True,4.0,4143.3
ORD005937,CUST00793,PROD0119,1,2603.43,2025-11-04,2025-11-06,Delivered,True,2.0,2603.43
ORD004282,CUST00294,PROD0129,5,17176.36,2025-05-08,2025-05-20,Delivered,True,12.0,85881.8
ORD001846,CUST00200,PROD0030,3,429.82,2025-08-21,2025-09-01,Delivered,True,11.0,1289.46
ORD001608,CUST00214,PROD0006,2,812.36,2025-05-03,,Cancelled,True,,1624.72
ORD005456,CUST00669,PROD0126,1,8384.51,2025-01-08,2025-01-09,Delivered,True,1.0,8384.51
ORD003365,CUST00390,PROD0093,0,513.19,2025-10-04,2025-10-09,Delivered,False,5.0,0.0
ORD005591,CUST00179,PROD0107,1,328.16,2026-03-08,,Shipped,True,,328.16
ORD004569,CUST00682,PROD0136,5,18573.07,2025-06-17,,Cancelled,True,,92865.35
ORD004940,CUST00569,PROD0131,1,6853.95,2025-03-05,2025-03-16,Delivered,True,11.0,6853.95
ORD003825,CUST00076,PROD0134,3,3036.32,2026-05-04,,Returned,True,,9108.960000000001
ORD002045,CUST00460,PROD0088,4,34407.7,2026-03-19,,Cancelled,True,,137630.8
ORD004825,CUST00033,PROD0078,2,12507.55,2025-10-29,,Returned,True,,25015.1
ORD001323,CUST00210,PROD0041,3,543.32,2025-03-18,2025-03-27,Delivered,True,9.0,1629.96
ORD002732,CUST00671,PROD0125,3,11796.3,2025-02-06,2025-02-16,Delivered,True,10.0,35388.899999999994
ORD004976,CUST00729,PROD0084,5,317.91,2025-04-06,,Returned,True,,1589.5500000000002
ORD000923,CUST00465,PROD0084,4,317.91,2026-02-05,2026-02-08,Delivered,True,3.0,1271.64
ORD001003,CUST00549,PROD0029,1,901.03,2025-12-15,2025-12-27,Delivered,True,12.0,901.03
ORD002487,CUST00065,PROD0093,4,513.19,2025-03-21,,Returned,True,,2052.76
ORD002182,CUST00563,PROD0066,5,4931.77,2025-06-19,,Cancelled,True,,24658.850000000002
ORD002002,CUST00083,PROD0055,4,70.6,2026-03-17,,Shipped,True,,282.4
ORD004539,CUST00528,PROD0002,4,2472.29,2025-07-06,2025-07-10,Delivered,True,4.0,9889.16
ORD000951,CUST00035,PROD0084,4,317.91,2025-05-17,2025-05-28,Delivered,True,11.0,1271.64
ORD000225,CUST00561,PROD0075,3,209.7,2025-05-16,2025-05-25,Delivered,True,9.0,629.0999999999999
ORD000790,CUST00152,PROD0088,3,34407.7,2025-02-17,,Shipped,True,,103223.09999999999
ORD005167,CUST00533,PROD0086,4,1450.41,2025-11-07,2025-11-19,Delivered,True,12.0,5801.64
ORD004494,CUST00390,PROD0047,3,26286.3,2026-01-18,,Processing,True,,78858.9
ORD005633,CUST00037,PROD0145,1,2463.88,2025-05-15,,Shipped,True,,2463.88
ORD004474,CUST00536,PROD0074,1,2124.57,2025-10-19,2025-10-26,Delivered,True,7.0,2124.57
ORD005457,CUST00769,PROD0070,3,10505.06,2025-02-11,2025-02-17,Delivered,True,6.0,31515.18
ORD005997,CUST00659,PROD0106,1,3327.3,2026-05-27,,Returned,True,,3327.3
ORD004392,CUST00418,PROD0137,5,1360.59,2025-01-08,,Returned,True,,6802.95
ORD005790,CUST00796,PROD0043,3,2444.21,2025-03-07,,Cancelled,True,,7332.63
ORD002896,CUST00353,PROD0009,2,390.58,2025-11-09,2025-11-18,Delivered,True,9.0,781.16
ORD001699,CUST00597,PROD0142,2,1821.04,2026-04-22,2026-04-30,Delivered,True,8.0,3642.08
ORD003654,CUST00316,PROD0039,5,5112.85,2026-01-14,,Processing,True,,25564.25
ORD000529,CUST00374,PROD0029,5,901.03,2025-06-28,2025-07-09,Delivered,True,11.0,4505.15
ORD001411,CUST00783,PROD0106,2,3327.3,2025-01-30,,Shipped,True,,6654.6
ORD000120,CUST00327,PROD0140,4,899.29,2025-04-14,2025-04-17,Delivered,True,3.0,3597.16
ORD005377,CUST00333,PROD0024,3,1123.83,2025-05-31,2025-06-11,Delivered,True,11.0,3371.49
ORD003448,CUST00254,PROD0059,5,685.94,2025-01-01,,Returned,True,,3429.7000000000003
ORD000701,CUST00664,PROD0063,3,869.54,2026-04-21,,Cancelled,True,,2608.62
ORD004246,CUST00591,PROD0010,4,11743.74,2026-01-24,,Cancelled,True,,46974.96
ORD000851,CUST00206,PROD0126,4,8384.51,2026-07-06,,Delivered,True,,33538.04
ORD000622,CUST00440,PROD0050,5,3898.39,2026-06-24,,Shipped,True,,19491.95
ORD000045,CUST00601,PROD0096,2,32150.75,2025-02-23,,Shipped,True,,64301.5
ORD002091,CUST00321,PROD0088,1,34407.7,2026-05-08,2026-05-10,Delivered,True,2.0,34407.7
ORD001309,CUST00483,PROD0135,3,7336.91,2025-05-13,,Processing,True,,22010.73
ORD001370,CUST00620,PROD0145,5,2463.88,2026-07-16,2026-07-25,Delivered,True,9.0,12319.400000000001
ORD004414,CUST00678,PROD0067,2,4271.55,2025-12-16,2025-12-26,Delivered,True,10.0,8543.1
ORD004951,CUST00670,PROD0040,4,2990.7,2025-06-01,,Cancelled,True,,11962.8
ORD000636,CUST00462,PROD0093,5,513.19,2026-05-08,,Cancelled,True,,2565.9500000000003
ORD001162,CUST00635,PROD0011,3,1483.6,2025-10-21,,Cancelled,True,,4450.799999999999
ORD004078,CUST00088,PROD0096,2,32150.75,2025-07-05,,Processing,True,,64301.5
ORD003400,CUST00360,PROD0058,3,4704.83,2026-06-08,,Shipped,True,,14114.49
ORD002777,CUST00520,PROD0104,2,1042.65,2026-02-12,2026-02-16,Delivered,True,4.0,2085.3
ORD005023,CUST00083,PROD0068,4,1375.21,2026-06-26,,Processing,True,,5500.84
ORD004174,CUST00693,PROD0124,2,2908.87,2025-01-29,2025-02-04,Delivered,True,6.0,5817.74
ORD002540,CUST00164,PROD0019,5,4410.8,2025-11-04,2025-11-08,Delivered,True,4.0,22054.0
ORD005510,CUST00193,PROD0069,4,58378.98,2025-03-27,2025-03-29,Delivered,True,2.0,233515.92
ORD001640,CUST00437,PROD0051,2,1399.76,2025-08-13,2025-08-16,Delivered,True,3.0,2799.52
ORD003350,CUST00352,PROD0085,4,4763.96,2026-06-20,,Processing,True,,19055.84
ORD002727,CUST00232,PROD0088,4,34407.7,2026-02-08,,Shipped,True,,137630.8
ORD005685,CUST00433,PROD0080,3,4686.49,2025-08-23,,Processing,True,,14059.47
ORD003199,CUST00295,PROD0021,2,156.01,2025-01-12,2025-01-17,Delivered,True,5.0,312.02
ORD004049,CUST00616,PROD0078,4,12507.55,2026-01-06,2026-01-17,Delivered,True,11.0,50030.2
ORD002553,CUST00524,PROD0012,3,4952.6,2025-09-08,,Cancelled,True,,14857.800000000001
ORD003545,CUST00348,PROD0143,2,1730.89,2025-10-18,,Shipped,True,,3461.78
ORD002115,CUST00527,PROD0149,1,5764.99,2025-05-10,2025-05-22,Delivered,True,12.0,5764.99
ORD004619,CUST00506,PROD0032,3,1176.78,2026-01-02,,Shipped,True,,3530.34
ORD005655,CUST00625,PROD0081,3,4820.76,2026-05-23,,Delivered,True,,14462.28
ORD002479,CUST00679,PROD0077,1,2052.65,2025-04-03,,Shipped,True,,2052.65
ORD001021,CUST00227,PROD0112,2,1969.23,2026-02-18,2026-02-20,Delivered,True,2.0,3938.46
ORD001218,CUST00385,PROD0109,5,854.47,2025-10-06,2025-10-16,Delivered,True,10.0,4272.35
ORD004258,CUST00777,PROD0010,5,11743.74,2026-07-18,,Returned,True,,58718.7
ORD001942,CUST00437,PROD0069,5,58378.98,2025-12-29,2025-12-30,Delivered,True,1.0,291894.9
ORD005712,CUST00279,PROD0140,4,899.29,2026-01-04,2026-01-11,Delivered,True,7.0,3597.16
ORD002872,CUST00428,PROD0016,2,59834.55,2025-11-03,,Returned,True,,119669.1
ORD001652,CUST00543,PROD0116,4,8033.73,2026-07-21,2026-07-28,Delivered,True,7.0,32134.92
ORD000711,CUST00077,PROD0064,3,3664.82,2025-05-29,,Returned,True,,10994.460000000001
ORD005335,CUST00498,PROD0023,2,11903.15,2025-12-03,,Cancelled,True,,23806.3
ORD004426,CUST00133,PROD0068,5,1375.21,2025-02-24,2025-02-27,Delivered,True,3.0,6876.05
ORD004221,CUST00446,PROD0101,3,782.0,2025-03-14,2025-03-20,Delivered,True,6.0,2346.0
ORD003302,CUST00224,PROD0104,5,1042.65,2025-08-08,,Processing,True,,5213.25
ORD000725,CUST00308,PROD0059,1,685.94,2026-04-19,,Shipped,True,,685.94
ORD001159,CUST00008,PROD0044,3,1423.72,2025-06-15,,Shipped,True,,4271.16
ORD001744,CUST00622,PROD0052,2,1448.8,2026-06-15,,Returned,True,,2897.6
ORD001273,CUST00456,PROD0089,3,16755.29,2025-04-23,,Returned,True,,50265.87
ORD004151,CUST00022,PROD0102,1,133.37,2025-07-04,2025-07-16,Delivered,True,12.0,133.37
ORD005998,CUST00495,PROD0084,3,317.91,2025-01-12,,Shipped,True,,953.73
ORD003275,CUST00107,PROD0011,4,1483.6,2026-02-10,,Cancelled,True,,5934.4
ORD004685,CUST00404,PROD0007,1,40685.29,2026-01-02,,Cancelled,True,,40685.29
ORD003455,CUST00626,PROD0136,3,18573.07,2026-05-30,2026-06-01,Delivered,True,2.0,55719.21
ORD002823,CUST00579,PROD0036,3,559.64,2025-12-08,2025-12-10,Delivered,True,2.0,1678.92
ORD000627,CUST00613,PROD0023,2,11903.15,2026-03-31,,Returned,True,,23806.3
ORD005797,CUST00299,PROD0106,0,3327.3,2025-06-02,2025-06-03,Delivered,False,1.0,0.0
ORD003473,CUST00282,PROD0079,2,2916.61,2025-08-17,2025-08-21,Delivered,True,4.0,5833.22
ORD005821,CUST00604,PROD0121,2,751.76,2025-04-06,2025-04-17,Delivered,True,11.0,1503.52
ORD002870,CUST00159,PROD0032,2,1176.78,2026-03-13,2026-03-25,Delivered,True,12.0,2353.56
ORD000306,CUST00219,PROD0103,5,11738.74,2026-06-18,2026-06-21,Delivered,True,3.0,58693.7
ORD004482,CUST00691,PROD0059,5,685.94,2026-03-09,,Returned,True,,3429.7000000000003
ORD004914,CUST00330,PROD0003,2,14338.6,2025-05-01,2025-05-12,Delivered,True,11.0,28677.2
ORD005215,CUST00369,PROD0081,5,4820.76,2025-11-15,2025-11-22,Delivered,True,7.0,24103.800000000003
ORD001388,CUST00284,PROD0083,4,385.32,2025-11-23,2025-11-24,Delivered,True,1.0,1541.28
ORD002501,CUST00465,PROD0055,2,70.6,2025-10-13,2025-10-22,Delivered,True,9.0,141.2
ORD001485,CUST00572,PROD0009,1,390.58,2026-06-14,2026-06-22,Delivered,True,8.0,390.58
ORD004614,CUST00152,PROD0061,4,1083.6,2025-09-19,,Processing,True,,4334.4
ORD003210,CUST00230,PROD0098,4,648.17,2026-04-20,,Cancelled,True,,2592.68
ORD004255,CUST00488,PROD0141,4,22625.81,2025-06-07,2025-06-10,Delivered,True,3.0,90503.24
ORD003570,CUST00158,PROD0137,3,1360.59,2025-07-08,2025-07-13,Delivered,True,5.0,4081.7699999999995
ORD004559,CUST00618,PROD0109,5,854.47,2025-02-24,2025-02-25,Delivered,True,1.0,4272.35
ORD005044,CUST00397,PROD0006,1,812.36,2025-01-28,2025-02-04,Delivered,True,7.0,812.36
ORD001853,CUST00318,PROD0069,5,58378.98,2026-01-19,,Cancelled,True,,291894.9
ORD003348,CUST00379,PROD0107,1,328.16,2026-01-29,2026-01-30,Delivered,True,1.0,328.16
ORD001768,CUST00049,PROD0052,2,1448.8,2025-12-12,2025-12-23,Delivered,True,11.0,2897.6
ORD005589,CUST00287,PROD0134,5,3036.32,2025-03-13,,Processing,True,,15181.6
ORD002597,CUST00189,PROD0057,2,1462.31,2026-07-28,2026-07-31,Delivered,True,3.0,2924.62
ORD002564,CUST00518,PROD0032,5,1176.78,2026-05-16,,Processing,True,,5883.9
ORD000099,CUST00786,PROD0052,5,1448.8,2025-09-13,2025-09-20,Delivered,True,7.0,7244.0
ORD003141,CUST00492,PROD0122,3,993.76,2025-12-15,,Returned,True,,2981.2799999999997
ORD000922,CUST00038,PROD0075,5,209.7,2025-03-13,2025-03-19,Delivered,True,6.0,1048.5
ORD004461,CUST00151,PROD0107,3,328.16,2026-05-06,,Returned,True,,984.48
ORD003154,CUST00069,PROD0117,5,430.76,2026-06-20,,Shipped,True,,2153.8
ORD001794,CUST00248,PROD0096,1,32150.75,2025-06-07,2025-06-09,Delivered,True,2.0,32150.75
ORD001890,CUST00605,PROD0104,1,1042.65,2025-11-04,,Cancelled,True,,1042.65
ORD004205,CUST00281,PROD0105,1,32176.55,2025-11-16,2025-11-24,Delivered,True,8.0,32176.55
ORD003071,CUST00262,PROD0041,5,543.32,2025-10-13,,Cancelled,True,,2716.6000000000004
ORD001243,CUST00607,PROD0016,2,59834.55,2025-01-14,,Returned,True,,119669.1
ORD000538,CUST00143,PROD0026,3,4912.92,2026-02-05,2026-02-17,Delivered,True,12.0,14738.76
ORD003360,CUST00470,PROD0040,2,2990.7,2026-06-09,,Cancelled,True,,5981.4
ORD004663,CUST00433,PROD0041,1,543.32,2026-07-23,2026-07-26,Delivered,True,3.0,543.32
ORD002069,CUST00342,PROD0104,5,1042.65,2026-02-26,,Shipped,True,,5213.25
ORD000144,CUST00674,PROD0122,1,993.76,2025-06-26,,Cancelled,True,,993.76
ORD000372,CUST00158,PROD0011,5,1483.6,2026-05-02,2026-05-08,Delivered,True,6.0,7418.0
ORD003709,CUST00660,PROD0042,4,915.41,2026-02-16,2026-02-19,Delivered,True,3.0,3661.64
ORD001385,CUST00299,PROD0117,4,430.76,2025-11-25,2025-12-04,Delivered,True,9.0,1723.04
ORD002351,CUST00183,PROD0016,4,59834.55,2025-03-28,2025-04-04,Delivered,True,7.0,239338.2
ORD000819,CUST00124,PROD0031,3,2204.46,2025-10-24,2025-10-26,Delivered,True,2.0,6613.38
ORD005548,CUST00662,PROD0020,1,4298.98,2026-06-24,,Returned,True,,4298.98
ORD002041,CUST00529,PROD0032,5,1176.78,2026-07-02,2026-07-10,Delivered,True,8.0,5883.9
ORD005383,CUST00385,PROD0085,3,4763.96,2026-02-17,,Cancelled,True,,14291.880000000001
ORD005097,CUST00603,PROD0092,1,1419.85,2026-02-05,,Processing,True,,1419.85
ORD005570,CUST00683,PROD0146,3,9127.13,2026-05-05,,Processing,True,,27381.39
ORD004772,CUST00717,PROD0042,1,915.41,2025-03-08,2025-03-12,Delivered,True,4.0,915.41
ORD003726,CUST00476,PROD0031,5,2204.46,2025-01-17,,Delivered,True,,11022.3
ORD005105,CUST00001,PROD0078,5,12507.55,2025-07-02,2025-07-12,Delivered,True,10.0,62537.75
ORD004818,CUST00196,PROD0025,1,4203.28,2026-05-08,2026-05-13,Delivered,True,5.0,4203.28
ORD000371,CUST00787,PROD0004,2,2001.32,2025-10-10,2025-10-17,Delivered,True,7.0,4002.64
ORD004725,CUST00690,PROD0093,3,513.19,2025-04-04,,Cancelled,True,,1539.5700000000002
ORD004359,CUST00134,PROD0119,4,2603.43,2025-04-17,2025-04-23,Delivered,True,6.0,10413.72
ORD000943,CUST00388,PROD0024,1,1123.83,2026-03-08,2026-03-14,Delivered,True,6.0,1123.83
ORD005901,CUST00608,PROD0075,3,209.7,2025-05-19,2025-05-31,Delivered,True,12.0,629.0999999999999
ORD003223,CUST00605,PROD0059,1,685.94,2025-10-19,2025-10-23,Delivered,True,4.0,685.94
ORD005478,CUST00270,PROD0118,2,828.66,2025-07-14,,Processing,True,,1657.32
ORD005183,CUST00658,PROD0020,3,4298.98,2025-07-21,,Shipped,True,,12896.939999999999
ORD005737,CUST00465,PROD0133,3,1400.65,2025-01-25,2025-02-05,Delivered,True,11.0,4201.950000000001
ORD005025,CUST00715,PROD0017,3,4701.06,2025-11-09,2025-11-15,Delivered,True,6.0,14103.18
ORD002840,CUST00270,PROD0123,5,21424.68,2026-05-02,2026-05-07,Delivered,True,5.0,107123.4
ORD001346,CUST00727,PROD0012,2,4952.6,2025-07-30,2025-08-10,Delivered,True,11.0,9905.2
ORD002360,CUST00772,PROD0005,1,560.65,2025-02-28,,Cancelled,True,,560.65
ORD001755,CUST00330,PROD0100,5,7797.29,2025-05-03,2025-05-13,Delivered,True,10.0,38986.45
ORD002394,CUST00181,PROD0099,2,14295.1,2025-06-13,2025-06-24,Delivered,True,11.0,28590.2
ORD003552,CUST00471,PROD0062,1,25032.52,2025-05-11,,Delivered,True,,25032.52
ORD001707,CUST00687,PROD0042,2,915.41,2025-09-12,,Delivered,True,,1830.82
ORD002652,CUST00129,PROD0012,3,4952.6,2025-11-23,2025-11-26,Delivered,True,3.0,14857.800000000001
ORD005529,CUST00579,PROD0044,1,1423.72,2025-02-28,,Shipped,True,,1423.72
ORD003023,CUST00515,PROD0134,3,3036.32,2025-06-10,2025-06-22,Delivered,True,12.0,9108.960000000001
ORD004961,CUST00399,PROD0041,1,543.32,2026-04-13,2026-04-17,Delivered,True,4.0,543.32
ORD004170,CUST00584,PROD0003,4,14338.6,2025-02-20,,Shipped,True,,57354.4
ORD000541,CUST00724,PROD0135,1,7336.91,2026-04-02,2026-04-14,Delivered,True,12.0,7336.91
ORD003958,CUST00008,PROD0040,4,2990.7,2025-07-17,2025-07-19,Delivered,True,2.0,11962.8
ORD004295,CUST00104,PROD0048,4,56173.09,2025-11-04,,Delivered,True,,224692.36
ORD004166,CUST00580,PROD0147,4,4832.5,2025-09-16,2025-09-17,Delivered,True,1.0,19330.0
ORD005421,CUST00151,PROD0013,5,39659.48,2026-07-08,2026-07-10,Delivered,True,2.0,198297.40000000002
ORD004038,CUST00181,PROD0087,4,13732.01,2025-06-28,2025-07-08,Delivered,True,10.0,54928.04
ORD005388,CUST00489,PROD0106,2,3327.3,2025-12-07,,Returned,True,,6654.6
ORD005375,CUST00265,PROD0049,4,191.03,2025-09-15,,Cancelled,True,,764.12
ORD000497,CUST00635,PROD0008,1,545.71,2026-05-02,,Processing,True,,545.71
ORD000145,CUST00240,PROD0103,1,11738.74,2026-02-10,2026-02-11,Delivered,True,1.0,11738.74
ORD001355,CUST00435,PROD0083,3,385.32,2025-07-03,,Returned,True,,1155.96
ORD001201,CUST00475,PROD0067,5,4271.55,2025-06-12,2025-06-14,Delivered,True,2.0,21357.75
ORD005697,CUST00349,PROD0093,2,513.19,2025-10-13,,Returned,True,,1026.38
ORD004365,CUST00215,PROD0048,1,56173.09,2026-04-29,2026-05-01,Delivered,True,2.0,56173.09
ORD005187,CUST00140,PROD0120,5,418.7,2026-06-23,2026-07-04,Delivered,True,11.0,2093.5
ORD001327,CUST00582,PROD0016,2,59834.55,2026-05-21,2026-05-27,Delivered,True,6.0,119669.1
ORD000116,CUST00264,PROD0089,3,16755.29,2025-06-21,2025-07-03,Delivered,True,12.0,50265.87
ORD004099,CUST00085,PROD0030,5,429.82,2026-04-07,2026-04-16,Delivered,True,9.0,2149.1
ORD001456,CUST00088,PROD0099,4,14295.1,2025-12-30,,Processing,True,,57180.4
ORD002683,CUST00347,PROD0077,3,2052.65,2025-09-26,2025-10-01,Delivered,True,5.0,6157.950000000001
ORD001912,CUST00781,PROD0035,4,4733.42,2025-01-12,2025-01-21,Delivered,True,9.0,18933.68
ORD002922,CUST00340,PROD0072,4,263.08,2025-04-25,2025-05-05,Delivered,True,10.0,1052.32
ORD004765,CUST00258,PROD0024,2,1123.83,2025-04-23,,Cancelled,True,,2247.66
ORD005161,CUST00491,PROD0137,4,1360.59,2025-07-16,2025-07-21,Delivered,True,5.0,5442.36
ORD002095,CUST00180,PROD0121,2,751.76,2026-06-30,,Returned,True,,1503.52
ORD002107,CUST00605,PROD0116,2,8033.73,2025-05-18,2025-05-30,Delivered,True,12.0,16067.46
ORD002486,CUST00609,PROD0019,3,4410.8,2025-02-01,,Cancelled,True,,13232.400000000001
ORD002606,CUST00412,PROD0033,1,5639.02,2025-07-01,,Shipped,True,,5639.02
ORD001357,CUST00540,PROD0143,2,1730.89,2026-02-23,2026-02-28,Delivered,True,5.0,3461.78
ORD001039,CUST00161,PROD0037,5,1155.64,2025-07-28,,Shipped,True,,5778.200000000001
ORD000975,CUST00045,PROD0038,3,8563.39,2025-09-11,2025-09-12,Delivered,True,1.0,25690.17
ORD003106,CUST00451,PROD0077,2,2052.65,2025-02-20,,Returned,True,,4105.3
ORD002743,CUST00447,PROD0115,4,55563.32,2025-09-21,2025-09-28,Delivered,True,7.0,222253.28
ORD003501,CUST00489,PROD0089,4,16755.29,2025-07-30,2025-08-07,Delivered,True,8.0,67021.16
ORD004348,CUST00244,PROD0083,5,385.32,2026-05-27,2026-06-02,Delivered,True,6.0,1926.6
ORD004647,CUST00147,PROD0120,5,418.7,2025-04-16,,Shipped,True,,2093.5
ORD002731,CUST00312,PROD0142,4,1821.04,2025-02-21,,Returned,True,,7284.16
ORD000428,CUST00302,PROD0066,4,4931.77,2025-01-31,,Shipped,True,,19727.08
ORD000524,CUST00524,PROD0091,3,1751.39,2025-10-24,2025-11-05,Delivered,True,12.0,5254.17
ORD001459,CUST00161,PROD0065,1,9361.22,2026-07-26,,Processing,True,,9361.22
ORD004847,CUST00091,PROD0136,1,18573.07,2025-03-27,,Processing,True,,18573.07
ORD000509,CUST00793,PROD0104,2,1042.65,2025-10-29,,Processing,True,,2085.3
ORD001784,CUST00221,PROD0127,1,919.23,2026-03-04,,Processing,True,,919.23
ORD002507,CUST00178,PROD0012,3,4952.6,2025-08-21,2025-08-31,Delivered,True,10.0,14857.800000000001
ORD005099,CUST00033,PROD0028,4,302.64,2025-12-13,2025-12-20,Delivered,True,7.0,1210.56
ORD001573,CUST00300,PROD0004,5,2001.32,2025-08-22,,Processing,True,,10006.6
ORD005358,CUST00145,PROD0078,2,12507.55,2025-03-30,2025-04-07,Delivered,True,8.0,25015.1
ORD003035,CUST00505,PROD0145,4,2463.88,2026-06-03,,Processing,True,,9855.52
ORD001221,CUST00480,PROD0008,1,545.71,2025-07-04,,Cancelled,True,,545.71
ORD003486,CUST00362,PROD0070,4,10505.06,2026-03-21,2026-03-27,Delivered,True,6.0,42020.24
ORD003399,CUST00168,PROD0034,2,2546.45,2026-05-08,2026-05-15,Delivered,True,7.0,5092.9
ORD002313,CUST00695,PROD0126,5,8384.51,2026-04-22,,Returned,True,,41922.55
ORD005014,CUST00499,PROD0014,2,1289.47,2026-02-19,,Returned,True,,2578.94
ORD003663,CUST00781,PROD0110,1,1192.79,2025-09-02,,Returned,True,,1192.79
ORD003427,CUST00477,PROD0123,4,21424.68,2025-03-01,,Shipped,True,,85698.72
ORD003111,CUST00574,PROD0148,2,985.06,2025-08-02,2025-08-12,Delivered,True,10.0,1970.12
ORD001542,CUST00508,PROD0056,4,861.22,2025-10-13,,Processing,True,,3444.88
ORD000875,CUST00503,PROD0050,1,3898.39,2025-04-16,2025-04-26,Delivered,True,10.0,3898.39
ORD003947,CUST00110,PROD0094,1,1211.97,2026-06-02,2026-06-05,Delivered,True,3.0,1211.97
ORD004436,CUST00786,PROD0143,3,1730.89,2025-09-12,,Shipped,True,,5192.67
ORD001155,CUST00661,PROD0042,5,915.41,2026-06-13,,Processing,True,,4577.05
ORD000590,CUST00279,PROD0057,5,1462.31,2025-06-02,2025-06-09,Delivered,True,7.0,7311.549999999999
ORD002154,CUST00076,PROD0120,1,418.7,2026-07-12,2026-07-16,Delivered,True,4.0,418.7
ORD001877,CUST00136,PROD0045,5,1228.68,2026-02-16,,Returned,True,,6143.400000000001
ORD004186,CUST00583,PROD0079,2,2916.61,2025-12-17,,Returned,True,,5833.22
ORD000354,CUST00642,PROD0035,3,4733.42,2025-10-21,2025-11-02,Delivered,True,12.0,14200.26
ORD004358,CUST00140,PROD0004,2,2001.32,2026-06-25,2026-07-01,Delivered,True,6.0,4002.64
ORD005597,CUST00462,PROD0033,1,5639.02,2025-05-29,,Cancelled,True,,5639.02
ORD001367,CUST00115,PROD0039,5,5112.85,2025-01-27,2025-02-02,Delivered,True,6.0,25564.25
ORD002826,CUST00607,PROD0041,4,543.32,2025-10-05,2025-10-15,Delivered,True,10.0,2173.28
ORD000292,CUST00221,PROD0139,1,4171.69,2026-03-18,,Cancelled,True,,4171.69
ORD004636,CUST00231,PROD0005,2,560.65,2025-10-09,,Shipped,True,,1121.3
ORD001299,CUST00587,PROD0062,2,25032.52,2026-06-08,2026-06-16,Delivered,True,8.0,50065.04
ORD001783,CUST00023,PROD0051,3,1399.76,2025-10-27,,Processing,True,,4199.28
ORD000393,CUST00053,PROD0118,4,828.66,2025-04-17,2025-04-26,Delivered,True,9.0,3314.64
ORD003059,CUST00655,PROD0034,4,2546.45,2025-07-31,2025-08-12,Delivered,True,12.0,10185.8
ORD001979,CUST00747,PROD0076,3,32834.68,2025-02-24,,Returned,True,,98504.04000000001
ORD000253,CUST00282,PROD0002,5,2472.29,2025-03-06,2025-03-18,Delivered,True,12.0,12361.45
ORD003445,CUST00013,PROD0012,1,4952.6,2025-08-10,,Processing,True,,4952.6
ORD004375,CUST00479,PROD0148,1,985.06,2026-03-22,,Delivered,True,,985.06
ORD004218,CUST00156,PROD0008,4,545.71,2025-04-02,,Processing,True,,2182.84
ORD003694,CUST00209,PROD0030,1,429.82,2025-11-14,2025-11-17,Delivered,True,3.0,429.82
ORD002274,CUST00252,PROD0132,5,305.28,2026-07-26,,Cancelled,True,,1526.3999999999999
ORD002641,CUST00714,PROD0084,4,317.91,2025-09-26,2025-09-30,Delivered,True,4.0,1271.64
ORD003270,CUST00467,PROD0105,2,32176.55,2026-02-22,2026-02-28,Delivered,True,6.0,64353.1
ORD003257,CUST00060,PROD0107,2,328.16,2025-07-24,2025-08-03,Delivered,True,10.0,656.32
ORD002562,CUST00698,PROD0141,1,22625.81,2025-07-05,,Cancelled,True,,22625.81
ORD001436,CUST00078,PROD0128,3,3825.7,2025-08-30,,Returned,True,,11477.099999999999
ORD002997,CUST00679,PROD0080,2,4686.49,2025-10-13,2025-10-17,Delivered,True,4.0,9372.98
ORD001211,CUST00245,PROD0124,5,2908.87,2026-07-14,2026-07-23,Delivered,True,9.0,14544.349999999999
ORD000870,CUST00014,PROD0113,1,974.15,2026-04-03,2026-04-05,Delivered,True,2.0,974.15
ORD004428,CUST00138,PROD0150,2,2716.88,2026-01-01,,Processing,True,,5433.76
ORD005887,CUST00652,PROD0034,2,2546.45,2025-09-28,,Processing,True,,5092.9
ORD003775,CUST00576,PROD0150,1,2716.88,2026-04-24,2026-05-01,Delivered,True,7.0,2716.88
ORD005437,CUST00308,PROD0015,5,2263.06,2026-04-09,2026-04-17,Delivered,True,8.0,11315.3
ORD004521,CUST00449,PROD0064,1,3664.82,2025-08-07,2025-08-18,Delivered,True,11.0,3664.82
ORD002594,CUST00567,PROD0088,5,34407.7,2025-11-25,2025-11-27,Delivered,True,2.0,172038.5
ORD001279,CUST00132,PROD0129,5,17176.36,2025-06-08,,Shipped,True,,85881.8
ORD002458,CUST00123,PROD0132,3,305.28,2026-07-06,,Cancelled,True,,915.8399999999999
ORD000709,CUST00425,PROD0113,4,974.15,2025-09-18,2025-09-26,Delivered,True,8.0,3896.6
ORD005567,CUST00483,PROD0123,4,21424.68,2025-06-10,,Cancelled,True,,85698.72
ORD004326,CUST00047,PROD0139,4,4171.69,2026-02-12,2026-02-18,Delivered,True,6.0,16686.76
ORD004354,CUST00717,PROD0146,4,9127.13,2026-04-25,,Returned,True,,36508.52
ORD003530,CUST00348,PROD0128,3,3825.7,2025-03-18,2025-03-29,Delivered,True,11.0,11477.099999999999
ORD000745,CUST00157,PROD0144,4,4806.1,2026-04-14,2026-04-26,Delivered,True,12.0,19224.4
ORD000455,CUST00308,PROD0047,1,26286.3,2025-05-15,2025-05-25,Delivered,True,10.0,26286.3
ORD003888,CUST00740,PROD0067,5,4271.55,2026-03-27,2026-03-28,Delivered,True,1.0,21357.75
ORD001602,CUST00093,PROD0073,1,34399.58,2026-04-29,2026-05-05,Delivered,True,6.0,34399.58
ORD005620,CUST00085,PROD0003,2,14338.6,2025-07-25,2025-08-06,Delivered,True,12.0,28677.2
ORD002397,CUST00187,PROD0135,4,7336.91,2025-03-11,2025-03-21,Delivered,True,10.0,29347.64
ORD000035,CUST00497,PROD0075,3,209.7,2025-10-01,2025-10-04,Delivered,True,3.0,629.0999999999999
ORD004051,CUST00096,PROD0055,3,70.6,2026-03-31,,Shipped,True,,211.79999999999998
ORD003632,CUST00495,PROD0069,2,58378.98,2026-02-02,2026-02-06,Delivered,True,4.0,116757.96
ORD000518,CUST00603,PROD0128,2,3825.7,2026-05-29,,Cancelled,True,,7651.4
ORD001802,CUST00649,PROD0032,1,1176.78,2025-07-12,,Processing,True,,1176.78
ORD002364,CUST00278,PROD0070,5,10505.06,2025-01-04,2025-01-15,Delivered,True,11.0,52525.299999999996
ORD000028,CUST00425,PROD0058,5,4704.83,2025-10-23,,Returned,True,,23524.15
ORD001862,CUST00477,PROD0064,1,3664.82,2025-04-20,2025-04-30,Delivered,True,10.0,3664.82
ORD003940,CUST00462,PROD0056,1,861.22,2026-06-29,,Cancelled,True,,861.22
ORD000316,CUST00516,PROD0118,5,828.66,2025-01-29,2025-02-03,Delivered,True,5.0,4143.3
ORD004701,CUST00251,PROD0053,2,379.38,2026-04-07,,Cancelled,True,,758.76
ORD004910,CUST00143,PROD0011,4,1483.6,2025-02-06,2025-02-15,Delivered,True,9.0,5934.4
ORD002457,CUST00729,PROD0083,2,385.32,2025-05-07,,Returned,True,,770.64
ORD003903,CUST00454,PROD0021,2,156.01,2026-03-26,,Cancelled,True,,312.02
ORD002206,CUST00201,PROD0106,2,3327.3,2025-02-21,2025-03-04,Delivered,True,11.0,6654.6
ORD005693,CUST00210,PROD0150,2,2716.88,2025-09-23,,Processing,True,,5433.76
ORD001345,CUST00344,PROD0099,4,14295.1,2025-01-20,,Cancelled,True,,57180.4
ORD002543,CUST00743,PROD0146,5,9127.13,2025-01-14,2025-01-21,Delivered,True,7.0,45635.649999999994
ORD000431,CUST00395,PROD0085,4,4763.96,2026-07-10,2026-07-21,Delivered,True,11.0,19055.84
ORD003691,CUST00754,PROD0052,1,1448.8,2025-07-22,,Processing,True,,1448.8
ORD003116,CUST00480,PROD0124,2,2908.87,2025-06-22,,Shipped,True,,5817.74
ORD002245,CUST00493,PROD0127,5,919.23,2026-06-29,,Cancelled,True,,4596.15
ORD003095,CUST00273,PROD0096,3,32150.75,2025-06-13,2025-06-20,Delivered,True,7.0,96452.25
ORD004882,CUST00449,PROD0114,4,1292.66,2025-06-23,2025-07-02,Delivered,True,9.0,5170.64
ORD001975,CUST00715,PROD0038,4,8563.39,2025-05-24,,Shipped,True,,34253.56
ORD000242,CUST00774,PROD0093,3,513.19,2025-08-12,,Returned,True,,1539.5700000000002
ORD002236,CUST00651,PROD0069,2,58378.98,2026-03-17,,Shipped,True,,116757.96
ORD002791,CUST00772,PROD0037,5,1155.64,2026-02-26,,Shipped,True,,5778.200000000001
ORD005009,CUST00057,PROD0062,2,25032.52,2025-02-14,2025-02-16,Delivered,True,2.0,50065.04
ORD004391,CUST00601,PROD0114,3,1292.66,2026-06-29,,Delivered,True,,3877.9800000000005
ORD003355,CUST00641,PROD0066,3,4931.77,2025-04-20,2025-04-25,Delivered,True,5.0,14795.310000000001
ORD004125,CUST00467,PROD0006,3,812.36,2025-10-24,,Returned,True,,2437.08
ORD003843,CUST00137,PROD0083,5,385.32,2025-03-10,,Shipped,True,,1926.6
ORD000761,CUST00670,PROD0127,5,919.23,2026-06-22,,Shipped,True,,4596.15
ORD005250,CUST00626,PROD0068,2,1375.21,2025-08-23,,Returned,True,,2750.42
ORD005312,CUST00443,PROD0070,5,10505.06,2025-09-22,,Cancelled,True,,52525.299999999996
ORD005661,CUST00207,PROD0142,5,1821.04,2025-10-10,2025-10-12,Delivered,True,2.0,9105.2
ORD001109,CUST00355,PROD0112,3,1969.23,2025-06-01,2025-06-09,Delivered,True,8.0,5907.6900000000005
ORD003970,CUST00269,PROD0129,2,17176.36,2025-06-05,,Returned,True,,34352.72
ORD001725,CUST00582,PROD0140,2,899.29,2025-10-17,2025-10-25,Delivered,True,8.0,1798.58
ORD000300,CUST00271,PROD0095,5,6063.96,2026-07-23,,Shipped,True,,30319.8
ORD004613,CUST00328,PROD0102,5,133.37,2025-07-17,,Delivered,True,,666.85
ORD004743,CUST00579,PROD0110,1,1192.79,2025-07-10,,Delivered,True,,1192.79
ORD002270,CUST00656,PROD0082,1,503.97,2025-01-17,,Shipped,True,,503.97
ORD005423,CUST00246,PROD0018,2,18955.94,2025-07-28,,Returned,True,,37911.88
ORD003934,CUST00185,PROD0150,4,2716.88,2026-02-14,,Cancelled,True,,10867.52
ORD000159,CUST00013,PROD0079,3,2916.61,2026-03-10,,Processing,True,,8749.83
ORD000054,CUST00720,PROD0022,2,459.17,2026-07-21,,Shipped,True,,918.34
ORD002581,CUST00288,PROD0092,4,1419.85,2025-04-09,2025-04-12,Delivered,True,3.0,5679.4
ORD001408,CUST00070,PROD0124,3,2908.87,2025-04-09,2025-04-14,Delivered,True,5.0,8726.61
ORD002890,CUST00033,PROD0067,3,4271.55,2026-04-10,2026-04-20,Delivered,True,10.0,12814.650000000001
ORD002812,CUST00738,PROD0008,1,545.71,2025-07-28,,Processing,True,,545.71
ORD000463,CUST00251,PROD0095,4,6063.96,2025-03-11,2025-03-16,Delivered,True,5.0,24255.84
ORD003862,CUST00761,PROD0110,1,1192.79,2025-12-11,,Shipped,True,,1192.79
ORD005117,CUST00668,PROD0056,1,861.22,2026-01-03,2026-01-07,Delivered,True,4.0,861.22
ORD001490,CUST00298,PROD0117,5,430.76,2026-03-22,,Returned,True,,2153.8
ORD003172,CUST00460,PROD0105,4,32176.55,2025-07-30,2025-08-01,Delivered,True,2.0,128706.2
ORD003933,CUST00079,PROD0131,4,6853.95,2026-06-08,2026-06-13,Delivered,True,5.0,27415.8
ORD000779,CUST00105,PROD0127,5,919.23,2026-07-22,2026-07-30,Delivered,True,8.0,4596.15
ORD004485,CUST00159,PROD0055,4,70.6,2025-10-26,,Processing,True,,282.4
ORD003153,CUST00267,PROD0079,4,2916.61,2026-02-25,,Shipped,True,,11666.44
ORD003529,CUST00126,PROD0065,3,9361.22,2025-12-12,,Processing,True,,28083.659999999996
ORD000985,CUST00088,PROD0032,3,1176.78,2025-03-07,2025-03-17,Delivered,True,10.0,3530.34
ORD002548,CUST00088,PROD0041,3,543.32,2025-12-02,2025-12-05,Delivered,True,3.0,1629.96
ORD004067,CUST00526,PROD0043,4,2444.21,2025-11-14,2025-11-21,Delivered,True,7.0,9776.84
ORD001306,CUST00518,PROD0100,5,7797.29,2025-03-06,2025-03-12,Delivered,True,6.0,38986.45
ORD001675,CUST00293,PROD0026,5,4912.92,2025-04-08,2025-04-14,Delivered,True,6.0,24564.6
ORD004422,CUST00147,PROD0061,2,1083.6,2026-02-23,,Processing,True,,2167.2
ORD002411,CUST00456,PROD0080,1,4686.49,2025-12-02,,Shipped,True,,4686.49
ORD000090,CUST00155,PROD0013,3,39659.48,2025-09-24,2025-10-01,Delivered,True,7.0,118978.44
ORD005666,CUST00537,PROD0148,3,985.06,2025-03-06,,Processing,True,,2955.18
ORD001447,CUST00770,PROD0025,1,4203.28,2026-04-25,2026-04-27,Delivered,True,2.0,4203.28
ORD000166,CUST00272,PROD0067,4,4271.55,2026-02-19,2026-03-01,Delivered,True,10.0,17086.2
ORD001739,CUST00447,PROD0125,3,11796.3,2025-01-11,,Cancelled,True,,35388.899999999994
ORD002301,CUST00171,PROD0045,2,1228.68,2025-08-08,2025-08-10,Delivered,True,2.0,2457.36
ORD001607,CUST00723,PROD0093,3,513.19,2025-07-23,,Shipped,True,,1539.5700000000002
ORD003751,CUST00797,PROD0071,2,632.25,2026-02-15,2026-02-23,Delivered,True,8.0,1264.5
ORD003956,CUST00334,PROD0080,2,4686.49,2025-04-16,,Processing,True,,9372.98
ORD003978,CUST00735,PROD0038,5,8563.39,2025-12-25,,Shipped,True,,42816.95
ORD002538,CUST00666,PROD0056,3,861.22,2025-01-13,2025-01-14,Delivered,True,1.0,2583.66
ORD003076,CUST00314,PROD0100,2,7797.29,2025-12-23,2025-12-28,Delivered,True,5.0,15594.58
ORD004075,CUST00328,PROD0043,1,2444.21,2025-09-28,2025-10-04,Delivered,True,6.0,2444.21
ORD001829,CUST00169,PROD0016,4,59834.55,2025-09-10,2025-09-16,Delivered,True,6.0,239338.2
ORD002052,CUST00607,PROD0142,5,1821.04,2025-12-15,2025-12-26,Delivered,True,11.0,9105.2
ORD001231,CUST00737,PROD0137,5,1360.59,2025-02-10,2025-02-12,Delivered,True,2.0,6802.95
ORD003685,CUST00365,PROD0100,3,7797.29,2025-09-03,2025-09-07,Delivered,True,4.0,23391.87
ORD001879,CUST00712,PROD0111,1,42616.44,2025-09-17,,Processing,True,,42616.44
ORD003039,CUST00379,PROD0010,3,11743.74,2025-03-08,2025-03-09,Delivered,True,1.0,35231.22
ORD002327,CUST00020,PROD0111,4,42616.44,2025-12-12,2025-12-23,Delivered,True,11.0,170465.76
ORD004917,CUST00439,PROD0081,5,4820.76,2025-08-09,2025-08-12,Delivered,True,3.0,24103.800000000003
ORD005074,CUST00765,PROD0127,4,919.23,2026-07-31,,Returned,True,,3676.92
ORD003312,CUST00107,PROD0041,2,543.32,2026-07-02,2026-07-03,Delivered,True,1.0,1086.64
ORD000398,CUST00544,PROD0009,3,390.58,2025-01-17,,Delivered,True,,1171.74
ORD005944,CUST00347,PROD0056,1,861.22,2025-08-06,,Cancelled,True,,861.22
ORD004958,CUST00421,PROD0092,1,1419.85,2025-11-05,2025-11-06,Delivered,True,1.0,1419.85
ORD001272,CUST00583,PROD0011,5,1483.6,2026-06-17,2026-06-24,Delivered,True,7.0,7418.0
ORD005338,CUST00061,PROD0137,2,1360.59,2025-12-01,2025-12-13,Delivered,True,12.0,2721.18
ORD001627,CUST00398,PROD0002,4,2472.29,2026-03-07,2026-03-13,Delivered,True,6.0,9889.16
ORD003229,CUST00778,PROD0027,5,331.1,2025-09-25,,Cancelled,True,,1655.5
ORD004380,CUST00115,PROD0085,5,4763.96,2025-01-29,,Processing,True,,23819.8
ORD004807,CUST00633,PROD0130,4,314.99,2026-04-08,,Processing,True,,1259.96
ORD003754,CUST00415,PROD0090,3,955.06,2025-10-27,2025-11-01,Delivered,True,5.0,2865.18
ORD004523,CUST00410,PROD0108,2,4953.1,2025-03-06,2025-03-17,Delivered,True,11.0,9906.2
ORD001409,CUST00057,PROD0084,2,317.91,2026-03-12,2026-03-20,Delivered,True,8.0,635.82
ORD003905,CUST00293,PROD0129,3,17176.36,2025-05-31,,Returned,True,,51529.08
ORD001468,CUST00684,PROD0015,4,2263.06,2025-03-05,2025-03-14,Delivered,True,9.0,9052.24
ORD001245,CUST00192,PROD0081,3,4820.76,2026-04-10,2026-04-19,Delivered,True,9.0,14462.28
ORD002519,CUST00230,PROD0110,4,1192.79,2025-07-18,2025-07-30,Delivered,True,12.0,4771.16
ORD002919,CUST00465,PROD0042,1,915.41,2025-04-22,,Cancelled,True,,915.41
ORD003646,CUST00188,PROD0082,4,503.97,2025-10-16,2025-10-24,Delivered,True,8.0,2015.88
ORD001684,CUST00307,PROD0026,1,4912.92,2026-02-20,,Returned,True,,4912.92
ORD000531,CUST00710,PROD0040,4,2990.7,2026-02-27,2026-03-10,Delivered,True,11.0,11962.8
ORD002555,CUST00727,PROD0057,2,1462.31,2025-01-07,,Processing,True,,2924.62
ORD004568,CUST00256,PROD0081,2,4820.76,2026-01-11,2026-01-19,Delivered,True,8.0,9641.52
ORD005816,CUST00355,PROD0148,1,985.06,2025-11-23,,Shipped,True,,985.06
ORD004529,CUST00465,PROD0134,5,3036.32,2026-01-26,2026-02-01,Delivered,True,6.0,15181.6
ORD002788,CUST00404,PROD0025,2,4203.28,2025-11-28,2025-12-03,Delivered,True,5.0,8406.56
ORD003915,CUST00487,PROD0068,4,1375.21,2026-01-19,,Shipped,True,,5500.84
ORD000874,CUST00731,PROD0026,3,4912.92,2025-01-27,,Processing,True,,14738.76
ORD001070,CUST00157,PROD0051,1,1399.76,2025-07-14,2025-07-17,Delivered,True,3.0,1399.76
ORD001696,CUST00189,PROD0111,3,42616.44,2026-01-09,,Processing,True,,127849.32
ORD001713,CUST00571,PROD0016,5,59834.55,2025-03-02,,Delivered,True,,299172.75
ORD004657,CUST00684,PROD0020,3,4298.98,2026-02-15,,Shipped,True,,12896.939999999999
ORD000675,CUST00459,PROD0099,4,14295.1,2025-11-19,,Returned,True,,57180.4
ORD002472,CUST00550,PROD0063,1,869.54,2026-06-07,,Returned,True,,869.54
ORD000313,CUST00404,PROD0002,3,2472.29,2025-06-29,2025-07-08,Delivered,True,9.0,7416.87
ORD005970,CUST00267,PROD0083,2,385.32,2025-04-29,,Shipped,True,,770.64
ORD004751,CUST00659,PROD0024,5,1123.83,2025-10-30,2025-11-03,Delivered,True,4.0,5619.15
ORD005322,CUST00615,PROD0035,5,4733.42,2026-07-26,,Returned,True,,23667.1
ORD005651,CUST00265,PROD0002,5,2472.29,2025-12-16,,Cancelled,True,,12361.45
ORD002558,CUST00478,PROD0043,4,2444.21,2025-02-17,2025-02-24,Delivered,True,7.0,9776.84
ORD000471,CUST00210,PROD0079,3,2916.61,2026-06-03,,Processing,True,,8749.83
ORD000871,CUST00138,PROD0097,3,166.92,2025-03-08,2025-03-16,Delivered,True,8.0,500.76
ORD002344,CUST00542,PROD0090,3,955.06,2025-10-19,2025-10-23,Delivered,True,4.0,2865.18
ORD004641,CUST00408,PROD0036,1,559.64,2026-05-03,,Cancelled,True,,559.64
ORD005702,CUST00279,PROD0119,3,2603.43,2026-05-08,2026-05-12,Delivered,True,4.0,7810.289999999999
ORD001845,CUST00083,PROD0040,5,2990.7,2025-04-02,,Returned,True,,14953.5
ORD005359,CUST00063,PROD0143,2,1730.89,2025-08-30,2025-09-02,Delivered,True,3.0,3461.78
ORD005124,CUST00306,PROD0125,2,11796.3,2025-03-18,,Returned,True,,23592.6
ORD000824,CUST00772,PROD0034,2,2546.45,2026-06-01,,Returned,True,,5092.9
ORD002375,CUST00604,PROD0147,5,4832.5,2026-06-01,,Returned,True,,24162.5
ORD003173,CUST00639,PROD0148,1,985.06,2026-05-01,2026-05-10,Delivered,True,9.0,985.06
ORD003653,CUST00180,PROD0139,1,4171.69,2025-12-23,,Processing,True,,4171.69
ORD005360,CUST00783,PROD0122,2,993.76,2026-05-17,,Processing,True,,1987.52
ORD005339,CUST00609,PROD0150,1,2716.88,2026-03-19,,Shipped,True,,2716.88
ORD003142,CUST00571,PROD0023,4,11903.15,2025-07-13,,Shipped,True,,47612.6
ORD001799,CUST00420,PROD0136,2,18573.07,2026-05-03,,Returned,True,,37146.14
ORD004648,CUST00173,PROD0087,4,13732.01,2026-02-19,2026-02-20,Delivered,True,1.0,54928.04
ORD002226,CUST00766,PROD0113,2,974.15,2026-03-13,2026-03-15,Delivered,True,2.0,1948.3
ORD001495,CUST00122,PROD0024,3,1123.83,2025-05-25,,Returned,True,,3371.49
ORD000071,CUST00773,PROD0094,4,1211.97,2025-06-03,2025-06-12,Delivered,True,9.0,4847.88
ORD002066,CUST00301,PROD0131,2,6853.95,2026-02-22,,Shipped,True,,13707.9
ORD005313,CUST00281,PROD0124,1,2908.87,2026-01-08,2026-01-20,Delivered,True,12.0,2908.87
ORD005988,CUST00775,PROD0048,3,56173.09,2026-02-23,,Returned,True,,168519.27
ORD002928,CUST00041,PROD0115,4,55563.32,2025-07-04,2025-07-08,Delivered,True,4.0,222253.28
ORD004699,CUST00272,PROD0095,3,6063.96,2025-11-11,2025-11-13,Delivered,True,2.0,18191.88
ORD003787,CUST00369,PROD0118,3,828.66,2025-11-01,2025-11-10,Delivered,True,9.0,2485.98
ORD005945,CUST00075,PROD0147,2,4832.5,2026-04-28,,Cancelled,True,,9665.0
ORD000285,CUST00356,PROD0147,2,4832.5,2025-02-27,,Shipped,True,,9665.0
ORD002613,CUST00753,PROD0107,1,328.16,2025-11-05,,Shipped,True,,328.16
ORD000956,CUST00506,PROD0061,5,1083.6,2026-03-31,2026-04-05,Delivered,True,5.0,5418.0
ORD002560,CUST00209,PROD0048,1,56173.09,2025-09-19,,Returned,True,,56173.09
ORD005333,CUST00432,PROD0089,4,16755.29,2026-06-20,,Processing,True,,67021.16
ORD004833,CUST00166,PROD0135,2,7336.91,2026-02-10,,Returned,True,,14673.82
ORD001301,CUST00287,PROD0099,1,14295.1,2026-04-21,,Cancelled,True,,14295.1
ORD000901,CUST00763,PROD0116,2,8033.73,2026-02-10,,Shipped,True,,16067.46
ORD002492,CUST00115,PROD0024,2,1123.83,2026-05-15,,Cancelled,True,,2247.66
ORD000334,CUST00158,PROD0046,4,51.86,2026-05-27,,Processing,True,,207.44
ORD002963,CUST00012,PROD0089,5,16755.29,2025-03-13,,Shipped,True,,83776.45000000001
ORD000442,CUST00367,PROD0126,3,8384.51,2026-04-14,,Cancelled,True,,25153.53
ORD004644,CUST00493,PROD0149,3,5764.99,2025-11-23,2025-11-27,Delivered,True,4.0,17294.97
ORD004617,CUST00357,PROD0010,4,11743.74,2025-08-22,,Returned,True,,46974.96
ORD001105,CUST00618,PROD0057,3,1462.31,2025-06-30,2025-07-09,Delivered,True,9.0,4386.93
ORD005668,CUST00157,PROD0115,4,55563.32,2026-04-25,,Cancelled,True,,222253.28
ORD001825,CUST00603,PROD0085,2,4763.96,2025-05-11,2025-05-23,Delivered,True,12.0,9527.92
ORD004162,CUST00153,PROD0001,1,2002.86,2026-05-16,,Shipped,True,,2002.86
ORD000652,CUST00211,PROD0003,0,14338.6,2025-05-07,2025-05-17,Delivered,False,10.0,0.0
ORD005268,CUST00517,PROD0135,5,7336.91,2025-02-28,2025-03-10,Delivered,True,10.0,36684.55
ORD005878,CUST00538,PROD0094,2,1211.97,2025-10-12,,Shipped,True,,2423.94
ORD001878,CUST00245,PROD0075,2,209.7,2026-05-22,,Cancelled,True,,419.4
ORD005157,CUST00402,PROD0107,3,328.16,2026-07-15,,Delivered,True,,984.48
ORD004841,CUST00699,PROD0103,4,11738.74,2025-02-03,,Processing,True,,46954.96
ORD005828,CUST00727,PROD0143,5,1730.89,2026-01-30,,Processing,True,,8654.45
ORD002973,CUST00458,PROD0137,3,1360.59,2025-01-12,,Cancelled,True,,4081.7699999999995
ORD000047,CUST00557,PROD0058,5,4704.83,2026-04-01,2026-04-13,Delivered,True,12.0,23524.15
ORD005369,CUST00111,PROD0047,3,26286.3,2026-04-03,2026-04-07,Delivered,True,4.0,78858.9
ORD000062,CUST00652,PROD0040,3,2990.7,2025-03-27,2025-04-05,Delivered,True,9.0,8972.099999999999
ORD001034,CUST00161,PROD0081,5,4820.76,2025-12-27,2026-01-08,Delivered,True,12.0,24103.800000000003
ORD003719,CUST00178,PROD0030,3,429.82,2026-06-23,2026-06-24,Delivered,True,1.0,1289.46
ORD002989,CUST00707,PROD0111,3,42616.44,2025-12-31,,Processing,True,,127849.32
ORD005961,CUST00789,PROD0003,1,14338.6,2025-01-02,,Cancelled,True,,14338.6
ORD002442,CUST00633,PROD0069,1,58378.98,2025-02-02,,Shipped,True,,58378.98
ORD005175,CUST00550,PROD0088,5,34407.7,2026-02-24,2026-03-07,Delivered,True,11.0,172038.5
ORD000121,CUST00138,PROD0076,1,32834.68,2025-11-23,2025-11-25,Delivered,True,2.0,32834.68
ORD003752,CUST00215,PROD0142,4,1821.04,2026-01-25,,Processing,True,,7284.16
ORD000203,CUST00002,PROD0034,4,2546.45,2026-05-15,,Cancelled,True,,10185.8
ORD005242,CUST00615,PROD0059,2,685.94,2025-05-29,2025-06-01,Delivered,True,3.0,1371.88
ORD000809,CUST00483,PROD0091,1,1751.39,2025-02-18,2025-02-26,Delivered,True,8.0,1751.39
ORD002174,CUST00618,PROD0014,4,1289.47,2026-06-06,2026-06-13,Delivered,True,7.0,5157.88
ORD003711,CUST00740,PROD0102,3,133.37,2025-06-23,2025-07-01,Delivered,True,8.0,400.11
ORD005177,CUST00677,PROD0104,3,1042.65,2025-02-11,2025-02-17,Delivered,True,6.0,3127.9500000000003
ORD001776,CUST00497,PROD0045,3,1228.68,2025-11-07,2025-11-10,Delivered,True,3.0,3686.04
ORD000773,CUST00578,PROD0005,2,560.65,2025-01-28,,Returned,True,,1121.3
ORD001970,CUST00179,PROD0102,5,133.37,2026-07-09,,Returned,True,,666.85
ORD000029,CUST00243,PROD0127,5,919.23,2026-06-08,2026-06-13,Delivered,True,5.0,4596.15
ORD003099,CUST00355,PROD0103,2,11738.74,2026-03-10,,Returned,True,,23477.48
ORD004869,CUST00064,PROD0051,2,1399.76,2026-05-16,2026-05-18,Delivered,True,2.0,2799.52
ORD003379,CUST00393,PROD0124,3,2908.87,2026-06-13,2026-06-21,Delivered,True,8.0,8726.61
ORD005090,CUST00217,PROD0024,4,1123.83,2025-10-21,,Cancelled,True,,4495.32
ORD004223,CUST00510,PROD0024,2,1123.83,2025-12-20,,Processing,True,,2247.66
ORD001885,CUST00464,PROD0101,2,782.0,2025-12-26,2025-12-30,Delivered,True,4.0,1564.0
ORD005320,CUST00071,PROD0085,3,4763.96,2025-07-09,,Returned,True,,14291.880000000001
ORD000417,CUST00689,PROD0029,3,901.03,2026-04-06,2026-04-12,Delivered,True,6.0,2703.09
ORD004296,CUST00191,PROD0110,4,1192.79,2025-12-26,2026-01-07,Delivered,True,12.0,4771.16
ORD005426,CUST00065,PROD0008,1,545.71,2025-06-06,2025-06-12,Delivered,True,6.0,545.71
ORD003881,CUST00540,PROD0003,2,14338.6,2026-03-14,,Cancelled,True,,28677.2
ORD003854,CUST00736,PROD0110,4,1192.79,2025-01-30,2025-02-01,Delivered,True,2.0,4771.16
ORD005822,CUST00498,PROD0111,4,42616.44,2026-03-26,,Cancelled,True,,170465.76
ORD001078,CUST00100,PROD0122,1,993.76,2026-05-30,2026-06-03,Delivered,True,4.0,993.76
ORD003886,CUST00119,PROD0116,5,8033.73,2026-07-06,,Shipped,True,,40168.649999999994
ORD002889,CUST00709,PROD0109,2,854.47,2026-06-06,,Shipped,True,,1708.94
ORD003817,CUST00517,PROD0144,2,4806.1,2025-01-04,,Shipped,True,,9612.2
ORD004336,CUST00120,PROD0136,5,18573.07,2025-05-20,2025-05-27,Delivered,True,7.0,92865.35
ORD002624,CUST00758,PROD0012,3,4952.6,2025-06-06,2025-06-07,Delivered,True,1.0,14857.800000000001
ORD004954,CUST00488,PROD0094,3,1211.97,2026-07-24,,Shipped,True,,3635.91
ORD001465,CUST00068,PROD0015,5,2263.06,2025-02-01,,Returned,True,,11315.3
ORD000260,CUST00298,PROD0065,2,9361.22,2025-04-28,2025-05-07,Delivered,True,9.0,18722.44
ORD001948,CUST00609,PROD0098,1,648.17,2026-07-09,2026-07-20,Delivered,True,11.0,648.17
ORD005361,CUST00154,PROD0066,4,4931.77,2026-02-12,,Returned,True,,19727.08
ORD000999,CUST00364,PROD0023,1,11903.15,2026-03-22,2026-03-28,Delivered,True,6.0,11903.15
ORD001844,CUST00154,PROD0018,4,18955.94,2026-02-15,2026-02-24,Delivered,True,9.0,75823.76
ORD002055,CUST00175,PROD0106,1,3327.3,2026-06-28,2026-07-06,Delivered,True,8.0,3327.3
ORD002261,CUST00299,PROD0094,1,1211.97,2026-05-17,,Shipped,True,,1211.97
ORD001987,CUST00088,PROD0085,4,4763.96,2025-10-01,2025-10-05,Delivered,True,4.0,19055.84
ORD003451,CUST00631,PROD0051,2,1399.76,2026-01-02,2026-01-07,Delivered,True,5.0,2799.52
ORD001107,CUST00308,PROD0142,2,1821.04,2026-03-29,,Processing,True,,3642.08
ORD003531,CUST00743,PROD0017,4,4701.06,2026-07-10,,Shipped,True,,18804.24
ORD003324,CUST00559,PROD0129,3,17176.36,2025-05-19,,Shipped,True,,51529.08
ORD000391,CUST00659,PROD0049,2,191.03,2026-06-23,2026-07-03,Delivered,True,10.0,382.06
ORD000548,CUST00653,PROD0126,1,8384.51,2025-05-28,,Cancelled,True,,8384.51
ORD000508,CUST00716,PROD0146,3,9127.13,2026-03-22,,Delivered,True,,27381.39
ORD004334,CUST00615,PROD0032,4,1176.78,2026-04-23,2026-05-04,Delivered,True,11.0,4707.12
ORD004622,CUST00239,PROD0098,1,648.17,2025-03-16,,Cancelled,True,,648.17
ORD004041,CUST00366,PROD0032,1,1176.78,2025-02-18,2025-02-24,Delivered,True,6.0,1176.78
ORD004563,CUST00594,PROD0111,5,42616.44,2026-01-12,,Shipped,True,,213082.2
ORD002209,CUST00338,PROD0106,2,3327.3,2025-05-21,2025-05-30,Delivered,True,9.0,6654.6
ORD002682,CUST00235,PROD0101,3,782.0,2025-10-16,,Cancelled,True,,2346.0
ORD005928,CUST00114,PROD0098,4,648.17,2025-07-31,2025-08-08,Delivered,True,8.0,2592.68
ORD003308,CUST00783,PROD0062,2,25032.52,2025-07-14,,Returned,True,,50065.04
ORD002277,CUST00759,PROD0114,3,1292.66,2025-11-02,2025-11-10,Delivered,True,8.0,3877.9800000000005
ORD002647,CUST00749,PROD0126,3,8384.51,2025-04-18,2025-04-26,Delivered,True,8.0,25153.53
ORD005769,CUST00494,PROD0014,2,1289.47,2025-04-12,2025-04-19,Delivered,True,7.0,2578.94
ORD002533,CUST00317,PROD0013,1,39659.48,2025-11-24,,Processing,True,,39659.48
ORD003999,CUST00627,PROD0029,5,901.03,2025-08-12,2025-08-18,Delivered,True,6.0,4505.15
ORD000095,CUST00267,PROD0044,5,1423.72,2026-03-20,,Returned,True,,7118.6
ORD000648,CUST00098,PROD0078,1,12507.55,2025-05-02,2025-05-14,Delivered,True,12.0,12507.55
ORD005465,CUST00671,PROD0101,3,782.0,2026-07-08,,Returned,True,,2346.0
ORD000925,CUST00157,PROD0122,2,993.76,2025-11-14,2025-11-23,Delivered,True,9.0,1987.52
ORD000202,CUST00435,PROD0113,2,974.15,2026-01-24,2026-02-04,Delivered,True,11.0,1948.3
ORD005632,CUST00520,PROD0100,1,7797.29,2025-12-02,,Shipped,True,,7797.29
ORD000079,CUST00370,PROD0089,1,16755.29,2025-12-10,,Cancelled,True,,16755.29
ORD001606,CUST00210,PROD0081,3,4820.76,2026-04-02,2026-04-08,Delivered,True,6.0,14462.28
ORD004378,CUST00627,PROD0066,3,4931.77,2025-10-13,2025-10-14,Delivered,True,1.0,14795.310000000001
ORD005680,CUST00153,PROD0048,2,56173.09,2025-01-14,,Cancelled,True,,112346.18
ORD001387,CUST00086,PROD0145,5,2463.88,2026-06-22,,Cancelled,True,,12319.400000000001
ORD002352,CUST00438,PROD0014,4,1289.47,2025-08-23,2025-08-24,Delivered,True,1.0,5157.88
ORD002264,CUST00349,PROD0031,5,2204.46,2025-03-18,,Returned,True,,11022.3
ORD003219,CUST00233,PROD0078,1,12507.55,2025-09-10,2025-09-11,Delivered,True,1.0,12507.55
ORD002796,CUST00771,PROD0074,4,2124.57,2026-06-16,,Processing,True,,8498.28
ORD001004,CUST00439,PROD0095,2,6063.96,2025-11-17,2025-11-22,Delivered,True,5.0,12127.92
ORD000231,CUST00181,PROD0144,2,4806.1,2026-07-29,2026-08-07,Delivered,True,9.0,9612.2
ORD002097,CUST00360,PROD0106,1,3327.3,2025-07-29,,Cancelled,True,,3327.3
ORD004590,CUST00260,PROD0053,1,379.38,2026-03-29,2026-04-05,Delivered,True,7.0,379.38
ORD002032,CUST00096,PROD0102,1,133.37,2026-03-17,2026-03-22,Delivered,True,5.0,133.37
ORD003387,CUST00340,PROD0070,5,10505.06,2026-04-04,,Shipped,True,,52525.299999999996
ORD003389,CUST00393,PROD0128,3,3825.7,2025-11-18,2025-11-27,Delivered,True,9.0,11477.099999999999
ORD003246,CUST00020,PROD0066,1,4931.77,2025-03-17,,Processing,True,,4931.77
ORD002252,CUST00370,PROD0046,3,51.86,2026-01-19,,Shipped,True,,155.57999999999998
ORD001863,CUST00304,PROD0071,1,632.25,2025-11-07,,Cancelled,True,,632.25
ORD001467,CUST00309,PROD0040,2,2990.7,2025-05-15,,Cancelled,True,,5981.4
ORD005164,CUST00041,PROD0034,1,2546.45,2025-02-14,,Processing,True,,2546.45
ORD005505,CUST00691,PROD0099,2,14295.1,2025-11-12,2025-11-23,Delivered,True,11.0,28590.2
ORD002126,CUST00153,PROD0075,3,209.7,2025-06-13,2025-06-23,Delivered,True,10.0,629.0999999999999
ORD004981,CUST00029,PROD0040,4,2990.7,2025-01-12,,Cancelled,True,,11962.8
ORD003973,CUST00693,PROD0147,1,4832.5,2025-01-04,,Processing,True,,4832.5
ORD000459,CUST00014,PROD0143,2,1730.89,2025-02-20,2025-02-21,Delivered,True,1.0,3461.78
ORD005301,CUST00088,PROD0026,3,4912.92,2025-09-03,,Returned,True,,14738.76
ORD002161,CUST00458,PROD0073,5,34399.58,2025-05-03,2025-05-13,Delivered,True,10.0,171997.90000000002
ORD004031,CUST00679,PROD0018,2,18955.94,2025-10-11,2025-10-16,Delivered,True,5.0,37911.88
ORD003392,CUST00299,PROD0131,5,6853.95,2026-02-04,,Cancelled,True,,34269.75
ORD001413,CUST00572,PROD0082,4,503.97,2026-02-05,,Cancelled,True,,2015.88
ORD000018,CUST00290,PROD0048,3,56173.09,2025-11-30,,Returned,True,,168519.27
ORD005810,CUST00790,PROD0001,4,2002.86,2025-04-24,,Returned,True,,8011.44
ORD002156,CUST00584,PROD0083,2,385.32,2025-02-10,2025-02-22,Delivered,True,12.0,770.64
ORD004098,CUST00435,PROD0009,5,390.58,2026-05-14,2026-05-18,Delivered,True,4.0,1952.8999999999999
ORD002318,CUST00079,PROD0006,2,812.36,2025-06-21,,Processing,True,,1624.72
ORD002078,CUST00534,PROD0063,4,869.54,2026-05-16,,Cancelled,True,,3478.16
ORD001895,CUST00575,PROD0122,3,993.76,2026-07-11,2026-07-15,Delivered,True,4.0,2981.2799999999997
ORD001995,CUST00779,PROD0085,5,4763.96,2025-11-04,,Cancelled,True,,23819.8
ORD005643,CUST00342,PROD0001,2,2002.86,2025-01-30,2025-02-08,Delivered,True,9.0,4005.72
ORD002062,CUST00719,PROD0014,2,1289.47,2025-03-12,2025-03-14,Delivered,True,2.0,2578.94
ORD004880,CUST00345,PROD0062,3,25032.52,2026-03-30,,Processing,True,,75097.56
ORD004688,CUST00296,PROD0103,2,11738.74,2026-06-17,,Returned,True,,23477.48
ORD001730,CUST00567,PROD0013,5,39659.48,2025-01-29,,Shipped,True,,198297.40000000002
ORD003217,CUST00373,PROD0123,4,21424.68,2026-07-24,,Returned,True,,85698.72
ORD001259,CUST00567,PROD0079,2,2916.61,2025-06-24,2025-06-27,Delivered,True,3.0,5833.22
ORD005610,CUST00052,PROD0010,2,11743.74,2025-06-13,2025-06-14,Delivered,True,1.0,23487.48
ORD001624,CUST00514,PROD0149,5,5764.99,2025-05-05,2025-05-07,Delivered,True,2.0,28824.949999999997
ORD001341,CUST00182,PROD0125,3,11796.3,2025-03-22,2025-03-31,Delivered,True,9.0,35388.899999999994
ORD004900,CUST00454,PROD0110,1,1192.79,2025-09-27,2025-10-03,Delivered,True,6.0,1192.79
ORD003525,CUST00528,PROD0010,4,11743.74,2025-11-05,2025-11-16,Delivered,True,11.0,46974.96
ORD001981,CUST00202,PROD0123,1,21424.68,2025-12-27,2026-01-01,Delivered,True,5.0,21424.68
ORD005389,CUST00382,PROD0127,2,919.23,2025-11-18,,Processing,True,,1838.46
ORD005800,CUST00172,PROD0079,2,2916.61,2026-04-10,,Shipped,True,,5833.22
ORD004403,CUST00487,PROD0072,4,263.08,2025-04-19,2025-05-01,Delivered,True,12.0,1052.32
ORD002720,CUST00210,PROD0149,1,5764.99,2025-04-04,2025-04-07,Delivered,True,3.0,5764.99
ORD005438,CUST00588,PROD0009,3,390.58,2025-02-24,2025-03-07,Delivered,True,11.0,1171.74
ORD005441,CUST00045,PROD0004,1,2001.32,2026-01-19,2026-01-22,Delivered,True,3.0,2001.32
ORD005399,CUST00515,PROD0140,1,899.29,2025-08-14,2025-08-17,Delivered,True,3.0,899.29
ORD002915,CUST00696,PROD0105,5,32176.55,2025-02-01,,Processing,True,,160882.75
ORD004008,CUST00727,PROD0083,1,385.32,2025-05-01,,Returned,True,,385.32
ORD002699,CUST00055,PROD0142,3,1821.04,2025-07-13,,Processing,True,,5463.12
ORD002692,CUST00679,PROD0087,4,13732.01,2025-05-16,,Delivered,True,,54928.04
ORD001669,CUST00726,PROD0093,2,513.19,2026-05-22,,Cancelled,True,,1026.38
ORD003263,CUST00577,PROD0087,5,13732.01,2025-02-18,2025-02-25,Delivered,True,7.0,68660.05
ORD002289,CUST00334,PROD0140,1,899.29,2025-05-17,2025-05-20,Delivered,True,3.0,899.29
ORD002949,CUST00384,PROD0039,2,5112.85,2025-05-23,2025-05-31,Delivered,True,8.0,10225.7
ORD003872,CUST00041,PROD0033,3,5639.02,2025-06-02,2025-06-09,Delivered,True,7.0,16917.06
ORD000576,CUST00311,PROD0128,2,3825.7,2025-06-13,2025-06-24,Delivered,True,11.0,7651.4
ORD001086,CUST00780,PROD0094,3,1211.97,2025-11-08,,Delivered,True,,3635.91
ORD001737,CUST00438,PROD0067,4,4271.55,2025-11-14,,Shipped,True,,17086.2
ORD002618,CUST00697,PROD0041,2,543.32,2026-01-07,,Shipped,True,,1086.64
ORD004567,CUST00192,PROD0094,3,1211.97,2025-03-18,2025-03-28,Delivered,True,10.0,3635.91
ORD002011,CUST00640,PROD0041,5,543.32,2025-04-09,2025-04-21,Delivered,True,12.0,2716.6000000000004
ORD004036,CUST00058,PROD0078,5,12507.55,2025-09-27,2025-10-08,Delivered,True,11.0,62537.75
ORD001731,CUST00659,PROD0049,3,191.03,2026-07-05,,Cancelled,True,,573.09
ORD002735,CUST00792,PROD0066,2,4931.77,2025-08-14,,Returned,True,,9863.54
ORD002349,CUST00188,PROD0011,5,1483.6,2025-01-14,2025-01-26,Delivered,True,12.0,7418.0
ORD005027,CUST00732,PROD0064,2,3664.82,2026-03-03,2026-03-04,Delivered,True,1.0,7329.64
ORD002389,CUST00595,PROD0028,4,302.64,2026-02-12,,Shipped,True,,1210.56
ORD005936,CUST00121,PROD0020,4,4298.98,2025-09-23,,Returned,True,,17195.92
ORD001671,CUST00786,PROD0065,3,9361.22,2025-03-27,2025-04-08,Delivered,True,12.0,28083.659999999996
ORD003226,CUST00484,PROD0099,3,14295.1,2025-06-13,,Shipped,True,,42885.3
ORD005902,CUST00546,PROD0113,2,974.15,2025-08-24,,Processing,True,,1948.3
ORD003885,CUST00238,PROD0071,3,632.25,2026-02-16,,Cancelled,True,,1896.75
ORD004918,CUST00138,PROD0119,3,2603.43,2026-03-23,,Processing,True,,7810.289999999999
ORD005815,CUST00738,PROD0037,3,1155.64,2025-11-16,2025-11-23,Delivered,True,7.0,3466.92
ORD003544,CUST00757,PROD0090,2,955.06,2025-05-24,2025-06-02,Delivered,True,9.0,1910.12
ORD000227,CUST00624,PROD0147,4,4832.5,2026-07-01,,Cancelled,True,,19330.0
ORD001532,CUST00370,PROD0100,4,7797.29,2026-07-26,,Processing,True,,31189.16
ORD005713,CUST00495,PROD0150,4,2716.88,2025-05-23,2025-05-26,Delivered,True,3.0,10867.52
ORD002230,CUST00693,PROD0061,4,1083.6,2026-06-15,2026-06-21,Delivered,True,6.0,4334.4
ORD001539,CUST00332,PROD0061,4,1083.6,2026-07-05,,Cancelled,True,,4334.4
ORD003553,CUST00781,PROD0027,5,331.1,2025-10-22,2025-10-27,Delivered,True,5.0,1655.5
ORD001144,CUST00137,PROD0144,5,4806.1,2025-03-21,,Returned,True,,24030.5
ORD002524,CUST00712,PROD0115,5,55563.32,2025-12-10,2025-12-16,Delivered,True,6.0,277816.6
ORD005711,CUST00645,PROD0078,5,12507.55,2025-01-10,,Returned,True,,62537.75
ORD002590,CUST00101,PROD0010,4,11743.74,2026-03-18,2026-03-29,Delivered,True,11.0,46974.96
ORD003457,CUST00294,PROD0017,3,4701.06,2025-08-23,,Returned,True,,14103.18
ORD005240,CUST00509,PROD0091,4,1751.39,2026-06-04,2026-06-12,Delivered,True,8.0,7005.56
ORD004244,CUST00162,PROD0073,5,34399.58,2026-07-16,,Cancelled,True,,171997.90000000002
ORD003353,CUST00529,PROD0134,4,3036.32,2026-06-28,,Shipped,True,,12145.28
ORD003498,CUST00326,PROD0054,1,1632.64,2025-05-15,,Shipped,True,,1632.64
ORD001191,CUST00172,PROD0140,1,899.29,2026-03-31,2026-04-11,Delivered,True,11.0,899.29
ORD005094,CUST00090,PROD0022,4,459.17,2025-09-10,2025-09-15,Delivered,True,5.0,1836.68
ORD002874,CUST00742,PROD0098,4,648.17,2025-05-24,2025-05-28,Delivered,True,4.0,2592.68
ORD003279,CUST00797,PROD0037,3,1155.64,2025-05-19,,Shipped,True,,3466.92
ORD002795,CUST00013,PROD0130,3,314.99,2025-04-26,,Returned,True,,944.97
ORD004277,CUST00215,PROD0065,5,9361.22,2026-07-12,2026-07-24,Delivered,True,12.0,46806.1
ORD005452,CUST00250,PROD0020,1,4298.98,2025-12-17,,Returned,True,,4298.98
ORD004014,CUST00725,PROD0040,2,2990.7,2025-10-15,2025-10-24,Delivered,True,9.0,5981.4
ORD003065,CUST00065,PROD0106,0,3327.3,2026-07-17,2026-07-22,Delivered,False,5.0,0.0
ORD002112,CUST00563,PROD0041,5,543.32,2026-06-30,2026-07-08,Delivered,True,8.0,2716.6000000000004
ORD004816,CUST00382,PROD0054,1,1632.64,2025-08-09,,Processing,True,,1632.64
ORD004429,CUST00717,PROD0116,1,8033.73,2025-06-02,2025-06-09,Delivered,True,7.0,8033.73
ORD003119,CUST00052,PROD0028,5,302.64,2025-07-07,,Cancelled,True,,1513.1999999999998
ORD001365,CUST00488,PROD0037,1,1155.64,2025-12-01,,Processing,True,,1155.64
ORD003740,CUST00781,PROD0063,4,869.54,2025-12-12,,Delivered,True,,3478.16
ORD002454,CUST00590,PROD0045,3,1228.68,2025-09-18,,Processing,True,,3686.04
ORD004732,CUST00800,PROD0078,4,12507.55,2026-03-30,2026-04-07,Delivered,True,8.0,50030.2
ORD001907,CUST00331,PROD0112,5,1969.23,2026-03-09,2026-03-11,Delivered,True,2.0,9846.15
ORD003328,CUST00337,PROD0104,2,1042.65,2026-06-05,,Cancelled,True,,2085.3
ORD004012,CUST00264,PROD0003,1,14338.6,2025-07-31,2025-08-01,Delivered,True,1.0,14338.6
ORD000346,CUST00562,PROD0021,2,156.01,2025-06-20,2025-06-22,Delivered,True,2.0,312.02
ORD005766,CUST00531,PROD0149,2,5764.99,2026-01-09,,Cancelled,True,,11529.98
ORD002953,CUST00427,PROD0132,3,305.28,2025-08-13,,Cancelled,True,,915.8399999999999
ORD004773,CUST00295,PROD0133,1,1400.65,2026-02-19,2026-03-03,Delivered,True,12.0,1400.65
ORD005541,CUST00048,PROD0069,1,58378.98,2026-03-25,2026-04-03,Delivered,True,9.0,58378.98
ORD000449,CUST00074,PROD0129,1,17176.36,2025-07-04,2025-07-11,Delivered,True,7.0,17176.36
ORD002661,CUST00580,PROD0010,5,11743.74,2026-06-20,2026-06-22,Delivered,True,2.0,58718.7
ORD003899,CUST00759,PROD0083,4,385.32,2026-03-15,,Cancelled,True,,1541.28
ORD000480,CUST00264,PROD0096,4,32150.75,2025-11-06,,Shipped,True,,128603.0
ORD001904,CUST00175,PROD0150,4,2716.88,2025-08-23,2025-08-25,Delivered,True,2.0,10867.52
ORD003468,CUST00567,PROD0145,2,2463.88,2025-01-20,,Cancelled,True,,4927.76
ORD003982,CUST00781,PROD0123,3,21424.68,2026-04-07,,Processing,True,,64274.04
ORD005101,CUST00392,PROD0032,2,1176.78,2025-08-12,,Cancelled,True,,2353.56
ORD002985,CUST00600,PROD0010,4,11743.74,2025-04-22,,Shipped,True,,46974.96
ORD000969,CUST00197,PROD0096,4,32150.75,2026-02-19,,Cancelled,True,,128603.0
ORD001666,CUST00371,PROD0040,1,2990.7,2025-12-16,2025-12-23,Delivered,True,7.0,2990.7
ORD005120,CUST00499,PROD0081,2,4820.76,2025-09-17,2025-09-26,Delivered,True,9.0,9641.52
ORD002145,CUST00359,PROD0100,2,7797.29,2025-12-30,,Shipped,True,,15594.58
ORD004552,CUST00349,PROD0019,2,4410.8,2025-10-18,,Processing,True,,8821.6
ORD002304,CUST00206,PROD0079,3,2916.61,2026-03-04,,Returned,True,,8749.83
ORD001884,CUST00783,PROD0030,3,429.82,2026-01-18,,Cancelled,True,,1289.46
ORD005580,CUST00539,PROD0012,1,4952.6,2025-11-05,,Returned,True,,4952.6
ORD002886,CUST00658,PROD0077,4,2052.65,2025-09-29,,Processing,True,,8210.6
ORD001146,CUST00701,PROD0109,2,854.47,2025-10-04,2025-10-06,Delivered,True,2.0,1708.94
ORD004302,CUST00715,PROD0150,5,2716.88,2025-10-06,,Shipped,True,,13584.400000000001
ORD003851,CUST00791,PROD0009,5,390.58,2025-06-30,,Returned,True,,1952.8999999999999
ORD003240,CUST00476,PROD0118,1,828.66,2025-07-14,2025-07-19,Delivered,True,5.0,828.66
ORD005865,CUST00032,PROD0070,5,10505.06,2026-05-16,,Shipped,True,,52525.299999999996
ORD001238,CUST00056,PROD0098,3,648.17,2025-06-24,,Returned,True,,1944.5099999999998
ORD003278,CUST00168,PROD0012,5,4952.6,2025-05-02,2025-05-14,Delivered,True,12.0,24763.0
ORD004105,CUST00533,PROD0071,5,632.25,2025-01-11,2025-01-15,Delivered,True,4.0,3161.25
ORD000338,CUST00717,PROD0006,4,812.36,2025-05-05,2025-05-15,Delivered,True,10.0,3249.44
ORD002741,CUST00634,PROD0043,1,2444.21,2026-01-19,,Cancelled,True,,2444.21
ORD004775,CUST00034,PROD0128,1,3825.7,2025-09-20,2025-09-25,Delivered,True,5.0,3825.7
ORD001512,CUST00089,PROD0129,3,17176.36,2026-04-30,,Processing,True,,51529.08
ORD000766,CUST00246,PROD0021,5,156.01,2025-01-17,,Returned,True,,780.05
ORD001740,CUST00062,PROD0115,2,55563.32,2025-08-17,2025-08-19,Delivered,True,2.0,111126.64
ORD002801,CUST00016,PROD0075,5,209.7,2025-03-04,2025-03-09,Delivered,True,5.0,1048.5
ORD003667,CUST00185,PROD0124,5,2908.87,2026-02-04,2026-02-14,Delivered,True,10.0,14544.349999999999
ORD001990,CUST00292,PROD0054,1,1632.64,2025-03-09,2025-03-14,Delivered,True,5.0,1632.64
ORD005489,CUST00031,PROD0103,2,11738.74,2026-06-25,,Cancelled,True,,23477.48
ORD005730,CUST00295,PROD0076,4,32834.68,2025-01-19,2025-01-27,Delivered,True,8.0,131338.72
ORD005678,CUST00482,PROD0144,5,4806.1,2025-05-19,2025-05-20,Delivered,True,1.0,24030.5
ORD003407,CUST00383,PROD0068,1,1375.21,2025-11-15,2025-11-17,Delivered,True,2.0,1375.21
ORD004390,CUST00213,PROD0112,2,1969.23,2026-04-20,,Delivered,True,,3938.46
ORD000737,CUST00271,PROD0067,2,4271.55,2026-05-31,,Processing,True,,8543.1
ORD003397,CUST00701,PROD0139,5,4171.69,2026-02-01,2026-02-10,Delivered,True,9.0,20858.449999999997
ORD003695,CUST00360,PROD0086,3,1450.41,2025-03-08,2025-03-18,Delivered,True,10.0,4351.2300000000005
ORD000921,CUST00221,PROD0126,1,8384.51,2025-07-11,2025-07-18,Delivered,True,7.0,8384.51
ORD002358,CUST00247,PROD0113,3,974.15,2026-03-24,,Cancelled,True,,2922.45
ORD003564,CUST00288,PROD0062,2,25032.52,2026-04-09,,Processing,True,,50065.04
ORD002756,CUST00113,PROD0112,5,1969.23,2026-03-04,,Returned,True,,9846.15
ORD004046,CUST00273,PROD0025,4,4203.28,2026-07-01,,Processing,True,,16813.12
ORD000154,CUST00168,PROD0142,3,1821.04,2025-12-19,,Shipped,True,,5463.12
ORD005134,CUST00410,PROD0117,2,430.76,2025-03-22,,Processing,True,,861.52
ORD001770,CUST00098,PROD0070,5,10505.06,2025-06-09,,Cancelled,True,,52525.299999999996
ORD002446,CUST00682,PROD0102,2,133.37,2025-09-06,2025-09-14,Delivered,True,8.0,266.74
ORD003614,CUST00590,PROD0057,2,1462.31,2026-05-16,,Cancelled,True,,2924.62
ORD005405,CUST00093,PROD0130,2,314.99,2025-11-15,,Cancelled,True,,629.98
ORD001402,CUST00099,PROD0048,4,56173.09,2025-10-17,2025-10-28,Delivered,True,11.0,224692.36
ORD001647,CUST00078,PROD0113,1,974.15,2025-10-14,,Processing,True,,974.15
ORD003103,CUST00463,PROD0069,3,58378.98,2025-05-21,2025-05-25,Delivered,True,4.0,175136.94
ORD001514,CUST00745,PROD0067,2,4271.55,2026-06-12,,Returned,True,,8543.1
ORD001567,CUST00219,PROD0066,2,4931.77,2025-01-29,,Shipped,True,,9863.54
ORD004661,CUST00494,PROD0127,4,919.23,2025-01-05,,Returned,True,,3676.92
ORD003098,CUST00057,PROD0020,2,4298.98,2025-04-13,,Processing,True,,8597.96
ORD003504,CUST00485,PROD0099,3,14295.1,2026-04-17,,Cancelled,True,,42885.3
ORD000484,CUST00557,PROD0053,1,379.38,2026-04-16,2026-04-17,Delivered,True,1.0,379.38
ORD002861,CUST00585,PROD0008,2,545.71,2026-06-25,,Processing,True,,1091.42
ORD003258,CUST00781,PROD0068,1,1375.21,2026-05-31,2026-06-07,Delivered,True,7.0,1375.21
ORD002004,CUST00227,PROD0097,1,166.92,2025-04-14,,Delivered,True,,166.92
ORD005843,CUST00572,PROD0116,1,8033.73,2026-06-07,2026-06-09,Delivered,True,2.0,8033.73
ORD002614,CUST00280,PROD0015,4,2263.06,2026-02-27,,Returned,True,,9052.24
ORD003760,CUST00747,PROD0045,4,1228.68,2025-01-30,,Shipped,True,,4914.72
ORD005540,CUST00693,PROD0066,5,4931.77,2025-02-24,2025-02-28,Delivered,True,4.0,24658.850000000002
ORD000340,CUST00258,PROD0131,4,6853.95,2026-04-03,,Cancelled,True,,27415.8
ORD000014,CUST00764,PROD0028,2,302.64,2025-09-07,2025-09-16,Delivered,True,9.0,605.28
ORD002059,CUST00355,PROD0013,3,39659.48,2025-11-15,2025-11-27,Delivered,True,12.0,118978.44
ORD001565,CUST00422,PROD0041,5,543.32,2025-11-09,,Returned,True,,2716.6000000000004
ORD003021,CUST00296,PROD0037,1,1155.64,2025-11-26,2025-12-03,Delivered,True,7.0,1155.64
ORD001897,CUST00738,PROD0083,3,385.32,2026-07-20,2026-07-30,Delivered,True,10.0,1155.96
ORD004445,CUST00203,PROD0007,1,40685.29,2025-12-15,2025-12-16,Delivered,True,1.0,40685.29
ORD003253,CUST00574,PROD0101,2,782.0,2025-02-10,,Processing,True,,1564.0
ORD004781,CUST00371,PROD0114,4,1292.66,2025-07-03,2025-07-14,Delivered,True,11.0,5170.64
ORD002808,CUST00720,PROD0053,1,379.38,2026-01-02,,Shipped,True,,379.38
ORD002975,CUST00748,PROD0012,3,4952.6,2025-07-01,,Returned,True,,14857.800000000001
ORD004129,CUST00443,PROD0090,4,955.06,2025-12-16,2025-12-25,Delivered,True,9.0,3820.24
ORD005638,CUST00162,PROD0103,4,11738.74,2026-06-12,2026-06-16,Delivered,True,4.0,46954.96
ORD000024,CUST00588,PROD0125,5,11796.3,2025-06-27,2025-07-05,Delivered,True,8.0,58981.5
ORD004463,CUST00675,PROD0140,3,899.29,2025-06-08,2025-06-18,Delivered,True,10.0,2697.87
ORD001721,CUST00087,PROD0142,1,1821.04,2025-12-13,,Processing,True,,1821.04
ORD003594,CUST00147,PROD0031,5,2204.46,2025-10-30,2025-11-10,Delivered,True,11.0,11022.3
ORD005150,CUST00680,PROD0045,2,1228.68,2026-07-13,2026-07-22,Delivered,True,9.0,2457.36
ORD005198,CUST00205,PROD0097,4,166.92,2026-06-27,,Returned,True,,667.68
ORD001838,CUST00125,PROD0014,3,1289.47,2026-07-20,,Processing,True,,3868.41
ORD000560,CUST00306,PROD0137,4,1360.59,2025-01-17,,Processing,True,,5442.36
ORD001139,CUST00512,PROD0087,4,13732.01,2025-01-14,2025-01-17,Delivered,True,3.0,54928.04
ORD004169,CUST00483,PROD0127,2,919.23,2025-09-01,2025-09-08,Delivered,True,7.0,1838.46
ORD005619,CUST00438,PROD0041,4,543.32,2025-12-01,,Shipped,True,,2173.28
ORD005794,CUST00025,PROD0145,4,2463.88,2026-05-21,,Returned,True,,9855.52
ORD002090,CUST00615,PROD0001,0,2002.86,2025-01-21,,Cancelled,False,,0.0
ORD001960,CUST00331,PROD0048,2,56173.09,2026-02-24,2026-03-05,Delivered,True,9.0,112346.18
ORD005487,CUST00087,PROD0068,2,1375.21,2025-04-05,,Cancelled,True,,2750.42
ORD000136,CUST00325,PROD0102,1,133.37,2026-05-30,2026-06-01,Delivered,True,2.0,133.37
ORD000660,CUST00183,PROD0074,5,2124.57,2025-02-11,,Processing,True,,10622.85
ORD002967,CUST00517,PROD0085,1,4763.96,2026-07-17,,Cancelled,True,,4763.96
ORD005969,CUST00416,PROD0141,4,22625.81,2025-09-08,,Processing,True,,90503.24
ORD003658,CUST00470,PROD0109,4,854.47,2026-07-16,2026-07-17,Delivered,True,1.0,3417.88
ORD005275,CUST00018,PROD0075,4,209.7,2025-05-12,2025-05-21,Delivered,True,9.0,838.8
ORD005227,CUST00217,PROD0013,4,39659.48,2025-01-09,2025-01-16,Delivered,True,7.0,158637.92
ORD004546,CUST00115,PROD0106,5,3327.3,2025-08-17,,Returned,True,,16636.5
ORD002728,CUST00498,PROD0066,5,4931.77,2025-05-31,,Returned,True,,24658.850000000002
ORD000806,CUST00194,PROD0033,5,5639.02,2026-07-08,2026-07-10,Delivered,True,2.0,28195.100000000002
ORD003194,CUST00242,PROD0029,5,901.03,2026-01-30,2026-02-07,Delivered,True,8.0,4505.15
ORD001076,CUST00318,PROD0125,1,11796.3,2026-03-16,2026-03-28,Delivered,True,12.0,11796.3
ORD003785,CUST00495,PROD0103,4,11738.74,2026-02-11,2026-02-22,Delivered,True,11.0,46954.96
ORD005220,CUST00375,PROD0095,5,6063.96,2025-08-24,2025-09-05,Delivered,True,12.0,30319.8
ORD004048,CUST00019,PROD0090,5,955.06,2025-01-19,,Processing,True,,4775.299999999999
ORD002152,CUST00076,PROD0066,5,4931.77,2025-11-19,,Cancelled,True,,24658.850000000002
ORD002015,CUST00314,PROD0038,1,8563.39,2026-04-05,2026-04-17,Delivered,True,12.0,8563.39
ORD001398,CUST00002,PROD0020,3,4298.98,2025-06-10,,Processing,True,,12896.939999999999
ORD000474,CUST00750,PROD0123,4,21424.68,2025-02-06,2025-02-14,Delivered,True,8.0,85698.72
ORD000419,CUST00126,PROD0124,5,2908.87,2025-05-25,,Cancelled,True,,14544.349999999999
ORD000840,CUST00028,PROD0069,5,58378.98,2025-04-14,2025-04-19,Delivered,True,5.0,291894.9
ORD003315,CUST00637,PROD0055,3,70.6,2026-05-22,,Delivered,True,,211.79999999999998
ORD003603,CUST00448,PROD0133,3,1400.65,2026-06-09,,Cancelled,True,,4201.950000000001
ORD002348,CUST00681,PROD0071,1,632.25,2026-05-16,,Cancelled,True,,632.25
ORD001227,CUST00301,PROD0112,3,1969.23,2025-11-24,2025-11-25,Delivered,True,1.0,5907.6900000000005
ORD003878,CUST00568,PROD0142,3,1821.04,2025-12-18,,Returned,True,,5463.12
ORD000968,CUST00457,PROD0086,2,1450.41,2026-04-26,,Delivered,True,,2900.82
ORD001321,CUST00747,PROD0031,4,2204.46,2025-08-25,,Processing,True,,8817.84
ORD004280,CUST00121,PROD0098,5,648.17,2025-05-05,2025-05-15,Delivered,True,10.0,3240.85
ORD000386,CUST00736,PROD0026,1,4912.92,2026-02-02,,Returned,True,,4912.92
ORD000916,CUST00048,PROD0058,4,4704.83,2026-03-12,,Shipped,True,,18819.32
ORD000533,CUST00610,PROD0030,1,429.82,2025-06-21,,Cancelled,True,,429.82
ORD003352,CUST00425,PROD0002,1,2472.29,2025-02-23,,Returned,True,,2472.29
ORD003198,CUST00667,PROD0048,3,56173.09,2025-12-09,,Returned,True,,168519.27
ORD000676,CUST00288,PROD0010,1,11743.74,2025-07-01,,Shipped,True,,11743.74
ORD004444,CUST00529,PROD0006,4,812.36,2025-04-17,2025-04-24,Delivered,True,7.0,3249.44
ORD002222,CUST00181,PROD0102,4,133.37,2026-07-02,2026-07-10,Delivered,True,8.0,533.48
ORD005252,CUST00481,PROD0149,2,5764.99,2025-03-23,,Delivered,True,,11529.98
ORD003429,CUST00163,PROD0033,5,5639.02,2026-02-19,2026-02-23,Delivered,True,4.0,28195.100000000002
ORD003939,CUST00270,PROD0040,1,2990.7,2025-09-17,,Processing,True,,2990.7
ORD004580,CUST00136,PROD0003,1,14338.6,2026-07-21,2026-07-23,Delivered,True,2.0,14338.6
ORD004074,CUST00464,PROD0100,4,7797.29,2025-04-17,2025-04-28,Delivered,True,11.0,31189.16
ORD002579,CUST00198,PROD0105,3,32176.55,2026-02-10,2026-02-21,Delivered,True,11.0,96529.65
ORD002407,CUST00353,PROD0106,5,3327.3,2025-04-18,,Processing,True,,16636.5
ORD005345,CUST00777,PROD0033,1,5639.02,2025-07-12,,Returned,True,,5639.02
ORD002704,CUST00211,PROD0060,4,7402.46,2026-03-02,,Cancelled,True,,29609.84
ORD002414,CUST00161,PROD0012,3,4952.6,2025-04-27,,Returned,True,,14857.800000000001
ORD002951,CUST00185,PROD0087,3,13732.01,2026-07-11,,Cancelled,True,,41196.03
ORD000721,CUST00266,PROD0022,1,459.17,2025-06-11,2025-06-21,Delivered,True,10.0,459.17
ORD003052,CUST00257,PROD0061,3,1083.6,2025-01-07,2025-01-18,Delivered,True,11.0,3250.7999999999997
ORD001517,CUST00424,PROD0007,5,40685.29,2025-10-01,,Shipped,True,,203426.45
ORD004355,CUST00437,PROD0051,5,1399.76,2026-01-03,,Processing,True,,6998.8
ORD000534,CUST00129,PROD0078,4,12507.55,2026-06-30,,Cancelled,True,,50030.2
ORD005929,CUST00317,PROD0024,1,1123.83,2026-05-27,2026-06-07,Delivered,True,11.0,1123.83
ORD003621,CUST00454,PROD0113,5,974.15,2025-08-09,,Shipped,True,,4870.75
ORD003921,CUST00474,PROD0114,3,1292.66,2025-07-24,2025-07-26,Delivered,True,2.0,3877.9800000000005
ORD002494,CUST00498,PROD0104,2,1042.65,2026-03-23,2026-03-26,Delivered,True,3.0,2085.3
ORD004349,CUST00597,PROD0015,4,2263.06,2025-06-20,,Returned,True,,9052.24
ORD003143,CUST00617,PROD0047,1,26286.3,2025-06-22,2025-06-30,Delivered,True,8.0,26286.3
ORD005573,CUST00012,PROD0144,5,4806.1,2025-03-28,,Shipped,True,,24030.5
ORD005812,CUST00158,PROD0106,3,3327.3,2025-07-02,2025-07-12,Delivered,True,10.0,9981.900000000001
ORD004984,CUST00332,PROD0036,2,559.64,2025-02-23,,Returned,True,,1119.28
ORD000839,CUST00341,PROD0142,4,1821.04,2025-03-09,2025-03-16,Delivered,True,7.0,7284.16
ORD004669,CUST00135,PROD0125,5,11796.3,2025-03-04,,Cancelled,True,,58981.5
ORD000861,CUST00010,PROD0137,5,1360.59,2025-09-16,,Returned,True,,6802.95
ORD004072,CUST00244,PROD0132,2,305.28,2025-12-17,,Cancelled,True,,610.56
ORD001545,CUST00247,PROD0046,4,51.86,2025-10-23,,Processing,True,,207.44
ORD000418,CUST00596,PROD0055,2,70.6,2026-07-14,,Shipped,True,,141.2
ORD005870,CUST00379,PROD0122,5,993.76,2026-06-28,2026-07-08,Delivered,True,10.0,4968.8
ORD005392,CUST00713,PROD0057,4,1462.31,2025-11-19,2025-11-29,Delivered,True,10.0,5849.24
ORD002708,CUST00506,PROD0078,2,12507.55,2025-11-23,2025-11-27,Delivered,True,4.0,25015.1
ORD004670,CUST00309,PROD0112,5,1969.23,2025-08-19,2025-08-27,Delivered,True,8.0,9846.15
ORD003578,CUST00499,PROD0135,4,7336.91,2025-08-20,,Shipped,True,,29347.64
ORD005139,CUST00106,PROD0089,4,16755.29,2026-01-22,,Cancelled,True,,67021.16
ORD000276,CUST00299,PROD0060,1,7402.46,2025-07-31,,Processing,True,,7402.46
ORD000626,CUST00233,PROD0073,3,34399.58,2025-12-26,,Returned,True,,103198.74
ORD003415,CUST00540,PROD0056,4,861.22,2026-06-03,2026-06-09,Delivered,True,6.0,3444.88
ORD002773,CUST00004,PROD0107,5,328.16,2025-06-25,2025-06-26,Delivered,True,1.0,1640.8000000000002
ORD002282,CUST00543,PROD0096,2,32150.75,2025-08-26,2025-08-29,Delivered,True,3.0,64301.5
ORD002042,CUST00352,PROD0022,3,459.17,2025-04-05,2025-04-12,Delivered,True,7.0,1377.51
ORD002857,CUST00426,PROD0049,5,191.03,2026-04-08,,Returned,True,,955.15
ORD005095,CUST00302,PROD0088,3,34407.7,2026-04-29,2026-05-06,Delivered,True,7.0,103223.09999999999
ORD002726,CUST00032,PROD0087,5,13732.01,2025-03-07,2025-03-13,Delivered,True,6.0,68660.05
ORD000602,CUST00143,PROD0129,4,17176.36,2025-10-11,2025-10-17,Delivered,True,6.0,68705.44
ORD001322,CUST00703,PROD0058,3,4704.83,2025-09-15,,Processing,True,,14114.49
ORD000583,CUST00710,PROD0056,5,861.22,2026-04-11,,Cancelled,True,,4306.1
ORD003297,CUST00444,PROD0020,2,4298.98,2025-09-09,,Processing,True,,8597.96
ORD003064,CUST00323,PROD0109,5,854.47,2025-01-09,,Delivered,True,,4272.35
ORD004792,CUST00032,PROD0071,2,632.25,2025-07-27,2025-08-02,Delivered,True,6.0,1264.5
ORD004235,CUST00287,PROD0030,4,429.82,2025-09-06,2025-09-13,Delivered,True,7.0,1719.28
ORD005216,CUST00740,PROD0137,3,1360.59,2025-12-04,2025-12-12,Delivered,True,8.0,4081.7699999999995
ORD002058,CUST00458,PROD0086,3,1450.41,2025-05-07,2025-05-17,Delivered,True,10.0,4351.2300000000005
ORD000212,CUST00527,PROD0078,5,12507.55,2026-07-30,,Returned,True,,62537.75
ORD003968,CUST00451,PROD0098,4,648.17,2025-04-06,2025-04-18,Delivered,True,12.0,2592.68
ORD004458,CUST00186,PROD0113,2,974.15,2025-09-21,2025-09-27,Delivered,True,6.0,1948.3
ORD000302,CUST00278,PROD0042,1,915.41,2025-08-08,,Cancelled,True,,915.41
ORD000355,CUST00610,PROD0123,3,21424.68,2025-01-10,,Shipped,True,,64274.04
ORD004793,CUST00194,PROD0009,1,390.58,2026-06-18,,Shipped,True,,390.58
ORD004942,CUST00434,PROD0070,3,10505.06,2025-07-04,,Shipped,True,,31515.18
ORD001833,CUST00216,PROD0097,4,166.92,2025-01-12,,Shipped,True,,667.68
ORD001837,CUST00106,PROD0117,3,430.76,2025-06-16,2025-06-22,Delivered,True,6.0,1292.28
ORD004466,CUST00138,PROD0086,4,1450.41,2026-02-12,2026-02-16,Delivered,True,4.0,5801.64
ORD001921,CUST00622,PROD0020,4,4298.98,2025-02-01,2025-02-10,Delivered,True,9.0,17195.92
ORD005752,CUST00001,PROD0135,1,7336.91,2025-07-15,2025-07-24,Delivered,True,9.0,7336.91
ORD002267,CUST00476,PROD0101,3,782.0,2025-04-01,,Shipped,True,,2346.0
ORD005174,CUST00146,PROD0010,3,11743.74,2026-01-05,,Shipped,True,,35231.22
ORD000867,CUST00071,PROD0017,1,4701.06,2025-01-29,,Cancelled,True,,4701.06
ORD004145,CUST00765,PROD0013,1,39659.48,2026-01-27,,Shipped,True,,39659.48
ORD000949,CUST00490,PROD0095,1,6063.96,2025-03-10,,Cancelled,True,,6063.96
ORD005779,CUST00250,PROD0009,2,390.58,2025-09-14,,Processing,True,,781.16
ORD001015,CUST00488,PROD0050,5,3898.39,2026-02-08,2026-02-14,Delivered,True,6.0,19491.95
ORD000960,CUST00560,PROD0114,1,1292.66,2025-03-08,2025-03-12,Delivered,True,4.0,1292.66
ORD002203,CUST00112,PROD0021,2,156.01,2025-12-09,2025-12-11,Delivered,True,2.0,312.02
ORD003368,CUST00028,PROD0087,5,13732.01,2026-07-16,2026-07-27,Delivered,True,11.0,68660.05
ORD004916,CUST00336,PROD0129,3,17176.36,2025-09-25,2025-10-04,Delivered,True,9.0,51529.08
ORD005735,CUST00195,PROD0046,3,51.86,2025-06-06,2025-06-12,Delivered,True,6.0,155.57999999999998
ORD003518,CUST00163,PROD0026,2,4912.92,2026-07-11,2026-07-13,Delivered,True,2.0,9825.84
ORD001179,CUST00029,PROD0144,5,4806.1,2025-07-23,2025-07-29,Delivered,True,6.0,24030.5
ORD004104,CUST00242,PROD0147,1,4832.5,2026-07-18,,Returned,True,,4832.5
ORD003192,CUST00153,PROD0008,1,545.71,2026-04-14,,Processing,True,,545.71
ORD000741,CUST00051,PROD0081,4,4820.76,2025-06-18,,Returned,True,,19283.04
ORD005627,CUST00370,PROD0019,5,4410.8,2025-12-31,2026-01-09,Delivered,True,9.0,22054.0
ORD003524,CUST00332,PROD0098,3,648.17,2026-03-15,2026-03-19,Delivered,True,4.0,1944.5099999999998
ORD002469,CUST00722,PROD0012,1,4952.6,2026-06-05,,Returned,True,,4952.6
ORD002187,CUST00300,PROD0050,2,3898.39,2025-07-14,2025-07-18,Delivered,True,4.0,7796.78
ORD003777,CUST00609,PROD0022,1,459.17,2026-05-31,2026-06-10,Delivered,True,10.0,459.17
ORD002589,CUST00633,PROD0016,3,59834.55,2025-10-21,,Shipped,True,,179503.65000000002
ORD000324,CUST00436,PROD0081,4,4820.76,2025-10-09,2025-10-18,Delivered,True,9.0,19283.04
ORD000083,CUST00112,PROD0146,1,9127.13,2026-03-22,2026-03-27,Delivered,True,5.0,9127.13
ORD005867,CUST00644,PROD0093,4,513.19,2025-09-15,,Cancelled,True,,2052.76
ORD000356,CUST00474,PROD0060,1,7402.46,2026-07-16,2026-07-23,Delivered,True,7.0,7402.46
ORD004926,CUST00325,PROD0137,2,1360.59,2025-02-09,2025-02-10,Delivered,True,1.0,2721.18
ORD000693,CUST00204,PROD0054,3,1632.64,2025-03-20,,Shipped,True,,4897.92
ORD000514,CUST00113,PROD0074,2,2124.57,2025-05-18,,Delivered,True,,4249.14
ORD001734,CUST00558,PROD0053,4,379.38,2025-07-31,2025-08-01,Delivered,True,1.0,1517.52
ORD003247,CUST00075,PROD0001,3,2002.86,2025-12-21,2026-01-02,Delivered,True,12.0,6008.58
ORD003007,CUST00175,PROD0058,3,4704.83,2026-06-27,2026-06-28,Delivered,True,1.0,14114.49
ORD004720,CUST00532,PROD0119,2,2603.43,2025-07-10,2025-07-15,Delivered,True,5.0,5206.86
ORD001358,CUST00517,PROD0081,1,4820.76,2026-03-28,,Shipped,True,,4820.76
ORD002938,CUST00456,PROD0034,1,2546.45,2026-03-24,2026-03-25,Delivered,True,1.0,2546.45
ORD004963,CUST00553,PROD0135,5,7336.91,2026-06-15,,Processing,True,,36684.55
ORD000472,CUST00424,PROD0002,1,2472.29,2025-12-08,,Cancelled,True,,2472.29
ORD004721,CUST00669,PROD0069,5,58378.98,2025-08-07,2025-08-14,Delivered,True,7.0,291894.9
ORD001064,CUST00595,PROD0028,1,302.64,2025-12-25,,Cancelled,True,,302.64
ORD004758,CUST00324,PROD0020,2,4298.98,2025-10-14,,Processing,True,,8597.96
ORD002891,CUST00031,PROD0006,5,812.36,2026-02-26,2026-03-05,Delivered,True,7.0,4061.8
ORD002054,CUST00482,PROD0036,3,559.64,2026-01-24,,Shipped,True,,1678.92
ORD005659,CUST00614,PROD0101,4,782.0,2025-08-26,,Shipped,True,,3128.0
ORD005181,CUST00265,PROD0008,4,545.71,2025-08-22,,Processing,True,,2182.84
ORD004346,CUST00259,PROD0064,4,3664.82,2026-07-10,2026-07-12,Delivered,True,2.0,14659.28
ORD001005,CUST00254,PROD0049,4,191.03,2026-03-10,,Processing,True,,764.12
ORD001759,CUST00766,PROD0045,4,1228.68,2025-09-21,,Processing,True,,4914.72
ORD005869,CUST00737,PROD0133,2,1400.65,2026-01-13,,Shipped,True,,2801.3
ORD005862,CUST00127,PROD0078,2,12507.55,2026-05-29,,Cancelled,True,,25015.1
ORD005747,CUST00272,PROD0062,1,25032.52,2025-09-10,,Processing,True,,25032.52
ORD002167,CUST00339,PROD0087,4,13732.01,2025-03-20,,Shipped,True,,54928.04
ORD001575,CUST00282,PROD0138,1,3519.99,2025-02-27,2025-03-03,Delivered,True,4.0,3519.99
ORD004606,CUST00130,PROD0056,1,861.22,2026-02-20,,Returned,True,,861.22
ORD000140,CUST00573,PROD0084,3,317.91,2026-06-17,2026-06-29,Delivered,True,12.0,953.73
ORD001880,CUST00418,PROD0120,4,418.7,2026-07-07,2026-07-13,Delivered,True,6.0,1674.8
ORD005582,CUST00363,PROD0033,5,5639.02,2025-01-29,,Shipped,True,,28195.100000000002
ORD001997,CUST00216,PROD0119,2,2603.43,2025-04-11,,Processing,True,,5206.86
ORD004024,CUST00675,PROD0136,3,18573.07,2026-02-23,2026-03-04,Delivered,True,9.0,55719.21
ORD000237,CUST00357,PROD0042,5,915.41,2025-09-19,,Processing,True,,4577.05
ORD002175,CUST00616,PROD0125,4,11796.3,2026-07-29,2026-08-08,Delivered,True,10.0,47185.2
ORD002471,CUST00730,PROD0024,3,1123.83,2025-03-05,,Shipped,True,,3371.49
ORD003581,CUST00247,PROD0036,2,559.64,2025-01-28,2025-02-04,Delivered,True,7.0,1119.28
ORD002395,CUST00800,PROD0140,2,899.29,2025-01-01,2025-01-06,Delivered,True,5.0,1798.58
ORD002441,CUST00484,PROD0143,2,1730.89,2026-05-31,,Shipped,True,,3461.78
ORD002269,CUST00594,PROD0055,4,70.6,2026-05-03,2026-05-07,Delivered,True,4.0,282.4
ORD001315,CUST00093,PROD0074,2,2124.57,2025-07-26,,Cancelled,True,,4249.14
ORD004863,CUST00620,PROD0136,1,18573.07,2026-01-26,,Cancelled,True,,18573.07
ORD000914,CUST00617,PROD0107,2,328.16,2026-03-26,2026-04-01,Delivered,True,6.0,656.32
ORD004211,CUST00155,PROD0121,5,751.76,2025-08-16,,Returned,True,,3758.8
ORD000373,CUST00216,PROD0041,4,543.32,2025-04-04,,Processing,True,,2173.28
ORD005404,CUST00238,PROD0076,4,32834.68,2026-02-17,2026-02-18,Delivered,True,1.0,131338.72
ORD004344,CUST00395,PROD0146,3,9127.13,2025-06-19,,Processing,True,,27381.39
ORD001992,CUST00060,PROD0096,4,32150.75,2025-09-22,,Processing,True,,128603.0
ORD000310,CUST00641,PROD0102,4,133.37,2025-07-25,2025-08-06,Delivered,True,12.0,533.48
ORD003523,CUST00112,PROD0055,4,70.6,2026-05-03,,Processing,True,,282.4
ORD002628,CUST00116,PROD0147,1,4832.5,2025-08-11,2025-08-19,Delivered,True,8.0,4832.5
ORD002208,CUST00287,PROD0042,1,915.41,2026-04-05,,Cancelled,True,,915.41
ORD005534,CUST00539,PROD0085,1,4763.96,2026-04-03,,Processing,True,,4763.96
ORD003334,CUST00715,PROD0112,3,1969.23,2025-08-10,2025-08-22,Delivered,True,12.0,5907.6900000000005
ORD004837,CUST00015,PROD0138,2,3519.99,2025-05-04,2025-05-13,Delivered,True,9.0,7039.98
ORD001633,CUST00384,PROD0047,3,26286.3,2025-04-23,2025-05-01,Delivered,True,8.0,78858.9
ORD004545,CUST00703,PROD0080,2,4686.49,2025-09-18,2025-09-24,Delivered,True,6.0,9372.98
ORD005425,CUST00795,PROD0008,1,545.71,2026-01-30,2026-02-08,Delivered,True,9.0,545.71
ORD002787,CUST00226,PROD0095,4,6063.96,2026-07-01,2026-07-11,Delivered,True,10.0,24255.84
ORD003591,CUST00250,PROD0089,2,16755.29,2025-05-20,2025-05-27,Delivered,True,7.0,33510.58
ORD000787,CUST00105,PROD0127,3,919.23,2025-08-29,2025-08-30,Delivered,True,1.0,2757.69
ORD000318,CUST00188,PROD0138,1,3519.99,2025-09-27,,Shipped,True,,3519.99
ORD000415,CUST00349,PROD0038,4,8563.39,2025-02-15,2025-02-26,Delivered,True,11.0,34253.56
ORD000218,CUST00583,PROD0087,1,13732.01,2026-03-01,2026-03-09,Delivered,True,8.0,13732.01
ORD001722,CUST00379,PROD0062,4,25032.52,2025-07-12,2025-07-18,Delivered,True,6.0,100130.08
ORD004197,CUST00071,PROD0017,3,4701.06,2026-05-19,,Cancelled,True,,14103.18
ORD004261,CUST00120,PROD0073,2,34399.58,2026-06-23,,Delivered,True,,68799.16
ORD001938,CUST00684,PROD0036,2,559.64,2025-05-06,2025-05-07,Delivered,True,1.0,1119.28
ORD003761,CUST00076,PROD0031,5,2204.46,2026-03-29,2026-03-30,Delivered,True,1.0,11022.3
ORD004103,CUST00791,PROD0036,3,559.64,2025-06-25,2025-06-28,Delivered,True,3.0,1678.92
ORD003542,CUST00417,PROD0139,5,4171.69,2025-03-02,2025-03-10,Delivered,True,8.0,20858.449999999997
ORD003156,CUST00725,PROD0090,4,955.06,2025-09-20,,Returned,True,,3820.24
ORD004402,CUST00516,PROD0111,1,42616.44,2025-05-14,2025-05-15,Delivered,True,1.0,42616.44
ORD004386,CUST00573,PROD0013,3,39659.48,2026-05-31,2026-06-08,Delivered,True,8.0,118978.44
ORD000132,CUST00564,PROD0068,2,1375.21,2025-10-03,2025-10-06,Delivered,True,3.0,2750.42
ORD002038,CUST00614,PROD0107,2,328.16,2026-03-13,2026-03-19,Delivered,True,6.0,656.32
ORD000610,CUST00616,PROD0136,5,18573.07,2026-04-01,,Shipped,True,,92865.35
ORD003101,CUST00103,PROD0037,1,1155.64,2026-03-12,,Returned,True,,1155.64
ORD004062,CUST00277,PROD0103,2,11738.74,2025-12-28,,Cancelled,True,,23477.48
ORD002302,CUST00645,PROD0150,1,2716.88,2025-11-07,2025-11-11,Delivered,True,4.0,2716.88
ORD002680,CUST00203,PROD0106,2,3327.3,2026-03-13,2026-03-15,Delivered,True,2.0,6654.6
ORD004570,CUST00490,PROD0081,1,4820.76,2025-03-10,2025-03-12,Delivered,True,2.0,4820.76
ORD004096,CUST00024,PROD0077,1,2052.65,2025-03-27,2025-04-02,Delivered,True,6.0,2052.65
ORD003311,CUST00723,PROD0097,5,166.92,2025-07-11,2025-07-19,Delivered,True,8.0,834.5999999999999
ORD004146,CUST00012,PROD0143,3,1730.89,2025-10-22,,Returned,True,,5192.67
ORD001392,CUST00231,PROD0028,2,302.64,2025-10-13,2025-10-17,Delivered,True,4.0,605.28
ORD001804,CUST00218,PROD0106,5,3327.3,2025-10-20,,Cancelled,True,,16636.5
ORD000681,CUST00399,PROD0073,3,34399.58,2025-03-04,2025-03-07,Delivered,True,3.0,103198.74
ORD001674,CUST00368,PROD0133,4,1400.65,2025-02-13,2025-02-23,Delivered,True,10.0,5602.6
ORD003847,CUST00697,PROD0060,1,7402.46,2025-11-18,2025-11-19,Delivered,True,1.0,7402.46
ORD002643,CUST00013,PROD0075,3,209.7,2025-06-07,2025-06-19,Delivered,True,12.0,629.0999999999999
ORD004776,CUST00058,PROD0068,3,1375.21,2025-12-27,,Cancelled,True,,4125.63
ORD001500,CUST00626,PROD0055,4,70.6,2026-01-21,2026-01-23,Delivered,True,2.0,282.4
ORD002241,CUST00308,PROD0140,5,899.29,2026-04-14,,Returned,True,,4496.45
ORD005400,CUST00700,PROD0032,1,1176.78,2025-07-25,2025-07-30,Delivered,True,5.0,1176.78
ORD003547,CUST00799,PROD0077,1,2052.65,2025-01-02,2025-01-03,Delivered,True,1.0,2052.65
ORD001677,CUST00723,PROD0147,5,4832.5,2025-02-08,,Cancelled,True,,24162.5
ORD001693,CUST00531,PROD0038,1,8563.39,2025-10-31,2025-11-10,Delivered,True,10.0,8563.39
ORD004740,CUST00390,PROD0085,3,4763.96,2026-03-06,,Shipped,True,,14291.880000000001
ORD003698,CUST00160,PROD0137,1,1360.59,2026-06-09,2026-06-12,Delivered,True,3.0,1360.59
ORD004516,CUST00063,PROD0090,4,955.06,2025-05-02,,Processing,True,,3820.24
ORD000266,CUST00751,PROD0112,3,1969.23,2026-01-04,,Processing,True,,5907.6900000000005
ORD005366,CUST00271,PROD0119,1,2603.43,2025-05-23,,Processing,True,,2603.43
ORD000282,CUST00142,PROD0031,2,2204.46,2026-03-01,2026-03-09,Delivered,True,8.0,4408.92
ORD004207,CUST00128,PROD0064,1,3664.82,2026-02-15,,Returned,True,,3664.82
ORD002413,CUST00065,PROD0015,4,2263.06,2026-01-05,,Cancelled,True,,9052.24
ORD001562,CUST00060,PROD0076,4,32834.68,2025-12-05,,Shipped,True,,131338.72
ORD002632,CUST00652,PROD0091,2,1751.39,2025-08-29,2025-09-01,Delivered,True,3.0,3502.78
ORD005977,CUST00471,PROD0116,3,8033.73,2026-06-03,,Processing,True,,24101.19
ORD000147,CUST00412,PROD0126,1,8384.51,2025-08-22,,Shipped,True,,8384.51
ORD002173,CUST00558,PROD0083,2,385.32,2025-04-13,2025-04-18,Delivered,True,5.0,770.64
ORD000448,CUST00676,PROD0014,5,1289.47,2025-05-26,,Returned,True,,6447.35
ORD003227,CUST00304,PROD0085,5,4763.96,2025-06-04,2025-06-08,Delivered,True,4.0,23819.8
ORD000927,CUST00164,PROD0103,5,11738.74,2025-09-10,,Processing,True,,58693.7
ORD004934,CUST00163,PROD0011,2,1483.6,2025-02-24,2025-03-06,Delivered,True,10.0,2967.2
ORD002969,CUST00480,PROD0030,1,429.82,2025-03-04,2025-03-08,Delivered,True,4.0,429.82
ORD000557,CUST00219,PROD0049,3,191.03,2026-02-04,,Processing,True,,573.09
ORD005112,CUST00655,PROD0094,5,1211.97,2025-11-01,2025-11-13,Delivered,True,12.0,6059.85
ORD001311,CUST00507,PROD0128,4,3825.7,2025-11-28,2025-11-30,Delivered,True,2.0,15302.8
ORD001091,CUST00663,PROD0052,5,1448.8,2025-06-07,2025-06-11,Delivered,True,4.0,7244.0
ORD001568,CUST00032,PROD0150,1,2716.88,2025-09-23,,Cancelled,True,,2716.88
ORD003419,CUST00781,PROD0024,4,1123.83,2026-01-17,,Processing,True,,4495.32
ORD003094,CUST00693,PROD0103,2,11738.74,2025-03-19,,Returned,True,,23477.48
ORD004113,CUST00005,PROD0127,4,919.23,2025-03-25,,Delivered,True,,3676.92
ORD003980,CUST00552,PROD0133,4,1400.65,2025-01-17,2025-01-22,Delivered,True,5.0,5602.6
ORD003876,CUST00744,PROD0066,1,4931.77,2026-06-04,,Processing,True,,4931.77
ORD004240,CUST00133,PROD0125,2,11796.3,2025-01-02,2025-01-13,Delivered,True,11.0,23592.6
ORD005170,CUST00415,PROD0142,4,1821.04,2026-05-18,,Returned,True,,7284.16
ORD001461,CUST00280,PROD0144,2,4806.1,2026-01-27,2026-02-08,Delivered,True,12.0,9612.2
ORD002118,CUST00109,PROD0087,5,13732.01,2026-07-05,,Shipped,True,,68660.05
ORD003677,CUST00010,PROD0073,4,34399.58,2025-09-07,2025-09-09,Delivered,True,2.0,137598.32
ORD005403,CUST00586,PROD0118,4,828.66,2025-12-03,2025-12-12,Delivered,True,9.0,3314.64
ORD003914,CUST00277,PROD0138,3,3519.99,2025-02-12,,Returned,True,,10559.97
ORD005775,CUST00073,PROD0126,3,8384.51,2026-04-12,,Shipped,True,,25153.53
ORD005424,CUST00073,PROD0064,5,3664.82,2026-07-19,2026-07-30,Delivered,True,11.0,18324.100000000002
ORD004411,CUST00203,PROD0065,3,9361.22,2025-10-11,2025-10-19,Delivered,True,8.0,28083.659999999996
ORD000311,CUST00074,PROD0141,3,22625.81,2026-07-27,,Processing,True,,67877.43000000001
ORD004241,CUST00115,PROD0115,2,55563.32,2025-07-17,2025-07-23,Delivered,True,6.0,111126.64
ORD002188,CUST00379,PROD0111,4,42616.44,2026-07-28,,Cancelled,True,,170465.76
ORD001198,CUST00020,PROD0101,1,782.0,2026-03-16,,Cancelled,True,,782.0
ORD004718,CUST00585,PROD0009,1,390.58,2025-06-03,2025-06-14,Delivered,True,11.0,390.58
ORD003849,CUST00715,PROD0012,5,4952.6,2026-03-15,,Processing,True,,24763.0
ORD000860,CUST00231,PROD0146,2,9127.13,2026-06-20,,Delivered,True,,18254.26
ORD004194,CUST00572,PROD0040,1,2990.7,2025-08-15,2025-08-16,Delivered,True,1.0,2990.7
ORD003067,CUST00548,PROD0007,1,40685.29,2026-04-07,2026-04-11,Delivered,True,4.0,40685.29
ORD001377,CUST00008,PROD0031,1,2204.46,2026-02-23,2026-03-05,Delivered,True,10.0,2204.46
ORD004047,CUST00024,PROD0055,5,70.6,2025-11-18,2025-11-21,Delivered,True,3.0,353.0
ORD003181,CUST00759,PROD0113,2,974.15,2025-01-03,,Shipped,True,,1948.3
ORD001167,CUST00063,PROD0024,3,1123.83,2026-04-23,,Returned,True,,3371.49
ORD003332,CUST00685,PROD0130,4,314.99,2025-02-05,,Processing,True,,1259.96
ORD004674,CUST00351,PROD0122,3,993.76,2025-10-03,,Cancelled,True,,2981.2799999999997
ORD001932,CUST00033,PROD0087,2,13732.01,2026-05-24,2026-05-31,Delivered,True,7.0,27464.02
ORD003158,CUST00689,PROD0023,0,11903.15,2026-01-17,2026-01-18,Delivered,False,1.0,0.0
ORD000254,CUST00630,PROD0129,1,17176.36,2025-10-24,2025-10-29,Delivered,True,5.0,17176.36
ORD001045,CUST00307,PROD0126,1,8384.51,2026-06-26,,Shipped,True,,8384.51
ORD001474,CUST00314,PROD0088,4,34407.7,2025-03-30,,Returned,True,,137630.8
ORD004042,CUST00203,PROD0117,2,430.76,2025-10-22,,Shipped,True,,861.52
ORD002766,CUST00609,PROD0115,2,55563.32,2026-02-21,,Shipped,True,,111126.64
ORD004015,CUST00370,PROD0056,3,861.22,2025-06-21,,Cancelled,True,,2583.66
ORD005035,CUST00107,PROD0145,2,2463.88,2025-02-01,2025-02-12,Delivered,True,11.0,4927.76
ORD003562,CUST00119,PROD0146,1,9127.13,2025-11-02,2025-11-11,Delivered,True,9.0,9127.13
ORD000859,CUST00567,PROD0145,5,2463.88,2025-06-29,2025-07-11,Delivered,True,12.0,12319.400000000001
ORD002616,CUST00618,PROD0043,2,2444.21,2025-05-04,,Processing,True,,4888.42
ORD004183,CUST00357,PROD0089,5,16755.29,2025-03-23,2025-04-04,Delivered,True,12.0,83776.45000000001
ORD003273,CUST00616,PROD0143,4,1730.89,2025-01-07,,Cancelled,True,,6923.56
ORD000268,CUST00517,PROD0028,2,302.64,2025-03-25,2025-04-03,Delivered,True,9.0,605.28
ORD003526,CUST00735,PROD0148,3,985.06,2025-06-23,2025-06-25,Delivered,True,2.0,2955.18
ORD002467,CUST00363,PROD0030,1,429.82,2025-07-09,,Delivered,True,,429.82
ORD000746,CUST00125,PROD0090,1,955.06,2025-07-28,2025-07-31,Delivered,True,3.0,955.06
ORD001758,CUST00241,PROD0040,4,2990.7,2026-07-04,2026-07-07,Delivered,True,3.0,11962.8
ORD004310,CUST00419,PROD0078,5,12507.55,2026-02-21,,Processing,True,,62537.75
ORD001531,CUST00114,PROD0118,5,828.66,2026-03-07,,Processing,True,,4143.3
ORD004490,CUST00652,PROD0101,5,782.0,2026-06-06,,Shipped,True,,3910.0
ORD001520,CUST00216,PROD0045,1,1228.68,2026-07-02,2026-07-14,Delivered,True,12.0,1228.68
ORD001789,CUST00326,PROD0005,3,560.65,2026-01-25,,Returned,True,,1681.9499999999998
ORD003189,CUST00086,PROD0053,1,379.38,2026-06-10,2026-06-19,Delivered,True,9.0,379.38
ORD000898,CUST00508,PROD0131,3,6853.95,2026-05-26,,Returned,True,,20561.85
ORD001329,CUST00732,PROD0011,1,1483.6,2025-02-06,2025-02-17,Delivered,True,11.0,1483.6
ORD000126,CUST00674,PROD0141,4,22625.81,2025-06-07,,Processing,True,,90503.24
ORD005055,CUST00487,PROD0092,1,1419.85,2026-03-11,,Shipped,True,,1419.85
ORD003721,CUST00095,PROD0047,5,26286.3,2026-04-03,,Returned,True,,131431.5
ORD005509,CUST00602,PROD0010,4,11743.74,2025-12-13,,Cancelled,True,,46974.96
ORD000245,CUST00612,PROD0073,1,34399.58,2026-06-14,,Returned,True,,34399.58
ORD003060,CUST00293,PROD0038,4,8563.39,2025-04-16,2025-04-24,Delivered,True,8.0,34253.56
ORD002459,CUST00168,PROD0136,5,18573.07,2025-06-08,2025-06-13,Delivered,True,5.0,92865.35
ORD003837,CUST00249,PROD0085,3,4763.96,2025-02-07,,Shipped,True,,14291.880000000001
ORD003623,CUST00532,PROD0096,1,32150.75,2025-07-10,2025-07-15,Delivered,True,5.0,32150.75
ORD001882,CUST00742,PROD0102,1,133.37,2026-03-06,2026-03-15,Delivered,True,9.0,133.37
ORD002034,CUST00661,PROD0014,4,1289.47,2025-08-07,,Shipped,True,,5157.88
ORD000872,CUST00199,PROD0111,1,42616.44,2025-04-15,2025-04-20,Delivered,True,5.0,42616.44
ORD004035,CUST00530,PROD0090,4,955.06,2025-11-23,,Delivered,True,,3820.24
ORD003420,CUST00308,PROD0066,5,4931.77,2025-09-11,,Cancelled,True,,24658.850000000002
ORD000146,CUST00654,PROD0096,1,32150.75,2025-12-12,,Shipped,True,,32150.75
ORD002468,CUST00034,PROD0134,4,3036.32,2026-04-18,,Cancelled,True,,12145.28
ORD002083,CUST00584,PROD0058,4,4704.83,2025-07-25,,Returned,True,,18819.32
ORD001831,CUST00099,PROD0081,5,4820.76,2026-07-04,2026-07-14,Delivered,True,10.0,24103.800000000003
ORD001489,CUST00639,PROD0120,5,418.7,2025-07-10,,Returned,True,,2093.5
ORD005708,CUST00425,PROD0088,3,34407.7,2025-10-12,2025-10-18,Delivered,True,6.0,103223.09999999999
ORD005351,CUST00649,PROD0034,4,2546.45,2025-05-12,2025-05-23,Delivered,True,11.0,10185.8
ORD003291,CUST00393,PROD0036,3,559.64,2026-07-09,,Delivered,True,,1678.92
ORD002031,CUST00145,PROD0136,2,18573.07,2025-02-11,,Returned,True,,37146.14
ORD001594,CUST00475,PROD0107,1,328.16,2026-02-18,,Cancelled,True,,328.16
ORD000190,CUST00686,PROD0036,4,559.64,2025-04-18,2025-04-23,Delivered,True,5.0,2238.56
ORD002929,CUST00393,PROD0091,3,1751.39,2025-04-07,2025-04-15,Delivered,True,8.0,5254.17
ORD005186,CUST00317,PROD0010,4,11743.74,2026-06-13,,Cancelled,True,,46974.96
ORD002556,CUST00361,PROD0086,5,1450.41,2026-07-24,,Returned,True,,7252.05
ORD005376,CUST00143,PROD0075,3,209.7,2025-08-04,,Cancelled,True,,629.0999999999999
ORD004757,CUST00604,PROD0026,5,4912.92,2026-03-09,2026-03-19,Delivered,True,10.0,24564.6
ORD004272,CUST00655,PROD0111,1,42616.44,2026-07-10,2026-07-14,Delivered,True,4.0,42616.44
ORD002600,CUST00466,PROD0020,1,4298.98,2026-01-10,,Returned,True,,4298.98
ORD004431,CUST00055,PROD0145,3,2463.88,2026-04-27,2026-04-30,Delivered,True,3.0,7391.64
ORD000957,CUST00259,PROD0011,5,1483.6,2026-03-01,,Shipped,True,,7418.0
ORD003250,CUST00335,PROD0001,1,2002.86,2025-10-19,2025-10-20,Delivered,True,1.0,2002.86
ORD002130,CUST00176,PROD0067,2,4271.55,2026-01-22,,Processing,True,,8543.1
ORD002338,CUST00241,PROD0060,5,7402.46,2026-05-22,2026-05-25,Delivered,True,3.0,37012.3
ORD005494,CUST00566,PROD0074,2,2124.57,2025-03-24,,Shipped,True,,4249.14
ORD000728,CUST00224,PROD0135,4,7336.91,2026-04-10,2026-04-14,Delivered,True,4.0,29347.64
ORD003046,CUST00672,PROD0115,4,55563.32,2026-03-15,2026-03-16,Delivered,True,1.0,222253.28
ORD001551,CUST00692,PROD0045,4,1228.68,2025-07-24,2025-07-29,Delivered,True,5.0,4914.72
ORD003325,CUST00234,PROD0010,4,11743.74,2025-11-01,2025-11-09,Delivered,True,8.0,46974.96
ORD004683,CUST00576,PROD0039,3,5112.85,2026-04-22,,Returned,True,,15338.550000000001
ORD005956,CUST00781,PROD0125,2,11796.3,2026-02-25,,Shipped,True,,23592.6
ORD004136,CUST00136,PROD0037,4,1155.64,2025-08-17,,Returned,True,,4622.56
ORD002877,CUST00508,PROD0111,1,42616.44,2026-01-11,,Shipped,True,,42616.44
ORD005761,CUST00408,PROD0072,5,263.08,2026-01-23,,Cancelled,True,,1315.3999999999999
ORD001196,CUST00586,PROD0040,3,2990.7,2026-06-16,,Processing,True,,8972.099999999999
ORD004938,CUST00136,PROD0075,1,209.7,2025-09-01,2025-09-09,Delivered,True,8.0,209.7
ORD000020,CUST00474,PROD0100,5,7797.29,2026-02-06,2026-02-12,Delivered,True,6.0,38986.45
ORD005357,CUST00734,PROD0120,1,418.7,2025-05-24,,Shipped,True,,418.7
ORD003573,CUST00035,PROD0028,3,302.64,2026-07-02,,Processing,True,,907.92
ORD000945,CUST00621,PROD0084,3,317.91,2026-07-30,2026-08-09,Delivered,True,10.0,953.73
ORD005323,CUST00240,PROD0120,3,418.7,2025-11-03,,Delivered,True,,1256.1
ORD001729,CUST00543,PROD0147,5,4832.5,2025-06-27,,Processing,True,,24162.5
ORD003537,CUST00568,PROD0093,4,513.19,2026-01-11,,Shipped,True,,2052.76
ORD001018,CUST00729,PROD0003,3,14338.6,2025-04-15,,Cancelled,True,,43015.8
ORD003995,CUST00311,PROD0056,1,861.22,2025-12-06,2025-12-17,Delivered,True,11.0,861.22
ORD005562,CUST00596,PROD0035,2,4733.42,2025-09-13,2025-09-17,Delivered,True,4.0,9466.84
ORD000539,CUST00481,PROD0050,5,3898.39,2025-12-12,,Processing,True,,19491.95
ORD001480,CUST00231,PROD0113,3,974.15,2025-04-05,,Processing,True,,2922.45
ORD004884,CUST00794,PROD0007,2,40685.29,2026-03-28,,Shipped,True,,81370.58
ORD005109,CUST00405,PROD0083,2,385.32,2025-01-06,,Delivered,True,,770.64
ORD004795,CUST00195,PROD0087,2,13732.01,2025-01-09,,Processing,True,,27464.02
ORD003949,CUST00018,PROD0135,5,7336.91,2026-01-09,2026-01-21,Delivered,True,12.0,36684.55
ORD005746,CUST00705,PROD0059,2,685.94,2025-10-13,2025-10-17,Delivered,True,4.0,1371.88
ORD005056,CUST00512,PROD0135,4,7336.91,2026-04-30,,Processing,True,,29347.64
ORD004632,CUST00562,PROD0054,4,1632.64,2026-06-28,,Processing,True,,6530.56
ORD000055,CUST00644,PROD0007,3,40685.29,2025-07-30,2025-08-11,Delivered,True,12.0,122055.87
ORD004598,CUST00623,PROD0054,1,1632.64,2026-02-08,2026-02-19,Delivered,True,11.0,1632.64
ORD001362,CUST00231,PROD0066,1,4931.77,2025-12-28,2026-01-07,Delivered,True,10.0,4931.77
ORD004966,CUST00334,PROD0012,2,4952.6,2026-02-20,2026-02-21,Delivered,True,1.0,9905.2
ORD003317,CUST00654,PROD0088,2,34407.7,2026-02-03,,Returned,True,,68815.4
ORD002179,CUST00515,PROD0055,2,70.6,2026-01-19,2026-01-20,Delivered,True,1.0,141.2
ORD001060,CUST00314,PROD0075,3,209.7,2026-05-10,,Shipped,True,,629.0999999999999
ORD002388,CUST00053,PROD0142,5,1821.04,2025-08-18,,Cancelled,True,,9105.2
ORD005656,CUST00428,PROD0133,1,1400.65,2025-11-10,2025-11-15,Delivered,True,5.0,1400.65
ORD002539,CUST00401,PROD0009,2,390.58,2026-03-15,,Shipped,True,,781.16
ORD003536,CUST00612,PROD0023,4,11903.15,2025-06-09,,Cancelled,True,,47612.6
ORD000412,CUST00119,PROD0083,5,385.32,2025-04-02,,Cancelled,True,,1926.6
ORD000519,CUST00548,PROD0148,3,985.06,2025-02-04,,Returned,True,,2955.18
ORD002342,CUST00343,PROD0093,4,513.19,2026-05-24,,Returned,True,,2052.76
ORD002822,CUST00645,PROD0044,1,1423.72,2025-08-26,,Delivered,True,,1423.72
ORD003133,CUST00144,PROD0119,2,2603.43,2025-07-24,,Cancelled,True,,5206.86
ORD000085,CUST00581,PROD0020,2,4298.98,2025-05-20,2025-05-23,Delivered,True,3.0,8597.96
ORD004603,CUST00749,PROD0063,2,869.54,2025-09-11,,Returned,True,,1739.08
ORD001158,CUST00622,PROD0025,1,4203.28,2025-05-27,2025-06-04,Delivered,True,8.0,4203.28
ORD002332,CUST00163,PROD0050,3,3898.39,2025-12-25,2026-01-06,Delivered,True,12.0,11695.17
ORD003988,CUST00637,PROD0006,1,812.36,2025-04-11,,Cancelled,True,,812.36
ORD005785,CUST00015,PROD0060,4,7402.46,2025-09-11,,Delivered,True,,29609.84
ORD002866,CUST00242,PROD0150,2,2716.88,2025-08-15,2025-08-26,Delivered,True,11.0,5433.76
ORD004023,CUST00472,PROD0086,2,1450.41,2026-02-09,2026-02-11,Delivered,True,2.0,2900.82
ORD005077,CUST00410,PROD0009,5,390.58,2025-05-25,2025-05-26,Delivered,True,1.0,1952.8999999999999
ORD005877,CUST00066,PROD0035,4,4733.42,2025-10-21,,Returned,True,,18933.68
ORD000789,CUST00593,PROD0059,1,685.94,2026-07-30,,Returned,True,,685.94
ORD002660,CUST00508,PROD0111,5,42616.44,2026-02-18,,Returned,True,,213082.2
ORD000685,CUST00559,PROD0006,5,812.36,2025-11-30,,Returned,True,,4061.8
ORD002502,CUST00782,PROD0084,3,317.91,2025-01-06,2025-01-14,Delivered,True,8.0,953.73
ORD002913,CUST00523,PROD0044,1,1423.72,2025-06-05,2025-06-15,Delivered,True,10.0,1423.72
ORD002480,CUST00627,PROD0115,5,55563.32,2025-11-28,,Cancelled,True,,277816.6
ORD000468,CUST00434,PROD0047,5,26286.3,2025-08-27,2025-08-28,Delivered,True,1.0,131431.5
ORD001364,CUST00437,PROD0096,4,32150.75,2025-03-15,,Cancelled,True,,128603.0
ORD001075,CUST00424,PROD0061,1,1083.6,2025-12-17,2025-12-24,Delivered,True,7.0,1083.6
ORD002258,CUST00653,PROD0088,4,34407.7,2025-06-21,2025-06-28,Delivered,True,7.0,137630.8
ORD001815,CUST00628,PROD0070,3,10505.06,2025-07-22,,Returned,True,,31515.18
ORD004651,CUST00280,PROD0124,2,2908.87,2026-07-02,,Processing,True,,5817.74
ORD004264,CUST00243,PROD0106,3,3327.3,2025-10-05,,Cancelled,True,,9981.900000000001
ORD005029,CUST00426,PROD0073,1,34399.58,2026-02-20,2026-02-28,Delivered,True,8.0,34399.58
ORD004100,CUST00646,PROD0144,5,4806.1,2025-04-13,,Cancelled,True,,24030.5
ORD003206,CUST00644,PROD0072,1,263.08,2025-09-06,,Shipped,True,,263.08
ORD004800,CUST00626,PROD0020,3,4298.98,2025-02-01,,Returned,True,,12896.939999999999
ORD004734,CUST00608,PROD0055,5,70.6,2025-02-11,2025-02-23,Delivered,True,12.0,353.0
ORD005512,CUST00054,PROD0014,2,1289.47,2026-05-08,,Cancelled,True,,2578.94
ORD001011,CUST00183,PROD0097,1,166.92,2025-12-08,2025-12-20,Delivered,True,12.0,166.92
ORD003074,CUST00350,PROD0057,5,1462.31,2025-08-19,,Returned,True,,7311.549999999999
ORD005037,CUST00635,PROD0055,4,70.6,2025-10-22,,Returned,True,,282.4
ORD005231,CUST00247,PROD0093,3,513.19,2025-12-29,,Cancelled,True,,1539.5700000000002
ORD003426,CUST00734,PROD0142,1,1821.04,2025-10-21,2025-10-26,Delivered,True,5.0,1821.04
ORD002247,CUST00224,PROD0040,2,2990.7,2025-11-24,2025-12-02,Delivered,True,8.0,5981.4
ORD003819,CUST00505,PROD0089,5,16755.29,2025-07-05,2025-07-16,Delivered,True,11.0,83776.45000000001
ORD004777,CUST00304,PROD0086,5,1450.41,2025-02-05,2025-02-17,Delivered,True,12.0,7252.05
ORD003965,CUST00684,PROD0143,2,1730.89,2025-04-11,,Cancelled,True,,3461.78
ORD002462,CUST00602,PROD0139,4,4171.69,2025-09-16,,Shipped,True,,16686.76
ORD004761,CUST00376,PROD0143,3,1730.89,2026-01-30,,Returned,True,,5192.67
ORD001199,CUST00114,PROD0045,4,1228.68,2025-11-22,2025-11-29,Delivered,True,7.0,4914.72
ORD005606,CUST00698,PROD0100,1,7797.29,2026-03-07,,Delivered,True,,7797.29
ORD002711,CUST00687,PROD0041,2,543.32,2025-07-25,2025-08-04,Delivered,True,10.0,1086.64
ORD002096,CUST00144,PROD0111,5,42616.44,2025-01-17,2025-01-27,Delivered,True,10.0,213082.2
ORD004488,CUST00226,PROD0002,5,2472.29,2025-11-24,,Returned,True,,12361.45
ORD004131,CUST00470,PROD0007,2,40685.29,2025-01-11,,Shipped,True,,81370.58
ORD000573,CUST00306,PROD0023,3,11903.15,2025-12-23,2026-01-01,Delivered,True,9.0,35709.45
ORD001911,CUST00462,PROD0048,5,56173.09,2026-02-28,2026-03-04,Delivered,True,4.0,280865.44999999995
ORD001924,CUST00205,PROD0121,5,751.76,2026-05-15,2026-05-23,Delivered,True,8.0,3758.8
ORD003096,CUST00715,PROD0069,1,58378.98,2025-07-28,,Processing,True,,58378.98
ORD001950,CUST00362,PROD0053,3,379.38,2025-05-28,,Cancelled,True,,1138.1399999999999
ORD004790,CUST00753,PROD0128,4,3825.7,2025-10-30,2025-11-01,Delivered,True,2.0,15302.8
ORD001801,CUST00295,PROD0021,2,156.01,2025-07-22,2025-07-31,Delivered,True,9.0,312.02
ORD000263,CUST00492,PROD0050,3,3898.39,2026-05-13,,Processing,True,,11695.17
ORD005142,CUST00501,PROD0092,3,1419.85,2025-06-25,,Processing,True,,4259.549999999999
ORD000965,CUST00556,PROD0111,2,42616.44,2026-05-09,,Cancelled,True,,85232.88
ORD001639,CUST00614,PROD0033,3,5639.02,2026-07-07,2026-07-15,Delivered,True,8.0,16917.06
ORD001205,CUST00364,PROD0014,3,1289.47,2025-03-26,2025-04-06,Delivered,True,11.0,3868.41
ORD004164,CUST00014,PROD0036,1,559.64,2025-02-26,,Cancelled,True,,559.64
ORD005538,CUST00787,PROD0044,2,1423.72,2026-05-07,2026-05-17,Delivered,True,10.0,2847.44
ORD004904,CUST00623,PROD0121,1,751.76,2026-05-08,2026-05-11,Delivered,True,3.0,751.76
ORD001129,CUST00073,PROD0086,2,1450.41,2025-09-09,,Cancelled,True,,2900.82
ORD003925,CUST00512,PROD0068,3,1375.21,2025-09-08,,Processing,True,,4125.63
ORD004236,CUST00335,PROD0138,3,3519.99,2025-04-01,,Processing,True,,10559.97
ORD005379,CUST00569,PROD0013,5,39659.48,2026-04-02,,Processing,True,,198297.40000000002
ORD003470,CUST00352,PROD0010,1,11743.74,2025-11-24,2025-11-27,Delivered,True,3.0,11743.74
ORD003293,CUST00059,PROD0094,5,1211.97,2026-01-09,2026-01-15,Delivered,True,6.0,6059.85
ORD000426,CUST00378,PROD0126,4,8384.51,2025-06-10,,Processing,True,,33538.04
ORD001478,CUST00557,PROD0080,1,4686.49,2026-01-24,2026-01-29,Delivered,True,5.0,4686.49
ORD001442,CUST00609,PROD0096,5,32150.75,2025-06-19,,Shipped,True,,160753.75
ORD001083,CUST00169,PROD0072,3,263.08,2026-03-05,,Processing,True,,789.24
ORD003576,CUST00563,PROD0016,2,59834.55,2025-08-07,2025-08-17,Delivered,True,10.0,119669.1
ORD005474,CUST00145,PROD0065,3,9361.22,2025-08-24,,Returned,True,,28083.659999999996
ORD003810,CUST00142,PROD0074,4,2124.57,2025-03-12,,Shipped,True,,8498.28
ORD005847,CUST00761,PROD0029,4,901.03,2025-09-13,2025-09-22,Delivered,True,9.0,3604.12
ORD000424,CUST00474,PROD0137,1,1360.59,2025-07-10,,Returned,True,,1360.59
ORD000390,CUST00741,PROD0020,2,4298.98,2026-06-16,2026-06-28,Delivered,True,12.0,8597.96
ORD000640,CUST00086,PROD0075,3,209.7,2026-06-27,2026-07-06,Delivered,True,9.0,629.0999999999999
ORD002737,CUST00128,PROD0097,3,166.92,2025-09-24,,Cancelled,True,,500.76
ORD003776,CUST00048,PROD0017,4,4701.06,2025-08-07,2025-08-14,Delivered,True,7.0,18804.24
ORD004133,CUST00542,PROD0047,4,26286.3,2025-03-11,2025-03-18,Delivered,True,7.0,105145.2
ORD000063,CUST00133,PROD0138,3,3519.99,2026-02-05,2026-02-10,Delivered,True,5.0,10559.97
ORD005418,CUST00652,PROD0044,3,1423.72,2025-09-14,,Shipped,True,,4271.16
ORD005100,CUST00368,PROD0087,4,13732.01,2025-09-17,,Processing,True,,54928.04
ORD000100,CUST00418,PROD0123,5,21424.68,2026-05-12,,Processing,True,,107123.4
ORD002595,CUST00155,PROD0011,5,1483.6,2026-05-20,2026-06-01,Delivered,True,12.0,7418.0
ORD004885,CUST00695,PROD0009,4,390.58,2026-06-22,,Processing,True,,1562.32
ORD004828,CUST00357,PROD0030,3,429.82,2025-06-07,,Shipped,True,,1289.46
ORD005827,CUST00794,PROD0116,2,8033.73,2025-07-11,2025-07-18,Delivered,True,7.0,16067.46
ORD005088,CUST00123,PROD0020,1,4298.98,2025-04-02,,Returned,True,,4298.98
ORD003327,CUST00637,PROD0096,5,32150.75,2025-01-03,2025-01-04,Delivered,True,1.0,160753.75
ORD004382,CUST00010,PROD0044,5,1423.72,2025-01-04,2025-01-09,Delivered,True,5.0,7118.6
ORD000150,CUST00514,PROD0104,2,1042.65,2026-06-21,2026-06-24,Delivered,True,3.0,2085.3
ORD000010,CUST00244,PROD0124,1,2908.87,2025-10-30,2025-11-01,Delivered,True,2.0,2908.87
ORD000913,CUST00512,PROD0119,3,2603.43,2025-03-29,2025-04-05,Delivered,True,7.0,7810.289999999999
ORD003367,CUST00716,PROD0131,1,6853.95,2025-11-26,2025-12-06,Delivered,True,10.0,6853.95
ORD000599,CUST00608,PROD0011,3,1483.6,2026-01-11,2026-01-20,Delivered,True,9.0,4450.799999999999
ORD000780,CUST00155,PROD0125,2,11796.3,2025-03-04,2025-03-11,Delivered,True,7.0,23592.6
ORD000065,CUST00092,PROD0117,5,430.76,2025-02-26,,Delivered,True,,2153.8
ORD003030,CUST00343,PROD0031,3,2204.46,2026-05-26,,Shipped,True,,6613.38
ORD002396,CUST00463,PROD0129,2,17176.36,2025-02-12,2025-02-17,Delivered,True,5.0,34352.72
ORD000321,CUST00705,PROD0052,2,1448.8,2025-09-05,2025-09-09,Delivered,True,4.0,2897.6
ORD003827,CUST00331,PROD0140,4,899.29,2025-12-10,,Processing,True,,3597.16
ORD001002,CUST00142,PROD0098,5,648.17,2026-03-24,2026-03-29,Delivered,True,5.0,3240.85
ORD003167,CUST00036,PROD0012,4,4952.6,2026-04-28,,Cancelled,True,,19810.4
ORD002608,CUST00608,PROD0079,5,2916.61,2025-03-31,2025-04-07,Delivered,True,7.0,14583.050000000001
ORD003890,CUST00067,PROD0123,3,21424.68,2026-03-05,,Processing,True,,64274.04
ORD003341,CUST00076,PROD0140,4,899.29,2025-03-01,,Shipped,True,,3597.16
ORD004576,CUST00454,PROD0148,3,985.06,2025-04-03,2025-04-12,Delivered,True,9.0,2955.18
ORD005047,CUST00504,PROD0104,2,1042.65,2026-06-25,,Processing,True,,2085.3
ORD005859,CUST00231,PROD0111,3,42616.44,2026-03-04,,Returned,True,,127849.32
ORD000069,CUST00712,PROD0015,4,2263.06,2025-06-20,2025-06-25,Delivered,True,5.0,9052.24
ORD000981,CUST00027,PROD0074,4,2124.57,2025-06-24,,Processing,True,,8498.28
ORD003031,CUST00661,PROD0040,4,2990.7,2026-06-02,,Cancelled,True,,11962.8
ORD004572,CUST00202,PROD0035,4,4733.42,2026-01-30,,Shipped,True,,18933.68
ORD005798,CUST00478,PROD0011,4,1483.6,2026-05-13,,Cancelled,True,,5934.4
ORD004634,CUST00634,PROD0150,2,2716.88,2025-09-22,2025-09-29,Delivered,True,7.0,5433.76
ORD001395,CUST00166,PROD0114,5,1292.66,2025-05-10,,Shipped,True,,6463.3
ORD001133,CUST00055,PROD0036,3,559.64,2026-04-17,,Cancelled,True,,1678.92
ORD005762,CUST00358,PROD0114,2,1292.66,2025-08-13,,Cancelled,True,,2585.32
ORD000829,CUST00520,PROD0122,5,993.76,2025-01-20,2025-01-21,Delivered,True,1.0,4968.8
ORD000714,CUST00409,PROD0093,1,513.19,2026-07-02,,Returned,True,,513.19
ORD004774,CUST00661,PROD0004,3,2001.32,2025-09-19,2025-09-28,Delivered,True,9.0,6003.96
ORD002734,CUST00373,PROD0029,4,901.03,2025-04-15,2025-04-18,Delivered,True,3.0,3604.12
ORD005305,CUST00566,PROD0126,3,8384.51,2025-01-07,,Shipped,True,,25153.53
ORD002138,CUST00567,PROD0002,3,2472.29,2025-09-22,2025-10-01,Delivered,True,9.0,7416.87
ORD000815,CUST00458,PROD0150,4,2716.88,2026-03-10,,Returned,True,,10867.52
ORD000105,CUST00697,PROD0092,5,1419.85,2025-01-29,2025-02-08,Delivered,True,10.0,7099.25
ORD004343,CUST00371,PROD0027,2,331.1,2026-01-25,2026-02-02,Delivered,True,8.0,662.2
ORD003745,CUST00648,PROD0002,2,2472.29,2026-07-30,2026-08-06,Delivered,True,7.0,4944.58
ORD001625,CUST00719,PROD0092,3,1419.85,2026-03-02,2026-03-04,Delivered,True,2.0,4259.549999999999
ORD003799,CUST00613,PROD0094,1,1211.97,2026-06-30,,Processing,True,,1211.97
ORD003091,CUST00557,PROD0002,5,2472.29,2025-01-28,2025-01-30,Delivered,True,2.0,12361.45
ORD001127,CUST00002,PROD0072,2,263.08,2025-04-03,2025-04-06,Delivered,True,3.0,526.16
ORD004794,CUST00035,PROD0100,1,7797.29,2026-04-09,2026-04-15,Delivered,True,6.0,7797.29
ORD005662,CUST00697,PROD0148,4,985.06,2026-05-25,2026-05-28,Delivered,True,3.0,3940.24
ORD001150,CUST00672,PROD0013,3,39659.48,2025-04-06,2025-04-12,Delivered,True,6.0,118978.44
ORD003605,CUST00454,PROD0011,1,1483.6,2025-09-08,,Processing,True,,1483.6
ORD001295,CUST00657,PROD0134,1,3036.32,2025-09-11,,Delivered,True,,3036.32
ORD004867,CUST00321,PROD0145,4,2463.88,2025-06-12,,Processing,True,,9855.52
ORD002798,CUST00232,PROD0137,1,1360.59,2025-09-29,,Processing,True,,1360.59
ORD003014,CUST00733,PROD0141,1,22625.81,2026-07-17,,Processing,True,,22625.81
ORD003556,CUST00185,PROD0033,5,5639.02,2025-02-07,2025-02-18,Delivered,True,11.0,28195.100000000002
ORD002193,CUST00717,PROD0105,1,32176.55,2025-05-26,,Cancelled,True,,32176.55
ORD001440,CUST00324,PROD0141,4,22625.81,2026-02-13,,Shipped,True,,90503.24
ORD000600,CUST00479,PROD0036,3,559.64,2025-09-02,2025-09-13,Delivered,True,11.0,1678.92
ORD003453,CUST00280,PROD0017,2,4701.06,2025-01-09,2025-01-19,Delivered,True,10.0,9402.12
ORD004888,CUST00473,PROD0078,5,12507.55,2025-02-13,2025-02-21,Delivered,True,8.0,62537.75
ORD002401,CUST00274,PROD0025,4,4203.28,2025-12-07,2025-12-13,Delivered,True,6.0,16813.12
ORD004217,CUST00016,PROD0013,2,39659.48,2025-09-12,,Processing,True,,79318.96
ORD001636,CUST00475,PROD0135,2,7336.91,2025-06-11,2025-06-17,Delivered,True,6.0,14673.82
ORD005178,CUST00550,PROD0131,3,6853.95,2025-07-17,2025-07-26,Delivered,True,9.0,20561.85
ORD005894,CUST00203,PROD0085,5,4763.96,2026-07-28,,Processing,True,,23819.8
ORD002987,CUST00779,PROD0054,3,1632.64,2025-02-24,,Cancelled,True,,4897.92
ORD001380,CUST00537,PROD0019,2,4410.8,2026-06-12,,Cancelled,True,,8821.6
ORD001320,CUST00226,PROD0019,5,4410.8,2025-03-22,,Shipped,True,,22054.0
ORD002384,CUST00006,PROD0109,5,854.47,2026-06-01,,Returned,True,,4272.35
ORD001865,CUST00756,PROD0049,4,191.03,2026-01-17,,Shipped,True,,764.12
ORD000452,CUST00776,PROD0093,1,513.19,2026-06-21,2026-06-28,Delivered,True,7.0,513.19
ORD004998,CUST00671,PROD0140,1,899.29,2025-09-27,2025-09-30,Delivered,True,3.0,899.29
ORD000492,CUST00183,PROD0115,5,55563.32,2025-12-31,,Processing,True,,277816.6
ORD000456,CUST00233,PROD0118,4,828.66,2026-05-26,2026-06-05,Delivered,True,10.0,3314.64
ORD002912,CUST00047,PROD0098,2,648.17,2025-02-21,2025-02-24,Delivered,True,3.0,1296.34
ORD005684,CUST00318,PROD0148,4,985.06,2026-05-04,,Processing,True,,3940.24
ORD002839,CUST00514,PROD0137,2,1360.59,2026-07-25,,Processing,True,,2721.18
ORD003996,CUST00760,PROD0003,5,14338.6,2025-09-19,,Cancelled,True,,71693.0
ORD002534,CUST00239,PROD0047,3,26286.3,2025-09-23,,Processing,True,,78858.9
ORD003362,CUST00790,PROD0072,1,263.08,2025-08-06,2025-08-16,Delivered,True,10.0,263.08
ORD005759,CUST00718,PROD0092,4,1419.85,2026-06-25,,Shipped,True,,5679.4
ORD004646,CUST00166,PROD0132,5,305.28,2026-05-14,2026-05-15,Delivered,True,1.0,1526.3999999999999
ORD000732,CUST00216,PROD0095,5,6063.96,2026-04-15,2026-04-23,Delivered,True,8.0,30319.8
ORD002856,CUST00177,PROD0150,4,2716.88,2026-07-06,2026-07-09,Delivered,True,3.0,10867.52
ORD004785,CUST00750,PROD0097,5,166.92,2025-11-24,2025-11-27,Delivered,True,3.0,834.5999999999999
ORD005527,CUST00608,PROD0099,4,14295.1,2025-01-16,,Cancelled,True,,57180.4
ORD000152,CUST00068,PROD0095,4,6063.96,2026-06-02,,Delivered,True,,24255.84
ORD002991,CUST00488,PROD0023,1,11903.15,2025-04-14,,Returned,True,,11903.15
ORD000751,CUST00095,PROD0002,3,2472.29,2025-02-14,,Returned,True,,7416.87
ORD001229,CUST00645,PROD0099,2,14295.1,2025-01-22,2025-02-02,Delivered,True,11.0,28590.2
ORD001022,CUST00783,PROD0078,5,12507.55,2025-06-26,,Cancelled,True,,62537.75
ORD000979,CUST00700,PROD0069,0,58378.98,2026-02-12,2026-02-15,Delivered,False,3.0,0.0
ORD003386,CUST00144,PROD0121,5,751.76,2025-02-27,,Cancelled,True,,3758.8
ORD001872,CUST00481,PROD0072,3,263.08,2026-05-06,,Shipped,True,,789.24
ORD003193,CUST00734,PROD0048,4,56173.09,2025-10-10,2025-10-17,Delivered,True,7.0,224692.36
ORD005805,CUST00542,PROD0015,4,2263.06,2026-05-23,2026-06-01,Delivered,True,9.0,9052.24
ORD005422,CUST00022,PROD0008,1,545.71,2026-02-09,2026-02-14,Delivered,True,5.0,545.71
ORD003149,CUST00678,PROD0069,1,58378.98,2025-01-13,,Processing,True,,58378.98
ORD002283,CUST00092,PROD0084,3,317.91,2025-03-12,2025-03-18,Delivered,True,6.0,953.73
ORD004945,CUST00652,PROD0010,1,11743.74,2026-05-21,,Shipped,True,,11743.74
ORD004729,CUST00404,PROD0077,3,2052.65,2026-05-21,2026-05-30,Delivered,True,9.0,6157.950000000001
ORD005545,CUST00255,PROD0064,3,3664.82,2025-06-14,,Shipped,True,,10994.460000000001
ORD004064,CUST00672,PROD0126,1,8384.51,2026-04-11,2026-04-20,Delivered,True,9.0,8384.51
ORD002265,CUST00726,PROD0124,2,2908.87,2025-02-18,,Processing,True,,5817.74
ORD005861,CUST00397,PROD0025,2,4203.28,2025-01-24,,Processing,True,,8406.56
ORD002518,CUST00789,PROD0016,4,59834.55,2025-10-07,,Cancelled,True,,239338.2
ORD001544,CUST00146,PROD0104,4,1042.65,2026-04-21,,Returned,True,,4170.6
ORD001628,CUST00526,PROD0017,4,4701.06,2025-11-04,2025-11-15,Delivered,True,11.0,18804.24
ORD004077,CUST00307,PROD0101,3,782.0,2026-04-08,,Shipped,True,,2346.0
ORD003842,CUST00790,PROD0088,1,34407.7,2026-03-25,2026-04-04,Delivered,True,10.0,34407.7
ORD002925,CUST00408,PROD0034,2,2546.45,2026-01-05,2026-01-16,Delivered,True,11.0,5092.9
ORD002262,CUST00430,PROD0144,3,4806.1,2025-01-17,,Processing,True,,14418.300000000001
ORD001629,CUST00194,PROD0121,1,751.76,2025-10-09,,Processing,True,,751.76
ORD001839,CUST00587,PROD0081,4,4820.76,2026-07-18,,Cancelled,True,,19283.04
ORD005615,CUST00499,PROD0018,5,18955.94,2025-12-09,2025-12-21,Delivered,True,12.0,94779.7
ORD003548,CUST00695,PROD0069,4,58378.98,2025-04-29,,Processing,True,,233515.92
ORD004899,CUST00150,PROD0119,4,2603.43,2026-04-26,2026-04-30,Delivered,True,4.0,10413.72
ORD001648,CUST00529,PROD0048,3,56173.09,2025-12-16,,Returned,True,,168519.27
ORD001949,CUST00471,PROD0088,3,34407.7,2025-01-22,,Cancelled,True,,103223.09999999999
ORD005831,CUST00622,PROD0003,3,14338.6,2025-06-10,,Processing,True,,43015.8
ORD005754,CUST00515,PROD0132,3,305.28,2025-01-21,2025-01-26,Delivered,True,5.0,915.8399999999999
ORD003952,CUST00055,PROD0133,1,1400.65,2026-01-21,,Processing,True,,1400.65
ORD001383,CUST00523,PROD0105,4,32176.55,2026-03-23,,Returned,True,,128706.2
ORD000405,CUST00574,PROD0014,3,1289.47,2026-06-21,,Processing,True,,3868.41
ORD001723,CUST00540,PROD0026,5,4912.92,2025-04-04,,Processing,True,,24564.6
ORD001787,CUST00167,PROD0087,1,13732.01,2025-10-07,,Returned,True,,13732.01
ORD001483,CUST00758,PROD0074,2,2124.57,2025-12-17,,Shipped,True,,4249.14
ORD002255,CUST00077,PROD0137,5,1360.59,2025-10-03,2025-10-07,Delivered,True,4.0,6802.95
ORD001085,CUST00238,PROD0074,4,2124.57,2025-10-14,2025-10-21,Delivered,True,7.0,8498.28
ORD000234,CUST00763,PROD0114,2,1292.66,2026-01-12,2026-01-24,Delivered,True,12.0,2585.32
ORD002085,CUST00568,PROD0005,2,560.65,2026-05-13,2026-05-22,Delivered,True,9.0,1121.3
ORD002722,CUST00512,PROD0106,3,3327.3,2026-07-14,2026-07-22,Delivered,True,8.0,9981.900000000001
ORD001028,CUST00206,PROD0138,5,3519.99,2026-05-16,2026-05-20,Delivered,True,4.0,17599.949999999997
ORD005911,CUST00641,PROD0132,4,305.28,2025-07-07,2025-07-18,Delivered,True,11.0,1221.12
ORD005116,CUST00027,PROD0007,1,40685.29,2025-04-11,2025-04-20,Delivered,True,9.0,40685.29
ORD001010,CUST00685,PROD0147,4,4832.5,2025-08-09,,Shipped,True,,19330.0
ORD004843,CUST00742,PROD0088,5,34407.7,2025-10-11,2025-10-13,Delivered,True,2.0,172038.5
ORD005581,CUST00081,PROD0059,4,685.94,2026-05-17,,Processing,True,,2743.76
ORD005786,CUST00596,PROD0085,4,4763.96,2026-07-24,,Returned,True,,19055.84
ORD001856,CUST00221,PROD0132,4,305.28,2025-07-29,2025-07-30,Delivered,True,1.0,1221.12
ORD003266,CUST00680,PROD0002,4,2472.29,2026-05-04,,Processing,True,,9889.16
ORD005706,CUST00074,PROD0045,2,1228.68,2025-05-23,2025-05-30,Delivered,True,7.0,2457.36
ORD000078,CUST00651,PROD0051,5,1399.76,2025-09-09,,Delivered,True,,6998.8
ORD000553,CUST00547,PROD0018,5,18955.94,2025-08-20,,Cancelled,True,,94779.7
ORD002603,CUST00281,PROD0103,5,11738.74,2025-10-02,,Processing,True,,58693.7
ORD005041,CUST00067,PROD0047,1,26286.3,2026-04-26,,Processing,True,,26286.3
ORD005245,CUST00085,PROD0094,1,1211.97,2025-03-24,,Cancelled,True,,1211.97
ORD004106,CUST00755,PROD0140,2,899.29,2026-05-31,2026-06-11,Delivered,True,11.0,1798.58
ORD001154,CUST00301,PROD0119,1,2603.43,2025-04-06,2025-04-17,Delivered,True,11.0,2603.43
ORD000252,CUST00792,PROD0116,4,8033.73,2026-03-20,2026-03-27,Delivered,True,7.0,32134.92
ORD002246,CUST00370,PROD0039,5,5112.85,2026-03-23,,Returned,True,,25564.25
ORD001808,CUST00233,PROD0023,3,11903.15,2026-01-06,2026-01-16,Delivered,True,10.0,35709.45
ORD002978,CUST00215,PROD0067,2,4271.55,2025-12-25,,Cancelled,True,,8543.1
ORD004165,CUST00105,PROD0034,4,2546.45,2025-11-24,2025-11-26,Delivered,True,2.0,10185.8
ORD003618,CUST00091,PROD0036,3,559.64,2025-01-06,2025-01-16,Delivered,True,10.0,1678.92
ORD000953,CUST00523,PROD0098,5,648.17,2025-08-27,,Delivered,True,,3240.85
ORD004172,CUST00470,PROD0137,3,1360.59,2026-05-28,,Returned,True,,4081.7699999999995
ORD005669,CUST00737,PROD0100,2,7797.29,2026-06-21,,Processing,True,,15594.58
ORD005000,CUST00034,PROD0013,3,39659.48,2025-05-12,2025-05-21,Delivered,True,9.0,118978.44
ORD001988,CUST00219,PROD0071,4,632.25,2025-08-14,,Delivered,True,,2529.0
ORD004139,CUST00098,PROD0048,1,56173.09,2026-02-21,2026-02-26,Delivered,True,5.0,56173.09
ORD002993,CUST00023,PROD0110,2,1192.79,2025-11-11,,Processing,True,,2385.58
ORD002585,CUST00067,PROD0042,2,915.41,2025-03-25,2025-04-01,Delivered,True,7.0,1830.82
ORD003946,CUST00365,PROD0080,4,4686.49,2026-05-06,2026-05-10,Delivered,True,4.0,18745.96
ORD005244,CUST00353,PROD0008,3,545.71,2025-02-11,,Cancelled,True,,1637.13
ORD005674,CUST00771,PROD0131,2,6853.95,2025-01-05,2025-01-11,Delivered,True,6.0,13707.9
ORD000919,CUST00164,PROD0137,4,1360.59,2025-07-12,2025-07-18,Delivered,True,6.0,5442.36
ORD005203,CUST00131,PROD0063,2,869.54,2025-09-11,,Shipped,True,,1739.08
ORD004226,CUST00757,PROD0101,4,782.0,2025-08-25,2025-08-30,Delivered,True,5.0,3128.0
ORD005004,CUST00335,PROD0005,2,560.65,2025-12-26,,Cancelled,True,,1121.3
ORD001366,CUST00339,PROD0105,3,32176.55,2026-04-27,2026-04-30,Delivered,True,3.0,96529.65
ORD003908,CUST00741,PROD0073,2,34399.58,2025-09-22,,Cancelled,True,,68799.16
ORD002827,CUST00420,PROD0083,5,385.32,2025-11-29,2025-12-09,Delivered,True,10.0,1926.6
ORD003136,CUST00488,PROD0024,4,1123.83,2025-11-03,2025-11-15,Delivered,True,12.0,4495.32
ORD000235,CUST00676,PROD0115,2,55563.32,2025-03-18,2025-03-30,Delivered,True,12.0,111126.64
ORD000327,CUST00213,PROD0045,4,1228.68,2025-05-04,,Returned,True,,4914.72
ORD000966,CUST00204,PROD0022,3,459.17,2026-07-05,2026-07-10,Delivered,True,5.0,1377.51
ORD001871,CUST00564,PROD0106,2,3327.3,2025-01-14,2025-01-25,Delivered,True,11.0,6654.6
ORD003611,CUST00644,PROD0071,1,632.25,2026-02-02,2026-02-14,Delivered,True,12.0,632.25
ORD002106,CUST00672,PROD0046,2,51.86,2025-08-03,2025-08-08,Delivered,True,5.0,103.72
ORD005757,CUST00263,PROD0065,3,9361.22,2025-09-21,2025-10-01,Delivered,True,10.0,28083.659999999996
ORD002196,CUST00439,PROD0097,3,166.92,2026-02-21,,Delivered,True,,500.76
ORD002368,CUST00181,PROD0106,4,3327.3,2025-04-12,2025-04-20,Delivered,True,8.0,13309.2
ORD001347,CUST00592,PROD0079,1,2916.61,2026-07-09,2026-07-19,Delivered,True,10.0,2916.61
ORD003267,CUST00509,PROD0072,3,263.08,2026-05-07,2026-05-18,Delivered,True,11.0,789.24
ORD001617,CUST00204,PROD0039,3,5112.85,2025-08-17,,Processing,True,,15338.550000000001
ORD003558,CUST00622,PROD0144,1,4806.1,2025-08-21,2025-09-01,Delivered,True,11.0,4806.1
ORD002693,CUST00444,PROD0072,5,263.08,2026-03-20,,Cancelled,True,,1315.3999999999999
ORD005554,CUST00134,PROD0111,1,42616.44,2025-07-05,2025-07-07,Delivered,True,2.0,42616.44
ORD001510,CUST00213,PROD0117,1,430.76,2026-05-13,,Cancelled,True,,430.76
ORD005318,CUST00659,PROD0103,3,11738.74,2026-05-08,2026-05-17,Delivered,True,9.0,35216.22
ORD005036,CUST00394,PROD0022,4,459.17,2026-07-16,2026-07-28,Delivered,True,12.0,1836.68
ORD003699,CUST00084,PROD0134,1,3036.32,2025-12-24,,Shipped,True,,3036.32
ORD002391,CUST00344,PROD0097,4,166.92,2026-07-14,,Shipped,True,,667.68
ORD005531,CUST00101,PROD0074,1,2124.57,2026-06-24,2026-06-29,Delivered,True,5.0,2124.57
ORD005758,CUST00457,PROD0121,1,751.76,2026-05-12,2026-05-13,Delivered,True,1.0,751.76
ORD001056,CUST00555,PROD0137,3,1360.59,2025-09-08,2025-09-18,Delivered,True,10.0,4081.7699999999995
ORD005084,CUST00040,PROD0125,5,11796.3,2026-05-01,2026-05-07,Delivered,True,6.0,58981.5
ORD004053,CUST00033,PROD0025,3,4203.28,2026-05-20,,Returned,True,,12609.84
ORD002253,CUST00171,PROD0135,4,7336.91,2026-04-17,,Cancelled,True,,29347.64
ORD004227,CUST00343,PROD0111,1,42616.44,2026-02-25,2026-03-08,Delivered,True,11.0,42616.44
ORD001289,CUST00243,PROD0076,1,32834.68,2026-02-07,,Cancelled,True,,32834.68
ORD001954,CUST00454,PROD0100,5,7797.29,2025-12-20,,Cancelled,True,,38986.45
ORD002373,CUST00723,PROD0139,2,4171.69,2025-04-19,,Cancelled,True,,8343.38
ORD002671,CUST00273,PROD0140,4,899.29,2026-05-24,,Shipped,True,,3597.16
ORD003821,CUST00458,PROD0013,4,39659.48,2025-05-29,2025-05-31,Delivered,True,2.0,158637.92
ORD003234,CUST00540,PROD0040,3,2990.7,2025-01-07,2025-01-12,Delivered,True,5.0,8972.099999999999
ORD002544,CUST00785,PROD0016,1,59834.55,2026-07-14,,Returned,True,,59834.55
ORD004123,CUST00087,PROD0001,3,2002.86,2026-07-10,2026-07-20,Delivered,True,10.0,6008.58
ORD005818,CUST00122,PROD0073,4,34399.58,2026-04-24,,Delivered,True,,137598.32
ORD003406,CUST00625,PROD0024,5,1123.83,2026-05-05,2026-05-14,Delivered,True,9.0,5619.15
ORD005402,CUST00207,PROD0023,3,11903.15,2026-02-08,,Shipped,True,,35709.45
ORD000849,CUST00446,PROD0054,4,1632.64,2025-12-03,2025-12-14,Delivered,True,11.0,6530.56
ORD000336,CUST00611,PROD0016,2,59834.55,2025-09-18,2025-09-26,Delivered,True,8.0,119669.1
ORD004715,CUST00598,PROD0074,1,2124.57,2025-07-25,,Processing,True,,2124.57
ORD002005,CUST00426,PROD0110,4,1192.79,2025-04-05,,Delivered,True,,4771.16
ORD000228,CUST00147,PROD0134,1,3036.32,2025-01-26,2025-01-27,Delivered,True,1.0,3036.32
ORD002762,CUST00546,PROD0080,1,4686.49,2026-03-22,2026-03-27,Delivered,True,5.0,4686.49
