payment_id,order_id,payment_method,amount,payment_status,payment_date
PAY3B738303,ORD002565,Net Banking,16813.12,Refunded,2025-04-19
PAYA4974D10,ORD004275,Debit Card,3975.04,Success,2025-11-27
PAY014D8811,ORD003045,COD,16067.46,Success,2026-07-23
PAY488F03E1,ORD005168,UPI,11278.04,Success,2026-01-01
PAYB3E7696D,ORD003986,Net Banking,34269.75,Success,2026-03-30
PAYC21C8518,ORD004228,Credit Card,4847.88,Success,2025-09-01
PAY48CCB913,ORD002495,COD,7252.05,Success,2025-03-18
PAYD8550BE5,ORD004379,Wallet,2346.0,Success,2026-04-21
PAY8E00DFFA,ORD004964,Wallet,40685.29,Success,2025-02-04
PAY5A2D26A9,ORD004930,Net Banking,635.82,Success,2026-06-23
PAYC4D7CF76,ORD000542,Credit Card,390.58,Success,2025-04-05
PAY7CE2B135,ORD003259,Net Banking,6923.56,Success,2025-02-13
PAYC1ABEDF4,ORD000335,UPI,6157.95,Success,2026-07-30
PAY1E2E23FE,ORD004110,COD,468.03,Success,2025-02-18
PAY72CEA419,ORD005839,Wallet,175136.94,Failed,2025-12-09
PAY71BF0B24,ORD003310,Debit Card,280865.45,Success,2025-05-17
PAYCDD7B74B,ORD002981,Wallet,27415.8,Success,2026-03-05
PAY8100BA5C,ORD003459,COD,21494.9,Success,2026-04-13
PAYC0228F7A,ORD000632,Wallet,8384.51,Success,2025-11-06
PAYF4212C64,ORD000910,COD,43015.8,Refunded,2025-10-16
PAY21AF73A6,ORD002599,Wallet,2167.2,Success,2025-09-09
PAY2649EBCE,ORD004322,COD,8654.45,Success,2025-07-12
PAY008E8C0B,ORD003144,COD,58378.98,Refunded,2026-05-24
PAYB7B657B7,ORD005159,Credit Card,9361.22,Success,2026-07-12
PAY5B14D6CF,ORD002673,UPI,67021.16,Success,2025-02-04
PAYEF106B75,ORD001482,UPI,28590.2,Refunded,2026-07-05
PAY60CA8CA3,ORD004058,Wallet,545.71,Success,2025-04-18
PAY2822FA8D,ORD003508,Credit Card,2716.88,Failed,2025-03-25
PAYAC223041,ORD005623,Debit Card,22556.08,Success,2025-12-04
PAY941210DB,ORD000586,Net Banking,3314.64,Refunded,2025-06-25
PAYD52BD557,ORD000206,COD,8726.61,Success,2026-01-30
PAYEBE97002,ORD003418,Net Banking,23819.8,Refunded,2026-01-13
PAY9D861D36,ORD003555,Net Banking,0.0,Success,2026-02-24
PAYBDF4CD65,ORD005811,Debit Card,418.7,Failed,2026-03-26
PAYDFBB26D5,ORD004323,UPI,50030.2,Failed,2025-08-02
PAY50F043DE,ORD000270,Net Banking,70.6,Success,2026-07-19
PAYDE5B4292,ORD003146,Wallet,9127.13,Refunded,2025-06-19
PAYBE412ADF,ORD002853,UPI,24255.84,Success,2025-06-24
PAY8FF00B66,ORD000157,Debit Card,160882.75,Success,2025-01-21
PAY0884C30E,ORD003791,Net Banking,24564.6,Success,2025-11-14
PAY182CCCEC,ORD002434,Net Banking,5602.6,Failed,2026-05-08
PAYF29AB1E5,ORD005919,Debit Card,379.38,Success,2025-01-10
PAY688E9042,ORD001593,Debit Card,19283.04,Refunded,2025-11-12
PAY58B252EB,ORD003912,Credit Card,789.24,Refunded,2026-04-18
PAYB992EBBA,ORD001984,Net Banking,222253.28,Success,2025-12-09
PAYD85578C9,ORD003824,Debit Card,11738.74,Failed,2026-05-07
PAY2004BCA6,ORD000089,Net Banking,8563.39,Refunded,2025-09-12
PAYC68A58D6,ORD001842,Debit Card,1119.28,Success,2025-04-15
PAYB6BFA2F1,ORD005273,COD,12609.84,Success,2025-12-10
PAY5FB68FAD,ORD005416,Debit Card,10263.25,Success,2026-01-31
PAY6E2BDCA9,ORD003569,COD,175136.94,Success,2026-04-16
PAYE64AA065,ORD002006,Debit Card,781.16,Failed,2025-10-26
PAY1128F370,ORD001172,UPI,1952.9,Success,2026-01-25
PAY4F0407DD,ORD004819,COD,1462.31,Refunded,2025-05-05
PAY2DE69A69,ORD005185,UPI,27464.02,Success,2025-11-24
PAYDB238793,ORD005675,Debit Card,780.05,Success,2025-11-30
PAYCD88240B,ORD004453,Credit Card,20858.45,Success,2026-04-01
PAYB7055929,ORD005006,Debit Card,11635.48,Success,2026-01-11
PAY70202680,ORD001832,Net Banking,119669.1,Success,2026-06-21
PAYB73049A7,ORD002918,Debit Card,2603.43,Refunded,2025-07-14
PAY12A6D6D1,ORD001006,Credit Card,28195.1,Refunded,2025-08-16
PAYA0C3BF4B,ORD004974,UPI,1637.13,Failed,2026-04-20
PAYB3D69F7A,ORD005228,Debit Card,22556.08,Failed,2026-01-08
PAYDA5D2831,ORD000594,Net Banking,1123.83,Success,2026-05-07
PAY95C3218F,ORD005008,UPI,27464.02,Failed,2026-04-16
PAYF1C76F08,ORD002483,COD,6802.95,Refunded,2026-02-19
PAYE836917E,ORD003184,Net Banking,3519.99,Success,2026-03-01
PAY97F67DFC,ORD000645,Credit Card,955.15,Failed,2026-06-23
PAY3484A532,ORD002341,Net Banking,543.32,Success,2025-08-16
PAY2A93F078,ORD001612,Debit Card,2716.6,Success,2025-03-31
PAYF8B79094,ORD000012,Net Banking,12145.28,Failed,2025-12-23
PAYC5DC3255,ORD005261,UPI,160753.75,Success,2025-01-28
PAYFBDFB942,ORD000597,Net Banking,1171.74,Refunded,2026-03-13
PAY2D31DB20,ORD000030,Net Banking,4171.69,Success,2026-03-28
PAYBEB28578,ORD000720,Net Banking,2585.32,Success,2025-01-04
PAY29276452,ORD000138,UPI,3938.46,Success,2025-06-01
PAY36E3FD9C,ORD005696,UPI,20858.45,Failed,2025-06-04
PAY96A3968A,ORD002815,Debit Card,137630.8,Success,2026-07-27
PAYA64B2399,ORD003465,UPI,1681.95,Refunded,2025-05-22
PAYCC819B5F,ORD004009,Credit Card,14795.31,Refunded,2025-08-18
PAY7D11F1D6,ORD000692,UPI,41196.03,Success,2025-03-10
PAYA8177A1B,ORD002142,Wallet,4105.3,Refunded,2025-01-22
PAYFE73E26B,ORD004708,Net Banking,46974.96,Refunded,2026-04-14
PAY2E0834FB,ORD004702,Wallet,55719.21,Success,2025-07-29
PAY4CEE832B,ORD001851,UPI,10867.52,Success,2025-01-08
PAYFE7733AD,ORD003126,UPI,1483.6,Success,2025-08-26
PAY3BBC1AC8,ORD003893,Debit Card,52572.6,Success,2025-10-18
PAY99B2CCA4,ORD003690,Wallet,14418.3,Success,2025-10-14
PAY763E5BE7,ORD004347,COD,1462.31,Refunded,2026-03-13
PAY599EFDA2,ORD002744,COD,3265.28,Refunded,2025-11-21
PAY866EFC8A,ORD004724,COD,277816.6,Refunded,2025-07-22
PAY375F4CC2,ORD003087,Credit Card,96452.25,Failed,2025-12-19
PAY9124D191,ORD000288,Wallet,20561.85,Success,2025-06-21
PAY650ADF8F,ORD002695,UPI,1419.85,Failed,2025-05-20
PAY38FC2810,ORD003966,COD,175136.94,Refunded,2025-06-06
PAY4C264387,ORD003976,Debit Card,7810.29,Success,2026-07-27
PAYFA2436E6,ORD004341,UPI,1739.08,Success,2025-08-19
PAY8A0791D5,ORD004507,COD,11477.1,Success,2026-07-03
PAY383B7F56,ORD002764,UPI,4701.06,Success,2025-10-19
PAYDF24BD4C,ORD004200,Wallet,5833.22,Success,2025-06-11
PAYCB335156,ORD002965,Credit Card,15593.56,Success,2025-11-16
PAYE273EE68,ORD000101,Credit Card,21010.12,Failed,2025-01-27
PAYDA0A4437,ORD003702,UPI,45251.62,Refunded,2025-09-08
PAYC4A98034,ORD001748,Credit Card,9127.13,Success,2025-06-06
PAY37A5F7C6,ORD004006,Credit Card,3161.25,Success,2026-04-14
PAYC547E851,ORD005434,Credit Card,37146.14,Success,2025-09-21
PAY86BB99EB,ORD003000,Wallet,4526.12,Success,2025-06-17
PAY6AE73895,ORD004325,COD,37012.3,Success,2025-09-01
PAY94F1FE1C,ORD001271,Credit Card,19055.84,Success,2026-03-04
PAYD1C886E4,ORD005496,Net Banking,901.03,Success,2026-02-22
PAY01683043,ORD004446,COD,4897.92,Success,2025-11-13
PAY9E780874,ORD000812,Credit Card,11695.17,Refunded,2026-04-11
PAY533B7C2D,ORD001824,Wallet,22207.38,Success,2026-05-03
PAY454BE77B,ORD004134,Credit Card,1952.9,Success,2026-03-30
PAY8944BE24,ORD000378,Wallet,18254.26,Success,2026-07-11
PAYF6B67A46,ORD001855,Wallet,6613.38,Success,2026-04-08
PAY5CDBC842,ORD002552,Net Banking,4763.96,Success,2025-03-13
PAYDA914488,ORD000421,Debit Card,10505.06,Success,2026-04-22
PAYBBE3AA4A,ORD005288,UPI,5795.2,Refunded,2025-12-19
PAY70A959E9,ORD003182,Wallet,37146.14,Success,2025-10-06
PAY1F88615B,ORD001566,Net Banking,65669.36,Success,2025-05-12
PAYF1AAE2EB,ORD000489,Wallet,1511.91,Refunded,2025-05-25
PAYB6D80413,ORD004709,Credit Card,1312.64,Refunded,2025-04-06
PAY8E1B1785,ORD003390,Credit Card,5934.4,Success,2025-08-04
PAYCA08F89A,ORD002287,UPI,2922.45,Success,2026-02-28
PAY0034DCA5,ORD003772,UPI,3898.39,Failed,2026-06-18
PAY3E2FB1DE,ORD005398,Wallet,70.6,Success,2025-07-09
PAY2EAD267C,ORD001381,COD,3502.78,Failed,2026-02-16
PAY3C6A5C11,ORD004985,Debit Card,2743.76,Success,2026-07-26
PAYA37BF3AF,ORD004989,Net Banking,35216.22,Refunded,2026-04-17
PAY378A95E3,ORD002746,Net Banking,2990.7,Refunded,2026-03-05
PAYA896DF57,ORD002201,COD,4704.83,Refunded,2025-01-07
PAY48EAAD0D,ORD002020,Credit Card,400.11,Refunded,2026-04-06
PAY54E383F7,ORD000605,Net Banking,2124.57,Refunded,2025-04-22
PAY3E586B38,ORD002667,COD,7402.46,Success,2025-05-29
PAY9CCE4CA6,ORD001750,COD,314.99,Success,2025-08-19
PAY158CFDE8,ORD002520,UPI,20858.45,Success,2025-07-19
PAYC59DF0A6,ORD002497,Wallet,98504.04,Success,2026-05-13
PAY0EE5B74D,ORD003180,Wallet,162741.16,Success,2025-07-03
PAY4BFF7A4F,ORD004002,Wallet,2803.25,Refunded,2026-02-13
PAYD5EC6226,ORD000248,Credit Card,282.4,Refunded,2025-04-17
PAY995E9A27,ORD005477,Debit Card,6923.56,Refunded,2025-08-30
PAYA8C088EB,ORD003238,Net Banking,119669.1,Refunded,2026-03-06
PAYF803D7A7,ORD000162,COD,1210.56,Success,2025-03-07
PAY6E434F93,ORD001592,Net Banking,12127.92,Success,2025-11-10
PAY6D26CFC1,ORD004831,Net Banking,1155.96,Success,2026-07-25
PAY26F5C918,ORD005618,Debit Card,2743.76,Success,2025-11-08
PAY7A867E53,ORD000502,UPI,2167.2,Success,2025-03-21
PAYA0B1B1BE,ORD004389,COD,302.64,Success,2025-04-29
PAY40188E8E,ORD002672,Credit Card,277816.6,Refunded,2026-04-06
PAY4D024A79,ORD005594,Credit Card,8817.84,Success,2025-04-30
PAY74DE0195,ORD000976,Wallet,57180.4,Failed,2025-03-24
PAY0B0E6325,ORD005694,Debit Card,119669.1,Refunded,2026-05-12
PAYEFAA56CC,ORD001943,Credit Card,2924.62,Success,2026-01-28
PAYDA0B7EE9,ORD002456,Wallet,18804.24,Success,2025-08-11
PAY38062EBF,ORD003053,Debit Card,34253.56,Refunded,2025-07-24
PAYBC342697,ORD004840,UPI,2565.95,Success,2026-03-18
PAY37D2C01C,ORD003832,Wallet,6654.6,Refunded,2026-05-15
PAY500B5B06,ORD002432,Wallet,46806.1,Refunded,2026-06-14
PAYA3E47320,ORD000176,Net Banking,7118.6,Refunded,2025-06-12
PAY3AF954A1,ORD002243,Wallet,31189.16,Success,2025-07-20
PAYFBE09FA5,ORD005925,Wallet,2057.82,Success,2026-02-04
PAYE500170B,ORD005303,Credit Card,5599.04,Failed,2026-07-28
PAYF0E424E9,ORD003972,Wallet,2728.55,Success,2025-07-18
PAYCD182EE4,ORD000097,UPI,5112.85,Success,2025-09-09
PAYD620C954,ORD001522,Debit Card,828.66,Success,2025-03-20
PAY2CF533E2,ORD000294,Wallet,1944.51,Failed,2025-04-11
PAY0D3FFCF5,ORD001363,Credit Card,21494.9,Failed,2026-03-31
PAY9B21D770,ORD003830,Wallet,8406.56,Success,2026-04-18
PAYE65747AE,ORD001557,COD,179503.65,Refunded,2026-02-12
PAY808EC3CC,ORD005996,Wallet,7311.55,Refunded,2026-06-12
PAYB82516CE,ORD000259,Net Banking,33510.58,Success,2026-02-27
PAYBBABC57D,ORD005707,Debit Card,17294.97,Refunded,2025-04-08
PAYABE3AB6F,ORD002903,Credit Card,4701.06,Success,2025-02-27
PAY21B2473D,ORD002664,Credit Card,3597.16,Success,2025-12-27
PAY3C9BDDFF,ORD000569,COD,2967.2,Refunded,2025-04-13
PAY4F92D971,ORD004967,Credit Card,2167.2,Success,2026-03-20
PAY498C1680,ORD000783,Net Banking,67021.16,Refunded,2025-08-26
PAY66D14380,ORD003750,COD,156.01,Success,2025-04-25
PAY6E09588B,ORD003710,COD,6463.3,Failed,2026-06-12
PAY2654C798,ORD000106,Debit Card,12515.07,Success,2025-06-29
PAYC87FBDD3,ORD004483,Net Banking,14059.47,Success,2025-06-21
PAY97E30D15,ORD002559,COD,28677.2,Success,2026-04-14
PAY1CCEF611,ORD004897,Credit Card,1969.23,Failed,2026-05-10
PAY12939CE4,ORD001148,Net Banking,43015.8,Success,2025-07-12
PAY13976A71,ORD002319,COD,40685.29,Failed,2025-11-07
PAYCDB95414,ORD001518,Debit Card,328.16,Success,2026-04-03
PAYC1F6A093,ORD003590,Debit Card,4686.49,Success,2026-04-06
PAY05656E4B,ORD001031,COD,4931.77,Refunded,2025-03-28
PAYC69C782A,ORD005683,Net Banking,137630.8,Refunded,2025-03-07
PAYB23ED88E,ORD001945,Credit Card,4888.42,Failed,2025-08-14
PAY93AB3B44,ORD003991,Debit Card,770.64,Refunded,2026-07-28
PAY4B048975,ORD005791,Credit Card,55719.21,Failed,2025-04-13
PAYB394603C,ORD004541,Credit Card,2457.36,Success,2025-05-13
PAY35786BEA,ORD001786,Net Banking,2578.94,Success,2025-11-10
PAY996FF86B,ORD002996,UPI,1681.95,Success,2025-04-11
PAY9808D2DB,ORD004101,Net Banking,5778.2,Success,2026-02-05
PAYA7A7EFB9,ORD005577,Debit Card,0.0,Success,2025-06-23
PAYC1535428,ORD000762,Net Banking,1969.23,Success,2026-05-05
PAY85DA4A40,ORD003289,Credit Card,5112.85,Success,2026-05-21
PAYBED8B76C,ORD005832,UPI,19224.4,Success,2026-06-29
PAY05E42E08,ORD002983,Net Banking,3597.16,Success,2026-06-07
PAY85B37279,ORD000084,Debit Card,2346.0,Success,2025-11-22
PAY2718CCEF,ORD000663,Net Banking,191.03,Success,2026-05-03
PAYDE99FA15,ORD003044,COD,3686.04,Refunded,2025-09-23
PAYBC09EBEF,ORD002718,Net Banking,17086.2,Success,2025-06-24
PAY30EA2EC4,ORD000081,Debit Card,3466.92,Success,2025-04-06
PAY9BE75150,ORD004127,UPI,3327.3,Failed,2025-04-18
PAY137E51E0,ORD004004,Wallet,2981.28,Success,2025-05-31
PAYBDA46A33,ORD004247,COD,32150.75,Refunded,2026-07-29
PAYB076ED01,ORD003645,Net Banking,79318.96,Success,2025-02-13
PAY0631885F,ORD004755,UPI,3519.99,Success,2025-11-15
PAYAFA19F7E,ORD004081,COD,6853.95,Success,2025-12-13
PAYAF86602F,ORD001901,Wallet,24101.19,Success,2025-06-16
PAY344B6ECB,ORD004085,Wallet,1739.08,Failed,2025-09-06
PAY6BE4DB1D,ORD003891,COD,13732.01,Refunded,2026-07-10
PAYA0A8ED6F,ORD002620,Credit Card,3825.7,Success,2025-04-26
PAYBE4C024C,ORD002999,Debit Card,100130.08,Refunded,2025-05-26
PAY93D48807,ORD001314,Debit Card,32134.92,Refunded,2025-05-17
PAYCD408F59,ORD001225,UPI,4806.1,Success,2026-01-30
PAY34D7A258,ORD004153,Credit Card,5619.15,Refunded,2025-11-30
PAYFDA1DD5F,ORD000982,Credit Card,9466.84,Success,2026-05-14
PAYCFFEE22F,ORD001160,Debit Card,3635.91,Success,2025-04-02
PAYC5C9B93C,ORD003848,Credit Card,3758.8,Success,2026-02-14
PAY44BD5838,ORD003755,UPI,7418.0,Success,2025-03-24
PAYBB4B870A,ORD002730,Credit Card,11022.3,Success,2026-04-14
PAYCE687953,ORD001638,UPI,14079.96,Success,2025-05-18
PAY8EECC174,ORD003506,UPI,390.58,Success,2026-02-03
PAY5290A41F,ORD000712,Credit Card,18191.88,Success,2025-01-22
PAYC848CABE,ORD003598,Debit Card,1541.28,Refunded,2026-07-15
PAY87B03AF8,ORD001939,UPI,1513.2,Success,2026-07-03
PAYE81339DB,ORD002399,UPI,1830.82,Success,2026-02-22
PAY5948BD41,ORD000805,Wallet,4199.28,Refunded,2025-03-28
PAY5DC1D6A2,ORD004586,Wallet,14583.05,Failed,2025-02-05
PAY5DB58607,ORD001095,Debit Card,7639.35,Refunded,2025-02-16
PAYA7900E0F,ORD002345,Net Banking,1678.92,Failed,2026-04-18
PAY723DE38D,ORD004177,COD,291894.9,Refunded,2025-07-22
PAY34CE1F0A,ORD004070,Wallet,14338.6,Success,2026-04-13
PAY0EB04F7F,ORD003306,UPI,85698.72,Success,2025-04-01
PAY7CE831CF,ORD003994,Wallet,9612.2,Refunded,2026-01-03
PAYDFAF8231,ORD002637,COD,629.98,Refunded,2025-07-24
PAY79CB1692,ORD001861,Debit Card,9776.84,Success,2026-05-07
PAYF289EC7A,ORD003514,Net Banking,1312.64,Refunded,2025-05-02
PAY1F065B95,ORD003679,Credit Card,20451.4,Failed,2025-01-10
PAY2C0C787A,ORD003489,COD,3314.64,Success,2025-07-21
PAY6D8C054C,ORD004016,Net Banking,1821.04,Refunded,2026-06-17
PAYBFC78B16,ORD005012,Debit Card,9981.9,Success,2025-12-14
PAYDD0F9A58,ORD003411,COD,3896.6,Success,2026-04-03
PAYE44221A2,ORD003466,COD,4203.28,Success,2025-10-24
PAY2B8AED76,ORD001728,Net Banking,11477.1,Success,2025-02-26
PAYAB715FA9,ORD001715,COD,45635.65,Success,2026-01-19
PAY2D6269FE,ORD005753,UPI,12609.84,Success,2026-07-24
PAY584EE76C,ORD004921,Debit Card,2799.52,Refunded,2025-01-22
PAYFEFD292E,ORD000856,Debit Card,2924.62,Success,2026-05-21
PAYFF00C8AC,ORD003025,Wallet,9402.12,Success,2025-01-25
PAY757314E3,ORD003538,Credit Card,57354.4,Success,2025-01-24
PAY0BC8A5C5,ORD001827,Net Banking,28590.2,Refunded,2025-11-26
PAY179F2F91,ORD001429,Wallet,15302.8,Success,2026-01-17
PAY6F80C9BE,ORD004920,Credit Card,379.38,Refunded,2025-05-14
PAY79719A91,ORD004342,Net Banking,155.58,Success,2025-05-24
PAY279AE9D0,ORD005927,UPI,3466.92,Success,2025-11-30
PAYF1476332,ORD002536,Debit Card,13017.15,Success,2026-07-18
PAY60FDEA96,ORD001505,Wallet,1371.88,Success,2026-05-27
PAYDC492E56,ORD003882,Debit Card,635.82,Success,2025-11-27
PAY3403A83D,ORD000450,Debit Card,81370.58,Success,2026-04-10
PAYBE9E9A45,ORD002312,Debit Card,6447.35,Success,2025-07-12
PAY316230A4,ORD003012,UPI,11022.3,Success,2025-07-22
PAYE4E6FD43,ORD005211,Net Banking,5433.76,Success,2025-02-24
PAY6C5D341C,ORD002132,COD,4334.4,Success,2025-06-02
PAY79FCF4FE,ORD004735,Debit Card,25032.52,Refunded,2026-06-08
PAYF6CBBF05,ORD002948,Wallet,1042.65,Success,2025-01-24
PAY480B37EF,ORD000389,Credit Card,6063.96,Success,2025-09-30
PAY4EEF6057,ORD005939,COD,5817.74,Refunded,2025-11-21
PAY633B5873,ORD002003,Credit Card,7332.63,Success,2025-06-13
PAY0CC32196,ORD005251,UPI,18933.68,Refunded,2026-06-17
PAY1CF24F3B,ORD002297,Credit Card,27415.8,Success,2026-01-27
PAYFC5CE3A6,ORD005169,COD,1836.68,Success,2026-01-22
PAY9F61FCAC,ORD004071,UPI,5907.69,Refunded,2026-07-29
PAYBCE24B82,ORD000641,Debit Card,26286.3,Success,2025-06-21
PAY8BB12442,ORD003135,UPI,3327.3,Refunded,2025-01-13
PAYC3483C22,ORD003979,Net Banking,56173.09,Success,2025-12-06
PAY9DB7F7CD,ORD000564,Credit Card,2916.61,Success,2026-04-13
PAY5218A08B,ORD001805,Net Banking,33510.58,Success,2026-06-28
PAY2E26EB44,ORD002102,COD,2444.21,Refunded,2026-05-17
PAY5D5A1D1A,ORD002214,Credit Card,2093.5,Refunded,2025-03-23
PAY6622A1E7,ORD000112,UPI,1007.94,Failed,2026-07-30
PAY4D2D5B69,ORD000673,COD,131338.72,Refunded,2026-05-18
PAYC1185BCE,ORD001432,Wallet,41922.55,Success,2025-09-13
PAY56E93E15,ORD004512,Net Banking,11529.98,Success,2026-03-02
PAYA8BBC2D5,ORD002136,Net Banking,1751.39,Success,2026-06-23
PAY99579703,ORD005950,Debit Card,3635.91,Success,2026-07-26
PAY0AD250FC,ORD003666,Debit Card,429.82,Success,2026-05-29
PAY758EDC3C,ORD003767,UPI,35231.22,Success,2026-05-30
PAY41A41805,ORD000786,Wallet,5817.74,Success,2025-06-27
PAY74502B34,ORD002146,Debit Card,224692.36,Refunded,2025-08-23
PAYE39ABD8B,ORD000694,COD,8210.6,Refunded,2026-07-07
PAY09356DDE,ORD002772,Net Banking,4347.7,Success,2025-08-29
PAY579CC2D3,ORD001785,Credit Card,19491.95,Failed,2025-10-14
PAY217BCD25,ORD003105,Debit Card,503.97,Refunded,2025-10-05
PAY6C3A3EBE,ORD001583,Net Banking,160882.75,Success,2025-10-05
PAY44B0BA51,ORD004862,Debit Card,1681.95,Success,2025-04-02
PAYBC32B3F6,ORD001220,Debit Card,20561.85,Success,2026-02-24
PAY989DEB94,ORD002320,Debit Card,13707.9,Success,2025-02-28
PAY01ABC32F,ORD004610,Debit Card,41196.03,Success,2025-12-31
PAYE7495A08,ORD002691,Net Banking,1910.12,Refunded,2025-10-21
PAYF645CA0F,ORD001317,Net Banking,7416.87,Refunded,2026-02-22
PAYAD66E486,ORD000256,UPI,3910.0,Success,2025-10-30
PAY634132FD,ORD005652,COD,5442.36,Success,2025-09-04
PAYFD135A5B,ORD001173,COD,1987.52,Success,2025-02-25
PAY6CD2CDD9,ORD004086,Credit Card,4203.28,Failed,2025-07-09
PAYD76997B3,ORD001507,Wallet,2908.87,Failed,2025-09-25
PAY2184E3A5,ORD000623,Net Banking,812.36,Success,2026-07-06
PAYA4D3A5E8,ORD002100,Net Banking,16067.46,Failed,2025-04-06
PAYBE3F3A8A,ORD000801,Wallet,23487.48,Refunded,2025-03-01
PAY386D4743,ORD005348,UPI,52572.6,Refunded,2025-02-06
PAYCAD6C2BB,ORD005060,Wallet,67877.43,Failed,2025-08-10
PAY78AFA475,ORD001406,COD,37146.14,Success,2025-11-04
PAYE3AFB43B,ORD002417,UPI,953.73,Success,2025-02-27
PAY6626FCB3,ORD001978,COD,5206.86,Failed,2026-03-02
PAY9819A629,ORD003866,Credit Card,13707.9,Success,2026-01-30
PAYA7898FCA,ORD005277,Net Banking,5463.12,Success,2025-11-28
PAY0ACA8411,ORD004583,UPI,3597.16,Success,2025-03-31
PAY706FF856,ORD003107,Net Banking,5206.86,Refunded,2025-09-25
PAY73D5F310,ORD000834,Wallet,23806.3,Success,2025-11-11
PAY58BB5D62,ORD005192,Net Banking,23432.45,Success,2026-03-14
PAY12A43620,ORD001122,UPI,459.17,Refunded,2025-06-04
PAY309BC5BF,ORD002871,COD,24564.6,Refunded,2025-05-06
PAY33692DE9,ORD003906,Wallet,29347.64,Success,2026-05-02
PAY6D40368D,ORD000512,Debit Card,2592.68,Success,2026-01-26
PAYCAF0EB98,ORD000892,Wallet,18191.88,Refunded,2025-06-25
PAY319050A9,ORD001089,Net Banking,2204.46,Success,2025-07-15
PAYE08B36C4,ORD005780,COD,1517.52,Refunded,2026-07-09
PAY4EB9C98A,ORD005135,Debit Card,1083.6,Success,2025-03-24
PAY6A7C04EE,ORD005239,Debit Card,984.48,Success,2025-12-11
PAYFBBCC8C4,ORD003738,Net Banking,751.76,Success,2026-06-05
PAYEE1F49F5,ORD004588,Wallet,1086.64,Success,2025-04-30
PAY6B795E9D,ORD001662,Debit Card,7796.78,Refunded,2025-12-25
PAY0CF4367D,ORD000466,Net Banking,8498.28,Success,2025-11-21
PAY7DBFDFF1,ORD002074,COD,4005.72,Refunded,2025-04-24
PAY1E8F9365,ORD002736,UPI,915.41,Success,2026-01-05
PAY93E27D76,ORD004454,UPI,2716.6,Success,2025-01-27
PAYD0744001,ORD000482,Debit Card,34352.72,Success,2025-07-14
PAY7C7D86B2,ORD004430,Wallet,8821.6,Failed,2026-03-05
PAYC0DC8EEE,ORD005601,Debit Card,3868.41,Failed,2025-07-29
PAY72785B1B,ORD004573,Debit Card,1448.8,Success,2026-06-10
PAY6681647F,ORD002477,Wallet,19810.4,Refunded,2026-03-20
PAY4880379A,ORD000501,Wallet,8163.2,Success,2026-03-18
PAYC1206F3A,ORD002578,Credit Card,3898.39,Refunded,2025-05-14
PAY8D6877E9,ORD004370,Credit Card,305.28,Failed,2025-11-07
PAYC79811EA,ORD005018,Net Banking,4495.32,Success,2026-04-10
PAY554DBCF1,ORD000526,UPI,7118.6,Success,2025-02-22
PAY8518FFE5,ORD001121,Credit Card,4704.83,Failed,2025-10-16
PAYDBDFA5B9,ORD004092,Debit Card,4450.8,Refunded,2026-07-13
PAYF1C0E1D5,ORD004742,Debit Card,2922.45,Success,2026-04-16
PAY1831E393,ORD002712,Credit Card,4733.42,Refunded,2025-05-18
PAYECA16DAB,ORD000704,COD,24103.8,Refunded,2025-11-02
PAY63D0B8E1,ORD003164,COD,11022.3,Success,2025-05-19
PAY91461904,ORD000280,Wallet,47185.2,Failed,2025-01-07
PAYCC0FB5AA,ORD000837,COD,2204.46,Refunded,2025-07-27
PAYAE1A5E04,ORD005660,UPI,11477.1,Refunded,2025-09-07
PAY0F1D38B6,ORD003048,Credit Card,46954.96,Success,2026-03-04
PAYCD6BB21E,ORD001053,UPI,12221.05,Success,2025-02-28
PAYFB9E451E,ORD001455,Wallet,3417.88,Success,2025-12-01
PAY976964B2,ORD005835,COD,40685.29,Success,2026-01-28
PAYF77AD773,ORD000782,COD,67021.16,Success,2026-03-23
PAYB21FE619,ORD004037,UPI,213082.2,Success,2026-04-28
PAY7FE044BC,ORD001298,Debit Card,4870.75,Success,2025-05-07
PAY5EDBE358,ORD005841,Credit Card,47612.6,Success,2025-10-11
PAYD7E60496,ORD004936,COD,993.3,Success,2025-01-16
PAYF330AC96,ORD000494,Credit Card,418.7,Success,2026-04-12
PAYB7301764,ORD005783,Net Banking,1259.96,Refunded,2026-04-10
PAY40DCD2B1,ORD005435,Credit Card,32150.75,Success,2025-11-17
PAY5AE3282E,ORD002670,Net Banking,24765.5,Failed,2026-04-21
PAYD83F66C3,ORD005462,Debit Card,4450.8,Success,2025-01-31
PAY5E000543,ORD000954,Net Banking,0.0,Refunded,2025-08-31
PAYFF71AC2B,ORD005718,Credit Card,837.4,Success,2026-02-07
PAY077D527B,ORD001894,Net Banking,3820.24,Success,2025-01-28
PAY5EC6627E,ORD000135,Debit Card,4968.8,Success,2025-08-30
PAY9C0352D0,ORD004450,Wallet,4914.72,Success,2025-02-13
PAYA3707125,ORD001860,Debit Card,15302.8,Refunded,2025-12-02
PAYB7715B4F,ORD005173,Net Banking,861.52,Success,2025-02-12
PAY91E8DD36,ORD005733,Wallet,41922.55,Failed,2026-07-12
PAY770EE19A,ORD002185,Debit Card,71475.5,Failed,2025-09-12
PAYBBBA1C85,ORD004495,UPI,4870.75,Success,2025-04-22
PAY9A13C64D,ORD001140,Wallet,1952.9,Success,2025-06-27
PAY0AC3CA1D,ORD002231,Wallet,8343.38,Failed,2025-03-28
PAY75A081AB,ORD001288,Net Banking,25015.1,Success,2026-06-09
PAYB7D66505,ORD005483,Credit Card,2346.0,Refunded,2025-05-15
PAY8CD5E42C,ORD000342,UPI,19330.0,Success,2025-03-15
PAY36101117,ORD003805,Net Banking,312.02,Success,2026-03-26
PAYB7C8D009,ORD001528,Credit Card,23477.48,Success,2025-10-19
PAYB1A081C8,ORD000481,COD,2703.09,Success,2025-02-08
PAY119BCAC8,ORD004676,Credit Card,632.25,Success,2026-06-07
PAYFCEDBF7D,ORD001899,UPI,34352.72,Refunded,2026-04-20
PAY7589510A,ORD004499,COD,4199.28,Success,2026-06-29
PAYD29AB7EB,ORD000110,Net Banking,666.85,Failed,2025-04-14
PAYBBCCEBDD,ORD004119,Credit Card,1969.23,Refunded,2025-01-10
PAYF9A8FF3B,ORD003818,Debit Card,5849.24,Success,2025-08-22
PAYF9E973F6,ORD004901,COD,96452.25,Refunded,2026-04-30
PAYE13DD9A6,ORD000930,Credit Card,170465.76,Failed,2026-01-29
PAY0AE79352,ORD001096,COD,4596.15,Success,2026-06-10
PAY91FF6413,ORD002947,Net Banking,15181.6,Failed,2025-04-03
PAY367B32B5,ORD001523,UPI,42816.95,Refunded,2025-04-14
PAYBE1F21E9,ORD004095,Net Banking,19055.84,Refunded,2025-09-20
PAYEB8FB1F7,ORD005883,Net Banking,156.01,Failed,2025-10-30
PAY57D22B00,ORD004465,UPI,5599.04,Refunded,2025-03-18
PAY94C3B793,ORD002959,COD,28083.66,Refunded,2025-10-07
PAY5AAC87DB,ORD003265,Net Banking,1086.64,Success,2025-01-19
PAY98172048,ORD005472,Credit Card,16813.12,Failed,2026-03-09
PAYEB8F9963,ORD005078,COD,781.16,Success,2026-01-25
PAYA10F6B4E,ORD000688,Debit Card,23391.87,Refunded,2025-04-11
PAY47E7DF55,ORD003560,UPI,1155.96,Success,2026-05-20
PAYDF78D844,ORD004736,Net Banking,3910.0,Success,2025-06-19
PAY83513A7B,ORD002900,Net Banking,4953.1,Success,2025-07-10
PAY199478FC,ORD005218,Credit Card,299172.75,Success,2025-04-20
PAY716FB37B,ORD004696,Wallet,6003.96,Failed,2026-04-21
PAY91896D27,ORD000841,Credit Card,2295.85,Success,2025-07-28
PAYB3EA2C45,ORD002551,Debit Card,2716.88,Success,2025-07-11
PAY3527C9E9,ORD002923,Credit Card,993.76,Failed,2026-04-11
PAY8ADD19BE,ORD001870,COD,166.92,Refunded,2025-02-08
PAYBA4C3B7D,ORD003300,COD,3868.41,Success,2026-04-17
PAY8BE40912,ORD002962,Credit Card,277816.6,Success,2025-10-23
PAYD5003F9F,ORD002707,UPI,47612.6,Success,2026-03-25
PAY53F62AC8,ORD003396,Wallet,1637.13,Refunded,2025-04-01
PAYE0BD6BCA,ORD004033,Debit Card,8343.38,Success,2026-06-17
PAYAB6D8973,ORD000498,Credit Card,5206.86,Success,2025-10-17
PAY22F62B10,ORD002343,Credit Card,2563.41,Success,2025-03-08
PAY699960D8,ORD005148,Debit Card,7651.4,Refunded,2025-05-25
PAY4742D70D,ORD005349,UPI,3417.88,Refunded,2025-08-11
PAY4984C405,ORD005334,UPI,40168.65,Success,2026-07-14
PAY6CC78D50,ORD001216,UPI,18722.44,Refunded,2025-07-22
PAYB4136053,ORD003209,Net Banking,10225.7,Refunded,2025-05-11
PAYC4508CD1,ORD004968,COD,2967.2,Failed,2025-01-03
PAY4D39702E,ORD001555,COD,3007.04,Refunded,2025-03-14
PAY29D78DB6,ORD004224,COD,14114.49,Failed,2025-09-18
PAYDE802A93,ORD005876,Credit Card,3825.7,Success,2025-01-28
PAYA101C681,ORD004983,Debit Card,52572.6,Success,2025-05-30
PAY2858A987,ORD005750,Debit Card,79318.96,Refunded,2026-05-09
PAYA55E875E,ORD005799,Credit Card,1830.82,Failed,2026-07-30
PAYF8E7F153,ORD002061,Debit Card,0.0,Success,2025-11-16
PAY1079C715,ORD005123,COD,4771.16,Success,2026-04-27
PAY35497E8D,ORD005114,Debit Card,1589.55,Success,2025-04-15
PAYC52E59A5,ORD005201,COD,2746.23,Success,2026-04-24
PAY9530FC26,ORD004977,Wallet,37522.65,Refunded,2025-06-22
PAY606202EC,ORD004609,Debit Card,22010.73,Refunded,2026-07-09
PAYD73BEC0D,ORD004851,UPI,3940.24,Refunded,2025-07-01
PAYFDB52653,ORD000893,Credit Card,4701.06,Success,2025-05-28
PAYB8090347,ORD001973,COD,2052.65,Refunded,2026-02-27
PAY425C50D5,ORD000381,Wallet,56173.09,Refunded,2026-01-08
PAY7F2E6F4A,ORD003349,COD,4259.55,Refunded,2026-04-06
PAY908A0BD7,ORD002575,UPI,1399.76,Refunded,2025-05-10
PAY5114A486,ORD000305,UPI,14103.18,Success,2025-08-16
PAY66B89728,ORD003220,Debit Card,3664.82,Success,2025-12-02
PAY88B9D495,ORD000932,Credit Card,37911.88,Refunded,2026-05-21
PAY037EC650,ORD004273,COD,36684.55,Failed,2025-10-28
PAY1E20C288,ORD000959,UPI,7329.64,Success,2026-01-26
PAY9238720B,ORD000615,COD,12814.65,Success,2025-07-08
PAYC21F2191,ORD003585,Net Banking,4944.58,Refunded,2025-06-04
PAY0A3B7A0F,ORD002000,Credit Card,11962.8,Failed,2026-04-30
PAY447C3D00,ORD002108,Net Banking,3635.91,Success,2026-03-19
PAYD1723A96,ORD000924,COD,75823.76,Refunded,2025-07-31
PAY434536B9,ORD000460,Wallet,8563.39,Success,2025-11-02
PAY4E581A84,ORD005959,Net Banking,67877.43,Success,2025-02-20
PAY9B26597F,ORD005980,Net Banking,7391.64,Success,2025-07-05
PAY3962D591,ORD000409,COD,198297.4,Success,2026-02-13
PAY82D08BA5,ORD004667,Debit Card,18804.24,Failed,2025-11-11
PAY4594F11B,ORD004418,UPI,2916.61,Success,2026-05-16
PAYB2DF201B,ORD000179,Wallet,191.03,Success,2025-01-05
PAY90094E7D,ORD002331,UPI,25564.25,Refunded,2025-10-21
PAYC12AB54B,ORD002627,Credit Card,8817.84,Refunded,2025-01-28
PAYFE8E86F1,ORD004141,UPI,28083.66,Refunded,2026-01-24
PAY0AF69D35,ORD003434,Debit Card,526.16,Failed,2025-02-02
PAYE542D4E8,ORD005922,Net Banking,46974.96,Refunded,2025-09-28
PAY983077EC,ORD003322,Credit Card,21424.68,Success,2026-03-30
PAY775055FA,ORD001123,Wallet,7252.05,Success,2025-07-05
PAY5169CF34,ORD003923,Wallet,14497.5,Success,2025-02-04
PAY2831CCC1,ORD002422,Credit Card,915.41,Refunded,2025-11-15
PAYAC6D4493,ORD000543,COD,2204.46,Failed,2025-05-14
PAY175BD9A3,ORD002655,Wallet,2803.25,Refunded,2025-04-04
PAYA0E4F4AF,ORD005530,Credit Card,15594.58,Success,2025-05-21
PAYEDBC2634,ORD003313,Debit Card,26286.3,Success,2025-04-07
PAYE6800810,ORD003521,Wallet,4944.58,Success,2026-06-18
PAY9E5AFE89,ORD003286,Debit Card,4806.1,Refunded,2026-07-16
PAYAD2D4A64,ORD005886,COD,68799.16,Success,2025-05-17
PAY85A24380,ORD001077,COD,263.08,Refunded,2025-09-27
PAY8FF2CC7A,ORD001401,UPI,2798.2,Success,2026-01-21
PAY44D5DD0F,ORD003102,Debit Card,685.94,Success,2025-01-05
PAY25246B8E,ORD005171,Credit Card,0.0,Success,2025-03-07
PAY05E50407,ORD004457,Wallet,32176.55,Refunded,2026-03-03
PAYFE8DB6E4,ORD005898,COD,19812.4,Success,2025-10-24
PAYE8E9ACB7,ORD000995,UPI,468.03,Success,2026-03-15
PAYF7069B45,ORD001719,Credit Card,1910.12,Success,2026-06-15
PAY69A867D2,ORD003735,Credit Card,90503.24,Success,2025-06-13
PAY2049F2F7,ORD001619,Net Banking,5833.22,Success,2025-04-14
PAY5B5555B9,ORD000814,Credit Card,30319.8,Refunded,2026-02-17
PAY0E1BEA6C,ORD002113,Wallet,3877.98,Failed,2025-11-20
PAYACA2023E,ORD002475,Debit Card,2242.6,Success,2026-02-18
PAY03D40013,ORD003898,Debit Card,2052.65,Success,2025-05-14
PAY72C4F714,ORD002135,Net Banking,64353.1,Success,2025-09-04
PAY5D47509A,ORD005280,Debit Card,3417.88,Success,2026-04-05
PAY8A8364B8,ORD005895,Credit Card,85881.8,Success,2025-11-15
PAYEB924E50,ORD001615,COD,0.0,Refunded,2025-01-22
PAYD20E443E,ORD001209,Credit Card,19283.04,Success,2025-06-14
PAYFCF9936C,ORD004548,Wallet,8654.45,Refunded,2025-03-12
PAY78194C17,ORD005479,Debit Card,751.76,Success,2025-06-17
PAY3DFB6DCE,ORD001578,Net Banking,3265.28,Success,2025-09-07
PAY5B80ECA5,ORD005069,Debit Card,90503.24,Success,2025-09-17
PAYF393C682,ORD003580,Net Banking,2585.32,Success,2025-04-12
PAYB2D6795D,ORD003123,UPI,1312.64,Success,2025-06-24
PAYC95A9506,ORD004144,COD,2798.2,Success,2025-11-09
PAYA41CB768,ORD003408,Debit Card,14103.18,Success,2026-05-10
PAYE203EE20,ORD002017,Credit Card,5883.9,Success,2025-11-06
PAYD8356CD0,ORD004860,Net Banking,543.32,Success,2025-09-25
PAY7174A026,ORD004394,Wallet,18191.88,Success,2025-10-30
PAY562072FC,ORD004158,Credit Card,2052.65,Success,2026-03-14
PAY1BFE5FAA,ORD002363,COD,6876.05,Failed,2025-08-30
PAY9C644E59,ORD004865,UPI,9905.2,Success,2025-07-18
PAY40B9A9D4,ORD003224,Wallet,1896.9,Success,2026-05-23
PAY66A7EEFC,ORD003586,Credit Card,2716.88,Success,2025-04-19
PAYCD280476,ORD000198,Credit Card,4271.16,Success,2026-01-02
PAYEB141E3B,ORD000171,Wallet,131338.72,Failed,2025-05-01
PAYBCDEF123,ORD005294,COD,5833.22,Refunded,2025-12-15
PAY0175366F,ORD003333,Credit Card,6003.96,Refunded,2025-08-01
PAY5205C9AE,ORD005639,Credit Card,6059.85,Failed,2025-07-12
PAYAC26CBE0,ORD002980,Wallet,22556.08,Failed,2025-07-07
PAY0F15F6E4,ORD003784,Credit Card,16755.29,Success,2025-06-24
PAY6F9702D7,ORD004898,Net Banking,1719.28,Success,2025-11-03
PAYBC18B22D,ORD001302,Debit Card,1637.13,Refunded,2026-04-14
PAY02AC1A38,ORD005546,UPI,13232.4,Refunded,2025-05-14
PAY95758E3F,ORD005459,Net Banking,1739.08,Success,2026-07-16
PAY98E0CF76,ORD003170,UPI,1119.28,Success,2025-05-01
PAY4EA7476F,ORD004922,UPI,5254.17,Failed,2025-01-04
PAYAC5AE3E8,ORD003780,Net Banking,32134.92,Success,2025-01-02
PAYFFA36FB9,ORD002014,Debit Card,100130.08,Success,2025-06-02
PAY0C981415,ORD001492,Debit Card,2967.2,Refunded,2026-06-04
PAYF6028113,ORD002629,Credit Card,1399.76,Success,2025-07-22
PAY51E4D69A,ORD000550,Wallet,37444.88,Success,2025-01-20
PAY68D68A48,ORD002033,Debit Card,328.16,Success,2026-05-29
PAYD35668CE,ORD004913,Debit Card,34399.58,Refunded,2025-10-26
PAY08F2D264,ORD005727,Net Banking,333.84,Failed,2025-06-16
PAY9006A1AA,ORD000416,Credit Card,459.17,Success,2025-02-25
PAY07EBD582,ORD005626,Net Banking,9527.92,Success,2025-10-18
PAY303FD274,ORD001280,UPI,5599.04,Success,2025-03-24
PAY663680EF,ORD001093,Net Banking,8817.84,Refunded,2025-03-11
PAY8908DDAE,ORD004879,Debit Card,21357.75,Success,2025-09-29
PAY56425F14,ORD001843,COD,1539.57,Refunded,2025-12-13
PAY5603BFA7,ORD000935,Debit Card,137630.8,Success,2025-07-19
PAYC2E7AD2C,ORD002353,Net Banking,2565.95,Success,2025-10-10
PAYFBBD97BC,ORD002428,Net Banking,56173.09,Success,2025-06-29
PAYF6D312EF,ORD003707,Credit Card,266.74,Success,2026-06-28
PAYB7B4BC5D,ORD003342,UPI,38986.45,Refunded,2025-02-20
PAY3E2F2987,ORD000330,Credit Card,103223.1,Refunded,2025-07-08
PAY795D0B5B,ORD005508,Net Banking,662.2,Success,2025-03-07
PAY51D3669D,ORD002200,Net Banking,10505.06,Success,2025-01-31
PAYD539C717,ORD001926,Debit Card,10622.85,Success,2026-06-10
PAY2F16F626,ORD003693,Debit Card,6447.35,Success,2025-08-29
PAYF040DDB3,ORD002129,Net Banking,7418.0,Refunded,2026-03-22
PAYCBB2D4E4,ORD001025,COD,4704.83,Refunded,2026-05-07
PAY610D5AC1,ORD001043,Net Banking,35709.45,Failed,2025-12-08
PAY34ED4A99,ORD004360,Wallet,1830.82,Refunded,2025-08-01
PAY2FB4319B,ORD001378,Debit Card,2799.52,Success,2026-04-10
PAYD3A1F221,ORD002851,Credit Card,9108.96,Success,2025-10-22
PAY412D7FA9,ORD005093,COD,37444.88,Success,2025-06-23
PAYAD8E71D4,ORD001538,COD,8756.95,Success,2026-03-18
PAYFCE96937,ORD000025,Wallet,19283.04,Failed,2025-02-24
PAY5A627C17,ORD000686,COD,4272.35,Failed,2026-06-12
PAY4CBDCE3F,ORD000944,Credit Card,9402.12,Refunded,2025-04-09
PAYF2EF6195,ORD000683,Wallet,9981.9,Success,2025-02-27
PAYD7E28340,ORD002117,Debit Card,14804.92,Failed,2025-09-04
PAY19FC4384,ORD003655,Net Banking,18324.1,Success,2026-06-06
PAYD0744169,ORD000193,UPI,1083.6,Success,2025-01-14
PAY77EB64D3,ORD003208,Credit Card,18324.1,Refunded,2026-01-14
PAY0FEB0220,ORD005346,UPI,9825.84,Success,2025-05-08
PAYF7E738B9,ORD004719,Wallet,1517.52,Success,2026-01-21
PAY0413CE31,ORD004025,Credit Card,1423.72,Success,2026-01-01
PAYBF0D4AD9,ORD002366,UPI,15302.8,Success,2026-06-26
PAYEDA6687C,ORD003800,COD,52572.6,Refunded,2026-04-15
PAYA2832E2A,ORD000624,UPI,2519.85,Success,2026-06-08
PAY73C5BD31,ORD000726,Net Banking,1423.72,Refunded,2026-02-15
PAY908FFDEF,ORD001930,Debit Card,20858.45,Success,2025-11-25
PAYB3253D3C,ORD001444,Wallet,5206.86,Success,2025-12-05
PAYB6530352,ORD000609,Net Banking,5801.64,Success,2025-12-18
PAY93F2B68B,ORD000585,Wallet,4346.4,Success,2025-05-11
PAY628F22AD,ORD003089,Wallet,14418.3,Success,2025-08-02
PAY9882D4D5,ORD005820,Credit Card,955.06,Success,2025-07-09
PAYA1360044,ORD002977,Credit Card,7416.87,Failed,2026-05-27
PAY9487DBF9,ORD003403,Net Banking,55563.32,Refunded,2026-05-14
PAY164BDBFC,ORD000200,COD,42020.24,Success,2026-05-05
PAY2C0B5A56,ORD003945,UPI,14114.49,Refunded,2025-03-26
PAY86604786,ORD003237,Wallet,1838.46,Success,2025-06-23
PAYB3650B24,ORD000579,COD,8821.6,Success,2026-04-01
PAY95E30BA0,ORD001563,Net Banking,3161.25,Success,2025-02-06
PAY391D8A1F,ORD000997,Credit Card,62537.75,Refunded,2026-04-24
PAYDE2B89C8,ORD001667,UPI,3604.12,Success,2026-03-13
PAYA66F1A43,ORD004834,Credit Card,3314.64,Success,2026-05-24
PAY0BEC4AFC,ORD003729,Credit Card,2124.57,Refunded,2025-12-01
PAY8D312078,ORD001390,Net Banking,50265.87,Success,2025-06-19
PAYADBBE7FC,ORD001687,Net Banking,17294.97,Success,2026-06-03
PAY4EC27181,ORD004806,Net Banking,13017.15,Success,2026-03-22
PAY86B97F1E,ORD004941,Debit Card,14291.88,Success,2026-04-03
PAY91FCCA0F,ORD004451,Credit Card,10413.72,Refunded,2025-10-14
PAY8FA53307,ORD000776,Credit Card,5170.64,Success,2026-04-28
PAYD912C47A,ORD002030,Debit Card,23487.48,Refunded,2025-09-18
PAY38634EE6,ORD004787,Debit Card,2798.2,Success,2026-02-13
PAY589245CA,ORD005982,Debit Card,2311.28,Failed,2026-06-04
PAY78D1B2CB,ORD001055,Wallet,1360.59,Success,2026-02-20
PAY68098EDE,ORD005258,Wallet,513.19,Failed,2026-05-03
PAY36D44C1A,ORD002460,Credit Card,14544.35,Refunded,2025-05-17
PAY8B77EA24,ORD000842,Debit Card,2847.44,Success,2026-07-05
PAY6259111C,ORD001054,Debit Card,919.23,Success,2026-03-11
PAYE36AD284,ORD005640,Net Banking,23806.3,Refunded,2026-04-16
PAYA04C6993,ORD003462,Net Banking,2799.52,Failed,2025-03-15
PAY5E14D88D,ORD001195,Net Banking,4125.63,Success,2026-03-01
PAY41680BE5,ORD001847,Credit Card,2578.94,Success,2026-05-06
PAY59473B8B,ORD003650,Credit Card,5602.6,Success,2025-04-26
PAY864C4E7B,ORD000070,Credit Card,859.64,Failed,2026-06-06
PAYA8C746CD,ORD001530,Wallet,2924.62,Refunded,2025-01-19
PAY2958A74C,ORD000577,UPI,5907.69,Refunded,2025-12-09
PAY7328FD3F,ORD000520,Debit Card,6063.96,Success,2026-05-09
PAY7779F20B,ORD005910,Wallet,4912.92,Success,2026-06-08
PAYCC8C84E4,ORD001087,Wallet,7639.35,Success,2026-01-05
PAYCAC8761D,ORD003668,COD,918.34,Success,2025-03-16
PAYC4091D56,ORD000296,UPI,2472.29,Success,2026-06-20
PAYB063B4D6,ORD003303,Credit Card,5883.9,Success,2025-08-29
PAYFEDBA10B,ORD001814,UPI,2457.36,Success,2025-07-08
PAYBA458A50,ORD004404,UPI,107123.4,Success,2025-05-10
PAY1CE07E33,ORD001762,Debit Card,4170.6,Refunded,2026-03-04
PAY66440022,ORD002583,Wallet,2967.2,Success,2026-06-28
PAYC048C5E5,ORD002576,Credit Card,118978.44,Refunded,2025-06-02
PAY0F9187A6,ORD001547,UPI,6654.6,Success,2025-01-30
PAYCA8DB504,ORD000314,UPI,34407.7,Success,2026-06-10
PAY576C022E,ORD002082,Wallet,18573.07,Success,2026-04-11
PAY6A99078C,ORD000948,Net Banking,1657.32,Success,2025-03-09
PAYB45A2050,ORD000559,UPI,100130.08,Success,2026-02-03
PAYBB744447,ORD003887,Debit Card,2242.6,Failed,2025-04-20
PAY30AA15EA,ORD004855,Debit Card,22054.0,Success,2025-12-21
PAYC5A454D0,ORD005028,Wallet,18191.88,Success,2025-07-18
PAY4EF936F2,ORD004975,UPI,4596.15,Success,2026-03-21
PAY26FA3299,ORD004242,Wallet,2093.5,Success,2025-08-17
PAY023BF05C,ORD000003,Credit Card,18722.44,Success,2026-03-10
PAY9CD9F8F8,ORD000464,COD,1896.75,Success,2026-06-24
PAY34B3BC9F,ORD000635,Net Banking,869.54,Success,2025-05-03
PAYE89D5B08,ORD002123,Debit Card,12221.05,Success,2025-03-25
PAY82CC82D9,ORD003790,COD,9825.84,Refunded,2025-09-08
PAY2BB4B8FB,ORD001071,Credit Card,4763.96,Success,2025-06-14
PAY73AB4652,ORD004410,Wallet,171997.9,Refunded,2025-11-01
PAYC2379EC9,ORD004791,COD,5092.9,Success,2025-03-30
PAY1E2677AF,ORD000155,Debit Card,3371.49,Success,2025-01-29
PAY8FD2B0E7,ORD002355,Wallet,4775.3,Success,2026-06-25
PAY2D12D3C6,ORD005356,Net Banking,141.2,Success,2025-07-08
PAYBE155216,ORD002649,Debit Card,2001.32,Success,2025-08-14
PAYF840149F,ORD003566,Net Banking,24765.5,Success,2025-03-12
PAY5EAB58C9,ORD005830,Net Banking,2182.84,Success,2025-01-12
PAY0E8069A3,ORD000611,UPI,7639.35,Success,2025-06-25
PAY3BABD427,ORD005287,Debit Card,899.29,Success,2025-10-04
PAYF27DE73E,ORD003485,Net Banking,14659.28,Success,2026-01-15
PAY7578F41A,ORD003439,COD,4888.42,Success,2025-09-09
PAY82108A1C,ORD003782,Credit Card,503.97,Success,2025-01-11
PAY9031C10B,ORD005473,Credit Card,11635.48,Success,2025-02-11
PAYC309F4D2,ORD004909,Wallet,3127.95,Refunded,2025-05-02
PAY0A43457C,ORD002007,Credit Card,4832.5,Success,2025-02-11
PAY0B11E06A,ORD001876,Wallet,9105.2,Success,2025-05-30
PAYBFC6E11C,ORD005229,Net Banking,14418.3,Refunded,2025-10-25
PAY4A250800,ORD003446,Credit Card,155.58,Refunded,2025-12-18
PAY1B81B012,ORD004629,Wallet,13309.2,Success,2025-01-30
PAY97FADA7B,ORD000396,UPI,1926.6,Refunded,2025-09-04
PAY0879AD7A,ORD002165,Net Banking,2238.56,Refunded,2025-07-19
PAYE43CA73C,ORD002400,Debit Card,6008.58,Refunded,2025-07-11
PAY3ED98BD3,ORD004746,Credit Card,3530.34,Refunded,2026-06-18
PAY04075CD6,ORD001809,Credit Card,24101.19,Refunded,2026-05-07
PAY23BD83BD,ORD005938,COD,2423.94,Success,2026-05-03
PAY54F03FFF,ORD000059,Wallet,4410.8,Failed,2025-03-11
PAYE93814AC,ORD003612,Wallet,224692.36,Success,2026-04-01
PAYCD33094B,ORD004602,COD,6003.96,Refunded,2025-10-15
PAY183C3EAE,ORD002184,COD,9108.96,Success,2025-05-29
PAY12AA67A1,ORD000558,Wallet,1836.68,Refunded,2025-07-14
PAY81F60B90,ORD005692,Net Banking,16636.5,Success,2025-01-10
PAY24056DCD,ORD001967,Net Banking,1052.32,Refunded,2025-09-09
PAYA1B1F4D1,ORD003804,Credit Card,2149.1,Refunded,2025-07-10
PAYE7AC8F60,ORD001697,COD,1419.85,Failed,2025-05-18
PAY463D1FB7,ORD000749,Credit Card,4707.12,Success,2026-01-18
PAY092F73AB,ORD000299,Credit Card,2529.0,Success,2025-07-28
PAY86DE6474,ORD001751,Wallet,162741.16,Refunded,2025-03-13
PAYAE89CF7C,ORD003512,Wallet,899.29,Success,2025-04-17
PAY406F2252,ORD001183,Wallet,1798.58,Success,2026-01-22
PAYEFCF8642,ORD001241,Net Banking,789.24,Success,2026-05-10
PAY1D7D721D,ORD005557,Net Banking,100130.08,Refunded,2025-12-17
PAYDEFA772F,ORD002759,Debit Card,4733.42,Success,2025-02-13
PAY3DBA5C2A,ORD005637,Wallet,34407.7,Success,2025-02-04
PAYA2B0ED92,ORD003563,UPI,1192.79,Success,2026-01-22
PAYFB84C651,ORD002099,Wallet,6063.96,Refunded,2025-02-07
PAY316FA706,ORD005984,Net Banking,2255.28,Failed,2026-01-18
PAY1A9F3069,ORD004611,Net Banking,3940.24,Success,2025-01-25
PAYA1292B46,ORD001650,Net Banking,1798.58,Failed,2025-04-07
PAY4F9B0C91,ORD002040,Credit Card,4005.72,Success,2025-03-09
PAY0AEA64EF,ORD001257,Net Banking,233515.92,Refunded,2025-07-30
PAY0EE7C6D8,ORD001646,UPI,33510.58,Failed,2026-02-20
PAY6F3C628A,ORD001795,UPI,6003.96,Success,2025-03-14
PAY34629FBC,ORD003859,Credit Card,116757.96,Success,2025-10-31
PAY609E0B43,ORD003252,Wallet,1798.58,Refunded,2025-07-02
PAY8163AF29,ORD001788,UPI,468.03,Success,2026-07-19
PAYFE3239CC,ORD005485,UPI,2900.82,Success,2025-08-29
PAY26B68499,ORD001685,COD,224692.36,Success,2025-07-27
PAYC7590556,ORD000088,Net Banking,2247.66,Success,2025-11-08
PAY8F7E02A5,ORD002842,Credit Card,96529.65,Success,2025-08-06
PAY8AB055C1,ORD005042,Credit Card,17126.78,Refunded,2026-04-06
PAY84BF1E2B,ORD005893,UPI,944.97,Failed,2025-06-30
PAYD22333AC,ORD001104,Net Banking,18933.68,Failed,2025-10-29
PAY3B4023D3,ORD003454,COD,3896.6,Failed,2026-03-22
PAY2062A7EE,ORD000098,Net Banking,16636.5,Refunded,2026-05-06
PAY765FEE59,ORD000214,Wallet,2981.28,Success,2026-04-09
PAY92316D6D,ORD004417,Wallet,1821.04,Success,2026-01-23
PAY99D612C9,ORD003460,UPI,22010.73,Failed,2026-03-10
PAYD75E911A,ORD004102,COD,2900.82,Success,2025-03-10
PAY92FF276D,ORD003383,UPI,18745.96,Success,2026-07-16
PAY53E26127,ORD005191,Wallet,3877.98,Refunded,2026-05-19
PAYDA5C7558,ORD001308,Credit Card,75823.76,Success,2026-01-21
PAYDBB00B56,ORD001017,UPI,8726.61,Failed,2025-05-29
PAY14398225,ORD003582,COD,51.86,Success,2026-01-03
PAY16371154,ORD004032,COD,27464.02,Success,2025-04-13
PAY1251CCC6,ORD000716,COD,2922.45,Success,2026-02-21
PAYE1151F7A,ORD003364,Net Banking,23592.6,Success,2025-10-07
PAY55E13466,ORD004600,Debit Card,974.15,Refunded,2025-07-12
PAYE57CD6A4,ORD005412,Net Banking,2173.28,Success,2025-09-08
PAY372EBA44,ORD003673,Credit Card,32834.68,Failed,2026-01-22
PAY2CFEC37F,ORD000222,Debit Card,10994.46,Success,2026-02-12
PAY21D88C5E,ORD000122,COD,915.41,Refunded,2026-07-15
PAY4E9A5934,ORD000695,Wallet,1221.12,Failed,2026-07-15
PAY8B541002,ORD000740,UPI,2052.76,Success,2025-10-17
PAY361EBEBF,ORD004558,Net Banking,1259.96,Success,2025-04-04
PAY3B75CFE9,ORD004338,Credit Card,9402.12,Refunded,2025-01-30
PAY300F0ABB,ORD005543,COD,1640.8,Success,2025-11-24
PAYBB461D05,ORD004278,UPI,4334.4,Success,2025-03-20
PAY1CEFC66F,ORD003449,Wallet,50065.04,Success,2025-03-09
PAYAD0465CA,ORD002721,Wallet,209.7,Refunded,2026-01-18
PAY4EE0FC32,ORD003700,Net Banking,2485.98,Refunded,2026-04-14
PAY318DFDD6,ORD000928,Wallet,33538.04,Success,2026-04-19
PAY9ED600D3,ORD000858,COD,1315.4,Success,2026-05-28
PAY48626361,ORD000031,COD,10994.46,Refunded,2025-02-03
PAYA3956618,ORD001111,COD,9372.98,Success,2025-07-01
PAY071B787F,ORD002278,Wallet,41196.03,Failed,2026-07-09
PAYE625359B,ORD005442,Wallet,1798.58,Refunded,2025-05-23
PAY676AD787,ORD003697,Net Banking,854.47,Refunded,2025-09-06
PAYBF07E285,ORD001875,Debit Card,24255.84,Failed,2026-04-29
PAYA47D7722,ORD001415,Credit Card,11666.44,Success,2026-02-24
PAY67543787,ORD004650,Wallet,2457.36,Success,2025-11-17
PAY47E92238,ORD001886,Net Banking,5981.4,Success,2025-01-01
PAY3F887A54,ORD002374,UPI,543.32,Failed,2025-09-23
PAY76BA6520,ORD004138,Debit Card,2353.56,Refunded,2026-07-22
PAYB7421CCB,ORD001234,Debit Card,919.23,Failed,2026-01-18
PAY64A883C8,ORD002444,Debit Card,1802.06,Success,2025-07-18
PAYF401E04C,ORD000729,Credit Card,175136.94,Success,2026-05-22
PAY9AE07456,ORD005690,UPI,37012.3,Success,2025-12-19
PAY27947576,ORD001757,Net Banking,4334.4,Success,2025-09-14
PAY0BB93043,ORD000764,Debit Card,305.28,Refunded,2026-06-07
PAY666CCA72,ORD002845,Credit Card,85698.72,Refunded,2026-01-23
PAY795E4365,ORD005439,Wallet,3036.32,Refunded,2026-07-13
PAY8379AAD0,ORD003715,COD,1360.59,Success,2025-11-21
PAY1DFA77DC,ORD000224,Net Banking,67877.43,Success,2026-07-21
PAYB51D1684,ORD002557,Net Banking,4927.76,Refunded,2025-03-31
PAY97B95CAF,ORD001016,Wallet,3868.41,Success,2026-04-14
PAYCCA9A560,ORD000006,Wallet,3502.78,Refunded,2025-02-15
PAY81B0C314,ORD002936,UPI,4271.55,Success,2026-06-08
PAY69502719,ORD004763,Debit Card,656.32,Success,2025-02-03
PAY2BDBF938,ORD005132,Debit Card,9776.84,Refunded,2026-07-17
PAY4267E309,ORD005725,Wallet,5778.2,Success,2025-10-08
PAYCBBC7E03,ORD002254,Net Banking,1678.92,Refunded,2025-10-29
PAYC7B63F91,ORD002530,Debit Card,12127.92,Success,2025-11-19
PAYE116A7A9,ORD000173,UPI,3327.3,Success,2025-06-04
PAY78F6A27C,ORD003728,Net Banking,1678.92,Refunded,2026-04-08
PAY0E9F4893,ORD001778,Wallet,526.16,Success,2025-04-27
PAY849268DE,ORD004288,UPI,14497.5,Success,2025-02-18
PAYC8AFE18D,ORD004737,Credit Card,4259.55,Success,2026-06-26
PAYC5F82082,ORD002293,UPI,203426.45,Refunded,2025-06-19
PAY96ABB785,ORD000399,Debit Card,211.8,Refunded,2025-01-23
PAYAD6A6325,ORD002198,COD,13732.01,Success,2025-09-15
PAYB4AB32B7,ORD003858,Debit Card,21016.4,Success,2025-04-13
PAYAA2A319B,ORD000647,Net Banking,1026.38,Success,2026-03-29
PAYABAB668F,ORD001488,Debit Card,13732.01,Failed,2025-07-11
PAY17F5262A,ORD002098,UPI,4410.8,Success,2026-07-16
PAY34F1A511,ORD005837,UPI,513.19,Success,2025-07-25
PAY66CFC99D,ORD004191,COD,71693.0,Refunded,2025-03-09
PAY32800038,ORD003370,Credit Card,7402.46,Success,2025-12-29
PAY4CA1092B,ORD002103,Wallet,4912.92,Failed,2026-05-31
PAY76B54CEA,ORD002917,UPI,7252.05,Failed,2025-01-13
PAY95613A2B,ORD004804,UPI,1400.65,Success,2026-05-30
PAY246040F6,ORD002645,Wallet,27464.02,Success,2026-01-16
PAYBCA83C18,ORD003072,COD,1730.89,Success,2026-07-07
PAYB866C2D6,ORD005104,Wallet,128603.0,Success,2026-07-16
PAY52CD5572,ORD001266,Debit Card,5254.17,Success,2025-12-08
PAY5D957427,ORD000473,Credit Card,45635.65,Refunded,2025-01-30
PAY5A13D190,ORD004911,UPI,4870.75,Failed,2025-10-03
PAYDFAB9753,ORD005904,Wallet,2238.56,Refunded,2025-07-21
PAY42D61D30,ORD001732,Wallet,34269.75,Refunded,2025-07-02
PAYD99B247D,ORD001251,Net Banking,1450.41,Failed,2026-03-28
PAYB492347C,ORD005992,COD,34352.72,Refunded,2025-05-03
PAY99BCE69F,ORD005722,COD,156.01,Refunded,2026-03-20
PAYBF2EA687,ORD003749,Net Banking,2750.42,Success,2025-08-18
PAYD07E217B,ORD005717,Wallet,3597.16,Success,2025-07-01
PAY829E85C2,ORD004206,Net Banking,953.73,Success,2025-09-24
PAY1F37EE31,ORD005463,Net Banking,35216.22,Success,2025-03-07
PAY2814372F,ORD004400,UPI,26286.3,Refunded,2025-07-30
PAYC0ED4215,ORD003642,Debit Card,14103.18,Success,2026-02-20
PAYE01F6162,ORD002447,COD,8654.45,Success,2026-01-24
PAYB7E1D4FA,ORD005584,Wallet,42020.24,Refunded,2025-02-13
PAY92615820,ORD003993,Net Banking,118978.44,Success,2025-08-27
PAYDF85AFF1,ORD004579,Credit Card,9361.22,Refunded,2025-05-20
PAY32E493EC,ORD005030,COD,8563.39,Success,2026-04-19
PAY59D55FD4,ORD005262,Credit Card,10014.3,Success,2025-03-02
PAY74597464,ORD004491,UPI,1952.9,Success,2025-03-01
PAY21CDDBF5,ORD002935,Credit Card,71693.0,Success,2026-06-23
PAYD11A83DC,ORD000170,Wallet,11666.44,Refunded,2025-12-06
PAYD74FBD55,ORD001052,Debit Card,11666.44,Success,2025-11-17
PAYCCC62730,ORD005657,Debit Card,418.7,Refunded,2025-02-11
PAY44C97F18,ORD005551,Credit Card,18804.24,Success,2025-03-29
PAYA96C4953,ORD002566,Net Banking,10559.97,Success,2025-12-07
PAY6D42D75C,ORD003011,Debit Card,5092.9,Success,2026-01-29
PAYB8B67D04,ORD000223,Wallet,9466.84,Success,2026-02-27
PAYE010B1F9,ORD005067,Debit Card,12732.25,Success,2026-05-04
PAY230AA2D5,ORD004381,Net Banking,16813.12,Success,2026-02-21
PAY054A1FB7,ORD001598,UPI,302.64,Failed,2025-09-06
PAYC3565CF7,ORD002271,UPI,907.92,Failed,2025-03-31
PAY22EBB3A6,ORD002657,Wallet,56173.09,Refunded,2026-05-04
PAY8B7AF80C,ORD002778,Debit Card,302.64,Success,2025-03-18
PAY357F4AA3,ORD005455,Debit Card,29609.84,Refunded,2026-06-01
PAY80CD0ADC,ORD000630,Debit Card,9889.16,Refunded,2025-10-07
PAYAF308F78,ORD000530,Debit Card,8543.1,Success,2026-05-12
PAY93B13BFC,ORD000765,Credit Card,13017.15,Success,2025-09-17
PAYEC206DC4,ORD000603,Net Banking,85881.8,Failed,2025-05-06
PAY0A6C8355,ORD005283,COD,1657.32,Success,2026-03-16
PAYB04FC0CA,ORD001181,Wallet,96529.65,Success,2026-06-18
PAY81D40C73,ORD003669,Credit Card,11695.17,Success,2025-10-25
PAY7B0764E9,ORD000086,COD,1256.1,Refunded,2026-02-21
PAY36C3F16F,ORD004722,Debit Card,21016.4,Success,2025-05-07
PAY68FA095A,ORD003424,Credit Card,1719.28,Failed,2025-03-07
PAY3CABB29F,ORD005688,Net Banking,4832.5,Success,2025-04-26
PAY7BBB84FF,ORD001197,COD,7118.6,Refunded,2026-03-17
PAY83729005,ORD004069,COD,14103.18,Success,2026-06-17
PAY87A971AD,ORD000345,COD,56173.09,Success,2025-05-09
PAYA7F5245D,ORD004543,Net Banking,10867.52,Success,2025-08-12
PAY8DE5034B,ORD000864,Debit Card,9905.2,Refunded,2025-02-18
PAYE5518FE4,ORD005197,Debit Card,118978.44,Success,2025-10-28
PAYCCE4E551,ORD004026,Net Banking,15302.8,Success,2025-12-15
PAY0290316D,ORD000033,COD,2385.58,Refunded,2025-05-23
PAY6127C88B,ORD003380,Debit Card,57180.4,Success,2025-07-06
PAY2E2B595D,ORD004135,Wallet,128603.0,Success,2025-02-11
PAY12385EE6,ORD000731,COD,629.1,Success,2025-08-30
PAY3166C926,ORD004337,COD,29347.64,Success,2025-10-22
PAY939F5FA3,ORD001909,Debit Card,59515.75,Failed,2025-07-11
PAYA08984E3,ORD001564,Credit Card,30319.8,Success,2026-01-07
PAY08198817,ORD003572,Credit Card,2703.09,Refunded,2025-12-17
PAY3FBAB180,ORD005782,Debit Card,526.16,Failed,2025-02-02
PAYD6137EB3,ORD005963,Net Banking,282.4,Refunded,2026-06-29
PAYFF451B2E,ORD000613,UPI,4577.05,Failed,2025-10-20
PAYB954F052,ORD003346,Wallet,15594.58,Success,2026-07-09
PAYEFD020FB,ORD001753,COD,7003.25,Failed,2025-01-18
PAY4D9C679E,ORD002053,Debit Card,14079.96,Failed,2025-10-28
PAYF5D03AB2,ORD001706,Credit Card,2204.46,Refunded,2025-03-07
PAY00B9D0AF,ORD004730,Net Banking,6789.18,Success,2025-05-14
PAY74BB6B97,ORD001428,UPI,171997.9,Refunded,2026-06-03
PAY3BAC48BD,ORD002279,Net Banking,2563.41,Refunded,2025-11-21
PAY6A61D6F2,ORD000019,Debit Card,5500.84,Refunded,2026-06-25
PAY08B60723,ORD005881,Credit Card,158637.92,Failed,2026-03-09
PAYBDB3813C,ORD004305,Debit Card,5849.24,Success,2025-11-17
PAY9DDA376B,ORD001412,Net Banking,3444.88,Success,2025-03-04
PAYAA6D25F5,ORD000043,Wallet,2353.56,Success,2026-03-28
PAY6580935E,ORD000269,COD,4298.98,Success,2025-01-20
PAY232A828C,ORD001727,Net Banking,1926.6,Refunded,2026-05-11
PAY63882506,ORD004319,UPI,14544.35,Success,2026-02-04
PAY8659E63F,ORD003384,UPI,18933.68,Success,2025-05-28
PAY25F4CDFE,ORD005590,Credit Card,418.7,Refunded,2025-11-29
PAYFF99C537,ORD002143,Net Banking,7639.35,Success,2026-06-26
PAY99CFE728,ORD003549,Credit Card,859.64,Success,2025-12-22
PAYB1EBDFC5,ORD003436,Debit Card,3642.08,Success,2026-03-08
PAYEBD133CF,ORD002542,UPI,8563.39,Success,2026-01-06
PAYC7927C6A,ORD001698,COD,1259.96,Refunded,2026-07-03
PAYC6410CB5,ORD002858,Debit Card,23819.8,Failed,2026-06-26
PAY9DB8BD86,ORD001561,UPI,17643.2,Success,2026-05-19
PAY4424FAB4,ORD003151,Wallet,4495.32,Failed,2025-10-13
PAY18673B14,ORD004364,Wallet,3578.37,Success,2025-10-25
PAY4C9A39AC,ORD005991,COD,13584.4,Refunded,2025-01-21
PAYCF75435D,ORD001333,Wallet,18191.88,Refunded,2025-07-18
PAYE6084390,ORD004764,Debit Card,6063.96,Failed,2026-03-16
PAYEA497E2E,ORD002506,Wallet,207.44,Failed,2025-04-22
PAY64B75654,ORD002770,Debit Card,4577.05,Refunded,2025-12-11
PAYEE61DD40,ORD005213,UPI,2608.62,Failed,2025-07-24
PAYDE7B29AB,ORD000061,Debit Card,68705.44,Success,2026-03-10
PAYA1AF84B3,ORD005199,COD,24658.85,Refunded,2025-03-03
PAY83B049A9,ORD005393,Net Banking,52525.3,Success,2025-09-20
PAYDFCC8349,ORD000360,COD,37911.88,Success,2025-05-20
PAY26276EDE,ORD000853,Debit Card,51.86,Failed,2025-05-08
PAYCB0D49B8,ORD001601,COD,4912.92,Success,2025-12-17
PAYE0C04C96,ORD001626,Wallet,64274.04,Success,2026-06-05
PAY338715CA,ORD000554,Debit Card,2908.87,Success,2026-07-03
PAY5851B9F7,ORD003737,Credit Card,2990.7,Success,2026-04-17
PAY087B7A45,ORD005395,Net Banking,7005.56,Success,2026-01-13
PAY4A181986,ORD001255,Credit Card,58718.7,Success,2025-09-30
PAY0DCD381F,ORD002092,Debit Card,2563.41,Success,2025-10-06
PAY863C5D47,ORD000717,Wallet,33538.04,Refunded,2026-02-27
PAY9BB65EDC,ORD001577,Net Banking,5463.12,Success,2025-04-04
PAY9EE080D6,ORD000337,Net Banking,1539.57,Success,2026-07-28
PAY65F265D8,ORD004413,Net Banking,22207.38,Success,2026-04-08
PAY5518DC04,ORD005373,Net Banking,9906.2,Refunded,2025-07-01
PAY7CA15998,ORD002568,Wallet,118978.44,Success,2025-08-31
PAY5ECCAE42,ORD001237,Wallet,901.03,Refunded,2025-11-08
PAYB90DB73C,ORD005834,Debit Card,3686.04,Success,2026-07-29
PAY17DC7E81,ORD004929,Credit Card,58981.5,Success,2026-04-03
PAY3330EE87,ORD004802,COD,1798.58,Success,2025-11-08
PAY9C52E3C2,ORD001079,Wallet,10225.7,Refunded,2025-05-04
PAYBCAB81BA,ORD000926,Wallet,1264.5,Success,2025-01-08
PAYCA585829,ORD002846,Credit Card,14103.18,Refunded,2025-08-18
PAY046DBB82,ORD004654,UPI,751.76,Failed,2025-03-26
PAY47B5862C,ORD003743,Wallet,6998.8,Success,2025-02-16
PAYC9573240,ORD003437,Credit Card,560.65,Success,2026-05-01
PAY9F6839B4,ORD001373,Debit Card,1026.38,Failed,2026-04-12
PAYB62FCAC0,ORD005817,Debit Card,42020.24,Refunded,2025-05-10
PAY11D864A7,ORD001009,Credit Card,1952.9,Refunded,2025-11-24
PAY4906B5B1,ORD005344,UPI,21494.9,Success,2025-03-01
PAY73560658,ORD004398,Credit Card,317.91,Refunded,2025-03-31
PAYD2D0EA37,ORD001956,Net Banking,175136.94,Success,2025-09-24
PAYFA80B66A,ORD003511,COD,59834.55,Success,2026-03-21
PAY6B3F4904,ORD002688,Net Banking,4306.1,Success,2026-06-30
PAY70834D0E,ORD002306,Debit Card,3664.82,Success,2025-12-07
PAY942F9F90,ORD001310,COD,1042.65,Success,2025-02-16
PAY86CDD4B3,ORD002563,Wallet,1423.72,Refunded,2025-06-25
PAYB8291571,ORD002920,Credit Card,7418.0,Refunded,2026-04-29
PAYAA92A59C,ORD003543,Credit Card,9889.16,Success,2026-02-22
PAYA53F4060,ORD004003,COD,5849.24,Failed,2025-10-03
PAY6163AD49,ORD000940,Credit Card,2839.7,Success,2025-08-10
PAY9F66BA8E,ORD004097,UPI,37012.3,Success,2025-01-21
PAY2E8EB676,ORD003757,COD,656.32,Success,2026-05-01
PAY88A9EB24,ORD005976,Credit Card,1896.9,Success,2026-03-28
PAYE115BC13,ORD003343,Debit Card,24658.85,Success,2026-01-14
PAY0389A1C0,ORD005958,Net Banking,1562.32,Success,2025-06-04
PAYF5A76F9E,ORD000261,UPI,13232.4,Success,2025-03-10
PAY4A125632,ORD001136,Wallet,543.32,Success,2025-05-31
PAYFECDD117,ORD005665,Debit Card,8756.95,Success,2025-11-04
PAY0247507D,ORD002356,Net Banking,5963.95,Success,2025-09-17
PAY0C1BB992,ORD005768,UPI,10185.8,Failed,2026-03-05
PAYE14B0E7C,ORD003803,Debit Card,1503.52,Success,2026-02-09
PAYBDFDCBA7,ORD001141,UPI,2153.8,Success,2025-09-22
PAY414D4A8A,ORD005826,Credit Card,6003.96,Success,2026-07-22
PAY93F8230C,ORD005968,UPI,4005.72,Success,2025-08-12
PAYA6BD915E,ORD000487,COD,3161.25,Success,2025-11-23
PAY163DC764,ORD005891,COD,22010.73,Refunded,2026-03-19
PAY44DDBDD1,ORD004509,UPI,85881.8,Success,2026-04-11
PAY46780A39,ORD004476,Debit Card,459.17,Refunded,2025-12-02
PAYEACDC53E,ORD003950,Net Banking,953.73,Success,2025-03-01
PAY6B0D57BC,ORD003680,Wallet,9665.0,Failed,2025-09-25
PAY51181198,ORD005561,Debit Card,1896.9,Success,2025-11-19
PAYF9AD31A5,ORD005664,Net Banking,3686.04,Success,2025-03-11
PAYD128F342,ORD002028,Wallet,103198.74,Success,2025-01-19
PAY483DED87,ORD001233,Credit Card,5192.67,Refunded,2026-05-21
PAY1D25B197,ORD004112,UPI,5764.99,Failed,2025-08-14
PAY524AC074,ORD000397,COD,14795.31,Refunded,2026-04-09
PAY9F29EA6A,ORD001913,COD,22010.73,Refunded,2026-06-28
PAY0EDD1094,ORD000774,Debit Card,17126.78,Success,2026-03-23
PAY9B9F5CFF,ORD003176,Wallet,5442.36,Success,2025-11-12
PAY469C36E2,ORD000486,UPI,4686.49,Refunded,2025-11-16
PAY65B88FDB,ORD002865,COD,118978.44,Refunded,2025-11-20
PAY0AD69BAB,ORD001163,COD,10185.8,Success,2026-01-11
PAY696A649C,ORD001400,Net Banking,9108.96,Failed,2025-07-14
PAY09D9ABBB,ORD000197,Wallet,19283.04,Failed,2025-04-29
PAY13816315,ORD005824,UPI,1719.28,Success,2025-10-12
PAYACDE0DED,ORD002237,Net Banking,1121.3,Success,2025-05-10
PAYFA29B736,ORD002678,Wallet,770.64,Success,2025-02-20
PAY8CA3C2EA,ORD001841,Wallet,9127.13,Success,2026-06-08
PAY41B3AFF1,ORD005166,Wallet,1802.06,Refunded,2025-05-05
PAY1B257BFC,ORD003597,Credit Card,4953.1,Failed,2025-05-09
PAY3B98BC85,ORD001278,Net Banking,2002.86,Refunded,2025-09-15
PAY7E3128B9,ORD000447,UPI,37522.65,Refunded,2026-04-18
PAYA4EE97F1,ORD002605,Credit Card,3128.0,Success,2026-05-30
PAY9EA811FA,ORD002758,UPI,3519.99,Success,2026-02-03
PAY9ED06EBB,ORD004362,Wallet,0.0,Success,2026-06-08
PAY31217AA3,ORD004179,Credit Card,1176.78,Success,2026-03-16
PAY50436D2A,ORD001114,Wallet,9905.2,Success,2025-09-12
PAY814FEF5A,ORD000547,UPI,974.15,Refunded,2026-05-19
PAYC7D57E1E,ORD004293,Net Banking,4125.63,Success,2026-06-22
PAY59CE557E,ORD000971,Credit Card,71475.5,Refunded,2025-06-16
PAY85C91468,ORD000831,Debit Card,19810.4,Refunded,2025-01-24
PAYB89611DE,ORD002747,Credit Card,4171.69,Success,2025-05-26
PAY2FEC7F06,ORD001307,Net Banking,54928.04,Refunded,2025-05-24
PAY01D2B062,ORD003329,Net Banking,3327.3,Refunded,2025-10-17
PAY53838572,ORD005636,COD,5418.0,Success,2026-07-03
PAY35F199AE,ORD005451,COD,1026.38,Refunded,2025-03-21
PAYD64D8F44,ORD002438,Debit Card,64274.04,Refunded,2025-08-22
PAY4373D8EE,ORD002596,Credit Card,17126.78,Refunded,2025-11-15
PAYC1DB3B67,ORD005542,Debit Card,172038.5,Success,2025-03-26
PAY3F200149,ORD000164,Wallet,25564.25,Refunded,2025-09-04
PAYFF651922,ORD004363,UPI,3758.8,Success,2026-06-22
PAY7A1563B9,ORD001339,UPI,5849.24,Success,2025-11-06
PAY9B2E637B,ORD005374,Wallet,1589.55,Refunded,2025-04-01
PAY80CF3029,ORD002120,Credit Card,1119.28,Failed,2025-04-02
PAY18ACEFB7,ORD000187,Wallet,39659.48,Refunded,2026-03-03
PAY9AA41F74,ORD002998,Credit Card,11738.74,Refunded,2025-11-15
PAYA486A424,ORD000156,Credit Card,141.2,Failed,2025-08-19
PAYB07CDFE2,ORD002831,UPI,3371.49,Success,2026-04-04
PAY73DD97D3,ORD001632,UPI,656.32,Success,2026-03-06
PAYFC14A332,ORD002412,COD,39659.48,Success,2025-05-08
PAYBB08CFCD,ORD004387,Credit Card,25015.1,Success,2025-12-25
PAY8166997E,ORD003892,Credit Card,16813.12,Success,2026-05-19
PAYD2FE1A25,ORD000250,UPI,11903.15,Success,2025-02-25
PAYF84BF463,ORD005476,Credit Card,5112.85,Success,2025-12-28
PAY87EF44CB,ORD004594,Wallet,1624.72,Success,2025-10-06
PAYF67C145E,ORD003376,UPI,915.84,Refunded,2025-04-19
PAY8D407C36,ORD001515,UPI,158637.92,Success,2025-10-16
PAY8E9AA1FA,ORD001683,Net Banking,4351.23,Failed,2026-07-06
PAY2CF94EB4,ORD004978,COD,55563.32,Refunded,2025-11-10
PAYF8B2FC81,ORD000058,UPI,38986.45,Success,2026-03-07
PAY7EACD688,ORD000011,COD,3466.92,Refunded,2025-11-16
PAY72511238,ORD000040,UPI,1419.85,Success,2026-07-02
PAY49B92013,ORD002024,UPI,96452.25,Success,2025-01-03
PAYAFEAA76A,ORD003909,Credit Card,1739.08,Success,2025-04-18
PAYAFF514FE,ORD004731,COD,16755.29,Success,2026-07-21
PAY0C55D7B3,ORD000169,COD,21357.75,Failed,2025-07-07
PAYB158DFAB,ORD002163,UPI,5883.9,Success,2025-10-21
PAY36BAFA5B,ORD003574,Net Banking,171997.9,Success,2025-01-30
PAYBB5E1D71,ORD004433,UPI,8005.28,Success,2025-11-29
PAY2D432584,ORD001781,Net Banking,27381.39,Success,2025-12-14
PAYD9303A06,ORD001169,Credit Card,35216.22,Success,2025-03-08
PAY9B4EE50D,ORD001859,COD,6853.95,Success,2025-11-14
PAY70310CF5,ORD004447,Wallet,915.41,Success,2026-01-27
PAY84E7CDC2,ORD004345,COD,984.48,Success,2025-09-22
PAY89498ED6,ORD003178,Wallet,7039.98,Success,2025-03-31
PAY1A8860F7,ORD000909,Credit Card,28083.66,Success,2025-10-09
PAY26A7209E,ORD005912,Credit Card,164173.4,Failed,2026-02-08
PAYDE14A3E6,ORD003162,Wallet,233515.92,Success,2026-06-06
PAYE7B68892,ORD004814,Net Banking,24763.0,Success,2025-05-12
PAY789A1431,ORD005767,Debit Card,2238.56,Success,2025-12-03
PAYB0E3FA0D,ORD002307,Wallet,19128.5,Refunded,2025-04-30
PAYC3132D86,ORD000873,Credit Card,21016.4,Success,2026-02-25
PAYBC8DF21D,ORD005391,Wallet,96529.65,Failed,2026-02-26
PAY2B65601E,ORD005210,UPI,57354.4,Refunded,2025-04-15
PAYB41BE40A,ORD005932,UPI,2922.45,Failed,2026-02-08
PAY1870D1C7,ORD004706,Credit Card,513.19,Failed,2025-01-31
PAYEEC48CC7,ORD001448,Debit Card,14114.49,Success,2025-01-15
PAY761C6BEB,ORD000891,UPI,2703.09,Success,2025-08-04
PAY1D961B17,ORD002992,Net Banking,6998.8,Success,2026-07-18
PAYCED09189,ORD000051,Net Banking,1910.12,Success,2025-06-05
PAY614CA4B9,ORD001529,Credit Card,7639.35,Success,2025-10-01
PAYAE43DE00,ORD004160,Net Banking,2967.2,Refunded,2026-06-24
PAY466D1F6A,ORD002525,UPI,1896.9,Refunded,2025-07-07
PAY08DAA535,ORD004260,Net Banking,18745.96,Success,2025-04-10
PAYB65C8401,ORD004827,Wallet,4495.32,Refunded,2026-06-09
PAY70F0E9F9,ORD003942,Debit Card,37444.88,Success,2026-05-28
PAY9289E704,ORD005979,Wallet,4125.63,Refunded,2026-02-04
PAY803139C6,ORD005137,Wallet,8011.44,Success,2026-05-06
PAY88228329,ORD003904,Debit Card,1450.41,Success,2025-08-02
PAYF26CD9E5,ORD003895,Debit Card,5801.64,Refunded,2026-02-23
PAY0F69E835,ORD002806,COD,6063.96,Success,2025-02-18
PAYF4288903,ORD000522,Net Banking,21494.9,Success,2025-11-16
PAY997A2A7A,ORD000941,Credit Card,3036.32,Success,2026-02-04
PAY1A07473F,ORD003244,UPI,5192.67,Success,2025-04-02
PAY6CE29AF4,ORD002491,Net Banking,4820.76,Success,2026-04-17
PAYEB5F03E7,ORD003936,Net Banking,32150.75,Success,2026-06-24
PAY0A058DD7,ORD000643,UPI,4002.64,Failed,2026-06-15
PAY9C4FFAC5,ORD004988,UPI,1589.55,Success,2026-01-30
PAY1C6203F6,ORD001642,COD,37522.65,Success,2026-04-19
PAYBD136792,ORD000204,UPI,4952.6,Success,2025-09-25
PAYB1A9CDE2,ORD004565,Wallet,122055.87,Success,2025-11-28
PAYAF9FE6E4,ORD002367,COD,974.15,Failed,2026-03-01
PAY7A8EABCD,ORD004903,UPI,5213.25,Refunded,2026-04-27
PAY099BBD27,ORD005809,UPI,3676.92,Refunded,2025-12-27
PAY925DE643,ORD000082,Wallet,828.66,Success,2025-04-08
PAYE610A33C,ORD004270,Debit Card,30319.8,Failed,2025-02-14
PAY7CCCE65B,ORD004995,COD,37444.88,Success,2025-04-13
PAY609E43EF,ORD005408,Credit Card,1629.96,Success,2025-01-17
PAY77727D68,ORD002105,Net Banking,4832.5,Success,2025-10-09
PAY223B9AD5,ORD001283,Debit Card,18933.68,Refunded,2026-07-22
PAY9CE29202,ORD000407,Wallet,3128.0,Success,2026-06-01
PAY94EE2615,ORD003665,Wallet,3461.78,Refunded,2026-05-11
PAY4F0E0371,ORD003018,Net Banking,3240.85,Success,2025-12-27
PAYF6B77184,ORD005631,COD,3896.6,Refunded,2025-12-21
PAYA51FF7F8,ORD004468,Debit Card,9402.12,Refunded,2026-04-23
PAY246F5AF1,ORD001443,Net Banking,1896.9,Failed,2026-01-16
PAY5A8B2BBD,ORD001586,Wallet,3007.04,Refunded,2025-06-17
PAY0EE77F75,ORD004502,COD,4577.05,Success,2026-06-14
PAYD7888436,ORD005528,Wallet,4259.55,Success,2026-04-25
PAY28D09E2A,ORD000588,UPI,4306.1,Success,2026-04-30
PAY3B62712C,ORD003954,COD,4832.5,Failed,2026-07-15
PAY25CA2455,ORD001672,Credit Card,10867.52,Refunded,2025-08-15
PAY0CD91962,ORD003017,COD,915.41,Success,2026-02-05
PAYF55A41EA,ORD004254,UPI,6923.56,Refunded,2025-04-21
PAY8039AF9D,ORD005882,UPI,19727.08,Success,2026-05-09
PAY1FD54496,ORD000394,UPI,2716.6,Failed,2026-03-30
PAYFCB22AE4,ORD002219,Debit Card,6876.05,Success,2025-02-20
PAY6B327840,ORD003534,Debit Card,137630.8,Refunded,2026-04-08
PAY3E312C68,ORD000039,Wallet,24255.84,Refunded,2026-05-15
PAYCEE2274C,ORD004581,COD,22207.38,Success,2026-05-30
PAY3D0F0924,ORD000104,COD,4526.12,Refunded,2026-02-02
PAY2D163D4F,ORD001738,COD,57354.4,Success,2026-02-28
PAYE937A6BC,ORD005385,Wallet,1091.42,Refunded,2025-10-24
PAY8390BE32,ORD000213,Debit Card,1211.97,Success,2025-08-17
PAY185B0584,ORD004401,Net Banking,15181.6,Success,2026-01-20
PAY2A68F93C,ORD002013,Wallet,8749.83,Refunded,2026-02-15
PAY900049A3,ORD004859,Net Banking,6008.58,Refunded,2025-10-17
PAY4428D0F3,ORD001641,UPI,16813.12,Success,2025-10-17
PAY131DB452,ORD003285,Net Banking,6373.71,Failed,2025-08-19
PAYBF715D29,ORD005007,Net Banking,5981.4,Success,2025-04-22
PAY4CCE3751,ORD001716,Credit Card,131431.5,Failed,2025-08-12
PAY80B89C32,ORD005952,Debit Card,162741.16,Success,2025-07-19
PAY533FA259,ORD001658,Debit Card,19812.4,Success,2026-04-25
PAYCFB60C18,ORD003520,Credit Card,8150.64,Success,2025-01-17
PAY58B34256,ORD005787,Credit Card,34253.56,Failed,2025-12-02
PAY9FB22A30,ORD003288,Net Banking,19055.84,Failed,2026-02-20
PAY0393D8F5,ORD004232,Net Banking,203426.45,Success,2025-02-13
PAY73BEA410,ORD000784,COD,837.4,Refunded,2025-10-28
PAYFEFB6814,ORD000232,Net Banking,2124.57,Refunded,2026-01-26
PAY36130E49,ORD000149,Net Banking,58981.5,Success,2026-01-18
PAYA51F7728,ORD001019,Net Banking,1423.72,Success,2025-04-09
PAY2307DB91,ORD005987,Net Banking,3635.91,Success,2025-02-03
PAY57B4CD7D,ORD004889,Net Banking,6789.18,Refunded,2025-03-31
PAY2554F426,ORD002159,Wallet,907.92,Success,2026-03-01
PAY6123AA0A,ORD000388,Credit Card,8384.51,Failed,2026-04-25
PAYD64EF378,ORD004894,Credit Card,23487.48,Failed,2025-08-12
PAY3F19F88A,ORD005165,Debit Card,4952.6,Failed,2025-10-29
PAYF6B9AFB2,ORD005115,Debit Card,985.06,Success,2025-11-17
PAYB493E4D3,ORD002476,UPI,23819.8,Success,2026-01-24
PAYF497BFE5,ORD002464,UPI,6072.64,Success,2025-09-01
PAYDB333A7F,ORD000272,Wallet,13017.15,Refunded,2026-06-07
PAYEF7FE060,ORD004233,COD,328.16,Refunded,2025-02-21
PAY5A283125,ORD001137,Credit Card,36508.52,Success,2025-06-03
PAY87C9E0B9,ORD005158,Net Banking,2546.45,Success,2026-05-28
PAYD204E125,ORD000141,Net Banking,4953.1,Failed,2026-03-01
PAYE9035C0E,ORD001351,COD,2592.68,Success,2025-09-01
PAY9683762C,ORD000700,Net Banking,2746.23,Success,2025-08-30
PAY7E9D8725,ORD000758,UPI,222253.28,Refunded,2026-05-03
PAY31121C87,ORD003919,Credit Card,2981.28,Failed,2025-01-26
PAYEBBD1CA7,ORD005083,Wallet,302.64,Success,2025-03-11
PAY6C0C069A,ORD004871,Wallet,105145.2,Refunded,2025-01-05
PAY72CBA748,ORD003188,Wallet,11962.8,Success,2025-11-02
PAYCC5AE76A,ORD003629,Wallet,46954.96,Success,2025-01-13
PAYF9B69E3F,ORD001458,Wallet,4622.56,Failed,2026-07-28
PAYBEDFC52D,ORD002931,Net Banking,7099.25,Refunded,2026-07-08
PAY4584A51B,ORD004140,Credit Card,7796.78,Success,2025-02-23
PAY63E59FC8,ORD005282,UPI,52525.3,Refunded,2025-03-19
PAY1DA5FCF5,ORD003509,Net Banking,3444.88,Success,2026-03-06
PAYAAA2AE54,ORD005118,Net Banking,9361.22,Success,2025-05-09
PAY892E0237,ORD001080,UPI,1264.5,Success,2025-05-30
PAY56F9639F,ORD001854,UPI,7244.0,Success,2025-09-20
PAY962DC41B,ORD001536,Net Banking,16755.29,Success,2025-08-01
PAY0EB91314,ORD002151,Debit Card,419.4,Success,2025-07-29
PAYDC47E8A8,ORD002147,Wallet,168519.27,Success,2025-07-16
PAYC215EC8C,ORD002012,Wallet,27464.02,Success,2026-04-30
PAY399E9E07,ORD005499,UPI,74292.28,Success,2026-01-19
PAYA40DC18C,ORD000894,UPI,96452.25,Success,2026-03-16
PAYA2176964,ORD003215,COD,2153.8,Success,2026-02-22
PAY62F87205,ORD002790,Credit Card,57354.4,Success,2025-11-02
PAYCB6C8C45,ORD003019,COD,751.76,Refunded,2026-02-03
PAYEC7539C3,ORD003493,COD,5418.0,Refunded,2026-07-14
PAY924CD47A,ORD005267,UPI,277816.6,Failed,2025-01-31
PAY6330D5CC,ORD001232,UPI,37522.65,Refunded,2025-11-21
PAY4ADEB48E,ORD003483,UPI,1629.96,Success,2025-09-10
PAYB09C8F8B,ORD004849,Wallet,8543.1,Success,2025-03-17
PAY918016F1,ORD004771,Net Banking,1513.2,Success,2026-02-19
PAY14642180,ORD003016,UPI,65669.36,Refunded,2025-05-19
PAYDFD39474,ORD003373,COD,2565.95,Refunded,2026-01-10
PAY151F873E,ORD001303,UPI,17294.97,Success,2025-02-04
PAY4E241922,ORD003073,Wallet,4271.55,Success,2025-06-10
PAYCF9B6EBB,ORD003409,Wallet,385.32,Success,2025-07-23
PAY24A19D8F,ORD001108,Wallet,1896.9,Refunded,2026-02-09
PAY7F970135,ORD001062,Net Banking,305.28,Success,2026-04-20
PAY2239BBE3,ORD000229,Net Banking,116757.96,Refunded,2025-10-21
PAYED2B7EC3,ORD005021,Debit Card,993.76,Success,2026-03-29
PAYFA72C00B,ORD001714,Wallet,2001.32,Success,2025-12-01
PAYBB9E049B,ORD004407,Debit Card,24030.5,Success,2026-06-09
PAY7812C869,ORD004739,Wallet,5418.0,Success,2026-04-08
PAYDC856116,ORD005889,Credit Card,28083.66,Success,2026-04-02
PAY9A2D8E37,ORD003495,UPI,869.54,Failed,2026-05-25
PAYE56344F5,ORD000317,Credit Card,2924.62,Success,2025-11-20
PAY6EE95A48,ORD003845,Net Banking,16686.76,Refunded,2025-08-27
PAY564A110F,ORD002192,Net Banking,1026.38,Success,2026-06-17
PAYD0A57C25,ORD000738,Net Banking,2546.45,Refunded,2025-11-21
PAY856B9AFE,ORD003990,COD,6853.95,Success,2025-08-01
PAYE240FCFD,ORD003792,Wallet,45251.62,Refunded,2026-01-06
PAY00BED6A2,ORD005648,Debit Card,25153.53,Refunded,2025-07-18
PAY7033A801,ORD003867,Net Banking,42885.3,Success,2025-10-01
PAY8139F09F,ORD001994,UPI,1739.08,Failed,2025-01-23
PAY047DFF37,ORD005941,COD,7003.25,Refunded,2025-02-07
PAY7C4FB248,ORD003274,Net Banking,11738.74,Refunded,2025-12-05
PAYA612752F,ORD005972,Wallet,9855.52,Success,2025-06-17
PAY042FD775,ORD001941,COD,1896.75,Failed,2026-03-17
PAY791499DF,ORD004944,Debit Card,10622.85,Success,2025-09-12
PAYCD07E814,ORD002719,Wallet,9905.2,Refunded,2026-07-08
PAY82D0BE37,ORD002676,Net Banking,9855.52,Success,2025-07-10
PAY235F198B,ORD001124,Debit Card,6373.71,Success,2025-04-17
PAY330C46A4,ORD005131,Net Banking,3642.08,Success,2026-06-08
PAY6562480E,ORD004769,COD,1462.31,Refunded,2025-10-19
PAYB384C08A,ORD003235,Wallet,2746.23,Success,2025-08-19
PAYDA4EB7D5,ORD000301,Net Banking,2955.18,Success,2026-02-12
PAYA6432B60,ORD000483,Wallet,22010.73,Success,2025-12-02
PAY5F447306,ORD004455,UPI,3868.41,Refunded,2025-09-22
PAYA93C50C5,ORD001276,Debit Card,32834.68,Failed,2026-04-10
PAYEA4348D1,ORD004464,COD,11738.74,Refunded,2026-01-22
PAYD87348B1,ORD000077,Debit Card,3478.16,Success,2026-01-13
PAY52068DDF,ORD001848,UPI,2798.2,Refunded,2025-11-24
PAYC3AFB5D9,ORD003889,Credit Card,22010.73,Success,2026-04-04
PAY55BC10A4,ORD000286,COD,5602.6,Success,2025-01-20
PAYC2C02746,ORD002710,Credit Card,2346.0,Success,2025-07-05
PAY9DF13680,ORD000942,UPI,2472.29,Success,2026-01-22
PAY590373B8,ORD005774,Net Banking,3250.8,Success,2025-01-31
PAY973B41D6,ORD002954,Net Banking,8406.56,Success,2026-04-02
PAYA0E74592,ORD002867,COD,1574.95,Refunded,2025-01-22
PAYFA496029,ORD005026,Debit Card,2924.62,Success,2025-10-19
PAYBF3CCDBA,ORD000791,Net Banking,1526.4,Success,2025-04-17
PAY96A61089,ORD005743,Net Banking,3502.78,Refunded,2025-04-24
PAY40D79F01,ORD003657,COD,8726.61,Success,2026-07-27
PAY206D5678,ORD004991,COD,85698.72,Success,2025-09-25
PAY5D35CC54,ORD005795,Net Banking,9846.15,Success,2025-09-19
PAYB07D358E,ORD005407,Wallet,7391.64,Refunded,2025-08-04
PAY1BBE9167,ORD005495,COD,8210.6,Success,2025-09-01
PAYBC04D735,ORD000429,Credit Card,15338.55,Success,2026-02-07
PAY4B6364D4,ORD004700,Net Banking,8343.38,Refunded,2026-04-20
PAY6BD74EBC,ORD000710,UPI,2703.09,Success,2026-07-13
PAY357F1978,ORD001741,Debit Card,37911.88,Failed,2026-07-04
PAY0C7D5509,ORD003879,Credit Card,1138.14,Success,2025-01-23
PAY4634390B,ORD001806,Net Banking,915.41,Success,2025-03-05
PAY748619AC,ORD003022,Credit Card,7797.29,Failed,2025-01-05
PAYF76D5C11,ORD002706,Net Banking,5778.2,Success,2025-10-15
PAY49F5B006,ORD005770,Net Banking,2485.98,Failed,2025-06-03
PAY357DCA83,ORD004528,Credit Card,3036.32,Failed,2025-06-19
PAYFE63FC4E,ORD002824,COD,2263.06,Success,2025-09-13
PAYAAD30B8A,ORD000178,Debit Card,58718.7,Failed,2025-07-24
PAY7D790CFD,ORD002244,Credit Card,2529.0,Success,2025-03-21
PAYEE570E5C,ORD003114,Wallet,7099.25,Success,2026-06-28
PAYA0842103,ORD000383,Credit Card,3642.08,Refunded,2025-10-17
PAY45025AF3,ORD000797,Credit Card,984.48,Refunded,2025-09-09
PAYDC46B13C,ORD002634,Debit Card,4386.93,Success,2025-08-19
PAY9792AA0A,ORD002149,UPI,125162.6,Refunded,2026-05-28
PAYAEAD62BB,ORD005935,COD,15594.58,Refunded,2025-05-01
PAYD628860B,ORD003363,Debit Card,23505.3,Success,2026-05-03
PAY65861CE6,ORD003078,Net Banking,400.11,Success,2025-06-25
PAY0DF268B3,ORD004027,Debit Card,105145.2,Success,2025-09-24
PAYC1120A3B,ORD004306,Net Banking,2799.52,Success,2025-02-07
PAY9BD82BFD,ORD001156,Wallet,7639.35,Refunded,2025-10-25
PAYFB6ADE9D,ORD005875,UPI,3758.8,Success,2025-02-03
PAY60DD7EAB,ORD005916,UPI,635.82,Failed,2026-03-19
PAY50E5517D,ORD000781,COD,14103.18,Success,2026-03-04
PAY5E5B34D4,ORD001328,Credit Card,780.05,Success,2026-05-06
PAYEB19882D,ORD003147,Net Banking,10559.97,Refunded,2025-08-19
PAYCEF0C907,ORD004185,COD,10413.72,Refunded,2025-06-25
PAYEB4B434B,ORD000947,UPI,8005.28,Refunded,2025-11-20
PAY92266B15,ORD001118,COD,899.29,Failed,2025-01-22
PAY7C108476,ORD001316,Credit Card,3898.39,Success,2025-01-25
PAY3118A39B,ORD000208,Wallet,263.08,Refunded,2026-06-04
PAY6EDC744B,ORD003587,COD,18819.32,Success,2026-05-14
PAYBD9B27A0,ORD005993,Net Banking,29347.64,Success,2026-07-28
PAY36EA23BC,ORD000041,Credit Card,175136.94,Success,2025-10-18
PAYE47D6A76,ORD004864,Credit Card,29609.84,Success,2026-04-08
PAY7FE6B8BE,ORD004980,COD,3127.95,Success,2025-05-28
PAYBA34E5D9,ORD002114,COD,5599.04,Success,2025-10-30
PAY2AE8BE6F,ORD004969,COD,1423.72,Success,2026-07-28
PAY8F70900C,ORD005501,UPI,21494.9,Success,2025-08-14
PAY46CD1694,ORD001337,UPI,2608.62,Refunded,2025-05-13
PAYEADD2494,ORD005365,UPI,11529.98,Failed,2025-05-11
PAY1BD4003D,ORD000075,Credit Card,103198.74,Success,2025-12-02
PAYF4159D78,ORD000961,Debit Card,758.76,Refunded,2025-04-04
PAY7C3E1AA1,ORD004122,Debit Card,24101.19,Success,2026-05-27
PAY067F467F,ORD001239,COD,16917.06,Refunded,2025-06-01
PAYFE6C4CA0,ORD001623,Credit Card,23477.48,Refunded,2025-07-30
PAY64235198,ORD001084,COD,26286.3,Success,2025-01-01
PAY1F922AB1,ORD005138,Net Banking,10263.25,Refunded,2025-10-17
PAY194CB0FD,ORD004029,Net Banking,277816.6,Refunded,2025-01-23
PAY3471B265,ORD003432,COD,32134.92,Refunded,2025-05-07
PAYAF9760E3,ORD005032,Debit Card,353.0,Success,2026-04-27
PAYDB0239E1,ORD005593,COD,32176.55,Success,2025-12-16
PAYA69847FA,ORD005075,Debit Card,379.38,Success,2025-05-09
PAY2AB4FF43,ORD004188,Wallet,54928.04,Failed,2025-11-11
PAYBAE2B0C8,ORD001063,Wallet,1419.85,Success,2026-04-17
PAY04C7DA20,ORD000642,UPI,37522.65,Success,2026-01-07
PAY4CFE1696,ORD005579,Wallet,94779.7,Refunded,2026-04-27
PAY531AEBFC,ORD004637,Debit Card,21010.12,Success,2026-05-01
PAYEB3268FD,ORD000454,COD,0.0,Failed,2025-11-13
PAYBDA9AD76,ORD004560,Net Banking,1289.46,Success,2025-08-12
PAYA35683F8,ORD005071,Net Banking,16067.46,Success,2025-06-19
PAYE9D360F0,ORD000437,Net Banking,45635.65,Refunded,2025-08-25
PAY40B72006,ORD005497,UPI,3686.04,Success,2026-02-01
PAY58FBE178,ORD004184,COD,3940.24,Refunded,2026-04-06
PAYE66DE973,ORD004501,UPI,4733.42,Refunded,2025-12-09
PAY4F84122F,ORD004372,Wallet,4953.1,Success,2026-04-08
PAY34EE7114,ORD001049,Credit Card,27381.39,Success,2025-02-24
PAYAF35AEA8,ORD003850,Debit Card,14079.96,Refunded,2025-05-19
PAYF2CDCB9F,ORD001498,Net Banking,14953.5,Success,2026-01-19
PAYFB11B808,ORD003057,Wallet,41196.03,Refunded,2025-09-18
PAYB542D817,ORD004198,Net Banking,2001.32,Success,2025-03-09
PAY871D3360,ORD003160,Debit Card,5934.4,Failed,2026-07-30
PAY7745F797,ORD000309,Net Banking,4005.72,Refunded,2025-03-30
PAY939987ED,ORD002280,UPI,34352.72,Success,2025-11-08
PAYAEC29290,ORD001421,UPI,1655.5,Success,2026-02-12
PAY2DC08C91,ORD000581,Debit Card,9825.84,Refunded,2026-02-27
PAY3DC2E130,ORD002626,Net Banking,103.72,Success,2025-03-09
PAYEA277ABF,ORD004001,COD,3417.88,Success,2026-02-24
PAY438D7E5B,ORD001249,Debit Card,74292.28,Failed,2025-12-27
PAY8CAA273E,ORD000811,Wallet,9665.0,Success,2026-01-22
PAYEE47FA1A,ORD004473,UPI,5934.4,Refunded,2026-04-24
PAY3E1B15BA,ORD000556,Wallet,624.04,Refunded,2025-10-24
PAY93BA547E,ORD005347,Debit Card,7005.56,Failed,2025-06-25
PAY2A3B3097,ORD000707,Net Banking,5418.0,Refunded,2025-05-06
PAYB8CDEF26,ORD001382,Net Banking,68660.05,Success,2025-04-21
PAYD24C0E79,ORD003875,Wallet,2255.28,Refunded,2025-04-15
PAY2AC1AD65,ORD004675,Wallet,2585.32,Refunded,2026-03-14
PAY61CCB908,ORD000902,COD,834.6,Success,2025-06-10
PAYBF086E68,ORD000352,Wallet,4081.77,Success,2025-12-22
PAY10E5AE64,ORD000785,Wallet,2052.76,Failed,2025-06-15
PAYFF3F92EB,ORD005778,COD,68660.05,Failed,2026-05-06
PAY93902781,ORD000555,COD,50030.2,Success,2025-02-26
PAYB89DC789,ORD004441,Debit Card,5500.84,Success,2025-02-06
PAY18FDDE0D,ORD003212,Net Banking,23592.6,Failed,2025-05-19
PAY982CB3FB,ORD000513,Debit Card,955.15,Refunded,2026-01-29
PAYDEAE1371,ORD005905,Net Banking,1048.5,Failed,2026-05-21
PAY2F61ED76,ORD004896,UPI,2955.18,Success,2025-03-13
PAY61AF2CD4,ORD002051,COD,4733.42,Success,2026-06-18
PAYABA3B955,ORD000888,COD,8150.64,Success,2025-02-14
PAY0718144D,ORD005249,Credit Card,33538.04,Success,2025-10-07
PAY9484ED0B,ORD003900,Credit Card,305.28,Success,2026-02-26
PAYFD54F398,ORD003992,Net Banking,22054.0,Success,2025-05-05
PAY9F3490A9,ORD000233,Debit Card,24103.8,Refunded,2025-02-25
PAYE81429B3,ORD002531,Net Banking,918.34,Failed,2025-07-06
PAY194858FA,ORD002212,Net Banking,7796.78,Failed,2025-07-27
PAY64EDD976,ORD005256,Debit Card,3664.82,Success,2025-01-27
PAY59BD0944,ORD004432,UPI,18324.1,Refunded,2025-04-06
PAYC361496B,ORD002640,Wallet,6876.05,Success,2025-09-22
PAY0A5CA420,ORD003635,Net Banking,8498.28,Success,2025-05-17
PAYC57B5937,ORD002485,Credit Card,8654.45,Success,2025-05-02
PAY309B55E9,ORD002521,COD,1007.94,Refunded,2026-01-27
PAY5E56B820,ORD001423,Debit Card,10505.06,Refunded,2025-03-20
PAYE824032C,ORD000788,UPI,2839.7,Success,2025-06-28
PAYBCA54AC7,ORD003871,UPI,23505.3,Success,2025-07-16
PAYB95882C9,ORD001188,Wallet,9105.2,Refunded,2025-06-16
PAY1A9D9728,ORD000053,Net Banking,3578.37,Success,2025-05-24
PAYC75188FB,ORD000739,COD,4271.55,Success,2025-11-17
PAYB057988D,ORD004542,Debit Card,11743.74,Success,2025-09-18
PAY9C8D2E4A,ORD004503,UPI,137598.32,Failed,2025-09-19
PAY6C0363D8,ORD005146,Wallet,14059.47,Refunded,2025-04-20
PAY39974BD9,ORD004530,Net Banking,42020.24,Success,2026-06-23
PAY5101416B,ORD001620,Debit Card,953.73,Success,2025-08-24
PAY41B4E2B6,ORD001103,UPI,18191.88,Success,2025-03-27
PAYDED67C80,ORD002071,COD,3825.7,Success,2025-04-28
PAY774463A3,ORD000291,UPI,58718.7,Success,2026-05-31
PAY366DF1EF,ORD001996,Net Banking,6157.95,Failed,2025-04-20
PAY9EBFE6EA,ORD000125,UPI,12515.07,Success,2025-10-16
PAY0710558B,ORD000572,Credit Card,32134.92,Success,2025-09-02
PAY4BBBCE27,ORD002408,COD,224692.36,Refunded,2026-01-21
PAY5A7B5EAB,ORD005152,UPI,3877.98,Success,2025-05-23
PAY08957F4E,ORD003659,Credit Card,1448.8,Success,2025-06-05
PAY27D5C381,ORD003559,Credit Card,3877.98,Refunded,2025-09-03
PAY63490DD2,ORD002818,Credit Card,103.72,Success,2025-07-05
PAYC3EB958E,ORD002409,UPI,17599.95,Refunded,2025-09-12
PAY839FFD08,ORD005852,UPI,23487.48,Failed,2025-04-19
PAYC46CA6C9,ORD004680,Net Banking,14795.31,Success,2025-06-25
PAYC76A4700,ORD005819,Debit Card,9846.15,Success,2025-01-22
PAY124AD24E,ORD000733,Debit Card,266.74,Success,2026-01-28
PAY29C4BF0A,ORD001807,Credit Card,299172.75,Success,2026-03-17
PAYA676CF11,ORD000264,Credit Card,14583.05,Refunded,2025-06-06
PAYD423342C,ORD000713,Wallet,75097.56,Refunded,2026-07-20
PAY9670C119,ORD004915,Credit Card,869.54,Refunded,2026-03-15
PAYB8F016FC,ORD001277,Wallet,5157.88,Refunded,2025-11-10
PAY7C5C4D83,ORD002776,UPI,2295.85,Success,2025-12-11
PAY6D24F57F,ORD001590,Debit Card,266.74,Failed,2025-06-11
PAY4BC02EF6,ORD003967,Net Banking,2295.85,Refunded,2025-04-16
PAY638FAFD2,ORD004168,Net Banking,8343.38,Success,2025-07-26
PAY37DA4060,ORD001350,Net Banking,10622.85,Success,2026-04-20
PAYA833E2DD,ORD002514,Credit Card,23432.45,Success,2025-03-26
PAY6B3CB325,ORD001763,Credit Card,31189.16,Success,2026-01-08
PAY5A45D5BC,ORD000370,Wallet,4199.28,Refunded,2025-02-23
PAY589FED03,ORD003481,Debit Card,1503.52,Success,2025-12-31
PAY7F8E3F36,ORD001253,Debit Card,2085.3,Success,2025-10-10
PAY621904DC,ORD003880,COD,24030.5,Success,2026-01-18
PAYC6733CD9,ORD004437,Wallet,18191.88,Success,2025-12-15
PAY2F173075,ORD001194,Credit Card,133.37,Refunded,2026-01-19
PAYE02915BD,ORD002638,Credit Card,11962.8,Success,2025-04-13
PAY79A41B24,ORD001274,Wallet,34253.56,Success,2025-06-03
PAY5D489647,ORD003155,COD,828.66,Success,2026-02-10
PAY1A3B5F10,ORD003305,Net Banking,7416.87,Success,2026-04-25
PAY6A5A00E3,ORD000836,Credit Card,1007.94,Success,2026-02-27
PAY6010D962,ORD004487,COD,666.85,Failed,2026-04-04
PAY56BFEC71,ORD003108,Debit Card,5092.9,Success,2025-04-06
PAYCD95F0B7,ORD000064,Wallet,25032.52,Refunded,2025-09-08
PAYB27E00B8,ORD004870,Credit Card,14583.05,Success,2025-04-09
PAY62007FD7,ORD003636,Net Banking,1315.4,Success,2025-02-23
PAY4679FF6E,ORD002109,Debit Card,4271.16,Success,2025-02-05
PAY37256C87,ORD003236,Net Banking,1042.65,Failed,2025-01-14
PAYC40BA5F5,ORD002410,UPI,90503.24,Refunded,2025-11-16
PAYBEF9FF48,ORD005378,COD,10225.7,Refunded,2026-03-29
PAYE0187D06,ORD000376,Net Banking,3898.39,Success,2026-01-22
PAY21B5B756,ORD005738,Debit Card,2182.84,Success,2026-03-21
PAY18B11806,ORD002760,UPI,6463.3,Refunded,2026-05-07
PAY38311EF1,ORD003783,UPI,6072.64,Success,2026-07-28
PAY3BF4EC6E,ORD005967,UPI,17126.78,Success,2026-03-17
PAY6280942F,ORD001410,Wallet,1289.46,Failed,2026-02-12
PAY941CFC54,ORD001286,UPI,5679.4,Success,2025-12-29
PAY678A1E98,ORD002577,Credit Card,2839.7,Success,2025-04-16
PAYF7B0274E,ORD005458,COD,1836.68,Success,2025-06-17
PAYCC56CBBD,ORD002571,Credit Card,915.41,Refunded,2025-02-25
PAYB5A1AC89,ORD004268,UPI,14114.49,Refunded,2025-02-09
PAY01E98603,ORD004779,Credit Card,4775.3,Success,2025-02-11
PAY8D36C342,ORD003104,UPI,14103.18,Success,2025-08-24
PAYDAF2C546,ORD005756,Debit Card,282.4,Refunded,2026-05-15
PAYE33559AC,ORD003174,Wallet,45635.65,Success,2025-06-13
PAY2A9C2CEF,ORD005503,COD,4271.16,Success,2025-11-29
PAY99DF4860,ORD001708,COD,6613.38,Refunded,2025-04-02
PAY36734A50,ORD003997,Net Banking,74292.28,Refunded,2025-12-06
PAYDD71D889,ORD005342,Debit Card,58981.5,Refunded,2026-04-14
PAY09504B78,ORD004623,Net Banking,993.3,Success,2026-01-31
PAY5E7BD22A,ORD002573,Debit Card,789.24,Failed,2026-05-14
PAY1CF9CC1E,ORD000637,UPI,993.76,Refunded,2026-01-18
PAY39E71C14,ORD000735,Net Banking,2255.28,Success,2025-02-16
PAYC777632C,ORD003337,Net Banking,27464.02,Failed,2025-09-15
PAY6A233ED4,ORD000536,Credit Card,8498.28,Success,2026-01-27
PAY659500AE,ORD005126,UPI,35231.22,Success,2025-03-16
PAY1D7C0BF4,ORD004993,UPI,907.92,Failed,2026-03-21
PAYE4F70CFB,ORD000451,Debit Card,915.41,Success,2025-04-04
PAY22687144,ORD000996,Net Banking,7796.78,Success,2026-06-17
PAY317AAED9,ORD003395,Credit Card,10225.7,Success,2026-02-13
PAYC009FBE0,ORD003062,Debit Card,65669.36,Success,2026-07-11
PAYC771ACA7,ORD001125,UPI,18191.88,Success,2025-03-20
PAY31343103,ORD005948,UPI,22010.73,Success,2025-06-26
PAY232582A1,ORD004932,Net Banking,1264.5,Success,2025-12-30
PAY16BD8DFF,ORD000485,UPI,35709.45,Failed,2026-04-24
PAY3548297E,ORD004749,Wallet,19491.95,Refunded,2025-01-12
PAYE23DA5E0,ORD004147,COD,68815.4,Refunded,2025-04-20
PAY9952E97D,ORD001394,Credit Card,12127.92,Refunded,2025-10-16
PAYE5CCAAF5,ORD005611,Net Banking,14583.05,Refunded,2025-06-28
PAY8180B0AE,ORD002592,UPI,9776.84,Success,2025-07-14
PAY3283A830,ORD001460,Wallet,122055.87,Refunded,2026-04-23
PAY5A71758D,ORD004396,Debit Card,11903.15,Failed,2025-07-12
PAY9D55D6A2,ORD004633,Net Banking,11315.3,Success,2025-11-29
PAYD530D2E4,ORD003393,Credit Card,8163.2,Success,2025-09-27
PAY43CBF086,ORD005327,COD,35709.45,Success,2025-09-11
PAY04D8C95E,ORD003438,Credit Card,2529.0,Failed,2025-05-04
PAY0BEA1079,ORD001835,Credit Card,24255.84,Refunded,2025-06-01
PAY83D01A6D,ORD003421,COD,162741.16,Success,2025-08-01
PAYF4FED885,ORD002223,Credit Card,610.56,Success,2025-07-11
PAYF04DFCB4,ORD001929,Net Banking,1708.94,Failed,2025-05-23
PAY751B2583,ORD003282,UPI,5442.36,Refunded,2025-02-14
PAYB9D32A8F,ORD001275,Net Banking,3461.78,Success,2025-11-07
PAYC8ED36A9,ORD002927,COD,918.34,Success,2025-01-18
PAY20271E3E,ORD004928,Net Banking,55719.21,Success,2026-04-05
PAYB198B12C,ORD005272,Wallet,12515.07,Success,2025-01-06
PAY7FC350DA,ORD001228,Net Banking,14857.8,Failed,2026-03-08
PAY23E401F0,ORD004668,Credit Card,4002.64,Success,2026-04-29
PAY22D80769,ORD001605,UPI,21357.75,Success,2026-06-28
PAYCD075174,ORD001206,UPI,3604.12,Refunded,2025-05-06
PAYA6C4E2B6,ORD002110,UPI,302.64,Success,2025-06-11
PAYCB1FDCCF,ORD005394,Wallet,112346.18,Success,2025-11-30
PAYA05F10EA,ORD001416,COD,4505.15,Success,2025-12-04
PAYFD25D91C,ORD002782,Debit Card,30319.8,Success,2025-06-21
PAYA60F90B5,ORD000820,Net Banking,37522.65,Refunded,2026-05-13
PAY8850D560,ORD005851,Wallet,4386.93,Refunded,2026-06-15
PAY99D24BDC,ORD004369,COD,5254.17,Success,2025-04-04
PAYF9282694,ORD003261,Credit Card,156.01,Refunded,2025-07-24
PAYEF0CE5E1,ORD003638,UPI,4298.98,Refunded,2025-12-06
PAYE1BFE8B4,ORD005207,Credit Card,2255.28,Success,2025-01-30
PAYFD1299E6,ORD001914,Credit Card,1007.94,Success,2026-05-07
PAY35B3635F,ORD000298,Net Banking,21357.75,Success,2026-03-10
PAY3C286B76,ORD004577,COD,7332.63,Refunded,2026-05-05
PAYB4B89B30,ORD005263,Net Banking,21424.68,Refunded,2025-06-10
PAYCD5DEE46,ORD000188,Net Banking,67877.43,Success,2026-05-01
PAY7C9C4CBC,ORD000194,UPI,5619.15,Failed,2025-03-18
PAY286D8A64,ORD003191,Net Banking,3686.04,Failed,2025-11-03
PAYB183BB98,ORD005298,UPI,382.06,Refunded,2026-06-12
PAY9E93CC98,ORD005397,UPI,10505.06,Refunded,2025-10-19
PAY55CA5955,ORD000160,Net Banking,18722.44,Refunded,2026-04-23
PAY04203AC7,ORD003896,COD,14200.26,Refunded,2025-07-02
PAY22B9916B,ORD002300,COD,4306.1,Refunded,2025-07-10
PAYAC2325E4,ORD000933,UPI,944.97,Success,2026-02-24
PAYE13191A0,ORD002690,Credit Card,119669.1,Success,2025-04-28
PAY6F0A2C2C,ORD003221,Net Banking,1042.65,Success,2025-01-31
PAYB2224E0E,ORD003222,COD,1674.8,Refunded,2025-05-31
PAY851A7A4F,ORD005491,Net Banking,513.19,Success,2025-11-10
PAY3FCAA6FC,ORD002018,Credit Card,1171.74,Refunded,2025-06-10
PAY9A00C5C8,ORD003276,Net Banking,6063.96,Success,2025-05-13
PAYE771D48B,ORD000777,Credit Card,1739.08,Refunded,2025-10-29
PAY9E942B1A,ORD003527,Debit Card,8597.96,Success,2025-03-26
PAY73FB2B82,ORD005471,UPI,291894.9,Success,2026-02-13
PAY51C9DD88,ORD005726,Net Banking,13232.4,Failed,2025-01-03
PAYFFFA0AF3,ORD001407,Wallet,47185.2,Success,2026-02-06
PAYC8314068,ORD000477,COD,9402.12,Success,2025-10-15
PAY127C3C68,ORD000102,Wallet,263.08,Refunded,2026-04-29
PAY6057CF96,ORD005448,Net Banking,955.15,Success,2026-02-11
PAY0767C482,ORD001869,Wallet,4061.8,Success,2026-05-07
PAYDE3B901C,ORD000755,Wallet,1624.72,Refunded,2025-06-16
PAYD2D1B574,ORD003487,UPI,64353.1,Success,2026-07-19
PAY8D37A21B,ORD005419,Credit Card,4347.7,Refunded,2026-01-04
PAY1ED3E875,ORD001300,Credit Card,24564.6,Success,2026-05-20
PAYDF94877F,ORD001088,Credit Card,1264.5,Success,2026-01-29
PAY34308CB8,ORD004114,Net Banking,68705.44,Success,2025-02-28
PAY23EB427D,ORD004073,Credit Card,3758.8,Success,2025-09-28
PAY8F696E7B,ORD005576,Wallet,127849.32,Success,2025-11-26
PAY007B691C,ORD001962,UPI,4888.42,Success,2025-01-18
PAY66BBFC05,ORD005354,Wallet,119669.1,Success,2025-10-17
PAY647F6756,ORD003770,COD,1539.57,Refunded,2026-03-29
PAYF33FC4D8,ORD002995,Credit Card,24765.5,Refunded,2025-01-24
PAY3BB8DCFD,ORD005454,Net Banking,67877.43,Success,2026-02-27
PAY2CDD40CC,ORD005110,UPI,12507.55,Failed,2025-06-05
PAY6FC35BCF,ORD002359,COD,468.03,Success,2025-03-07
PAYD7DF59AB,ORD005091,UPI,37522.65,Refunded,2025-11-28
PAYC5F28BD8,ORD002382,Net Banking,2247.66,Success,2025-07-13
PAY618CE217,ORD002541,Credit Card,6143.4,Success,2026-01-03
PAYCFFEAF4C,ORD005190,Wallet,18955.94,Refunded,2025-06-27
PAY55825A0E,ORD000899,Net Banking,1155.96,Success,2026-06-23
PAY9FFEC45E,ORD003962,Credit Card,1360.59,Refunded,2025-04-13
PAYDE38407D,ORD002714,Net Banking,128706.2,Success,2026-03-28
PAY534322D6,ORD001900,Debit Card,118978.44,Success,2025-05-01
PAYA2048ECE,ORD004812,Credit Card,27415.8,Refunded,2025-06-12
PAYD37869DA,ORD003203,Wallet,55563.32,Failed,2025-05-16
PAY2AF82C04,ORD004250,Debit Card,59515.75,Success,2025-02-19
PAY758B0EC1,ORD002240,Debit Card,1526.4,Failed,2025-03-09
PAYDB4F0057,ORD004741,COD,1192.79,Success,2025-11-03
PAY3BA6E841,ORD003917,UPI,3502.78,Success,2026-04-02
PAY15600134,ORD004937,Credit Card,1289.46,Success,2025-02-01
PAYE64DDE52,ORD002679,COD,28677.2,Refunded,2026-01-12
PAY05EBDC4B,ORD001971,Credit Card,9108.96,Refunded,2026-02-19
PAYE9FFDBAB,ORD004253,Debit Card,25032.52,Refunded,2025-07-24
PAY100F3316,ORD002899,Debit Card,7402.46,Success,2025-01-13
PAY12D6E3EF,ORD001659,UPI,12896.94,Refunded,2026-07-24
PAY4CFF11F6,ORD000763,Net Banking,18324.1,Failed,2026-03-14
PAY807AC517,ORD005443,Debit Card,1026.38,Failed,2025-02-13
PAYFAC5C09B,ORD002610,Net Banking,26286.3,Success,2025-09-03
PAY92E7C137,ORD001090,UPI,21494.9,Success,2025-12-18
PAYCE15C178,ORD003088,Credit Card,41196.03,Refunded,2025-12-03
PAY87581BC3,ORD004973,Wallet,8726.61,Failed,2025-06-02
PAY08BC58AC,ORD004124,Credit Card,861.22,Failed,2026-07-09
PAYB2F20D4B,ORD005625,Wallet,1730.89,Success,2026-04-13
PAYEEA03298,ORD002930,UPI,2093.5,Success,2025-11-04
PAY9C1BFA3A,ORD002047,COD,4596.15,Failed,2026-04-14
PAY30542EDF,ORD004678,UPI,5092.9,Refunded,2025-03-04
PAYF334C619,ORD004956,Net Banking,4707.12,Refunded,2026-07-26
PAYB56F556F,ORD001207,Net Banking,1123.83,Refunded,2026-05-22
PAY411C7B33,ORD002309,Wallet,9527.92,Failed,2026-04-25
PAY721E2D6D,ORD003731,COD,158637.92,Failed,2026-07-10
PAY5D014A7B,ORD001679,Credit Card,838.8,Success,2025-01-30
PAY11C1C4DF,ORD003877,Wallet,3686.04,Success,2025-09-13
PAY06E19EB2,ORD004664,UPI,2716.88,Refunded,2026-02-23
PAY0C4FCA07,ORD003002,Debit Card,859.64,Success,2025-04-20
PAY1CA79CEA,ORD004587,COD,94779.7,Success,2026-01-24
PAY57DE25E9,ORD002701,Net Banking,1138.14,Refunded,2025-07-07
PAYAE92ECE9,ORD004060,Wallet,259.3,Success,2025-11-17
PAY5E00BCE9,ORD001705,COD,20858.45,Success,2025-11-19
PAY1BEE4DD5,ORD003036,Credit Card,8543.1,Failed,2026-01-21
PAYDB17989B,ORD003815,UPI,37444.88,Refunded,2025-11-17
PAY4B68BC2E,ORD004778,Wallet,137630.8,Success,2026-03-19
PAY61144CC3,ORD002802,Credit Card,7099.25,Success,2025-04-17
PAY2FD93561,ORD001470,Wallet,8005.28,Success,2026-03-03
PAY0271333D,ORD000195,Wallet,29609.84,Success,2025-10-31
PAY1F013323,ORD000411,Wallet,6998.8,Success,2026-06-21
PAYE47D70EE,ORD005341,Net Banking,10559.97,Refunded,2025-05-21
PAY7A35FA85,ORD005793,Debit Card,1723.04,Refunded,2025-07-28
PAY85D8A8F3,ORD000387,Credit Card,4931.77,Success,2026-01-11
PAYB9C5D06F,ORD001336,UPI,1948.3,Success,2025-10-17
PAYCFD2F8EF,ORD003963,COD,67877.43,Success,2025-11-17
PAYCD60469A,ORD001330,COD,25015.1,Success,2025-01-22
PAYBE1D243A,ORD000549,UPI,1210.56,Success,2025-09-23
PAYAEA80DB5,ORD001389,Net Banking,6530.56,Success,2026-06-16
PAYC6C65022,ORD001965,Net Banking,52525.3,Success,2025-01-22
PAY91182C57,ORD005549,Net Banking,1838.46,Success,2026-04-05
PAYD96E3A54,ORD002700,Net Banking,15594.58,Refunded,2025-03-28
PAY702C2389,ORD000565,COD,0.0,Success,2025-08-14
PAYAA4669F0,ORD004655,UPI,29347.64,Success,2025-02-08
PAY1D60C213,ORD005162,Net Banking,21424.68,Failed,2025-08-03
PAY96B71A67,ORD003922,Debit Card,3265.28,Refunded,2025-03-02
PAYF1086043,ORD004551,Credit Card,5500.84,Success,2026-05-27
PAY7288D0F6,ORD003833,UPI,36684.55,Success,2025-02-24
PAY5ACC04D0,ORD000339,Net Banking,7039.98,Success,2025-10-19
PAYA5F828FA,ORD005920,Net Banking,3371.49,Failed,2025-01-02
PAYF32FD489,ORD004481,Debit Card,2981.28,Success,2026-04-17
PAY9CFBFB84,ORD002328,COD,62537.75,Success,2025-04-17
PAYE0227743,ORD004220,Debit Card,3868.41,Success,2025-06-05
PAY408D1B71,ORD002662,UPI,5817.74,Success,2025-03-23
PAY0E86AC2B,ORD004283,Credit Card,3466.92,Success,2026-05-13
PAYC745B1C4,ORD003204,Credit Card,2916.61,Failed,2025-12-27
PAY7F1AB42D,ORD000614,COD,5981.4,Success,2025-09-01
PAYEFFFDD83,ORD005965,Credit Card,2924.62,Success,2025-11-04
PAY989767C1,ORD005230,Net Banking,2716.88,Failed,2025-05-24
PAY1069E719,ORD002019,Net Banking,37444.88,Failed,2025-07-11
PAYE165B934,ORD001660,Wallet,239338.2,Success,2025-05-24
PAY41AEE2AF,ORD004799,Net Banking,31515.18,Failed,2025-08-20
PAY3765F320,ORD000503,COD,7810.29,Success,2026-07-23
PAY5FAD686A,ORD005136,Wallet,1007.94,Success,2025-11-16
PAY9D072F34,ORD003806,Credit Card,68705.44,Success,2025-05-25
PAY219BABED,ORD002433,Credit Card,12361.45,Success,2025-01-16
PAYD5A0BEB6,ORD003600,Credit Card,3128.0,Refunded,2026-07-15
PAY010B82F9,ORD001058,Net Banking,915.84,Success,2025-02-22
PAY8E265839,ORD002848,COD,34407.7,Success,2025-01-30
PAYD32A89D3,ORD004522,COD,94779.7,Success,2026-02-28
PAY0A1DA108,ORD003281,Debit Card,2423.94,Success,2025-04-25
PAY642F77F3,ORD004161,COD,312.02,Refunded,2025-01-22
PAYA1ACDE48,ORD004137,Credit Card,224692.36,Success,2025-03-13
PAY59B8A35C,ORD004460,UPI,10559.97,Success,2025-01-15
PAY45F100B4,ORD005720,Credit Card,25564.25,Success,2025-01-15
PAY30430994,ORD000515,Wallet,47185.2,Success,2025-05-20
PAY5BC752E9,ORD002415,Wallet,854.47,Refunded,2025-08-21
PAY0D73D59B,ORD002761,Net Banking,1271.64,Refunded,2026-02-16
PAY22D269A9,ORD003006,Wallet,14338.6,Success,2025-03-20
PAYB9341C3C,ORD000016,COD,133.37,Refunded,2025-07-22
PAY9504DE6F,ORD005850,Wallet,1821.04,Refunded,2025-02-19
PAY8BC7FA37,ORD003778,Credit Card,45251.62,Success,2026-02-11
PAYC5F9F507,ORD005274,UPI,1948.3,Refunded,2025-09-12
PAY407B17F7,ORD001143,Wallet,282.4,Refunded,2025-02-27
PAYB5C6DB59,ORD002757,Net Banking,2052.65,Success,2025-04-17
PAY1DE97AE2,ORD001372,COD,19491.95,Success,2025-10-28
PAY16383BEF,ORD004377,UPI,71475.5,Success,2026-04-28
PAYFC630109,ORD002286,Net Banking,16769.02,Refunded,2026-05-27
PAYBF0D00C4,ORD003335,Credit Card,19727.08,Failed,2025-04-14
PAYB536EA61,ORD000998,UPI,14544.35,Refunded,2025-09-04
PAYE3114D82,ORD003001,COD,39659.48,Refunded,2025-04-02
PAY9395FE23,ORD004887,Credit Card,11529.98,Success,2025-07-11
PAY9095143E,ORD001502,Net Banking,3910.0,Success,2025-03-15
PAY6811F7F9,ORD001097,Debit Card,19224.4,Success,2026-02-15
PAYE8D4DA4F,ORD002285,Wallet,171997.9,Refunded,2026-06-22
PAY60E29AF1,ORD005051,COD,35216.22,Failed,2026-03-21
PAY6777C3F7,ORD005475,Debit Card,3661.64,Success,2026-04-17
PAY0C748A52,ORD001397,Net Banking,1678.92,Success,2025-04-30
PAYF967FE5E,ORD005221,UPI,2900.82,Success,2026-06-05
PAY14D42363,ORD001399,Debit Card,2153.8,Success,2025-03-17
PAYE76A26B8,ORD003490,Wallet,8498.28,Refunded,2026-07-16
PAYABEA2F26,ORD001101,UPI,209.7,Success,2025-06-01
PAYE77D647B,ORD005206,Credit Card,2485.98,Refunded,2025-07-22
PAY0903BF60,ORD000207,COD,1259.96,Success,2026-05-23
PAY7A834AC1,ORD005890,UPI,15181.6,Failed,2025-12-19
PAY71211062,ORD003113,UPI,12515.07,Success,2026-03-20
PAY0337DCC6,ORD003953,Net Banking,103.72,Success,2026-07-05
PAYFFBC7818,ORD003863,COD,2955.18,Success,2025-04-16
PAY9565F107,ORD003589,Credit Card,500.76,Failed,2026-05-20
PAY9475B34C,ORD004835,UPI,57180.4,Failed,2025-12-28
PAY2CCCB82F,ORD001553,Net Banking,207.44,Success,2026-05-28
PAYC5342049,ORD003330,Credit Card,24103.8,Success,2026-05-13
PAYE33478F1,ORD005022,Debit Card,8563.39,Success,2026-06-25
PAYA7916E7C,ORD004284,Debit Card,4386.93,Failed,2025-03-22
PAY5BFB124F,ORD002828,UPI,33510.58,Refunded,2025-11-17
PAY14DF1AC0,ORD000826,Net Banking,15594.58,Success,2026-02-09
PAY80940005,ORD004682,UPI,5934.4,Success,2025-08-21
PAYAD3B4F09,ORD005432,Debit Card,2015.88,Success,2025-01-15
PAYCA354D24,ORD003058,Credit Card,1091.42,Success,2026-06-24
PAYCC86B7CE,ORD005792,Wallet,15593.56,Success,2025-08-21
PAYC6F76F9C,ORD000878,COD,16917.06,Success,2026-03-23
PAY57F98D93,ORD002809,Credit Card,5192.67,Success,2025-07-16
PAY646D8AD4,ORD000869,UPI,34407.7,Success,2025-12-08
PAY795FDBA0,ORD005515,Credit Card,533.48,Success,2026-04-09
PAYA3E99EEB,ORD004331,UPI,8654.45,Success,2025-05-24
PAY77A70377,ORD002869,UPI,2721.18,Success,2026-05-01
PAY6498B6EB,ORD005182,Credit Card,430.76,Success,2025-05-24
PAY8CE20C1A,ORD000427,Net Banking,5254.17,Success,2025-11-06
PAY7B815F5C,ORD000462,COD,17294.97,Failed,2025-02-06
PAY74CC0137,ORD003984,Wallet,2346.0,Success,2025-07-29
PAY3B72A552,ORD005098,Credit Card,12896.94,Success,2025-03-29
PAY17EFAA0B,ORD004257,UPI,6789.18,Refunded,2025-10-30
PAY98D9105B,ORD003977,Debit Card,16917.06,Success,2025-07-15
PAYF60F8A39,ORD003748,Wallet,68815.4,Failed,2025-03-08
PAY287767A9,ORD004462,Credit Card,5157.88,Refunded,2025-03-30
PAY1E0CD880,ORD003130,Wallet,1541.28,Failed,2025-10-15
PAYDF667025,ORD002104,Credit Card,2865.18,Success,2026-04-09
PAY7B39ABEC,ORD001479,Credit Card,6654.6,Failed,2025-07-12
PAY1FEB302D,ORD002295,Wallet,7810.29,Success,2025-09-24
PAY41F8B315,ORD005553,UPI,59515.75,Refunded,2025-11-05
PAY6837162E,ORD005731,Debit Card,2900.82,Success,2026-06-08
PAY3053450B,ORD004321,Wallet,5639.02,Success,2025-05-05
PAY1EDE5371,ORD005315,Net Banking,113129.05,Success,2025-08-25
PAY5970A6D3,ORD004506,Wallet,468.03,Success,2026-03-17
PAY13C69FBE,ORD003811,UPI,1296.34,Success,2026-05-22
PAY9FF79775,ORD000544,UPI,131338.72,Refunded,2025-03-19
PAY9A51485A,ORD001656,UPI,9409.66,Refunded,2026-07-08
PAY2860D498,ORD000470,COD,70.6,Success,2025-07-26
PAY0B4C050D,ORD001020,Debit Card,1289.47,Failed,2026-06-12
PAY0E4FFA1D,ORD002453,Debit Card,944.97,Refunded,2026-06-11
PAYA1906C89,ORD000274,Net Banking,259.3,Success,2025-05-30
PAY213C990E,ORD000846,COD,56867.82,Refunded,2025-04-02
PAY50A1EAC9,ORD003171,Net Banking,854.47,Success,2026-07-13
PAYD643435A,ORD002281,COD,1450.41,Failed,2025-05-20
PAY7C8C52F8,ORD001210,UPI,259.3,Failed,2025-02-02
PAY9A291171,ORD004652,Debit Card,41922.55,Success,2026-07-23
PAY5AE91921,ORD003619,Net Banking,4081.77,Failed,2025-04-23
PAY665425FA,ORD003320,Debit Card,10225.7,Failed,2026-05-20
PAYB2285206,ORD000967,COD,1292.28,Success,2026-01-20
PAYA35198F2,ORD005978,Wallet,2052.76,Success,2025-04-30
PAYC0D7C327,ORD002121,Debit Card,899.29,Success,2025-11-26
PAYCD9BBEBC,ORD001509,COD,2746.23,Refunded,2025-05-12
PAY7663CE95,ORD003388,Net Banking,277816.6,Success,2025-11-27
PAYE2F757A9,ORD003161,UPI,13309.2,Success,2025-02-04
PAYBCC4FA02,ORD000665,Debit Card,662.2,Success,2025-03-08
PAYB515754A,ORD002598,Credit Card,1657.32,Success,2026-01-10
PAY8900D927,ORD003687,Credit Card,10559.97,Success,2025-09-28
PAY05E89C86,ORD002490,UPI,1821.04,Success,2026-01-13
PAY76F4D985,ORD001552,Debit Card,1896.9,Success,2026-04-18
PAY3E6330B7,ORD002739,Debit Card,1681.95,Success,2026-05-30
PAY6E7B2748,ORD003941,UPI,11666.44,Failed,2025-11-11
PAY6C562B7F,ORD000092,Credit Card,2924.62,Failed,2025-07-22
PAY7671DB01,ORD002371,Wallet,9127.13,Success,2026-04-02
PAY040B5A99,ORD002767,COD,7336.91,Success,2025-06-14
PAY80330F66,ORD002249,COD,112346.18,Success,2026-01-13
PAY3C32EAA8,ORD004063,Net Banking,75097.56,Refunded,2025-12-31
PAYB97A3B1E,ORD003211,COD,2716.88,Success,2025-05-13
PAYE181F275,ORD003494,Debit Card,17176.36,Success,2025-04-14
PAY86590B0B,ORD001771,UPI,2799.52,Success,2026-02-26
PAY43B791F4,ORD000009,Net Banking,13017.15,Success,2026-05-28
PAYD3809392,ORD005430,Wallet,56173.09,Success,2025-04-26
PAY064A6854,ORD003838,Debit Card,4526.12,Refunded,2026-05-03
PAY0F18C725,ORD003287,Wallet,4775.3,Success,2025-08-05
PAY8387F500,ORD002658,Wallet,543.32,Success,2025-03-14
PAY57986A26,ORD001686,Wallet,54928.04,Success,2026-01-06
PAYE6F75626,ORD004691,UPI,1289.47,Failed,2026-07-11
PAYFED9A381,ORD003394,Net Banking,1896.9,Success,2025-01-24
PAYEE524FB6,ORD002089,Credit Card,4347.7,Failed,2026-06-27
PAY631DEBC7,ORD001046,Credit Card,52525.3,Success,2025-04-12
PAY6C340E09,ORD003124,COD,4125.63,Failed,2025-02-23
PAY08FCF865,ORD001263,Credit Card,4952.6,Success,2025-10-25
PAY45463F68,ORD000217,Net Banking,907.92,Success,2025-07-20
PAYAFAC667D,ORD001793,Debit Card,2519.85,Refunded,2025-04-27
PAY6314E8A6,ORD001736,Credit Card,15594.58,Refunded,2026-01-16
PAY5B8A3009,ORD002234,Net Banking,18254.26,Failed,2025-03-16
PAY03A264EF,ORD003003,COD,6923.56,Refunded,2025-02-16
PAYAF80E958,ORD005234,Net Banking,1324.4,Failed,2025-10-31
PAY6618631C,ORD005516,Debit Card,390.58,Success,2025-03-11
PAY86CC86B2,ORD005734,Wallet,2924.62,Success,2025-03-19
PAYCB0022B5,ORD004262,Debit Card,419.4,Success,2025-11-17
PAYFFA8254B,ORD004256,Credit Card,1678.92,Success,2025-10-25
PAYFCEB7202,ORD005918,Debit Card,23391.87,Success,2026-06-29
PAY3A41D29B,ORD001359,Debit Card,1896.75,Success,2026-05-22
PAY0BC9386B,ORD005039,Wallet,98504.04,Success,2025-06-02
PAY8DD5A711,ORD002780,COD,23505.3,Failed,2026-05-04
PAY66B1212F,ORD003739,Debit Card,2173.28,Refunded,2026-07-29
PAY3A4AB47E,ORD000499,Wallet,907.92,Success,2026-07-24
PAY7A149EF5,ORD004083,Net Banking,12507.55,Failed,2026-07-04
PAY90BECC17,ORD000939,Debit Card,5442.36,Success,2025-06-22
PAYAACBF4E0,ORD001200,Credit Card,28195.1,Refunded,2025-05-02
PAYC40A518C,ORD004251,Wallet,8563.39,Failed,2025-02-03
PAYAD73B2DB,ORD004893,Wallet,1256.1,Refunded,2026-03-14
PAY8A5D0551,ORD001267,Net Banking,52525.3,Refunded,2025-01-22
PAY292779C6,ORD004182,UPI,5418.0,Refunded,2026-02-26
PAY3016D57A,ORD005704,Credit Card,19224.4,Success,2025-07-09
PAY7BDC7C4D,ORD004767,Debit Card,3429.7,Success,2025-08-15
PAYC200CB08,ORD004371,Net Banking,11278.04,Failed,2026-03-16
PAYB0CEE37E,ORD004030,Net Banking,12319.4,Success,2025-04-13
PAYD4C97CBB,ORD001767,UPI,16686.76,Refunded,2025-11-04
PAY65E9D22B,ORD001069,Credit Card,1678.92,Success,2026-03-21
PAY2696B5CD,ORD002971,Wallet,828.66,Success,2025-01-31
PAYCCE4970D,ORD003471,Net Banking,128603.0,Success,2025-05-24
PAYC0491096,ORD003482,Wallet,3127.95,Success,2025-12-07
PAY6E1E733C,ORD001014,Net Banking,2981.28,Success,2026-02-05
PAYFCB1AB0E,ORD003129,Net Banking,19810.4,Success,2025-01-22
PAYF088B1BD,ORD000525,COD,0.0,Refunded,2025-09-24
PAY13EA2EFA,ORD000435,Net Banking,9981.9,Failed,2026-03-30
PAY990C1F8E,ORD002946,Debit Card,838.8,Success,2026-04-10
PAY0D0EB7E4,ORD002044,COD,2721.18,Success,2026-05-06
PAY33A41C26,ORD005212,UPI,51.86,Success,2025-11-13
PAY41F06B7F,ORD001936,Net Banking,36508.52,Success,2025-07-23
PAY8BAC4AFD,ORD002324,COD,11903.15,Refunded,2025-04-26
PAYCF80353D,ORD000325,COD,1970.12,Refunded,2025-02-25
PAY843F9363,ORD001427,Debit Card,2247.66,Failed,2026-02-21
PAY62F95651,ORD003499,Debit Card,6998.8,Refunded,2025-11-01
PAY33F33BDC,ORD000589,COD,2385.58,Refunded,2025-09-11
PAY1451CADE,ORD004738,Credit Card,1802.06,Refunded,2025-04-15
PAY0F8AB88A,ORD001024,COD,14338.6,Success,2025-04-30
PAY6D965747,ORD004520,COD,5092.9,Failed,2026-04-06
PAYF3687FF6,ORD005755,UPI,919.23,Success,2025-12-09
PAY2DB304AE,ORD000988,Net Banking,9108.96,Success,2026-05-13
PAY43A466BD,ORD004815,Wallet,1926.6,Success,2026-04-03
PAY41F47CBA,ORD004519,Net Banking,1637.13,Refunded,2025-08-26
PAY1D571AEB,ORD003551,Credit Card,209.7,Success,2026-01-04
PAY3BA9C821,ORD000249,Wallet,8821.6,Failed,2025-01-25
PAY5D2CF4F6,ORD005015,Debit Card,4526.12,Success,2026-04-11
PAY8658B590,ORD000736,Credit Card,1944.51,Success,2026-02-09
PAYEEBD6CD8,ORD001501,COD,18933.68,Refunded,2025-12-01
PAY82E1F3E0,ORD004243,Wallet,6463.3,Refunded,2026-01-16
PAYCAC709AD,ORD004536,Net Banking,27464.02,Refunded,2026-04-28
PAY44AF1572,ORD002687,Net Banking,23819.8,Success,2026-03-07
PAYA1994050,ORD003122,COD,35709.45,Success,2025-06-29
PAY2575A3D8,ORD002883,Debit Card,667.68,Refunded,2025-01-05
PAYDDAD277F,ORD002753,Wallet,7796.78,Failed,2025-04-20
PAY6AC01837,ORD005092,Credit Card,4005.72,Refunded,2025-05-07
PAYD3D18EF8,ORD003469,COD,7329.64,Success,2026-06-16
PAY1029CC6D,ORD004970,Net Banking,3036.32,Refunded,2026-02-27
PAY0AF5D80C,ORD004649,Credit Card,7391.64,Success,2026-07-27
PAY8F382E16,ORD005226,Net Banking,869.54,Success,2025-11-10
PAYD79CCBDD,ORD004986,Wallet,1896.9,Failed,2026-02-28
PAY95A02BCA,ORD004303,Credit Card,75823.76,Failed,2025-01-13
PAY60259117,ORD002077,Net Banking,2897.6,Success,2025-07-31
PAYA75CC33F,ORD002587,Credit Card,3128.0,Failed,2025-02-11
PAY5C2BA19C,ORD004061,Wallet,2703.09,Refunded,2025-08-31
PAY50E15005,ORD005066,UPI,861.22,Refunded,2025-11-25
PAY363A564D,ORD001927,COD,125162.6,Success,2025-07-15
PAYE338BD16,ORD000191,UPI,7651.4,Refunded,2025-07-24
PAY4929F7CA,ORD004480,UPI,390.58,Success,2025-01-13
PAY88384C7F,ORD002888,Credit Card,43015.8,Refunded,2025-05-27
PAY1FBE9291,ORD001989,COD,15593.56,Success,2025-07-18
PAY3E3BE5FA,ORD000094,Wallet,2585.32,Success,2025-04-05
PAY4E7F16C8,ORD002232,COD,635.82,Success,2025-03-30
PAY6561C1F7,ORD004556,Debit Card,8654.45,Success,2025-11-27
PAY0D399946,ORD001213,UPI,2583.66,Refunded,2025-04-28
PAY06FFA1D0,ORD002750,Wallet,23059.96,Success,2025-08-27
PAY782603C0,ORD003005,COD,17294.97,Failed,2026-04-23
PAY0A3A44AD,ORD003855,COD,32834.68,Success,2025-07-04
PAYE5B23D52,ORD005311,Credit Card,8005.28,Success,2025-05-06
PAYFC57E842,ORD003063,Credit Card,5213.25,Success,2026-07-21
PAYCBD145A8,ORD003625,COD,36508.52,Success,2025-05-21
PAY42F251E5,ORD005513,COD,1371.88,Success,2025-04-26
PAY11DF4C0A,ORD004204,UPI,2463.88,Success,2025-02-08
PAYB9BAE47E,ORD001000,Wallet,526.16,Failed,2025-09-21
PAY96DC1AF2,ORD003029,COD,9527.92,Success,2025-11-14
PAY571A12AA,ORD001119,UPI,656.32,Failed,2025-01-02
PAY740D6CB1,ORD005973,UPI,47185.2,Refunded,2025-08-30
PAY9571E67C,ORD001430,COD,266.74,Success,2026-04-03
PAY60B8A2E3,ORD001852,COD,9776.84,Success,2025-08-06
PAY1704DBBB,ORD001513,Credit Card,207.44,Failed,2026-06-29
PAYC5B3478F,ORD000133,COD,4203.28,Refunded,2025-12-19
PAYCCE1A189,ORD003820,Debit Card,9052.24,Success,2025-12-04
PAY27F42746,ORD003826,Net Banking,6789.18,Success,2025-06-15
PAY02EBA03D,ORD004892,COD,23059.96,Success,2025-07-30
PAYD5A69F89,ORD003503,Wallet,156.01,Refunded,2025-07-05
PAYB719AF93,ORD002131,Wallet,2565.95,Success,2025-10-09
PAY31126686,ORD003883,Debit Card,17086.2,Refunded,2025-05-08
PAYF5A20BD8,ORD005370,Credit Card,37911.88,Success,2025-02-14
PAY01480006,ORD001616,Credit Card,7797.29,Success,2025-01-09
PAY174D02C1,ORD004830,Credit Card,9905.2,Success,2025-08-08
PAYDE77FCB7,ORD004420,COD,8011.44,Refunded,2026-06-05
PAY0C9C9BC6,ORD003177,Credit Card,5213.25,Refunded,2025-10-26
PAYC4BB3DF8,ORD003656,Wallet,31189.16,Success,2025-05-26
PAYC950B6D4,ORD005413,Wallet,16636.5,Success,2025-06-19
PAYA6A6BCC9,ORD002646,Net Banking,42849.36,Refunded,2025-03-10
PAYFAE568A8,ORD005566,Credit Card,907.92,Success,2025-05-07
PAY2A179C92,ORD001202,Wallet,71693.0,Success,2025-06-06
PAY539125CF,ORD003708,COD,4496.45,Failed,2026-01-02
PAYDDAD5FFD,ORD004596,Wallet,2346.0,Success,2025-03-01
PAYE3D25A20,ORD000277,UPI,3007.04,Refunded,2025-02-17
PAYBFA31EE7,ORD001344,Wallet,31515.18,Success,2026-01-29
PAYA8399E08,ORD003443,COD,3240.85,Success,2025-12-09
PAYBB9AB90E,ORD002172,Wallet,11903.15,Success,2026-01-31
PAY474B7BE9,ORD005962,Credit Card,25153.53,Refunded,2025-09-17
PAYC9FCA843,ORD003771,Debit Card,4701.06,Refunded,2025-12-06
PAY0464AB53,ORD005154,COD,758.76,Refunded,2025-04-18
PAY90CFC1E0,ORD001944,Wallet,42020.24,Success,2025-05-08
PAY9997F561,ORD001974,Wallet,32150.75,Success,2025-11-19
PAYDDD4DB56,ORD000348,Net Banking,1836.68,Success,2025-11-13
PAY5333A73B,ORD001935,Debit Card,3676.92,Success,2026-07-18
PAY95ECD7AF,ORD000587,Wallet,7118.6,Success,2026-07-21
PAYA8BE0FC2,ORD000087,COD,6530.56,Failed,2025-11-12
PAY22CBFE3C,ORD000655,Credit Card,5764.99,Success,2026-06-26
PAYB3DB556A,ORD003277,Credit Card,71693.0,Success,2026-07-13
PAY021A7615,ORD005179,UPI,1564.0,Success,2025-02-03
PAY4CF90426,ORD005559,COD,4505.15,Success,2025-12-05
PAYAD378C57,ORD001282,Credit Card,9372.98,Refunded,2026-03-23
PAY056766E5,ORD002868,Wallet,133.37,Success,2025-05-05
PAY5C65615F,ORD002251,Net Banking,2153.8,Refunded,2025-02-09
PAY74A269B9,ORD001933,Wallet,36508.52,Success,2026-07-05
PAYC3259F0B,ORD001438,UPI,5639.02,Success,2025-06-15
PAY525C6EAE,ORD001828,Credit Card,58378.98,Success,2026-04-06
PAY38A49988,ORD002087,Wallet,14738.76,Refunded,2026-06-13
PAY62F1F165,ORD002934,Net Banking,6923.56,Success,2026-06-11
PAYAB5AB9D0,ORD000690,UPI,3938.46,Success,2026-05-24
PAYBE94157E,ORD002498,COD,629.98,Success,2025-01-03
PAY04CB8EA2,ORD005622,UPI,33510.58,Failed,2025-04-21
PAY4D424117,ORD001952,UPI,1264.5,Refunded,2025-10-25
PAYB3C49206,ORD003717,Debit Card,9105.2,Success,2025-07-12
PAY07DFF2D2,ORD001157,Net Banking,15594.58,Success,2025-08-02
PAYF980C5B1,ORD005823,Debit Card,2124.57,Failed,2025-11-29
PAY80D6DC2D,ORD002026,Debit Card,944.97,Success,2026-06-28
PAYE9DEF347,ORD002561,Credit Card,5639.02,Refunded,2026-04-01
PAYFBAACE26,ORD005641,Wallet,1513.2,Refunded,2025-12-02
PAY18EDE55E,ORD004817,Net Banking,191.03,Refunded,2026-01-16
PAYCB98CAA8,ORD003331,Net Banking,19330.0,Success,2026-07-09
PAYC373CF98,ORD002635,Credit Card,955.06,Success,2026-04-26
PAY7910D982,ORD002665,UPI,9372.98,Failed,2025-04-29
PAYB8972638,ORD003318,Net Banking,9846.15,Success,2025-03-13
PAYC49276F7,ORD002376,UPI,901.03,Failed,2026-04-01
PAYDA45743F,ORD002029,Net Banking,13017.15,Refunded,2025-08-25
PAY344F3E92,ORD000847,Credit Card,85232.88,Success,2026-06-01
PAYB32654EF,ORD005233,UPI,37444.88,Success,2025-02-01
PAY69CFD85F,ORD000669,Net Banking,430.76,Success,2025-05-06
PAYC0E3B26E,ORD003688,Net Banking,209.7,Success,2025-02-10
PAY72FDE50E,ORD005729,Debit Card,46974.96,Success,2026-03-01
PAY5634135F,ORD003756,COD,37522.65,Success,2026-01-02
PAY428D00C5,ORD004810,Wallet,317.91,Failed,2025-03-11
PAYB7A5AFC2,ORD000844,COD,52525.3,Success,2025-09-14
PAYCEF469D1,ORD003359,UPI,3478.16,Refunded,2025-07-18
PAYBCAD23FE,ORD001724,UPI,12319.4,Refunded,2026-06-29
PAY50464572,ORD004875,Debit Card,15593.56,Refunded,2025-10-08
PAY13241F41,ORD004044,UPI,2093.5,Success,2025-12-11
PAY0342311E,ORD005789,UPI,24030.5,Refunded,2026-07-01
PAYD039A86D,ORD004585,UPI,23806.3,Success,2026-05-30
PAYE9424D4E,ORD001702,COD,3161.25,Success,2025-09-16
PAY6BE5DB20,ORD002080,Net Banking,4143.3,Refunded,2025-10-24
PAY1619C84C,ORD004316,Debit Card,10225.7,Refunded,2026-07-28
PAYEB0A5AC0,ORD005076,Debit Card,1910.12,Failed,2026-05-30
PAYBF929817,ORD002549,COD,17643.2,Failed,2025-08-06
PAY2A0EBCF0,ORD002233,Net Banking,7252.05,Success,2026-04-04
PAY0022DAA3,ORD000912,Debit Card,6530.56,Success,2025-08-28
PAYE6D12EDD,ORD002876,Net Banking,59834.55,Refunded,2025-12-08
PAY0666B70E,ORD005343,COD,12319.4,Success,2025-02-19
PAYB192A0E5,ORD005628,Credit Card,2472.29,Success,2025-12-02
PAYF127EEDC,ORD000593,Wallet,64353.1,Success,2025-05-16
PAY6142FF2F,ORD004475,Credit Card,128603.0,Success,2026-01-24
PAY78ABCFD6,ORD000845,UPI,353.0,Success,2026-06-07
PAYEBB7F4E5,ORD005871,Debit Card,42885.3,Success,2026-01-26
PAY866B05A0,ORD005599,Debit Card,62537.75,Refunded,2026-05-09
PAY44C91035,ORD004357,Wallet,459.17,Success,2025-03-07
PAY7C2EA729,ORD000696,COD,3940.24,Success,2025-08-07
PAY9AF9D94C,ORD000757,Wallet,23432.45,Success,2025-05-15
PAYA1CB078C,ORD000832,COD,328.16,Refunded,2026-06-25
PAYB09B5186,ORD000644,Debit Card,47185.2,Success,2025-12-15
PAY35E91A23,ORD004079,Debit Card,2124.57,Failed,2025-04-23
PAY4D31C6BA,ORD000074,COD,17176.36,Success,2025-07-03
PAY2BE4EE39,ORD002836,COD,41922.55,Refunded,2026-07-02
PAY5F4F4EF9,ORD005647,Net Banking,8011.44,Failed,2025-04-14
PAY308CCE04,ORD000308,Debit Card,2801.3,Success,2025-06-23
PAYABFB429C,ORD003981,Wallet,78858.9,Success,2025-01-14
PAY61808D29,ORD001678,Net Banking,81370.58,Success,2025-07-05
PAYBDC50AD9,ORD000687,COD,3758.8,Refunded,2025-01-23
PAY542B7ACE,ORD004477,Net Banking,2002.86,Refunded,2026-04-26
PAY148E91B5,ORD000026,COD,24030.5,Success,2026-05-22
PAYAB5E8C64,ORD002050,Net Banking,54928.04,Success,2025-01-08
PAY958A95E4,ORD002884,Credit Card,500.76,Refunded,2025-09-20
PAY0C1B4EAD,ORD002046,UPI,4888.42,Success,2026-05-11
PAY1B3C6580,ORD005054,UPI,125162.6,Success,2026-04-16
PAYD881468D,ORD004638,UPI,58981.5,Success,2025-12-05
PAYF5F56268,ORD003134,COD,5170.64,Refunded,2025-05-31
PAYEA39BD02,ORD002602,COD,38986.45,Success,2025-10-03
PAY465A17CC,ORD000353,Debit Card,9981.9,Success,2025-06-09
PAYEFAB52B7,ORD004726,Wallet,4061.8,Success,2025-07-22
PAY2EBFE999,ORD000151,Wallet,4526.12,Success,2025-02-03
PAY9AF8674D,ORD001318,COD,74292.28,Success,2025-07-14
PAYF1A35AF2,ORD005214,Net Banking,14200.26,Success,2026-03-11
PAYC258A502,ORD000904,Net Banking,3502.78,Success,2025-02-12
PAY272878BE,ORD002781,Wallet,3676.92,Success,2025-04-08
PAYEE3431B0,ORD001354,Credit Card,46806.1,Success,2025-01-13
PAY8DAFC0E5,ORD000048,Net Banking,1708.94,Refunded,2026-05-05
PAYB0E21D9F,ORD001691,Credit Card,2967.2,Success,2026-07-16
PAYBA70F528,ORD002076,Credit Card,18191.88,Refunded,2026-02-25
PAYA441F31C,ORD001476,Net Banking,1423.72,Success,2025-08-11
PAY83C29F58,ORD005153,UPI,23059.96,Success,2025-09-08
PAY35512493,ORD000950,Wallet,3825.7,Success,2026-07-04
PAYF8070578,ORD001135,COD,162741.16,Success,2026-01-16
PAYD1D81403,ORD001168,Credit Card,918.34,Refunded,2025-04-21
PAY5A3FCB3C,ORD000799,COD,513.19,Success,2026-03-30
PAYF511BF24,ORD005524,COD,4306.1,Success,2025-10-07
PAY34BA983D,ORD003746,Credit Card,955.06,Success,2025-12-29
PAY8282A828,ORD000375,COD,22556.08,Success,2025-08-27
PAY00034FE4,ORD005300,Net Banking,1192.79,Success,2025-01-26
PAY6F6419A4,ORD004935,UPI,14291.88,Success,2025-09-26
PAYCC75FC35,ORD003604,COD,3825.7,Refunded,2025-03-27
PAYD170D91D,ORD002964,UPI,635.82,Success,2026-04-24
PAYEDEE61F9,ORD003292,UPI,11962.8,Success,2026-02-20
PAYE185C41C,ORD003725,Debit Card,33510.58,Refunded,2025-07-05
PAY2F67A741,ORD004267,Credit Card,1271.64,Success,2025-02-27
PAY278DF55C,ORD001072,Net Banking,58378.98,Success,2026-03-08
PAY240A134C,ORD004329,UPI,22054.0,Failed,2026-04-16
PAY41644B6F,ORD002955,Debit Card,5619.15,Success,2026-07-23
PAY7E2701D3,ORD001673,Wallet,58378.98,Refunded,2026-05-15
PAY9AB5F124,ORD005224,Wallet,2839.7,Success,2025-10-15
PAYAC71681C,ORD001569,Wallet,4271.16,Success,2025-06-09
PAY5E8CC91C,ORD005760,Debit Card,400.11,Refunded,2026-05-14
PAYADDF666E,ORD005514,Wallet,6876.05,Success,2026-07-16
PAY6E8B15CB,ORD005202,Debit Card,1176.78,Success,2025-07-16
PAYA9092093,ORD004692,Debit Card,4897.92,Refunded,2025-02-04
PAYFFD2EDCA,ORD005526,Wallet,81370.58,Refunded,2026-06-28
PAYD2A35454,ORD005574,COD,1419.85,Refunded,2026-01-29
PAYECA07DD1,ORD001540,COD,1176.78,Failed,2026-02-10
PAY72F90726,ORD005698,Wallet,13732.01,Success,2025-11-21
PAY56628B11,ORD001599,Credit Card,107123.4,Refunded,2026-04-27
PAY275CF44E,ORD004999,Debit Card,3975.04,Success,2026-02-25
PAYC790527F,ORD002311,Credit Card,1739.08,Success,2025-06-02
PAY06AC4124,ORD000843,Net Banking,8011.44,Success,2025-10-24
PAYB74D23C4,ORD003467,Net Banking,993.3,Success,2025-03-19
PAY4EC26482,ORD001446,Credit Card,9372.98,Failed,2025-07-24
PAYE73BA2B5,ORD003491,Wallet,985.06,Refunded,2026-02-27
PAY5CE7F516,ORD001396,Credit Card,8817.84,Success,2026-03-19
PAYCA9B1826,ORD002517,COD,14673.82,Refunded,2025-12-12
PAY6F0365FD,ORD002213,Wallet,2839.7,Refunded,2025-07-27
PAY4880831D,ORD004902,Credit Card,105145.2,Success,2025-02-02
PAY6E21F982,ORD005663,Net Banking,2865.18,Success,2025-05-09
PAY795D4663,ORD000974,Debit Card,1091.42,Success,2025-09-25
PAY0449EFE6,ORD000574,UPI,18573.07,Refunded,2026-01-06
PAY442BFDE4,ORD003676,Wallet,5764.99,Success,2025-09-22
PAYECE9B76B,ORD001497,UPI,2916.61,Success,2025-07-09
PAYA9056141,ORD001190,Credit Card,11903.15,Success,2026-02-26
PAY28E8FF73,ORD001061,UPI,10014.3,Success,2026-02-08
PAYF9AEC358,ORD000946,Debit Card,533.48,Success,2025-05-04
PAY6BED66FA,ORD000251,Net Banking,22054.0,Refunded,2025-08-22
PAY3174D7CB,ORD004524,Debit Card,8005.28,Success,2026-07-12
PAY42487AA3,ORD002242,COD,2839.7,Refunded,2025-08-29
PAYF6C054FE,ORD004054,UPI,2608.62,Refunded,2025-05-08
PAYA1587335,ORD001820,Net Banking,1312.64,Refunded,2025-01-14
PAY1EDA7793,ORD003183,Debit Card,869.54,Success,2025-05-31
PAY06DD702E,ORD005293,Wallet,4143.3,Success,2025-12-24
PAY4C8BD1DA,ORD000220,UPI,14544.35,Refunded,2025-07-01
PAY14471C3A,ORD004850,UPI,662.2,Refunded,2026-02-24
PAY36511AB1,ORD000792,UPI,901.03,Success,2025-04-15
PAY8ACDD3E8,ORD002079,Net Banking,9361.22,Success,2026-03-20
PAY8682EDE6,ORD000240,UPI,280865.45,Refunded,2025-03-11
PAY16FF3995,ORD000349,Credit Card,11278.04,Success,2026-06-24
PAY29EE3ECB,ORD000177,Credit Card,4771.16,Refunded,2026-03-16
PAY69EB2C47,ORD001180,COD,503.97,Success,2025-06-04
PAY4F7D7CAD,ORD003852,Wallet,573.09,Refunded,2025-04-06
PAY2282B257,ORD005714,UPI,299172.75,Refunded,2026-03-04
PAY1CE2036F,ORD005401,Wallet,955.15,Success,2025-06-06
PAY158371A1,ORD001081,COD,2592.68,Failed,2026-06-22
PAY006DE494,ORD001631,Net Banking,751.76,Refunded,2025-03-04
PAY828CE0EA,ORD002204,UPI,263.08,Success,2025-10-28
PAY1BEBCF97,ORD002445,Wallet,17599.95,Failed,2026-05-19
PAYA4836AEF,ORD005842,Net Banking,127849.32,Failed,2025-09-12
PAY90C6A6A7,ORD003840,COD,22625.81,Success,2025-06-06
PAY07CD8929,ORD003874,Debit Card,7003.25,Refunded,2025-08-24
PAY09C94BCF,ORD002325,UPI,5092.9,Success,2025-02-12
PAYDEA5BBE8,ORD004592,Credit Card,4306.1,Refunded,2026-07-31
PAY80E24CC0,ORD005414,UPI,103.72,Refunded,2025-09-04
PAYD146A1B7,ORD002150,Debit Card,2093.5,Success,2025-03-05
PAYFE13F8BA,ORD005031,Wallet,59834.55,Failed,2025-07-08
PAY5EA78D09,ORD001008,Debit Card,15302.8,Success,2025-05-31
PAYF9D2E99A,ORD003496,Credit Card,648.17,Success,2026-04-28
PAYD69CADAF,ORD005176,UPI,14114.49,Success,2025-04-27
PAY3BDCDB1C,ORD002250,Debit Card,2052.76,Refunded,2026-01-26
PAY16543E4F,ORD002420,Wallet,500.76,Refunded,2026-07-25
PAY6DE2B49B,ORD001964,Wallet,103.72,Success,2026-07-01
PAY58046A4F,ORD004449,COD,8563.39,Success,2025-01-03
PAY634B1C50,ORD005236,Net Banking,8150.64,Success,2025-09-10
PAYE6DCB8E2,ORD002749,UPI,6654.6,Refunded,2025-02-13
PAY962A7575,ORD005629,Wallet,1674.8,Success,2026-05-24
PAYD935BF84,ORD001613,Debit Card,191.03,Success,2026-03-18
PAY1ED6F068,ORD005024,Wallet,4505.15,Success,2025-01-26
PAY80E375B3,ORD003414,COD,2052.65,Success,2025-03-09
PAY0D98FDDF,ORD004500,UPI,2750.42,Refunded,2025-12-21
PAY26D460AD,ORD003243,Wallet,3007.04,Success,2025-11-26
PAYD4B74E13,ORD004549,COD,8498.28,Refunded,2026-04-17
PAY8210BEB4,ORD004290,Net Banking,4125.63,Success,2026-02-04
PAYFD7453DF,ORD005145,Wallet,1751.39,Refunded,2025-04-12
PAYDE7CF8F4,ORD000848,UPI,17086.2,Refunded,2025-10-07
PAYA96AECBF,ORD003186,Credit Card,11529.98,Refunded,2026-06-08
PAY63192196,ORD001176,Net Banking,1289.47,Success,2026-03-15
PAY5EC11AA4,ORD005285,Debit Card,1723.04,Success,2025-02-23
PAY521ECC2E,ORD002724,Wallet,78858.9,Success,2025-02-21
PAYD30E1E73,ORD000972,Net Banking,4775.3,Refunded,2026-05-16
PAYFF8748D7,ORD001145,UPI,4170.6,Refunded,2025-06-18
PAY9D0CA26A,ORD002381,Net Banking,4171.69,Failed,2026-03-05
PAYFFBCA651,ORD004547,Wallet,35231.22,Refunded,2025-04-17
PAY24FB7F67,ORD004459,Debit Card,90503.24,Failed,2025-09-14
PAY002A4816,ORD004017,UPI,39659.48,Refunded,2026-06-03
PAY07260FCA,ORD005934,COD,23477.48,Refunded,2025-01-17
PAY35ECAD53,ORD000775,Net Banking,34253.56,Success,2026-03-09
PAY40D80CCD,ORD005253,Wallet,8011.44,Success,2026-03-28
PAY20EC47A3,ORD004216,Credit Card,4526.12,Refunded,2025-08-24
PAY4D3BF451,ORD005371,Credit Card,1802.06,Success,2026-03-29
PAY345C073B,ORD005235,COD,1722.44,Failed,2026-01-16
PAYFD51D16B,ORD003374,COD,1221.12,Success,2025-10-01
PAY5CE5A1A6,ORD003301,UPI,4925.3,Success,2026-02-12
PAYE35405D7,ORD003660,COD,2173.28,Refunded,2025-07-03
PAYE397A674,ORD003662,Debit Card,119669.1,Failed,2025-11-24
PAY2C18108E,ORD002547,COD,17294.97,Failed,2025-08-19
PAY22F94A33,ORD000439,Credit Card,64301.5,Success,2026-02-01
PAY61FC14BF,ORD004826,Wallet,0.0,Success,2026-07-19
PAY1D787EBF,ORD002199,Debit Card,8343.38,Success,2025-09-04
PAY0E3B4AF8,ORD004201,Debit Card,1312.64,Success,2026-05-08
PAYF12346C7,ORD000457,Debit Card,4306.1,Refunded,2026-05-03
PAYD76BCA09,ORD002844,UPI,573.09,Success,2025-10-13
PAY67F5093A,ORD004285,UPI,331.1,Failed,2026-07-30
PAYD566BE36,ORD004259,Net Banking,1657.32,Failed,2026-06-17
PAYDF9C3729,ORD004508,Debit Card,5778.2,Success,2025-07-05
PAYB1E72592,ORD003971,COD,23477.48,Refunded,2026-01-26
PAYC80B7642,ORD002088,Credit Card,23505.3,Failed,2025-04-20
PAY4BCB893B,ORD004423,UPI,5463.12,Success,2025-02-14
PAY843665EC,ORD003519,UPI,4912.92,Refunded,2026-05-23
PAY0FACB9C5,ORD004982,COD,31189.16,Success,2026-03-05
PAY1FEFB07C,ORD003747,COD,6157.95,Failed,2025-01-24
PAYB8178CAF,ORD003307,UPI,2472.29,Success,2025-07-10
PAY3FADF91F,ORD005586,Wallet,175136.94,Failed,2026-05-08
PAY04658F81,ORD005689,Debit Card,331.1,Success,2025-11-19
PAYE2C87529,ORD000440,Wallet,1830.82,Refunded,2025-08-20
PAY0A1C7704,ORD005681,Net Banking,667.68,Success,2026-05-16
PAYFF5D8A95,ORD000532,Credit Card,4888.42,Success,2025-12-20
PAY3048B792,ORD005140,Debit Card,656.32,Refunded,2025-03-14
PAY074C986F,ORD003924,UPI,7099.25,Success,2025-06-03
PAY5E56FB80,ORD000258,UPI,3910.0,Success,2026-07-15
PAY220C8D95,ORD000618,Credit Card,12361.45,Success,2026-06-04
PAYAF58C2E1,ORD002452,Net Banking,1655.5,Refunded,2025-03-12
PAYA0CBF485,ORD004318,Credit Card,430.76,Refunded,2025-09-25
PAY655249DE,ORD005461,Credit Card,11695.17,Failed,2025-01-29
PAY3D6A2490,ORD002111,Wallet,1371.88,Success,2025-09-30
PAYE44071F0,ORD002072,Credit Card,1970.12,Success,2025-05-03
PAY1A7A8E7B,ORD002439,Debit Card,71475.5,Refunded,2025-02-19
PAY4CE838E8,ORD002775,UPI,1896.9,Failed,2026-01-30
PAY09E24A3C,ORD003441,Wallet,4505.15,Failed,2026-01-28
PAY711138A4,ORD005011,Debit Card,9981.9,Success,2026-02-12
PAYD28DB70E,ORD005010,Net Banking,68799.16,Refunded,2025-03-31
PAY712B0CCA,ORD001503,Wallet,81370.58,Failed,2025-07-02
PAY3D475756,ORD001041,UPI,7876.92,Refunded,2025-01-27
PAY3AAC0843,ORD000046,COD,29609.84,Success,2025-04-04
PAY2EF2554C,ORD005873,Wallet,1083.6,Success,2025-06-28
PAY3A59EF5D,ORD000504,Debit Card,11666.44,Success,2025-03-13
PAY8FCBDD03,ORD004132,Wallet,3240.85,Refunded,2025-12-24
PAY1933AB0B,ORD001074,Debit Card,901.03,Success,2025-01-22
PAY3FE4B601,ORD003260,Debit Card,11022.3,Failed,2025-04-05
PAY1830AA5E,ORD002350,Wallet,605.28,Success,2025-02-01
PAY6544C3B7,ORD004836,Credit Card,333.84,Success,2025-06-15
PAY6FA1300F,ORD001556,Net Banking,3519.99,Success,2026-07-01
PAY9AF6C033,ORD004148,Wallet,9372.98,Success,2026-06-27
PAYF461CCB0,ORD005180,Credit Card,382.06,Success,2025-07-07
PAYEBFDCC93,ORD002075,COD,68815.4,Refunded,2026-04-03
PAY083183FD,ORD003402,UPI,34269.75,Success,2026-02-28
PAY48F7D988,ORD001694,UPI,1640.8,Success,2026-07-19
PAY2E2CF6D3,ORD005844,COD,605.28,Success,2026-03-30
PAY10D78B8D,ORD001044,COD,333.84,Failed,2026-01-23
PAYC6BD5B1E,ORD002481,Net Banking,291894.9,Success,2026-04-26
PAYC1180B83,ORD000192,Net Banking,915.41,Refunded,2026-07-16
PAY47C58DC7,ORD003431,Net Banking,56173.09,Refunded,2026-07-26
PAY927F5E28,ORD005658,UPI,16067.46,Success,2026-06-16
PAYE74F08DD,ORD002505,Net Banking,4806.1,Success,2025-04-04
PAYE24E9AD4,ORD004832,COD,838.8,Success,2025-07-31
PAYA22FC087,ORD003789,Wallet,45251.62,Success,2026-04-03
PAYDAE77044,ORD003706,Credit Card,4771.16,Refunded,2025-04-11
PAYAF05532E,ORD000384,Net Banking,385.32,Refunded,2025-04-09
PAYA4CAFEA4,ORD002529,Net Banking,5170.64,Success,2025-02-25
PAY0F9C222C,ORD005065,Debit Card,23487.48,Refunded,2025-03-20
PAYC704B96D,ORD002323,Net Banking,3314.64,Success,2026-04-23
PAY2DC49CBD,ORD003169,Debit Card,122055.87,Success,2025-11-27
PAY8F158A2B,ORD003744,Wallet,16769.02,Success,2025-11-19
PAYB97D72B1,ORD005133,Debit Card,3249.44,Refunded,2025-02-10
PAY61489258,ORD003340,Net Banking,1259.96,Success,2025-03-07
PAY4E53CA83,ORD002994,Net Banking,10622.85,Success,2026-05-30
PAYCCB03887,ORD004421,Credit Card,382.06,Success,2026-05-29
PAYA898ECA3,ORD000810,COD,9889.16,Success,2025-12-14
PAY493CF975,ORD003488,Credit Card,31189.16,Failed,2025-06-04
PAYECFBCA3B,ORD004762,Wallet,4171.69,Success,2026-02-02
PAY3DD0146B,ORD001369,Credit Card,781.16,Success,2026-01-26
PAYA027FC14,ORD000698,COD,17126.78,Refunded,2025-06-04
PAY51A83DED,ORD000271,Wallet,15338.55,Failed,2026-02-06
PAYEB74C610,ORD005955,Debit Card,64301.5,Refunded,2025-12-26
PAY9918C018,ORD002882,COD,105145.2,Refunded,2025-01-29
PAY5C5396C3,ORD003713,Net Banking,85698.72,Failed,2025-06-05
PAY49A9F0B2,ORD005396,Wallet,5092.9,Refunded,2026-05-12
PAYE276F4F3,ORD004356,Debit Card,16755.29,Success,2025-05-30
PAYC05B0ACD,ORD004695,Wallet,11738.74,Refunded,2025-05-11
PAY77EEAE3D,ORD000467,COD,9855.52,Success,2026-06-17
PAYA96E04C8,ORD000699,COD,503.97,Failed,2025-07-28
PAY42A3969B,ORD004315,Debit Card,2385.58,Success,2025-10-07
PAY085CB1C2,ORD001393,COD,1423.72,Success,2025-02-10
PAY322AD4FD,ORD003733,COD,113129.05,Success,2026-03-05
PAY1103D753,ORD003458,UPI,6654.6,Success,2025-04-17
PAYF4FE1479,ORD002630,UPI,14953.5,Success,2026-02-05
PAY5380C19A,ORD000794,Wallet,6463.3,Success,2026-05-26
PAYE7B1A561,ORD002644,COD,112346.18,Failed,2025-12-29
PAY46F631A0,ORD004111,Debit Card,14497.5,Refunded,2026-01-12
PAY37FA19E4,ORD003766,UPI,9825.84,Failed,2025-08-09
PAY97D7FDE2,ORD003930,Wallet,156.01,Success,2026-07-15
PAYC5CDE991,ORD001584,Debit Card,103198.74,Failed,2025-09-28
PAY3C91D056,ORD002336,Debit Card,5092.9,Failed,2025-01-28
PAYA6900DD4,ORD000175,Debit Card,4820.76,Success,2025-01-05
PAYE8EE4AE9,ORD000275,COD,5849.24,Refunded,2025-08-26
PAY4092E5C8,ORD005020,Credit Card,55719.21,Refunded,2025-11-24
PAYFB36A904,ORD005763,UPI,6789.18,Success,2026-04-27
PAY4A1F2D66,ORD000344,UPI,2565.95,Refunded,2026-06-18
PAY373784E4,ORD001572,Wallet,1315.4,Failed,2025-05-03
PAY17FFC40A,ORD003692,UPI,3444.88,Failed,2025-07-25
PAY091A1ACC,ORD003568,Net Banking,58693.7,Refunded,2025-06-14
PAYFC28C4EC,ORD004405,Net Banking,782.0,Success,2025-08-14
PAY6402A614,ORD003166,Wallet,1259.96,Failed,2025-12-03
PAYCCDA13AC,ORD003401,Credit Card,430.76,Success,2025-09-06
PAY2028A3FE,ORD002191,Wallet,2583.66,Success,2026-07-30
PAYFB786BAA,ORD001012,Wallet,2578.94,Success,2026-05-15
PAYD9ECF067,ORD002009,Debit Card,8384.51,Success,2025-10-01
PAY5C611057,ORD005486,Credit Card,1324.4,Success,2026-03-11
PAY07AB1248,ORD000578,Net Banking,331.1,Refunded,2026-07-05
PAY9831C809,ORD001621,Debit Card,21010.12,Failed,2025-08-11
PAY7D320D08,ORD000109,Wallet,1155.64,Success,2026-06-23
PAY1FA65337,ORD002164,Wallet,29609.84,Success,2026-06-27
PAY4C11A1EC,ORD001836,Net Banking,2716.6,Success,2026-03-31
PAY135056E1,ORD005957,Net Banking,11477.1,Success,2026-02-27
PAY3EFE1434,ORD001689,COD,3127.95,Success,2025-05-30
PAY88EE7D3D,ORD001774,Wallet,14462.28,Success,2025-07-27
PAY0CAB9F0D,ORD000625,Net Banking,34253.56,Success,2026-01-14
PAY5042FF67,ORD004367,UPI,75823.76,Refunded,2025-06-14
PAY76C7EB7F,ORD004304,Credit Card,5157.88,Refunded,2026-04-25
PAY1512DE6A,ORD005151,Credit Card,36684.55,Success,2025-08-24
PAY70F554E6,ORD000183,Credit Card,14200.26,Success,2026-05-17
PAYF8ED9AD9,ORD001560,Debit Card,27464.02,Success,2025-09-06
PAY0EEEEB58,ORD005436,COD,9846.15,Success,2025-04-29
PAYC5669FF8,ORD004960,UPI,18191.88,Success,2026-04-28
PAY7150A5EB,ORD003765,COD,8343.38,Refunded,2025-05-09
PAY09113CF9,ORD005777,UPI,7418.0,Failed,2026-03-04
PAY3D986067,ORD003336,Wallet,1360.59,Failed,2025-04-17
PAY774AEADC,ORD000281,Credit Card,915.84,Success,2025-08-05
PAY4F90F7FC,ORD005829,UPI,64301.5,Success,2026-02-23
PAY6A6EB3D6,ORD002288,Wallet,7332.63,Success,2025-10-22
PAY868C8971,ORD002898,UPI,137598.32,Success,2026-04-06
PAYE071F504,ORD005409,COD,11529.98,Refunded,2025-12-09
PAY49004D78,ORD004309,Credit Card,3417.88,Refunded,2025-10-14
PAY9F9D4170,ORD005667,Net Banking,277816.6,Refunded,2025-02-07
PAY03FE5D9B,ORD003232,Credit Card,2423.94,Refunded,2025-01-03
PAY18C50E27,ORD003671,Wallet,28824.95,Refunded,2026-05-02
PAYB532E7EA,ORD004339,UPI,9846.15,Success,2025-09-02
PAYFA2F5944,ORD000670,Net Banking,14804.92,Success,2025-01-31
PAY0C2A7FC1,ORD002290,COD,7416.87,Refunded,2025-04-05
PAY46049233,ORD000021,Debit Card,3686.04,Success,2025-03-28
PAYB648D322,ORD005585,COD,2052.65,Refunded,2026-05-15
PAY89A7FD6D,ORD002291,Wallet,14338.6,Refunded,2026-06-17
PAY290A70AE,ORD000103,Wallet,5433.76,Failed,2025-06-13
PAYF5E678C0,ORD000341,Wallet,8498.28,Success,2025-05-29
PAYCB3CA58E,ORD003641,UPI,18955.94,Success,2025-10-16
PAY3B71A831,ORD005484,Net Banking,1723.04,Refunded,2025-06-20
PAYC7EA16B0,ORD001115,Debit Card,2001.32,Success,2025-04-19
PAY9E54AB78,ORD001214,COD,0.0,Success,2025-10-08
PAYFF982C69,ORD002392,COD,1192.79,Refunded,2025-09-30
PAY80DCE172,ORD003239,UPI,13584.4,Success,2025-03-14
PAY56144859,ORD004823,Credit Card,23059.96,Refunded,2025-06-18
PAYC52B8509,ORD005209,Wallet,302.64,Success,2025-04-27
PAYDEDE2C16,ORD000226,Debit Card,385.32,Success,2025-12-27
PAY41F65C49,ORD003047,UPI,758.76,Refunded,2026-05-05
PAY80936771,ORD004631,COD,2255.28,Success,2025-05-09
PAY04AF9E48,ORD003928,Debit Card,4832.5,Success,2025-03-13
PAY2CDE6314,ORD005806,Credit Card,11738.74,Refunded,2025-04-20
PAY63CCEE10,ORD004544,UPI,11278.04,Success,2026-07-18
PAY33DC6BFF,ORD001651,COD,11022.3,Success,2025-10-30
PAY1925C1DB,ORD003168,Wallet,25015.1,Success,2026-06-12
PAYBA7A937D,ORD000049,UPI,993.3,Success,2026-01-12
PAY1D2BE193,ORD001810,UPI,25153.53,Refunded,2026-07-14
PAYBC5D72EE,ORD005741,Wallet,7332.63,Success,2025-07-02
PAYC6B2B162,ORD000718,UPI,2746.23,Failed,2026-06-03
PAYA5F55210,ORD003608,COD,68705.44,Success,2026-01-25
PAY2AD3F200,ORD003929,COD,2052.76,Refunded,2025-03-21
PAY6EA9ECC4,ORD002653,Wallet,56867.82,Success,2025-03-30
PAY0ACCA541,ORD001418,UPI,2565.95,Refunded,2025-07-23
PAY154009C3,ORD000677,COD,9776.84,Refunded,2026-03-18
PAY51E6C117,ORD005645,Net Banking,85698.72,Refunded,2025-08-14
PAYE4261A01,ORD005057,Wallet,11022.3,Success,2025-05-14
PAY3F59ECD7,ORD005420,Wallet,1541.28,Success,2025-03-30
PAY4B495D97,ORD005194,COD,8210.6,Refunded,2025-03-02
PAY8CEFB976,ORD000113,Credit Card,4914.72,Success,2025-11-11
PAY6D71B328,ORD002124,Wallet,4870.75,Failed,2026-01-16
PAY649D7DA1,ORD000153,Net Banking,41922.55,Success,2026-04-02
PAY3BFAFA3E,ORD003185,Wallet,21010.12,Success,2025-04-27
PAY6FC2EC65,ORD002081,UPI,4249.14,Success,2025-10-18
PAY17570220,ORD002669,Debit Card,9855.52,Success,2025-10-18
PAY8F431DCE,ORD000651,Wallet,1526.4,Refunded,2025-03-02
PAY726D1240,ORD003120,COD,8210.6,Refunded,2025-06-26
PAYB3D6144C,ORD003344,Credit Card,4925.3,Refunded,2026-07-04
PAY84D07889,ORD005866,Net Banking,224692.36,Refunded,2025-04-12
PAY84128536,ORD000017,UPI,4944.58,Success,2025-07-30
PAY31D02616,ORD000653,Credit Card,955.06,Refunded,2025-04-03
PAYC85CA3C5,ORD003417,Debit Card,27415.8,Failed,2026-07-27
PAYA1F49982,ORD000570,Credit Card,543.32,Success,2026-05-14
PAY37C93806,ORD005537,Credit Card,5463.12,Refunded,2026-03-06
PAY0445E2B5,ORD001957,Debit Card,7003.25,Success,2026-06-28
PAY83EE30C2,ORD004643,Wallet,75823.76,Success,2025-07-29
PAY3AA2C06C,ORD001664,Net Banking,1896.75,Failed,2025-01-12
PAY9339AEF5,ORD002207,Debit Card,3676.92,Success,2026-03-30
PAY195EBF86,ORD000822,Net Banking,67877.43,Refunded,2025-03-11
PAY42B4D09D,ORD002569,COD,14953.5,Success,2026-05-07
PAY91E909CB,ORD002895,UPI,1399.76,Success,2026-03-12
PAYBD9A1985,ORD001710,Wallet,3502.78,Success,2026-03-17
PAY55A8356F,ORD002378,Net Banking,62537.75,Success,2025-05-22
PAY3EFE6F35,ORD000672,Credit Card,4203.28,Success,2026-06-17
PAY545C3074,ORD000066,Net Banking,28677.2,Failed,2026-05-24
PAYC0725D73,ORD003927,Wallet,13309.2,Success,2025-02-02
PAY9D40F2F4,ORD002892,Wallet,10014.3,Success,2025-06-27
PAY43A503A4,ORD003802,Credit Card,37522.65,Refunded,2025-09-23
PAYDFE82890,ORD002027,Wallet,5934.4,Success,2026-07-15
PAYD114CEBF,ORD000129,Credit Card,993.76,Success,2025-11-12
PAY171A0936,ORD002612,UPI,2124.57,Refunded,2025-09-29
PAYC3B577A4,ORD000347,UPI,22625.81,Success,2025-01-27
PAY61388B35,ORD003140,Credit Card,419.4,Refunded,2025-02-16
PAY14358AE1,ORD005751,Debit Card,9863.54,Success,2025-09-30
PAYF342BFAD,ORD004229,Wallet,3314.64,Success,2025-03-16
PAYD1289C9F,ORD004028,UPI,107123.4,Refunded,2025-10-01
PAY90E089FE,ORD002346,Net Banking,11022.3,Success,2025-05-06
PAYC892EF10,ORD002852,UPI,3161.25,Refunded,2026-06-14
PAYC3EAD3E0,ORD000221,UPI,38986.45,Refunded,2025-11-26
PAYDE6CE8C4,ORD001790,Wallet,7797.29,Success,2025-10-04
PAYCA908A7A,ORD004593,UPI,209.7,Success,2025-11-25
PAY13D97F54,ORD001550,Net Banking,38986.45,Refunded,2026-06-08
PAY47D8E437,ORD002157,Wallet,1259.96,Success,2025-12-02
PAY393F7249,ORD004877,COD,3676.92,Refunded,2025-12-26
PAY95C6219E,ORD002829,Net Banking,51529.08,Refunded,2026-05-16
PAY3BC2C06F,ORD001126,UPI,31189.16,Success,2026-05-05
PAY10CFC122,ORD005672,Credit Card,3898.39,Success,2026-06-25
PAY25DBB285,ORD002697,Credit Card,23819.8,Success,2025-12-12
PAY5089F9F9,ORD005446,COD,46954.96,Success,2026-06-02
PAY62A6B019,ORD002623,COD,382.06,Success,2026-04-25
PAY8D3A2D78,ORD003296,Wallet,179503.65,Success,2025-05-13
PAYBD678E46,ORD001264,Debit Card,37522.65,Success,2026-04-09
PAYAE24E240,ORD005558,Credit Card,4259.55,Success,2025-11-02
PAYB5131B30,ORD002591,UPI,382.06,Failed,2026-03-03
PAY5ED46E39,ORD003724,Wallet,46974.96,Success,2025-10-09
PAYBBF8DE44,ORD002847,Credit Card,2955.18,Refunded,2026-01-21
PAY28D38C19,ORD005352,Wallet,4002.64,Success,2025-02-24
PAYDB1DF54C,ORD000750,Wallet,3314.64,Success,2026-04-10
PAY23B09AF1,ORD005450,Net Banking,8726.61,Success,2025-08-02
PAY64A24293,ORD004955,Net Banking,7099.25,Refunded,2025-12-11
PAY6636FB24,ORD003686,Debit Card,2238.56,Success,2026-03-10
PAYA5E8776C,ORD003515,Debit Card,2967.2,Success,2025-10-26
PAYF8B5FE61,ORD005703,UPI,8163.2,Success,2025-12-19
PAY7BDC5D99,ORD004780,UPI,632.25,Success,2025-11-09
PAY15EB865C,ORD005381,COD,861.22,Success,2025-01-15
PAY4E78F090,ORD002362,Credit Card,277816.6,Failed,2026-05-13
PAYA28CDE88,ORD001082,Wallet,299172.75,Success,2026-03-14
PAY2DB856EB,ORD005946,Credit Card,543.32,Failed,2025-09-13
PAY43ED38A8,ORD001353,Net Banking,133.37,Refunded,2025-10-08
PAY75D086FE,ORD004994,COD,1483.6,Success,2025-10-26
PAY7193EB60,ORD004866,Credit Card,1228.68,Refunded,2026-01-08
PAY7D3B348B,ORD002275,Wallet,1678.92,Refunded,2026-07-25
PAY5643FC59,ORD005470,Credit Card,46954.96,Success,2026-03-26
PAY27EDEA04,ORD002830,Credit Card,6447.35,Success,2025-02-18
PAYDF4152F3,ORD000351,Credit Card,8343.38,Refunded,2026-04-13
PAY292E34A5,ORD000897,Net Banking,624.04,Refunded,2025-03-08
PAY861A8755,ORD001595,Credit Card,2238.56,Success,2025-10-08
PAY7F5CD015,ORD003284,COD,559.64,Success,2025-11-23
PAY9EF407F8,ORD004361,Debit Card,3664.82,Success,2026-06-05
PAY28012511,ORD003068,Net Banking,23477.48,Success,2026-04-02
PAY81D5BD91,ORD002974,UPI,635.82,Refunded,2025-09-22
PAYECFE6F50,ORD001893,Credit Card,1637.13,Failed,2026-04-30
PAY625F4551,ORD001908,Credit Card,5679.4,Success,2026-02-15
PAYEC5E76F4,ORD004672,Net Banking,52525.3,Success,2025-06-08
PAYDAC5A891,ORD005217,COD,7039.98,Refunded,2026-02-16
PAY5D82485E,ORD005045,Wallet,94779.7,Refunded,2025-10-13
PAYD79BED98,ORD002369,Net Banking,47185.2,Success,2025-09-30
PAYCDDEA7CA,ORD004925,Net Banking,5619.15,Failed,2025-12-01
PAY23320709,ORD003010,Debit Card,1192.79,Refunded,2026-07-20
PAYF91E0DF4,ORD002354,COD,23477.48,Success,2025-04-27
PAYD5A6FE04,ORD002139,UPI,18324.1,Failed,2025-07-18
PAY61FD89F8,ORD001603,Net Banking,6654.6,Success,2025-06-04
PAY8BB7995A,ORD004854,COD,4897.92,Success,2025-04-02
PAY899496A5,ORD005838,Net Banking,2900.82,Failed,2025-03-10
PAYD6E2E7C5,ORD001743,Credit Card,4271.55,Refunded,2025-05-03
PAYDD8E7745,ORD005156,Net Banking,40685.29,Failed,2025-08-29
PAYD969B5A2,ORD004496,COD,4201.95,Success,2025-03-14
PAY7C47CCBE,ORD000568,Credit Card,656.32,Success,2026-01-14
PAYFD68390D,ORD004953,Debit Card,1324.4,Success,2025-02-20
PAY9C4C447D,ORD004684,COD,2353.56,Failed,2025-12-17
PAY87E156B7,ORD004987,Credit Card,9108.96,Success,2026-05-23
PAY470F7AB5,ORD002944,Wallet,8563.39,Failed,2026-01-03
PAY19539256,ORD001068,COD,10559.97,Success,2025-04-22
PAY3982F3CE,ORD004907,UPI,14659.28,Failed,2026-02-26
PAY4E1F63D3,ORD001224,Net Banking,43015.8,Refunded,2025-08-07
PAYB2821A2F,ORD003918,COD,100130.08,Refunded,2026-02-03
PAY4DBE5016,ORD001472,COD,3161.25,Refunded,2025-07-23
PAY7CF8F2CA,ORD004452,Debit Card,3868.41,Failed,2025-10-20
PAYA73B55DA,ORD001554,Debit Card,3478.16,Success,2025-03-13
PAY0ED1D68C,ORD004484,UPI,8543.1,Success,2025-02-27
PAY51358F0C,ORD004159,Net Banking,8654.45,Failed,2025-01-07
PAYD1425FC7,ORD000211,Wallet,560.65,Failed,2026-02-18
PAYF50A7DE9,ORD001113,COD,19651.68,Success,2026-01-29
PAYA44683D0,ORD003944,Net Banking,331.1,Refunded,2025-06-20
PAYF7AB265A,ORD001548,Net Banking,780.05,Success,2026-02-23
PAY124D1C28,ORD004703,COD,4832.5,Success,2025-08-15
PAY9469BCBA,ORD001187,Wallet,5963.95,Success,2025-12-10
PAYF41CCE70,ORD001035,Credit Card,1083.6,Success,2025-07-12
PAY0A5B0563,ORD004852,COD,5963.95,Success,2026-05-20
PAYF0594A99,ORD002677,Net Banking,4505.15,Refunded,2026-01-02
PAY5B3C5DBD,ORD001242,UPI,1377.51,Success,2026-07-26
PAYD1DB3577,ORD003557,Net Banking,4704.83,Success,2026-01-30
PAY9B46F51B,ORD002745,COD,2981.28,Success,2025-06-24
PAY00337D90,ORD001332,Credit Card,333.84,Success,2026-03-17
PAY00D76884,ORD004752,Debit Card,32150.75,Success,2025-12-31
PAY01E59C4B,ORD004311,Net Banking,3429.7,Success,2025-04-22
PAY42FD4FE7,ORD001099,Debit Card,2153.8,Success,2026-06-22
PAY2CB66904,ORD005319,Wallet,51529.08,Refunded,2025-05-24
PAY04A72773,ORD001335,Credit Card,17599.95,Success,2025-02-16
PAY38147090,ORD005900,Net Banking,328.16,Success,2025-08-19
PAY0A0FBA3A,ORD003271,Wallet,166.92,Success,2026-01-08
PAY3503D6B0,ORD001013,Credit Card,543.32,Failed,2026-07-16
PAYF590D660,ORD000479,Credit Card,1171.74,Success,2026-02-28
PAYD8839A70,ORD001775,Debit Card,24103.8,Failed,2026-04-03
PAY83F2AA20,ORD000408,Debit Card,17126.78,Failed,2025-12-11
PAYF33CFA10,ORD001262,Net Banking,2716.88,Success,2026-05-16
PAY555AF84A,ORD004059,COD,52525.3,Refunded,2025-02-04
PAYFE4BF614,ORD000137,Credit Card,2457.36,Refunded,2025-08-05
PAY9106B1BD,ORD002860,Debit Card,2716.6,Refunded,2026-02-05
PAY126F91CB,ORD002940,Credit Card,1315.4,Refunded,2025-10-03
PAY1A64DD61,ORD004612,UPI,4888.42,Success,2026-03-15
PAYAE5C8AC8,ORD000706,COD,15181.6,Success,2026-06-22
PAY2EC17E8A,ORD005523,Wallet,2255.28,Success,2025-04-13
PAY0932B95D,ORD000571,Debit Card,137598.32,Refunded,2026-05-03
PAY14AD2B29,ORD005353,Debit Card,24103.8,Refunded,2026-06-24
PAY3CE05E4A,ORD001985,Credit Card,953.73,Refunded,2026-01-12
PAY88AB6B60,ORD002810,COD,277816.6,Success,2025-02-23
PAY81CC81B7,ORD001384,Wallet,9466.84,Success,2026-06-06
PAY6F1C9A03,ORD005974,Net Banking,24162.5,Success,2025-11-21
PAYEA9D9920,ORD002426,Credit Card,1289.47,Failed,2026-02-11
PAY9F013683,ORD004808,Credit Card,656.32,Success,2025-11-04
PAYBECCB080,ORD005466,COD,9846.15,Refunded,2026-07-24
PAYE52F6560,ORD005016,UPI,9846.15,Refunded,2026-05-15
PAY457B50B6,ORD003280,COD,1086.64,Success,2026-04-17
PAY09C3FF1A,ORD002763,Credit Card,4622.56,Refunded,2025-05-29
PAY8C794FCD,ORD004300,Debit Card,812.36,Refunded,2025-10-15
PAYE9F309FA,ORD004505,COD,1324.4,Success,2026-07-15
PAYA1E3D956,ORD002668,Credit Card,122055.87,Success,2026-05-13
PAY477CB246,ORD004353,Net Banking,22054.0,Success,2025-01-07
PAY3841CCE7,ORD001092,Credit Card,46806.1,Failed,2025-12-22
PAY22EC3FBC,ORD003428,Net Banking,1517.52,Success,2026-04-06
PAYE0407229,ORD000591,UPI,3758.8,Refunded,2025-02-04
PAY9FA420E9,ORD001747,COD,4622.56,Success,2025-02-12
PAY0D9C257C,ORD000958,Credit Card,81370.58,Success,2025-12-06
PAYFEF37FA7,ORD005469,Wallet,14738.76,Success,2025-12-10
PAY25E73993,ORD003678,Credit Card,429.82,Failed,2025-12-03
PAY5BD37790,ORD004034,Credit Card,19330.0,Success,2025-10-06
PAYE1301FAE,ORD004065,Debit Card,918.34,Failed,2025-08-25
PAYB42F4F45,ORD000402,UPI,5817.74,Failed,2026-05-15
PAY058ECAF7,ORD002733,Net Banking,28083.66,Success,2025-07-02
PAYEAEAE74B,ORD001534,COD,7651.4,Refunded,2026-06-30
PAYC508152D,ORD001116,Wallet,918.34,Success,2025-05-23
PAYEC657B6C,ORD004425,Credit Card,14462.28,Refunded,2025-05-02
PAY09B5E580,ORD004327,Wallet,6789.18,Failed,2025-01-25
PAYF0059F03,ORD004575,Net Banking,28677.2,Success,2025-07-25
PAY558A9CCD,ORD005433,COD,624.04,Failed,2026-01-21
PAYC089DA98,ORD000255,Credit Card,2592.68,Success,2025-02-01
PAYE93E417F,ORD002340,COD,171997.9,Failed,2025-04-20
PAYC16E6B1F,ORD002190,Wallet,8817.84,Success,2026-03-04
PAY96987751,ORD002979,Wallet,33538.04,Success,2026-07-02
PAYA893F061,ORD005953,COD,259.3,Success,2025-08-17
PAYB8391473,ORD001922,UPI,8563.39,Refunded,2026-01-14
PAY8C9850B2,ORD002916,Credit Card,4968.8,Success,2025-11-17
PAY743CE39B,ORD004274,Wallet,1952.9,Success,2026-07-25
PAY7C110E98,ORD005295,Wallet,12361.45,Success,2026-07-07
PAY01CF5023,ORD005560,Credit Card,901.03,Refunded,2025-02-21
PAYB9BE73E5,ORD004294,Net Banking,605.28,Success,2026-02-07
PAYD5730702,ORD004566,Wallet,2463.88,Success,2026-03-30
PAY0D897ACF,ORD000267,COD,10413.72,Success,2026-01-03
PAY9D143AA5,ORD002421,Debit Card,15302.8,Refunded,2025-02-21
PAY99ED3D1B,ORD003242,Net Banking,6463.3,Success,2026-03-02
PAY80249766,ORD004399,Credit Card,92865.35,Success,2026-04-21
PAYA75DB4BA,ORD004531,Credit Card,4081.77,Failed,2026-04-05
PAY06BA6D2C,ORD002843,Wallet,39659.48,Success,2026-06-09
PAY83082B76,ORD001425,Wallet,14059.47,Failed,2026-03-12
PAYB411D474,ORD005160,COD,23667.1,Success,2025-09-26
PAYC954FE13,ORD004115,UPI,7639.35,Success,2026-01-27
PAY07AAFDE5,ORD003931,Credit Card,3444.88,Refunded,2025-10-11
PAY98434638,ORD002424,COD,1007.94,Success,2025-07-16
PAY86197F70,ORD003672,Net Banking,5907.69,Refunded,2026-02-13
PAY09F3ED46,ORD000684,Wallet,459.17,Success,2025-11-09
PAY2676B725,ORD000118,COD,4931.77,Refunded,2025-01-02
PAYC38DB942,ORD000319,UPI,35216.22,Refunded,2025-03-19
PAY23AFA9BE,ORD002168,Net Banking,65669.36,Refunded,2026-06-17
PAY648BE97A,ORD000908,UPI,2204.46,Success,2026-01-04
PAY92552A2C,ORD004419,Credit Card,1674.8,Success,2026-02-02
PAYB9954ADC,ORD001896,Credit Card,16813.12,Success,2026-01-24
PAY3D3943B7,ORD002463,Credit Card,1896.9,Success,2025-08-20
PAYABA80958,ORD001226,Credit Card,1315.4,Refunded,2025-03-18
PAYB9E7E350,ORD001614,COD,15338.55,Refunded,2025-03-16
PAYFEAFA35B,ORD005940,Credit Card,3314.64,Success,2025-03-04
PAY062469ED,ORD005587,UPI,259.3,Refunded,2025-07-26
PAY0315FA59,ORD005050,COD,2546.45,Failed,2025-04-18
PAY3AF9D889,ORD004912,Net Banking,3820.24,Failed,2025-08-07
PAY31C5D4BA,ORD000279,Debit Card,21494.9,Success,2025-09-15
PAYF8F90FAD,ORD003758,UPI,3877.98,Refunded,2026-01-30
PAY04F9719B,ORD005732,UPI,14059.47,Refunded,2025-03-16
PAY62D68325,ORD001050,Net Banking,18324.1,Refunded,2026-03-05
PAY7E3F5D22,ORD004094,UPI,1462.31,Refunded,2025-08-20
PAYFFA616CA,ORD003894,Credit Card,9846.15,Refunded,2026-06-14
PAY513736FA,ORD000659,UPI,4820.76,Failed,2026-04-23
PAY9CDB6A3F,ORD001138,UPI,2798.2,Refunded,2025-11-03
PAY0D2104E8,ORD004492,Debit Card,23477.48,Failed,2025-10-18
PAYD10D1617,ORD002654,UPI,21494.9,Refunded,2025-12-17
PAY90066BE9,ORD004120,COD,14059.47,Success,2026-04-11
PAY1B8ECC0B,ORD000802,Credit Card,58693.7,Failed,2025-11-08
PAYB8E96B76,ORD003137,Credit Card,1896.75,Success,2025-04-30
PAYCECDE2AF,ORD003251,Net Banking,4686.49,Success,2026-07-07
PAY8AAC528E,ORD002195,Debit Card,34253.56,Refunded,2025-09-30
PAY2290DC15,ORD001864,COD,18254.26,Success,2025-04-10
PAY779E8949,ORD003714,Debit Card,3676.92,Success,2025-10-31
PAYC2E0C48E,ORD003319,Net Banking,2346.0,Success,2025-09-09
PAY74B683F3,ORD003794,Net Banking,5849.24,Refunded,2025-01-10
PAY2593B313,ORD000015,COD,4771.16,Success,2025-08-26
PAY5DB8D87F,ORD003640,COD,36684.55,Success,2025-02-06
PAYC8BC852A,ORD000322,Wallet,2839.7,Success,2025-04-20
PAY172D3578,ORD003008,Net Banking,8654.45,Success,2026-03-31
PAY99790A57,ORD000793,Debit Card,4408.92,Failed,2026-01-06
PAYEF718F67,ORD000403,COD,3940.24,Success,2025-03-22
PAYE28183D6,ORD001291,Wallet,907.92,Refunded,2025-04-10
PAYF1188F8C,ORD004434,Wallet,1042.65,Success,2025-06-07
PAYC995D2EA,ORD002465,UPI,90503.24,Success,2025-01-31
PAYEDA46250,ORD005740,Wallet,1511.91,Success,2025-09-19
PAY734C0201,ORD002133,UPI,3635.91,Refunded,2025-06-24
PAY025B4E5F,ORD003351,Debit Card,5679.4,Failed,2025-12-27
PAY85843D71,ORD005710,Debit Card,1091.42,Success,2025-06-12
PAY1885E48B,ORD004673,Wallet,62537.75,Failed,2026-03-27
PAYE4BB5A5D,ORD001186,Credit Card,1723.04,Success,2026-02-25
PAY3A28BBB7,ORD000289,UPI,37911.88,Success,2026-01-23
PAYD2A17368,ORD005849,UPI,7796.78,Refunded,2025-10-17
PAYEC466571,ORD002805,Net Banking,1513.2,Success,2025-12-22
PAY107A81B0,ORD001475,UPI,429.82,Failed,2025-07-06
PAY4EB568D5,ORD005535,Wallet,1541.28,Success,2025-08-17
PAYB224AD18,ORD000332,Credit Card,131431.5,Success,2025-05-15
PAY08619C3D,ORD005609,COD,9108.96,Success,2025-03-08
PAY6EDCED24,ORD000915,UPI,2916.61,Failed,2026-05-27
PAYCDD42B84,ORD004384,Debit Card,19330.0,Success,2025-04-12
PAY31559D5D,ORD001130,Debit Card,19128.5,Success,2026-07-01
PAYD3FA9109,ORD001230,UPI,9889.16,Refunded,2025-10-19
PAYA3A21431,ORD005728,COD,331.1,Refunded,2026-06-08
PAY317DA400,ORD005604,COD,1513.2,Refunded,2025-04-03
PAY58C8B21C,ORD005723,Debit Card,1462.31,Success,2025-08-23
PAY8735CF7D,ORD005985,Net Banking,1483.6,Success,2025-03-03
PAY5BE0AE0D,ORD001733,Debit Card,9905.2,Success,2025-04-12
PAYEDD29E27,ORD004330,Debit Card,305.28,Success,2025-05-23
PAYB6910F65,ORD000905,Wallet,32134.92,Refunded,2026-03-19
PAYF36331B3,ORD001177,Debit Card,4199.28,Success,2026-03-06
PAYB40DCDCE,ORD000476,Debit Card,24103.8,Success,2026-07-03
PAY7E52BF0B,ORD000621,Wallet,5849.24,Success,2026-01-01
PAYCFBD9F0D,ORD002619,Credit Card,207.44,Success,2026-06-02
PAY70F0681D,ORD004352,Debit Card,533.48,Refunded,2025-01-24
PAY6B74CAE8,ORD004222,UPI,7639.35,Failed,2025-08-27
PAY0EF11A3D,ORD003009,Net Banking,4526.12,Refunded,2026-04-25
PAYA84F1CE1,ORD001887,Net Banking,5833.22,Failed,2026-02-20
PAY3DC1891F,ORD000983,Net Banking,112346.18,Success,2025-03-02
PAYE51816AE,ORD005061,COD,751.76,Success,2025-07-01
PAY957F14A9,ORD000326,Net Banking,4171.69,Refunded,2026-05-30
PAY8404A91D,ORD000148,Debit Card,3877.98,Success,2025-10-03
PAY1F7EE702,ORD000080,Credit Card,2916.61,Success,2025-07-30
PAY23688A67,ORD000879,Net Banking,13584.4,Success,2025-05-30
PAY5D266CE4,ORD001717,UPI,160753.75,Refunded,2025-07-01
PAY4186DB75,ORD003127,UPI,1970.12,Refunded,2025-09-09
PAYC3D14CF8,ORD005355,Wallet,16755.29,Success,2026-05-15
PAYBC8E4991,ORD004803,Credit Card,37146.14,Failed,2025-08-22
PAY99EEA139,ORD005646,COD,14114.49,Success,2025-09-14
PAYE1E0429F,ORD005254,COD,46806.1,Refunded,2026-01-30
PAY3A3AC34C,ORD000022,Credit Card,75097.56,Success,2025-04-30
PAY097DADCC,ORD004109,Wallet,834.6,Success,2025-08-11
PAY5ECE2077,ORD001940,Debit Card,1708.94,Failed,2025-02-10
PAY547C8762,ORD004677,Net Banking,15302.8,Failed,2025-12-25
PAY646398E9,ORD002921,UPI,2311.28,Success,2025-05-03
PAYBBBABBC2,ORD004149,UPI,5170.64,Refunded,2025-11-06
PAY18054AD4,ORD000385,Net Banking,51.86,Failed,2025-07-26
PAY494F0100,ORD002308,Debit Card,10867.52,Refunded,2025-01-03
PAY16E01653,ORD002633,Debit Card,2585.32,Failed,2025-07-14
PAYDE232D67,ORD002554,Wallet,18722.44,Refunded,2025-01-15
PAY984A9D22,ORD003974,Credit Card,1371.88,Success,2025-12-27
PAY03A4D78A,ORD001100,Debit Card,98504.04,Success,2026-07-20
PAYD1C52948,ORD002723,Wallet,2757.69,Refunded,2025-09-24
PAYC4B67F33,ORD001477,COD,312.02,Success,2025-11-12
PAY749298E8,ORD005613,Wallet,2149.1,Success,2026-06-12
PAY6C2694EB,ORD005588,Net Banking,51529.08,Success,2025-04-03
PAY08CA9255,ORD003066,COD,233515.92,Refunded,2025-03-21
PAYA8837D9A,ORD000038,UPI,1312.64,Success,2026-04-08
PAY2935DD29,ORD000631,COD,1119.28,Success,2025-07-10
PAY7569DA07,ORD003179,Wallet,560.65,Refunded,2025-10-17
PAYD39D67FA,ORD003828,Net Banking,21016.4,Success,2026-07-02
PAY4D9DBD41,ORD001256,Debit Card,4170.6,Success,2026-02-07
PAY8CD6CB2F,ORD001338,Wallet,1176.78,Refunded,2025-03-20
PAY1BA8B414,ORD004385,Net Banking,14291.88,Success,2025-06-13
PAY1FA8923B,ORD000679,UPI,9105.2,Success,2026-04-27
PAYBBB266EB,ORD004891,Credit Card,96529.65,Success,2026-06-13
PAYBCAABE84,ORD002784,UPI,1719.28,Success,2026-05-31
PAYB8ED3120,ORD004181,Debit Card,2485.98,Success,2025-04-24
PAYAE1BEA86,ORD003200,Net Banking,3444.88,Refunded,2025-01-20
PAY93809BC3,ORD000382,Credit Card,14079.96,Refunded,2025-07-14
PAY1D8F8404,ORD003356,UPI,94779.7,Success,2026-04-29
PAY637DC960,ORD001248,UPI,1802.06,Success,2025-01-17
PAY2943F32D,ORD002793,Net Banking,2485.98,Success,2026-05-25
PAYE3491AE6,ORD001098,Net Banking,56173.09,Success,2025-06-13
PAYEF1FAF64,ORD003092,COD,10505.06,Refunded,2025-06-15
PAY495F49F2,ORD000433,Wallet,42816.95,Failed,2025-06-11
PAYE0B7B7E3,ORD003112,Net Banking,127849.32,Refunded,2025-04-08
PAY1B2B7BD6,ORD003461,Wallet,160882.75,Refunded,2025-01-03
PAY1A87CE45,ORD005517,Credit Card,19727.08,Success,2025-01-15
PAY08556F60,ORD002316,Net Banking,4334.4,Success,2025-03-25
PAY68C37C25,ORD004659,COD,3686.04,Failed,2026-05-17
PAYEAA5B2E8,ORD004245,Net Banking,468.03,Failed,2026-02-01
PAY073E6B40,ORD002335,COD,67877.43,Refunded,2026-07-07
PAYFBB7FEEF,ORD004479,Wallet,9855.52,Success,2025-06-17
PAYF848D045,ORD005552,Debit Card,7402.46,Success,2026-06-01
PAYC53AE764,ORD004324,Debit Card,993.3,Failed,2025-12-02
PAY6BB60CCF,ORD004088,COD,400.11,Failed,2026-04-25
PAY436DBC9E,ORD000545,Wallet,3578.37,Failed,2025-09-21
PAYEFE93ADA,ORD005200,Debit Card,305.28,Success,2026-04-21
PAYDD30186B,ORD003314,Debit Card,1371.88,Refunded,2026-06-13
PAYED617D56,ORD002785,Debit Card,24765.5,Refunded,2026-07-01
PAY00467CDF,ORD005372,COD,19283.04,Refunded,2025-03-31
PAY9C2A2804,ORD005846,UPI,62537.75,Refunded,2025-05-03
PAY9531D004,ORD004116,Wallet,2346.0,Success,2026-07-08
PAY0508E5B7,ORD002961,UPI,1121.3,Refunded,2026-07-07
PAYFB43BA8D,ORD005863,Wallet,19651.68,Success,2025-10-05
PAYD508D511,ORD003456,Net Banking,42849.36,Success,2025-03-29
PAYED7B8056,ORD004333,UPI,11278.04,Success,2025-08-12
PAYA0332B29,ORD001645,Credit Card,3661.64,Success,2025-11-27
PAYB2275D7D,ORD001462,Wallet,3877.98,Success,2026-06-23
PAY9C64B3F7,ORD000722,Net Banking,32134.92,Success,2025-05-17
PAY50A521F1,ORD003354,Debit Card,6789.18,Refunded,2025-03-15
PAYB37B4F10,ORD005368,Credit Card,3758.8,Success,2026-07-07
PAY0FA03820,ORD004838,Wallet,9776.84,Failed,2026-07-23
PAY20756417,ORD004289,UPI,164173.4,Success,2026-04-15
PAY72BED1C0,ORD005803,UPI,166689.96,Success,2026-06-05
PAY9C582821,ORD001655,UPI,37146.14,Refunded,2026-01-19
PAY29E98223,ORD000469,COD,4408.92,Success,2026-03-01
PAY10D5535E,ORD002337,Wallet,4622.56,Failed,2025-02-25
PAY074E6E05,ORD000143,Net Banking,67021.16,Refunded,2025-09-28
PAYE7723116,ORD003628,Debit Card,2990.7,Success,2025-10-04
PAY2BF62E72,ORD003075,Credit Card,2173.28,Failed,2025-07-04
PAY9E424BEA,ORD000134,Credit Card,3429.7,Refunded,2025-03-04
PAYDA81894C,ORD004597,Wallet,8972.1,Failed,2026-04-16
PAYB031C501,ORD004635,Credit Card,1952.9,Success,2025-04-27
PAY54ED5635,ORD005596,Net Banking,13707.9,Refunded,2026-01-18
PAY56C8FDBE,ORD002317,COD,828.66,Failed,2025-12-22
PAY5F51BDDC,ORD003165,Debit Card,2955.18,Refunded,2025-03-25
PAY7BD664BE,ORD000493,COD,1360.59,Failed,2026-04-22
PAY735E204B,ORD002416,UPI,14859.3,Success,2025-09-12
PAYA2FA3154,ORD003268,Credit Card,1292.66,Success,2025-10-24
PAYA8646475,ORD004299,Wallet,32176.55,Success,2025-06-19
PAY0756F4D5,ORD001464,Debit Card,2529.0,Failed,2026-02-12
PAY379C39C5,ORD002516,Wallet,26286.3,Failed,2026-04-25
PAY0F804389,ORD003910,COD,4386.93,Success,2026-03-27
PAY41B22EC2,ORD002484,Credit Card,828.66,Refunded,2026-06-25
PAY82FE0E8E,ORD003561,Debit Card,4061.8,Success,2025-10-12
PAY7B16D79B,ORD004080,COD,34407.7,Failed,2025-08-07
PAYA8669544,ORD004178,Net Banking,4577.05,Refunded,2025-04-16
PAY6A956617,ORD000273,UPI,17176.36,Success,2025-09-02
PAY8342EF61,ORD004045,Debit Card,14114.49,Refunded,2025-10-04
PAYFA11E3BB,ORD001700,COD,1969.23,Success,2025-06-25
PAY843D832C,ORD002832,Wallet,1503.52,Success,2026-01-10
PAYEC637147,ORD003960,Credit Card,4259.55,Success,2025-07-20
PAY06EB80F9,ORD001866,Debit Card,2437.08,Success,2025-02-05
PAY50C49623,ORD001955,Wallet,33538.04,Success,2026-04-02
PAY3F7A7D20,ORD003769,Wallet,42816.95,Success,2025-06-29
PAY2DB33B74,ORD002926,UPI,68815.4,Success,2025-08-08
PAY20B0C3DE,ORD005081,COD,12361.45,Success,2026-07-04
PAY9EA03A59,ORD004798,Wallet,10225.7,Success,2025-05-07
PAY9FF7F6FC,ORD000937,Net Banking,2295.85,Refunded,2025-09-06
PAY3C356773,ORD001823,UPI,2242.6,Success,2026-01-14
PAY37F128BA,ORD004497,Credit Card,4272.35,Refunded,2026-07-22
PAY06E91895,ORD002814,COD,18722.44,Refunded,2025-02-14
PAYE1FDFBC3,ORD003037,COD,1830.82,Success,2026-01-28
PAY0D471F26,ORD004846,Credit Card,14583.05,Success,2025-08-19
PAYA4B28838,ORD002064,Debit Card,3664.82,Success,2025-12-09
PAYC48BF876,ORD005742,Debit Card,22625.81,Success,2026-01-01
PAY97543E03,ORD000580,COD,4199.28,Failed,2025-08-24
PAY094C9911,ORD001873,COD,21010.12,Failed,2025-08-29
PAYC6B7CB61,ORD003935,Wallet,42816.95,Failed,2025-01-17
PAYB48F91B6,ORD005858,Wallet,11529.98,Success,2025-01-01
PAY72EAF3F7,ORD005676,COD,17195.92,Failed,2026-06-06
PAY460358E9,ORD004628,Net Banking,31515.18,Failed,2025-10-15
PAY73C893F5,ORD004526,COD,6157.95,Refunded,2026-06-07
PAYF9521631,ORD005316,Credit Card,14059.47,Refunded,2026-03-27
PAY3BB55E1F,ORD004395,Net Banking,9855.52,Success,2026-03-30
PAYB22C2AC3,ORD000182,UPI,15181.6,Refunded,2026-06-21
PAYE3C01F6F,ORD002908,Wallet,3940.24,Failed,2025-07-29
PAYD80F0B36,ORD005899,Debit Card,40168.65,Refunded,2025-03-11
PAYF35C5141,ORD002582,Net Banking,1624.72,Refunded,2025-04-02
PAYB55E8597,ORD000604,Debit Card,6063.96,Success,2025-07-12
PAY7FA05202,ORD002326,COD,74292.28,Success,2025-09-12
PAYC3D06835,ORD004679,COD,666.85,Success,2025-08-20
PAY84FE1A2E,ORD003027,UPI,9905.2,Refunded,2025-04-14
PAY3A1E291F,ORD002924,Wallet,32176.55,Failed,2025-05-29
PAYCA8F8F5D,ORD005507,UPI,162741.16,Failed,2026-02-28
PAYD051256A,ORD004990,UPI,2002.86,Success,2025-12-28
PAY34E567E0,ORD003507,Net Banking,545.71,Success,2026-02-15
PAYBE2AB433,ORD004517,Credit Card,7284.16,Success,2025-05-20
PAY98207A48,ORD001508,Debit Card,1210.56,Success,2025-03-26
PAY3AC341E1,ORD003633,Wallet,3417.88,Success,2026-01-26
PAY5DAE1377,ORD003464,Net Banking,68705.44,Refunded,2025-12-10
PAY13FD25FD,ORD002257,Net Banking,635.82,Success,2026-06-30
PAYC31C4ED1,ORD001791,COD,1221.12,Success,2026-02-21
PAYF7CA6019,ORD005019,Credit Card,955.15,Success,2025-08-24
PAYCE6D6340,ORD003595,COD,624.04,Refunded,2026-05-26
PAY5971C73E,ORD002140,Wallet,116757.96,Success,2025-06-08
PAYB3D3F471,ORD005654,Credit Card,23667.1,Refunded,2025-06-30
PAY116385F0,ORD002073,Debit Card,4952.6,Success,2026-02-09
PAYD4621F96,ORD001487,UPI,1419.85,Failed,2025-06-12
PAYDEEEE171,ORD001756,Debit Card,4968.8,Refunded,2026-01-31
PAY2F438C62,ORD005296,COD,7039.98,Success,2026-02-22
PAY3F067394,ORD001905,COD,2463.88,Success,2026-03-25
PAYB1FD3F94,ORD000186,UPI,6802.95,Success,2025-02-19
PAY11EAFBC2,ORD003187,COD,5795.2,Success,2025-02-17
PAY0F21640B,ORD000093,UPI,2295.85,Refunded,2025-09-23
PAY663CCE48,ORD002768,Credit Card,4526.12,Refunded,2026-03-19
PAY14B3AEA2,ORD004143,Credit Card,5092.9,Refunded,2025-12-16
PAY42681836,ORD003957,Credit Card,5206.86,Failed,2025-02-23
PAY845D9B74,ORD001915,COD,0.0,Success,2025-06-26
PAYEF0C25B4,ORD005575,Net Banking,1896.75,Refunded,2026-02-08
PAY40668B51,ORD000238,Net Banking,2990.7,Success,2025-06-07
PAYEA73DDAE,ORD005144,COD,56867.82,Refunded,2025-10-29
PAY33987820,ORD004728,Wallet,16769.02,Refunded,2025-10-06
PAY4A978C82,ORD004126,Debit Card,2153.8,Refunded,2026-01-04
PAY82F0DE64,ORD000377,Credit Card,4870.75,Success,2025-10-29
PAY0DD52F0A,ORD005776,Net Banking,16769.02,Success,2026-04-06
PAYF2393D51,ORD002021,COD,2563.41,Success,2025-07-08
PAYA00A3289,ORD001533,Net Banking,1511.91,Refunded,2026-04-01
PAYEADC7AA2,ORD002952,Net Banking,17086.2,Success,2025-09-08
PAYDF47563C,ORD004056,Debit Card,1042.65,Success,2025-05-06
PAY23880FE2,ORD001910,Debit Card,2697.87,Success,2026-07-25
PAYB43B35AA,ORD003110,Debit Card,62537.75,Refunded,2026-05-10
PAYDF293439,ORD003049,Debit Card,11278.04,Success,2026-06-26
PAY2B199CFD,ORD005172,Net Banking,8597.96,Success,2025-08-07
PAYFE9C4849,ORD005679,Credit Card,3877.98,Failed,2026-03-25
PAY30ED8791,ORD000490,Credit Card,68660.05,Success,2026-03-31
PAY9C818A31,ORD000443,Debit Card,7418.0,Refunded,2026-01-25
PAY6D44A2DB,ORD002738,Debit Card,3898.39,Refunded,2026-07-07
PAY240DDE01,ORD003034,Net Banking,4763.96,Success,2025-05-18
PAY1793F835,ORD002186,COD,993.3,Success,2025-01-22
PAYC9632F5F,ORD000307,COD,28677.2,Failed,2026-06-15
PAY42118B98,ORD002685,Credit Card,12814.65,Success,2026-04-07
PAY99E09156,ORD004624,UPI,9776.84,Failed,2025-01-23
PAY939FE5EB,ORD004388,Debit Card,15302.8,Failed,2025-06-28
PAYEA96EBC6,ORD004340,Net Banking,18804.24,Success,2026-04-19
PAY425FC606,ORD004972,Credit Card,168519.27,Refunded,2025-07-10
PAY47CCE675,ORD005848,Credit Card,1526.4,Success,2025-01-13
PAYBAE521C9,ORD002625,UPI,1589.55,Success,2025-02-16
PAY60816DBF,ORD005003,Net Banking,164173.4,Success,2026-02-21
PAY796CAD8A,ORD003375,Net Banking,12732.25,Refunded,2025-11-24
PAY37419D22,ORD005380,COD,2908.87,Success,2025-02-27
PAY8434A99B,ORD004214,Credit Card,2563.41,Failed,2025-04-14
PAY150DC15F,ORD004068,COD,14114.49,Refunded,2026-05-07
PAY1F04FBAC,ORD004087,Debit Card,28677.2,Success,2025-01-02
PAYDD3DDDED,ORD005995,Credit Card,1674.8,Success,2025-09-11
PAYE8161C16,ORD005196,Credit Card,4002.64,Success,2025-09-06
PAYBCA4CC92,ORD001754,COD,23487.48,Success,2025-04-17
PAY22BF755A,ORD005571,Debit Card,781.16,Refunded,2025-08-23
PAYA2CAD4F9,ORD000552,Credit Card,10014.3,Refunded,2026-05-18
PAY708BD2FE,ORD002025,Net Banking,34352.72,Success,2025-08-05
PAYE79BDB1D,ORD004754,Debit Card,68705.44,Refunded,2026-05-20
PAY34A09900,ORD002060,Debit Card,2697.87,Success,2026-07-20
PAYFAC8C680,ORD004584,Wallet,419.4,Failed,2025-04-29
PAY130EF04A,ORD004878,Credit Card,7252.05,Refunded,2026-04-01
PAY68867CCB,ORD001494,Wallet,14673.82,Success,2025-05-23
PAYD76E8D28,ORD002503,Credit Card,52572.6,Success,2025-09-26
PAYA735FC69,ORD003602,Credit Card,5883.9,Success,2025-12-31
PAY14144C96,ORD003290,Wallet,19283.04,Failed,2026-01-25
PAY8E9C93BD,ORD003836,Credit Card,15593.56,Failed,2025-05-04
PAY913A3DFE,ORD005653,UPI,68705.44,Failed,2026-07-01
PAYDF1CCFD0,ORD004704,Credit Card,2093.5,Success,2025-08-11
PAY18EA3D3B,ORD001690,Net Banking,18933.68,Success,2025-04-17
PAYFD3CAB25,ORD004595,Net Banking,2182.84,Failed,2025-03-20
PAY5F1FAE3C,ORD004478,Wallet,1091.42,Success,2025-01-13
PAYCCD5B136,ORD005522,Net Banking,107123.4,Success,2026-04-26
PAY4D56DEB5,ORD004693,Net Banking,116757.96,Success,2025-07-15
PAYA3387B47,ORD004271,Debit Card,314.99,Refunded,2025-12-11
PAYACB8F60F,ORD002440,Debit Card,4271.16,Success,2025-09-29
PAYAB93910F,ORD004187,Wallet,1838.46,Success,2026-01-21
PAYBFFB987E,ORD001405,UPI,3240.85,Refunded,2025-08-29
PAY23654787,ORD004152,Credit Card,1423.72,Success,2025-09-13
PAY42BB8DBF,ORD005107,Wallet,2703.09,Refunded,2025-04-23
PAY4EDED70F,ORD005068,COD,207.44,Failed,2025-06-25
PAY9EDE6E57,ORD001296,Net Banking,5170.64,Success,2025-02-26
PAY72C03D47,ORD002580,Debit Card,83776.45,Refunded,2025-08-25
PAY7CAE57AA,ORD000496,Wallet,1564.0,Refunded,2025-12-05
PAY35779FBE,ORD001993,Debit Card,1589.55,Success,2025-06-09
PAY06213CD2,ORD002855,Debit Card,2578.94,Success,2025-05-27
PAYADE9CDBE,ORD000730,Credit Card,2583.66,Success,2025-07-13
PAY68FD0241,ORD000708,Net Banking,15594.58,Success,2026-03-10
PAY3B389D8D,ORD003412,Debit Card,175136.94,Refunded,2026-03-13
PAY9944C773,ORD001112,Debit Card,3478.16,Success,2026-02-17
PAY58A5B6C3,ORD000111,Credit Card,9466.84,Success,2026-03-24
PAY45070A7B,ORD002134,UPI,7418.0,Success,2025-02-10
PAY42AFD02A,ORD001663,UPI,5883.9,Failed,2025-06-05
PAYBD0DBC18,ORD005903,Credit Card,1289.47,Success,2025-10-15
PAYEBCB1DE6,ORD001134,Debit Card,3265.28,Success,2025-02-27
PAY8CAB8839,ORD003148,UPI,1052.32,Refunded,2025-06-27
PAYC5EA47D5,ORD000167,Credit Card,573.09,Refunded,2025-08-16
PAYEAD8484F,ORD005046,UPI,39659.48,Refunded,2025-07-21
PAY343B5280,ORD001261,Debit Card,155.58,Success,2025-03-20
PAY78885CC6,ORD005814,Wallet,10413.72,Success,2025-05-19
PAY0B0258C9,ORD004057,Credit Card,4912.92,Success,2025-03-21
PAY22AC35B7,ORD001223,Net Banking,25690.17,Failed,2025-05-06
PAYB39BE75C,ORD001040,Debit Card,11695.17,Success,2026-06-08
PAYF491FDA7,ORD002875,COD,58693.7,Success,2025-09-09
PAY21C192ED,ORD000358,UPI,4386.93,Success,2025-03-23
PAY439D6FB4,ORD004962,Net Banking,24763.0,Refunded,2025-09-06
PAYCC7A7010,ORD003712,Credit Card,75097.56,Success,2026-07-03
PAYAC8ADF2D,ORD002545,Debit Card,1375.21,Refunded,2025-09-05
PAYF9F8FD5C,ORD005915,COD,4763.96,Success,2025-07-04
PAY99BF2B9B,ORD003131,Wallet,3975.04,Refunded,2025-05-13
PAY828341D2,ORD003040,Net Banking,68705.44,Refunded,2025-05-06
PAYA7E21B02,ORD001403,Debit Card,70.6,Success,2026-03-21
PAY8E053324,ORD000803,COD,1315.4,Success,2025-05-31
PAYD75D2437,ORD005219,Debit Card,52572.6,Success,2025-05-17
PAYC8FACBC8,ORD000527,Debit Card,122055.87,Success,2026-05-12
PAY2445B4A9,ORD005417,COD,7118.6,Refunded,2026-07-17
PAY71A1889B,ORD002982,Net Banking,23477.48,Success,2025-05-14
PAY2962FEC0,ORD002194,Debit Card,2728.55,Success,2025-05-31
PAY67F42529,ORD004723,COD,133.37,Success,2026-03-29
PAY09833348,ORD001574,COD,1562.32,Success,2025-04-12
PAY1A021EC4,ORD003050,COD,5157.88,Refunded,2025-01-31
PAY5FAB503E,ORD003347,Wallet,5981.4,Success,2026-02-09
PAY7CF8347F,ORD001521,Credit Card,127849.32,Success,2025-12-20
PAYC75C47BA,ORD003798,UPI,430.76,Failed,2026-03-21
PAY3E500FF5,ORD003682,Net Banking,1574.95,Success,2025-07-31
PAY2101D2AB,ORD005598,Wallet,24101.19,Success,2026-07-26
PAY08696256,ORD004010,Net Banking,503.97,Refunded,2026-01-02
PAY8E76F2C3,ORD004789,Credit Card,4952.6,Refunded,2026-02-10
PAY79673908,ORD003202,Wallet,32134.92,Refunded,2025-03-02
PAY5CD4CAD3,ORD002574,Net Banking,7336.91,Success,2025-03-09
PAY839858DC,ORD002586,Debit Card,6789.18,Failed,2026-02-20
PAY57A376D3,ORD002943,Credit Card,1423.72,Refunded,2025-06-20
PAYD47B38D9,ORD000674,Net Banking,172038.5,Success,2026-07-14
PAY94E45B10,ORD003299,Credit Card,2423.94,Success,2025-04-10
PAYD85DAA33,ORD000139,Debit Card,18955.94,Refunded,2026-02-02
PAY2F2C007E,ORD003844,UPI,9906.2,Failed,2025-04-19
PAYDEDB9A98,ORD003734,UPI,629.98,Refunded,2025-10-31
PAYB2EDDDA4,ORD000987,COD,8406.56,Refunded,2026-06-19
PAY92A53EA5,ORD000920,Wallet,12507.55,Refunded,2025-06-25
PAY05FF5541,ORD002621,Wallet,203426.45,Refunded,2026-02-25
PAYD96D32CD,ORD002474,Net Banking,160882.75,Success,2025-11-20
PAYCE91CF36,ORD003763,UPI,1624.72,Refunded,2025-12-11
PAYB523884A,ORD002945,Debit Card,59834.55,Refunded,2025-01-19
PAYA3D0F2EB,ORD002976,Credit Card,4386.93,Success,2026-01-28
PAY19346FC1,ORD005111,Credit Card,11666.44,Refunded,2026-05-31
PAY94F81928,ORD002754,COD,9409.66,Refunded,2025-03-07
PAY6D989E3D,ORD003613,Debit Card,4622.56,Success,2025-07-07
PAY54BD2231,ORD005888,Debit Card,3676.92,Success,2026-04-07
PAY8E2E0C95,ORD003500,Credit Card,1155.96,Success,2025-05-28
PAYBCDC8E45,ORD000096,UPI,2592.68,Success,2025-06-26
PAYEC86714B,ORD003381,COD,35709.45,Success,2025-04-05
PAY23D91DC0,ORD001665,COD,1503.52,Failed,2026-03-25
PAY0646FDC5,ORD001246,Credit Card,4386.93,Failed,2026-01-30
PAY3C3DD3EF,ORD005257,Wallet,3898.39,Success,2026-07-24
PAYFB25383B,ORD003118,COD,3461.78,Success,2025-06-26
PAYA8549573,ORD003447,Net Banking,24658.85,Success,2026-02-13
PAY92496EFA,ORD004627,Credit Card,35709.45,Success,2025-01-28
PAYE6107B42,ORD003793,UPI,1399.76,Success,2026-02-01
PAY5FE6C3E7,ORD001466,Wallet,4914.72,Success,2026-07-13
PAY7FB024F1,ORD001094,Debit Card,17176.36,Failed,2025-06-20
PAY3F86179F,ORD005855,Net Banking,83776.45,Refunded,2026-06-21
PAY56DC8420,ORD002803,Wallet,3461.78,Success,2025-02-12
PAY5A7EE51E,ORD002859,Credit Card,14738.76,Success,2025-07-31
PAY2B253BC0,ORD003622,Net Banking,8821.6,Refunded,2025-04-23
PAYD3CD2CD9,ORD000488,Net Banking,429.82,Success,2026-07-28
PAY95FC3408,ORD003357,Debit Card,7244.0,Refunded,2026-02-21
PAY4171669B,ORD002729,Debit Card,764.12,Refunded,2025-03-20
PAY66A8A3C1,ORD003796,Wallet,47185.2,Refunded,2026-05-09
PAY73D0453D,ORD000042,Wallet,39659.48,Failed,2025-04-12
PAY7B588674,ORD001170,Debit Card,23592.6,Success,2026-05-03
PAY21F99ECC,ORD003233,COD,24564.6,Refunded,2026-03-17
PAY6F0DC627,ORD002315,Net Banking,59834.55,Refunded,2025-07-26
PAY8688C48D,ORD005040,Net Banking,15302.8,Success,2026-01-13
PAY57DA0428,ORD002299,Wallet,18804.24,Failed,2025-08-09
PAY72491BBB,ORD003159,COD,12221.05,Refunded,2025-04-23
PAY132B98B3,ORD001931,Net Banking,6072.64,Refunded,2025-05-01
PAY99707CEF,ORD000616,Credit Card,25690.17,Success,2026-04-05
PAY4C755B29,ORD005951,Credit Card,1026.38,Success,2026-07-14
PAYC9BBE904,ORD003090,COD,65669.36,Refunded,2026-02-08
PAY29EC9423,ORD005307,Credit Card,11477.1,Success,2025-03-10
PAY11655AEC,ORD002273,Debit Card,299172.75,Success,2025-05-15
PAY0DFA9FA7,ORD002526,Wallet,317.91,Success,2025-02-13
PAYFCBA9B26,ORD000119,Debit Card,9906.2,Refunded,2026-02-28
PAY820F95A9,ORD002880,Net Banking,19651.68,Refunded,2025-10-25
PAY5A8F88B9,ORD005089,UPI,573.09,Refunded,2026-04-15
PAYBFFB5D3C,ORD003121,UPI,18722.44,Success,2025-01-14
PAYD0BFF151,ORD000165,Debit Card,1007.94,Success,2025-01-27
PAY9D64F787,ORD005073,Wallet,2922.45,Refunded,2025-02-26
PAYEBA43197,ORD005129,Net Banking,6802.95,Refunded,2025-08-01
PAY030168DE,ORD000854,Wallet,1292.66,Success,2025-08-15
PAYFEAF16C7,ORD004895,Net Banking,24162.5,Failed,2026-05-01
PAYB9925A74,ORD001720,UPI,54928.04,Success,2026-07-16
PAYD2BEACD4,ORD005506,Credit Card,328.16,Refunded,2026-03-12
PAY14CDD871,ORD001164,UPI,1836.68,Success,2026-06-03
PAY553353C3,ORD002470,UPI,14295.1,Failed,2025-01-12
PAY00CF04C6,ORD001760,Credit Card,3249.44,Success,2025-11-04
PAY8336BE44,ORD004050,Credit Card,14953.5,Failed,2025-09-26
PAY2342029C,ORD003115,Debit Card,42849.36,Success,2026-02-19
PAYE7773BFF,ORD003768,COD,4526.12,Refunded,2026-01-14
PAY3DB3AF92,ORD000057,Net Banking,22054.0,Success,2025-01-13
PAY422E7F76,ORD003256,COD,1944.51,Refunded,2026-03-24
PAY2C6CFF4F,ORD004510,UPI,14291.88,Success,2025-10-13
PAY5D47F19F,ORD004766,Debit Card,23505.3,Success,2025-03-25
PAY3567D3F5,ORD004666,Net Banking,1896.9,Success,2025-08-09
PAYD966D001,ORD002804,Debit Card,20858.45,Success,2025-08-31
PAY1E1BA06C,ORD003033,Wallet,1802.06,Success,2026-07-14
PAY9F659D30,ORD004698,COD,71475.5,Refunded,2025-01-17
PAY0F312004,ORD003835,Debit Card,1910.12,Refunded,2025-06-25
PAYAD962A0C,ORD004039,Wallet,5157.88,Success,2026-02-19
PAY98934C30,ORD000219,Credit Card,629.98,Success,2026-05-26
PAY95BBE1F3,ORD002347,Credit Card,16636.5,Failed,2025-08-24
PAY7D3752C4,ORD002218,COD,2353.56,Failed,2025-08-12
PAYCFA81516,ORD002370,UPI,52572.6,Success,2026-06-12
PAYA4F57CE7,ORD004578,Credit Card,9127.13,Success,2025-01-28
PAYBCEBB6E0,ORD002675,COD,5849.24,Refunded,2025-07-23
PAY61DF8329,ORD004203,UPI,4334.4,Success,2025-11-29
PAYC054103C,ORD000174,Net Banking,1657.32,Refunded,2025-11-20
PAYBA421D73,ORD005695,UPI,10994.46,Refunded,2025-12-19
PAYB199360C,ORD005833,Credit Card,2247.66,Refunded,2025-07-15
PAYAA777604,ORD000980,Debit Card,4203.28,Refunded,2026-03-04
PAYE4E46D2B,ORD000128,Credit Card,4203.28,Success,2025-07-31
PAY690ACD57,ORD000938,UPI,1423.72,Success,2025-04-13
PAYF12399F2,ORD000297,Net Banking,19283.04,Success,2026-01-06
PAYB3B04823,ORD003213,Net Banking,29347.64,Refunded,2025-07-08
PAYBF34F329,ORD004992,Debit Card,2750.42,Success,2026-03-01
PAY0773480B,ORD005498,UPI,2585.32,Success,2025-09-17
PAYDDFCF609,ORD005701,UPI,29347.64,Refunded,2025-06-14
PAY69F4F409,ORD000546,Debit Card,23391.87,Success,2025-03-03
PAYC74F19ED,ORD000584,Wallet,18933.68,Refunded,2025-07-18
PAY31607DBB,ORD005884,Debit Card,2093.5,Success,2025-06-27
PAY150A7B4E,ORD001174,Wallet,51.86,Success,2025-05-26
PAYA2093186,ORD004844,Net Banking,18745.96,Success,2025-12-26
PAY69EC34B2,ORD002217,Debit Card,1674.8,Success,2026-07-14
PAYD582205E,ORD004190,COD,3758.8,Success,2026-03-05
PAY171950B6,ORD005808,COD,59834.55,Success,2025-10-28
PAY8D3F4B80,ORD000510,UPI,1289.47,Success,2026-07-28
PAY87D8DA0D,ORD005225,Net Banking,8726.61,Refunded,2025-10-20
PAY7ECB7DAB,ORD004238,UPI,58693.7,Refunded,2026-07-04
PAY669B90DD,ORD005879,Credit Card,18324.1,Refunded,2025-03-16
PAY6F0965AF,ORD002448,Net Banking,4171.69,Refunded,2025-03-10
PAY3FB2ADE1,ORD001819,Net Banking,107123.4,Success,2025-10-24
PAYA7F307D8,ORD002205,Credit Card,64353.1,Failed,2026-06-19
PAYCA0CD1BF,ORD004607,COD,10622.85,Success,2026-06-23
PAY928E79F2,ORD002127,COD,64274.04,Success,2026-05-18
PAY0888C0C5,ORD003550,COD,2015.88,Success,2025-05-30
PAY104B480E,ORD004946,Net Banking,6059.85,Success,2025-10-19
PAY1A77D0E3,ORD000877,COD,14544.35,Success,2026-04-01
PAY71F6D08E,ORD003321,Debit Card,1722.44,Success,2025-03-19
PAY810264D5,ORD001972,Wallet,68705.44,Failed,2025-05-10
PAYFDBABE4D,ORD004868,COD,751.76,Success,2026-01-08
PAY8402E352,ORD003926,Credit Card,2563.41,Refunded,2025-09-09
PAY3EAF7D38,ORD004626,COD,3240.85,Success,2025-09-19
PAY3B6C0114,ORD001106,COD,2716.88,Success,2026-01-27
PAYA939239B,ORD003873,Wallet,610.56,Success,2025-10-04
PAY5F5BE3BB,ORD005113,UPI,280865.45,Refunded,2025-05-08
PAY31EDC037,ORD001038,Credit Card,1296.34,Success,2026-02-14
PAYA384CECC,ORD001676,Credit Card,19812.4,Success,2025-02-10
PAYBF3185E2,ORD003911,UPI,158637.92,Success,2025-08-14
PAY782878DD,ORD004537,UPI,166.92,Success,2025-09-07
PAYE21686D9,ORD001695,Net Banking,23059.96,Refunded,2026-02-01
PAY052D0D74,ORD000001,Net Banking,22625.81,Success,2026-04-18
PAY833DE30F,ORD003788,Net Banking,100130.08,Success,2026-07-09
PAY59FB60F3,ORD005583,UPI,17195.92,Failed,2026-05-11
PAY1AF04863,ORD005337,Debit Card,14079.96,Success,2025-09-14
PAY99AC673F,ORD001580,Credit Card,1836.68,Success,2025-07-22
PAY1C3B2B20,ORD005411,UPI,17126.78,Failed,2025-05-27
PAYDC6E5064,ORD004279,Credit Card,4704.83,Success,2025-04-23
PAY66FA58FB,ORD000748,Wallet,328.16,Refunded,2025-09-10
PAYB7C31A1E,ORD004076,Wallet,459.17,Success,2026-05-16
PAY4E1DBCA2,ORD002835,Debit Card,12814.65,Success,2025-07-28
PAY0A2B05DD,ORD003907,COD,2578.94,Failed,2026-03-09
PAY98F727A6,ORD003117,Debit Card,1511.91,Refunded,2025-03-24
PAY8796A5B0,ORD002473,Net Banking,24765.5,Success,2025-05-22
PAY8A92407F,ORD001486,COD,1155.96,Success,2026-01-22
PAYDC961383,ORD004997,Debit Card,9825.84,Failed,2025-08-18
PAY5F4C100F,ORD000682,Net Banking,2716.88,Failed,2025-12-16
PAYAB188077,ORD000209,Credit Card,1083.6,Success,2026-04-16
PAYF30CFA17,ORD004618,COD,33510.58,Refunded,2026-03-29
PAYC99D1C5F,ORD002215,Wallet,331.1,Refunded,2025-06-17
PAYD32A2262,ORD003948,Credit Card,4199.28,Success,2026-03-05
PAYEDF4E6EF,ORD003080,Debit Card,8033.73,Refunded,2026-06-02
PAYE678EA95,ORD003813,Wallet,993.3,Failed,2025-07-10
PAY4B9FE895,ORD000639,UPI,3868.41,Success,2026-01-05
PAY36B83182,ORD004686,UPI,160882.75,Refunded,2025-08-02
PAY92015B4E,ORD004554,Credit Card,125162.6,Success,2025-09-26
PAYC23B67F8,ORD006000,Debit Card,40685.29,Success,2025-01-18
PAYE7B5AA74,ORD005700,Wallet,116757.96,Refunded,2026-04-21
PAY5C471DBB,ORD001818,Net Banking,179503.65,Failed,2025-04-19
PAY7AA4CBFA,ORD002725,COD,8343.38,Success,2026-07-04
PAYB0CA617A,ORD000414,COD,122055.87,Success,2025-06-23
PAY314426E5,ORD004276,COD,25015.1,Success,2025-01-16
PAY5336628D,ORD004856,Credit Card,207.44,Failed,2026-05-19
PAY25BE2541,ORD002178,Debit Card,107123.4,Refunded,2026-06-26
PAYEE2C962E,ORD002837,Debit Card,4953.1,Failed,2025-03-12
PAY38876E0A,ORD000420,Credit Card,7336.91,Failed,2025-09-19
PAY98DD3E92,ORD000747,Debit Card,12319.4,Success,2025-08-06
PAYBA9EA842,ORD002461,Net Banking,1678.92,Success,2026-01-21
PAY35208425,ORD001361,Debit Card,17294.97,Success,2025-02-12
PAY81E55E34,ORD003245,Wallet,16755.29,Refunded,2025-10-02
PAY2B9A1D2A,ORD005578,COD,10559.97,Refunded,2025-12-05
PAY1E48C72D,ORD002094,Credit Card,2799.52,Success,2025-11-29
PAY5422E2A2,ORD005964,COD,15593.56,Success,2025-10-30
PAYC034F017,ORD000821,UPI,118978.44,Failed,2025-10-18
PAY715A8F0C,ORD001916,Credit Card,8563.39,Success,2026-05-05
PAY65880472,ORD001670,Net Banking,993.3,Refunded,2025-10-10
PAY32D9A65E,ORD003651,Net Banking,2922.45,Refunded,2026-06-18
PAY8B02F70D,ORD005926,Net Banking,1910.12,Success,2026-02-01
PAY7452F120,ORD002752,Debit Card,21357.75,Failed,2026-06-11
PAYC5BED706,ORD005070,Wallet,5213.25,Refunded,2025-07-21
PAY04B952E8,ORD001029,COD,131431.5,Success,2025-07-04
PAYA6A216EE,ORD001630,Credit Card,2311.28,Refunded,2025-07-01
PAY9C809F99,ORD001147,Credit Card,1450.41,Refunded,2025-09-03
PAY56DBB148,ORD002137,Credit Card,4707.12,Success,2025-09-16
PAY223E355C,ORD005387,Credit Card,16636.5,Success,2025-10-19
PAY6952A0F9,ORD004857,Net Banking,33538.04,Failed,2025-04-28
PAY33A270D7,ORD001546,COD,5206.86,Refunded,2025-04-11
PAY8ED1C79E,ORD004409,Net Banking,14338.6,Success,2026-04-27
PAYEA8204C1,ORD005324,UPI,5463.12,Success,2025-02-11
PAYBDE63388,ORD005614,Wallet,8011.44,Refunded,2025-12-04
PAY79903675,ORD000596,Credit Card,2603.43,Success,2025-03-14
PAYB9DC55E2,ORD004000,COD,34269.75,Success,2025-12-18
PAY6554EEF0,ORD003616,UPI,4870.75,Refunded,2025-10-28
PAY8EB0A8FC,ORD002864,COD,9665.0,Success,2025-04-18
PAYED99444D,ORD005429,Net Banking,869.54,Refunded,2026-07-17
PAY0D1D595C,ORD000295,Debit Card,1377.51,Success,2026-07-11
PAYC9ADE016,ORD003577,Wallet,629.1,Failed,2025-07-05
PAY6B9A20EB,ORD001030,Debit Card,1176.78,Success,2025-05-12
PAYEE1B2098,ORD002125,Wallet,19283.04,Success,2025-04-28
PAY3AE5BDD6,ORD001449,UPI,5963.95,Refunded,2025-11-10
PAY04C07C0A,ORD001142,UPI,2743.76,Refunded,2025-06-10
PAY4CEE46D0,ORD002248,Net Banking,4081.77,Refunded,2026-06-21
PAY1C6CA178,ORD004291,COD,11278.04,Success,2026-04-14
PAY9DCC2080,ORD002522,COD,2798.2,Success,2025-02-18
PAY2F819711,ORD002450,COD,1589.55,Success,2026-05-31
PAYFB296FD2,ORD001297,COD,5817.74,Success,2025-08-29
PAYF9A0D59E,ORD001657,Debit Card,263.08,Refunded,2026-02-15
PAYD428450A,ORD000244,Net Banking,869.54,Refunded,2025-11-25
PAY6894BCBA,ORD005908,Debit Card,9052.24,Success,2025-07-06
PAY269DD48E,ORD002873,Net Banking,11738.74,Refunded,2025-12-18
PAYEABE0576,ORD005630,Debit Card,23806.3,Refunded,2026-02-14
PAY2BB32E5D,ORD002939,Debit Card,37146.14,Success,2026-02-07
PAYC036FADC,ORD001027,Credit Card,7039.98,Refunded,2026-02-20
PAYCA398CA5,ORD004373,Wallet,37146.14,Success,2025-01-03
PAYDDDA03D9,ORD005143,COD,4351.23,Refunded,2025-04-14
PAYC4B305E6,ORD002048,COD,12127.92,Success,2025-02-12
PAY0030C914,ORD003816,Credit Card,27415.8,Refunded,2025-01-23
PAY4ED160BD,ORD002849,Net Banking,137630.8,Success,2025-08-22
PAY4677642B,ORD005204,UPI,1944.51,Success,2025-04-10
PAY888BFE4D,ORD002197,Credit Card,1192.79,Refunded,2025-05-30
PAYD6E2AE80,ORD005624,Credit Card,8150.64,Success,2025-02-18
PAYC1B70605,ORD003701,Debit Card,1462.31,Refunded,2025-04-01
PAY92A1ACF9,ORD004853,Debit Card,18254.26,Refunded,2026-01-05
PAY528AC98E,ORD001247,Net Banking,1708.94,Success,2025-11-11
PAY495302F4,ORD004313,COD,282.4,Success,2025-04-25
PAYA35DED46,ORD001898,Debit Card,28195.1,Refunded,2025-01-29
PAY00871966,ORD004639,COD,3530.34,Success,2025-07-05
PAYD1DBDF69,ORD005427,Net Banking,7796.78,Failed,2026-02-09
PAY707475AC,ORD001526,Wallet,1526.4,Success,2025-09-07
PAYD384E800,ORD001149,Credit Card,58378.98,Failed,2025-02-15
PAY5F63BEF5,ORD002751,Wallet,64353.1,Refunded,2025-10-31
PAY642A3FC6,ORD000395,Net Banking,953.73,Refunded,2026-02-27
PAY38E840FA,ORD005130,UPI,37012.3,Success,2026-07-19
PAYA6653225,ORD005784,Wallet,19651.68,Refunded,2025-11-24
PAY8DD69205,ORD003546,COD,635.82,Success,2026-06-23
PAYBA8A29C7,ORD003163,Net Banking,1948.3,Success,2025-01-23
PAYA979ED7E,ORD000495,Debit Card,14804.92,Success,2025-05-28
PAY6A38419A,ORD001701,UPI,6789.18,Refunded,2026-05-04
PAYC41069B2,ORD005308,Debit Card,14103.18,Success,2025-04-22
PAY3B5CEFCB,ORD005897,Wallet,2578.94,Refunded,2025-11-21
PAY3618A98F,ORD003920,Net Banking,19812.4,Success,2025-12-30
PAY160C1B95,ORD000107,Wallet,1462.31,Success,2026-06-24
PAY2E92BC9F,ORD005860,Debit Card,8817.84,Refunded,2026-02-05
PAYE14596E9,ORD003795,Debit Card,3478.16,Success,2025-01-13
PAY75C284CB,ORD000432,Credit Card,2897.6,Failed,2025-11-13
PAYC437D0DE,ORD002528,Debit Card,1259.96,Success,2025-04-08
PAY4CF1278B,ORD000734,COD,21016.4,Success,2025-03-02
PAY921B5466,ORD003723,Debit Card,1176.78,Success,2025-06-03
PAY5E0AA834,ORD001591,Credit Card,984.48,Success,2025-08-23
PAYED2D5277,ORD003932,UPI,14059.47,Refunded,2026-04-27
PAY211A11E9,ORD005716,Net Banking,36684.55,Refunded,2025-06-29
PAYFF51AAE5,ORD001240,Credit Card,55563.32,Refunded,2026-06-19
PAY9565A061,ORD001582,Wallet,19491.95,Success,2026-04-13
PAYE92CF8A9,ORD003540,Debit Card,9906.2,Failed,2025-09-24
PAY0F35B601,ORD003382,Credit Card,65669.36,Success,2026-01-26
PAY01AA8FAF,ORD004824,Credit Card,418.7,Success,2025-04-05
PAYC770A3BD,ORD000453,UPI,4271.16,Refunded,2025-06-03
PAY2BDF89B5,ORD002228,Net Banking,19330.0,Refunded,2025-01-24
PAY739021B1,ORD004493,Credit Card,14795.31,Refunded,2025-12-05
PAYB5F17E0B,ORD002393,Debit Card,18804.24,Success,2025-01-12
PAYEE737256,ORD003938,Net Banking,1681.95,Success,2025-10-12
PAYC6B21739,ORD003716,Net Banking,4707.12,Failed,2025-04-22
PAY99A2767D,ORD002546,Wallet,11278.04,Success,2025-07-18
PAY80A253CA,ORD004829,UPI,1723.04,Success,2025-08-13
PAYFF187677,ORD001609,UPI,533.48,Success,2025-02-19
PAYF8059735,ORD005999,UPI,1211.97,Refunded,2026-03-31
PAYEF71A733,ORD003516,UPI,14291.88,Success,2026-07-21
PAY273F2958,ORD003779,Debit Card,3314.64,Success,2026-05-11
PAY3CFB0E20,ORD000962,Wallet,1256.1,Success,2025-06-18
PAYB8A0D992,ORD002303,Net Banking,2423.94,Success,2026-07-08
PAY11A4268D,ORD000993,COD,6654.6,Failed,2025-01-04
PAY5009AFDC,ORD000365,COD,1171.74,Success,2025-03-24
PAYE775D210,ORD002686,Net Banking,1375.21,Success,2026-06-23
PAYD784DAD1,ORD004750,Debit Card,7005.56,Success,2025-04-07
PAYC50B3BD5,ORD000835,Wallet,26286.3,Refunded,2025-03-01
PAY8541C276,ORD004886,Credit Card,2721.18,Refunded,2025-07-23
PAYB5159543,ORD003475,COD,14795.31,Success,2026-02-26
PAYB245E518,ORD005670,COD,4346.4,Refunded,2025-01-18
PAY386B78AC,ORD004687,UPI,8543.1,Failed,2025-06-03
PAY1605012D,ORD005326,COD,1678.92,Success,2026-03-01
PAYBAB97A89,ORD004312,Credit Card,869.54,Success,2025-02-26
PAY137E5A43,ORD004540,UPI,50265.87,Success,2026-05-07
PAY16BF866C,ORD001426,Wallet,14738.76,Failed,2026-04-28
PAY3BD147C1,ORD002911,Net Banking,23487.48,Refunded,2025-11-09
PAY20145FEC,ORD004681,Wallet,25032.52,Failed,2025-02-03
PAYF117A6FE,ORD002894,Net Banking,3250.8,Success,2026-07-05
PAY5897B869,ORD004383,Net Banking,7416.87,Refunded,2025-01-19
PAYB9FBAF46,ORD001268,COD,3466.92,Success,2026-05-25
PAY853BCA60,ORD002321,Credit Card,918.34,Failed,2026-05-27
PAY9FA4DC6C,ORD002119,UPI,7252.05,Refunded,2025-05-20
PAY4E1D61AA,ORD004089,COD,11635.48,Success,2025-04-22
PAYA4558D3F,ORD005909,COD,34407.7,Refunded,2025-09-17
PAYD38C2E22,ORD005336,Wallet,85232.88,Success,2025-07-28
PAY556315B1,ORD001834,UPI,3466.92,Refunded,2025-01-26
PAYA3EEB9E4,ORD004298,Net Banking,203426.45,Success,2026-02-20
PAYCE289EA5,ORD000608,Debit Card,2437.08,Refunded,2025-07-13
PAYC3F453A2,ORD000634,COD,751.76,Failed,2025-10-22
PAYA03409D4,ORD003620,Net Banking,222253.28,Success,2026-05-20
PAYDD5AC19E,ORD002482,Net Banking,15593.56,Success,2026-03-06
PAYDB9D4D1C,ORD000023,UPI,5778.2,Success,2026-02-02
PAYEA1FDE8D,ORD000404,Net Banking,7876.92,Refunded,2025-05-04
PAYA68BA5FB,ORD000906,COD,1511.91,Success,2026-01-27
PAY8C0E4552,ORD003937,Debit Card,14804.92,Success,2025-01-04
PAY93ACF204,ORD003152,Debit Card,560.65,Success,2025-08-14
PAYF9CE9D4C,ORD000436,UPI,191.03,Success,2025-05-15
PAYC373ACC3,ORD000817,Debit Card,1526.4,Failed,2025-05-01
PAY002FF1EE,ORD002449,Credit Card,4450.8,Refunded,2025-12-03
PAY686C9E66,ORD005686,Credit Card,155.58,Failed,2026-03-31
PAY3A277ABF,ORD000500,Net Banking,6654.6,Success,2025-09-07
PAYCCBFE187,ORD005605,Debit Card,418.7,Success,2026-06-21
PAYE30B93EE,ORD000917,Wallet,4061.8,Failed,2025-02-02
PAY9AC96876,ORD002181,COD,5764.99,Success,2025-10-24
PAY29EBB29F,ORD001953,Credit Card,751.76,Refunded,2026-07-31
PAYE1C1489B,ORD000759,UPI,2563.41,Refunded,2025-07-10
PAY954FB839,ORD003571,Wallet,305.28,Success,2025-02-02
PAY90D8C3FF,ORD003218,Credit Card,3676.92,Refunded,2025-07-11
PAY2AA30D94,ORD002379,COD,15181.6,Refunded,2025-08-27
PAY6DCB3044,ORD000523,Debit Card,3007.04,Refunded,2026-06-09
PAYE184C321,ORD003588,COD,280865.45,Success,2025-12-16
PAYB9133B8C,ORD000724,Wallet,3128.0,Success,2025-08-18
PAY4311DDF5,ORD000994,Net Banking,513.19,Success,2025-11-30
PAY4B8C2ACF,ORD001319,Net Banking,5254.17,Success,2026-07-27
PAY54B6A7E0,ORD002122,UPI,545.71,Success,2025-01-12
PAY989D2439,ORD001822,Debit Card,64301.5,Failed,2026-01-14
PAYA9155CC0,ORD001128,Net Banking,2015.88,Refunded,2026-03-11
PAY9195799D,ORD000702,COD,23487.48,Success,2025-06-13
PAY3B72EC38,ORD001918,Net Banking,42616.44,Refunded,2025-11-25
PAY493ACBD7,ORD005149,Credit Card,19812.4,Failed,2026-05-30
PAYF4B6BBEC,ORD001244,Debit Card,764.12,Success,2025-04-18
PAY203EC4F8,ORD001946,Net Banking,9846.15,Refunded,2026-01-31
PAYBC654FE1,ORD001969,Debit Card,6008.58,Refunded,2026-04-17
PAYE77DEAD5,ORD001001,Debit Card,8384.51,Refunded,2025-12-07
PAY2AC9C863,ORD002910,Net Banking,141.2,Refunded,2026-03-06
PAY00403951,ORD005205,COD,624.04,Refunded,2025-02-28
PAY40423041,ORD000236,COD,5934.4,Success,2025-10-13
PAYCFFE99A7,ORD004874,UPI,83776.45,Success,2026-01-23
PAY4A395CDC,ORD002063,Debit Card,2255.28,Success,2026-02-20
PAY257BA395,ORD004919,COD,4272.35,Refunded,2025-02-25
PAYDA9E5DAB,ORD000886,UPI,19055.84,Success,2025-07-30
PAY0DC0470B,ORD002689,COD,7329.64,Refunded,2025-04-17
PAYA703D07E,ORD001772,Debit Card,10185.8,Failed,2025-11-20
PAYF4460C48,ORD000646,Debit Card,859.64,Success,2025-01-18
PAY1956A82D,ORD005444,Debit Card,2093.5,Success,2025-12-21
PAY993B3E2A,ORD000883,Net Banking,7391.64,Success,2025-11-03
PAYE54EECF9,ORD001493,Net Banking,291894.9,Success,2026-02-15
PAY9C05C34A,ORD002180,Wallet,8033.73,Success,2025-02-18
PAY567EA83B,ORD001208,Debit Card,3327.3,Success,2026-05-14
PAY6B4DFF0C,ORD001260,UPI,1155.64,Failed,2026-05-01
PAYD36E80C1,ORD000073,Wallet,1511.91,Success,2025-03-21
PAY93652E22,ORD002500,COD,137630.8,Success,2025-10-09
PAYD990FCC9,ORD002604,Net Banking,1026.38,Success,2026-03-24
PAYD1EC9C6F,ORD002260,Debit Card,23524.15,Refunded,2025-04-19
PAYE81C5D89,ORD001821,Net Banking,5963.95,Failed,2025-05-05
PAY335FB076,ORD001463,COD,18191.88,Success,2026-05-30
PAY858E3344,ORD005059,Net Banking,40168.65,Success,2025-09-02
PAY8BD9D682,ORD001581,Net Banking,71693.0,Success,2026-03-17
PAYE59CFA73,ORD004748,Wallet,2002.86,Refunded,2025-06-21
PAY25B0BCCF,ORD002216,COD,5849.24,Success,2025-09-01
PAY09705A78,ORD004733,Credit Card,1751.39,Failed,2026-02-17
PAY9A90A462,ORD001417,UPI,3371.49,Success,2025-12-28
PAY5BFBD4FD,ORD001437,Credit Card,14544.35,Refunded,2026-07-23
PAYD7BDFE8A,ORD003175,COD,770.64,Success,2025-08-27
PAYBABD4EE7,ORD001559,Net Banking,5764.99,Refunded,2025-06-23
PAY6BA27259,ORD005468,COD,312.02,Success,2026-07-10
PAY9C0B31EF,ORD004710,Debit Card,5778.2,Success,2026-01-02
PAY19517B89,ORD005043,COD,14295.1,Refunded,2025-05-05
PAYE6A9903A,ORD005297,Debit Card,4346.4,Refunded,2025-03-16
PAYCCAB1AF6,ORD004616,COD,64274.04,Success,2025-04-11
PAY15DF1FB7,ORD001252,Debit Card,158637.92,Refunded,2026-03-09
PAY999BE8EA,ORD002601,Wallet,1637.13,Failed,2025-10-01
PAY1A146C87,ORD002235,UPI,1589.55,Failed,2026-02-12
PAY787180B8,ORD002263,COD,35388.9,Refunded,2025-09-25
PAYC7859DEA,ORD002148,Credit Card,789.24,Success,2026-06-10
PAY09BAAA9F,ORD003032,Debit Card,2015.88,Failed,2025-09-10
PAYF26789A9,ORD001292,Net Banking,4763.96,Success,2025-05-05
PAYB904EA16,ORD002786,COD,7651.4,Refunded,2025-01-18
PAYD05EA0E4,ORD002504,UPI,17643.2,Success,2026-07-10
PAYCAEDF229,ORD000158,COD,6143.4,Success,2025-01-09
PAYED6CF763,ORD002380,Debit Card,128603.0,Success,2025-01-12
PAYD2E8076F,ORD001290,UPI,9889.16,Failed,2026-06-15
PAYBC70EF01,ORD001661,Net Banking,3478.16,Refunded,2025-06-13
PAY63A69777,ORD005108,COD,2052.76,Failed,2025-07-14
PAY039FA027,ORD003839,Debit Card,98504.04,Refunded,2026-06-13
PAY3393727B,ORD002170,Debit Card,1969.23,Success,2026-06-16
PAYC1EF9389,ORD005555,Net Banking,4171.69,Success,2025-06-12
PAY9103038E,ORD002169,Wallet,4450.8,Success,2025-01-22
PAY92B227F1,ORD001991,COD,5849.24,Success,2025-06-19
PAYEED4A46E,ORD005188,Credit Card,4733.42,Success,2025-02-02
PAY948B1CE5,ORD003689,Credit Card,39659.48,Refunded,2025-11-08
PAYABE68C5B,ORD005568,Net Banking,9612.2,Success,2025-09-19
PAY2E76AA72,ORD003294,Debit Card,2472.29,Refunded,2026-03-28
PAYFE85D845,ORD001451,Credit Card,155.58,Refunded,2025-04-15
PAY3FA1D70C,ORD002023,Net Banking,2897.6,Refunded,2026-03-04
PAY2704D461,ORD002177,COD,74292.28,Success,2025-07-18
PAY10C5B21A,ORD001457,Credit Card,780.05,Success,2025-08-08
PAY5801A2DC,ORD004157,COD,6143.4,Refunded,2025-04-26
PAYF1DAB9D4,ORD000865,Net Banking,166689.96,Success,2025-01-06
PAYDB910B02,ORD005880,Credit Card,5883.9,Success,2026-03-18
PAY00EFF9EC,ORD001797,UPI,56173.09,Refunded,2025-04-04
PAY7FBF5639,ORD002970,Credit Card,32176.55,Refunded,2025-02-25
PAYAD246947,ORD005052,COD,4346.4,Success,2026-01-06
PAYB73909A9,ORD002466,UPI,7003.25,Success,2025-02-20
PAY030FF5CE,ORD004756,Net Banking,4577.05,Success,2026-01-10
PAY8B5E15FB,ORD002211,Debit Card,56867.82,Success,2025-01-24
PAY7C0AD29C,ORD001742,COD,400.11,Success,2026-07-04
PAYF0339002,ORD001635,Net Banking,781.16,Refunded,2026-02-22
PAY42FA58C0,ORD001414,UPI,4271.55,Success,2025-10-02
PAY7C00F7D3,ORD001324,Net Banking,18745.96,Failed,2025-02-28
PAYCAAB5094,ORD002794,COD,14497.5,Success,2026-02-20
PAYAE6C54A5,ORD005836,Net Banking,1211.97,Success,2026-05-10
PAYFEF1046E,ORD004845,Debit Card,15594.58,Success,2026-04-24
PAY9448F98C,ORD002659,COD,4733.42,Success,2025-06-03
PAY7D6F786D,ORD003369,COD,7118.6,Refunded,2025-09-14
PAY1224CCA7,ORD002144,Wallet,9361.22,Refunded,2026-04-19
PAY48EA3C17,ORD001535,Net Banking,1042.65,Success,2025-03-22
PAY88D380B0,ORD005232,Debit Card,4495.32,Success,2025-03-03
PAY867BC060,ORD005854,Net Banking,170465.76,Success,2026-03-09
PAY2191C916,ORD000830,Credit Card,4347.7,Success,2026-03-31
PAYBB615E89,ORD004705,Net Banking,2444.21,Refunded,2026-06-07
PAYDA6F5286,ORD003026,COD,4272.35,Success,2025-03-18
PAYF89256DD,ORD003664,Wallet,12361.45,Refunded,2026-04-29
PAYDE5992F9,ORD000303,Wallet,113129.05,Refunded,2025-02-23
PAY6DF21361,ORD000441,Wallet,6003.96,Success,2026-02-27
PAY4012834C,ORD003479,Net Banking,2839.7,Success,2026-03-24
PAYDC3AC78A,ORD005739,COD,2924.62,Failed,2025-05-05
PAYCBAACD0E,ORD003345,Credit Card,1589.55,Failed,2026-03-15
PAYF04CE193,ORD003430,UPI,20451.4,Refunded,2025-12-23
PAY9A90EBDA,ORD000108,UPI,7639.35,Success,2025-07-01
PAY116781ED,ORD000052,Wallet,0.0,Refunded,2025-05-24
PAY3B25B965,ORD004642,COD,2981.28,Success,2025-06-22
PAYCA77EDB5,ORD003423,UPI,7099.25,Failed,2025-10-18
PAYE2E9879A,ORD003955,Debit Card,17086.2,Refunded,2025-07-13
PAY7C0FF442,ORD000446,Net Banking,7418.0,Success,2026-02-01
PAY193DDCA8,ORD002905,Debit Card,125162.6,Refunded,2025-03-19
PAY90867408,ORD004230,Debit Card,19224.4,Refunded,2026-05-28
PAY887B8C05,ORD001792,Wallet,15593.56,Success,2025-10-16
PAY11A730CE,ORD000827,Net Banking,263.08,Success,2025-06-19
PAY4C96C194,ORD003138,COD,10413.72,Success,2026-02-02
PAY09121922,ORD003249,UPI,2423.94,Success,2025-04-30
PAY6FAF3825,ORD003596,UPI,3578.37,Success,2025-03-01
PAYF58D09DD,ORD001883,Net Banking,24658.85,Success,2025-06-18
PAY1A64BE01,ORD004180,Wallet,171997.9,Success,2025-06-18
PAY93180C9F,ORD003989,COD,1052.32,Success,2025-10-11
PAYD70A0717,ORD002451,COD,2057.82,Success,2025-08-24
PAY99860636,ORD000800,Wallet,1377.51,Success,2025-11-19
PAY1B2373C0,ORD005208,UPI,5981.4,Failed,2025-05-07
PAY8E4EAA1F,ORD005266,COD,5602.6,Success,2025-12-26
PAY5714977A,ORD000772,Net Banking,2052.76,Success,2025-11-06
PAY7547A88E,ORD005063,COD,985.06,Success,2025-06-02
PAY8FEF2788,ORD003741,COD,8749.83,Refunded,2025-03-03
PAY001DD921,ORD004215,Debit Card,4061.8,Refunded,2026-07-06
PAY33F6EC2D,ORD000320,UPI,14497.5,Success,2025-07-07
PAY491CDB02,ORD002423,COD,33538.04,Success,2025-12-15
PAY4AF02D03,ORD000808,Debit Card,50030.2,Failed,2026-06-02
PAY4BF6C2A5,ORD002550,COD,10185.8,Success,2025-07-08
PAY6FF85A77,ORD001294,Credit Card,9889.16,Success,2025-07-25
PAY724AF189,ORD005612,Debit Card,1296.34,Success,2025-11-29
PAYB93AE233,ORD003522,UPI,5442.36,Success,2025-11-03
PAY208B3F4F,ORD002715,Credit Card,1211.97,Success,2026-03-25
PAY64388A71,ORD005931,UPI,1517.52,Refunded,2025-08-31
PAY3C8158F2,ORD003730,Net Banking,3910.0,Success,2026-01-12
PAY2279AE3B,ORD005493,Credit Card,6876.05,Refunded,2025-09-29
PAYC699A3A5,ORD005304,Credit Card,125162.6,Success,2026-04-15
PAY58776B79,ORD001450,COD,24030.5,Success,2025-07-27
PAY214A92D6,ORD000329,COD,280865.45,Success,2025-09-27
PAY0B27A70E,ORD003959,COD,23806.3,Success,2025-09-13
PAYAADCCB37,ORD000662,COD,2585.32,Failed,2026-07-22
PAY321ADFC2,ORD005290,Net Banking,2924.62,Success,2026-04-26
PAYD613A8A7,ORD005705,Wallet,5883.9,Success,2025-06-08
PAY2A258C91,ORD000890,Debit Card,1375.21,Refunded,2025-01-22
PAY21210E90,ORD002622,Wallet,16067.46,Success,2026-03-17
PAY1DB8778A,ORD004424,Debit Card,2346.0,Success,2025-07-20
PAYB2DDA6D9,ORD000379,COD,1256.1,Success,2026-07-22
PAY5EE960D0,ORD004415,Credit Card,9127.13,Refunded,2026-04-19
PAY0ADF6009,ORD000091,COD,45251.62,Success,2025-04-07
PAYD9CDAB3E,ORD002838,Credit Card,105145.2,Refunded,2025-02-08
PAY5353E1F6,ORD003391,Debit Card,4596.15,Success,2025-03-01
PAYE5188786,ORD005270,UPI,1462.31,Refunded,2025-02-18
PAY7837D1D9,ORD003196,Wallet,430.76,Success,2025-06-29
PAY0DE96DC8,ORD004883,Net Banking,36684.55,Success,2026-02-12
PAY057D3702,ORD004604,COD,2182.84,Failed,2025-04-21
PAYA51D0FF4,ORD001980,COD,42616.44,Success,2025-10-29
PAY24E60AEB,ORD003916,Net Banking,4249.14,Refunded,2025-10-20
PAY6B08F850,ORD001166,UPI,333.84,Success,2026-02-13
PAYF9A74145,ORD000973,Credit Card,9052.24,Success,2026-03-11
PAY31D00E12,ORD002893,Net Banking,27415.8,Failed,2025-10-04
PAY9C29E6FD,ORD000364,COD,14859.3,Success,2026-05-26
PAYE5DC9988,ORD004582,Net Banking,2897.6,Failed,2026-03-19
PAYF9B7D976,ORD001334,Net Banking,2167.2,Success,2025-04-05
PAYC77BC418,ORD003405,Wallet,4450.8,Refunded,2026-03-27
PAYDB557620,ORD005064,Debit Card,985.06,Failed,2026-03-07
PAY475CCE54,ORD003951,Debit Card,8597.96,Failed,2026-07-22
PAY9A46784A,ORD004320,Credit Card,4806.1,Refunded,2026-05-05
PAYFAD530EA,ORD000333,Debit Card,6923.56,Success,2026-01-26
PAYAC423C78,ORD005241,UPI,1210.56,Failed,2025-10-22
PAY4ADC9FB4,ORD005193,Debit Card,12145.28,Success,2025-09-21
PAY663F6881,ORD002189,Net Banking,4061.8,Refunded,2026-04-30
PAY61CE2995,ORD004287,COD,6008.58,Success,2025-11-16
PAY94DD7C9E,ORD002841,Debit Card,168519.27,Success,2025-03-06
PAY4129CAC8,ORD005362,Credit Card,3877.98,Success,2026-05-03
PAY5CDD585A,ORD001356,Net Banking,974.15,Success,2026-04-23
PAYD91079A9,ORD003853,Net Banking,4701.06,Success,2025-07-31
PAY602F07E8,ORD001037,UPI,28195.1,Success,2026-03-09
PAYE465C62B,ORD001506,Net Banking,54928.04,Success,2025-07-04
PAY10AB4CDC,ORD003884,COD,103223.1,Success,2025-05-20
PAY1C9654DF,ORD004082,Debit Card,4171.69,Refunded,2025-08-10
PAYD07E306A,ORD004759,Debit Card,4733.42,Refunded,2026-07-31
PAYABB74122,ORD002043,Credit Card,9361.22,Failed,2025-03-30
PAY01AAE532,ORD000068,Wallet,7336.91,Success,2025-09-27
PAY75E8A507,ORD000629,Net Banking,22010.73,Refunded,2025-03-09
PAYE75D46AD,ORD005223,Wallet,16067.46,Refunded,2026-01-05
PAY1230507C,ORD001212,UPI,19491.95,Success,2025-01-31
PAYAF134571,ORD002419,Credit Card,17294.97,Success,2025-07-03
PAYF8937A83,ORD003834,UPI,1632.64,Refunded,2026-05-27
PAYAD8E4E53,ORD002878,Debit Card,3664.82,Refunded,2025-12-09
PAY7109AF45,ORD002158,Wallet,9105.2,Failed,2025-01-09
PAY23A73160,ORD003024,UPI,7039.98,Refunded,2025-05-21
PAY8E02D4DA,ORD002322,Credit Card,10225.7,Success,2025-04-29
PAY3DA8D519,ORD004167,Net Banking,133.37,Failed,2026-05-08
PAYF8435C02,ORD004527,Credit Card,22207.38,Success,2026-03-20
PAY744D737E,ORD005748,Net Banking,5694.88,Refunded,2025-09-14
PAY8DD910DE,ORD004301,Credit Card,46954.96,Refunded,2025-11-04
PAY0FD0D795,ORD003404,Wallet,861.22,Success,2025-11-27
PAY96E475DE,ORD003476,Wallet,2583.66,Refunded,2025-07-10
PAYE47C526F,ORD001360,Debit Card,79318.96,Success,2025-04-28
PAY1A3BCCA0,ORD001057,Net Banking,14673.82,Success,2025-06-29
PAY6B745284,ORD003736,Net Banking,7876.92,Success,2025-11-03
PAYB8B683DF,ORD000876,Wallet,9665.0,Success,2026-06-06
PAY3527EC34,ORD005796,UPI,2472.29,Success,2025-10-06
PAYD22CDA7E,ORD001726,Wallet,4771.16,Success,2026-03-22
PAYDAFDD7CF,ORD000374,Net Banking,59834.55,Success,2025-12-31
PAYEFA4B6BF,ORD003283,Net Banking,2757.69,Failed,2025-11-26
PAY0D680AFC,ORD002443,COD,18191.88,Refunded,2026-04-24
PAY21C5D743,ORD004714,COD,3429.7,Success,2025-09-21
PAY5C7FD31F,ORD002740,UPI,17294.97,Success,2025-01-13
PAYD32179B4,ORD004154,Debit Card,8163.2,Success,2025-05-15
PAY932C73C0,ORD001453,Net Banking,1423.72,Refunded,2025-08-26
PAYAA27865B,ORD002284,Net Banking,6072.64,Failed,2026-03-12
PAY3B49C103,ORD003444,Net Banking,3896.6,Success,2025-09-27
PAY7A0BD7B1,ORD001703,UPI,18933.68,Success,2025-08-09
PAY4A910371,ORD005189,Net Banking,559.64,Success,2025-10-11
PAYC7B26465,ORD005005,Net Banking,2703.09,Success,2025-08-09
PAYA42C1F42,ORD005289,Debit Card,3910.0,Failed,2025-07-02
PAYAB420001,ORD002532,Debit Card,1419.85,Refunded,2025-01-11
PAY87573153,ORD000507,Credit Card,838.8,Success,2026-04-03
PAY05822BF3,ORD004948,Debit Card,5092.9,Success,2025-12-16
PAY09A6784B,ORD000361,COD,52525.3,Success,2026-05-19
PAY95653EEE,ORD003109,Debit Card,1926.6,Failed,2025-04-23
PAYAD215AC5,ORD001682,UPI,1541.28,Refunded,2025-12-23
PAY4161D9A7,ORD005127,Wallet,137598.32,Failed,2025-05-21
PAY46E1CD1B,ORD000881,Net Banking,5157.88,Failed,2025-12-19
PAYC0A02305,ORD001934,Net Banking,4707.12,Failed,2026-07-18
PAY84C364E8,ORD004066,Wallet,21010.12,Success,2025-02-18
PAYEC22516E,ORD002227,COD,2697.87,Success,2026-02-23
PAYEE6F1E9E,ORD005428,Wallet,12361.45,Refunded,2026-07-21
PAYDA10BE26,ORD002314,Credit Card,4897.92,Refunded,2026-06-11
PAY67E4CF42,ORD000619,Net Banking,1048.5,Failed,2025-05-31
PAY1E21C407,ORD001817,COD,15302.8,Success,2026-03-22
PAY4F1A59B0,ORD000582,Credit Card,17643.2,Refunded,2026-05-12
PAY7A49A81D,ORD003070,Credit Card,78858.9,Success,2025-10-14
PAYA3B6581E,ORD002406,Wallet,8563.39,Success,2025-10-06
PAY87510E90,ORD001600,Debit Card,23592.6,Refunded,2025-10-14
PAYF854EEA9,ORD003897,Debit Card,3758.8,Success,2025-06-21
PAY3302E742,ORD004713,COD,23477.48,Success,2026-03-29
PAYFA546ED0,ORD000855,UPI,2839.7,Success,2025-04-03
PAYB973DB92,ORD000210,Credit Card,15302.8,Success,2025-11-20
PAY54DC7CC4,ORD003086,Wallet,758.76,Success,2025-01-07
PAY74D8734A,ORD002296,Credit Card,18933.68,Success,2025-06-08
PAY647BD9D8,ORD000907,Debit Card,12896.94,Failed,2025-03-26
PAY6CE0AE12,ORD004518,COD,2182.84,Success,2025-12-10
PAY1B3AD342,ORD000795,Debit Card,2353.56,Success,2026-03-26
PAYD03EDB21,ORD005971,Wallet,503.97,Success,2025-09-16
PAY6E12FCC8,ORD003773,COD,9846.15,Refunded,2026-01-17
PAYC9C6C31F,ORD005634,Credit Card,6876.05,Success,2025-10-31
PAY94F51941,ORD001688,Wallet,24030.5,Failed,2025-07-02
PAYC6CBEEE4,ORD003298,UPI,6463.3,Refunded,2025-09-29
PAYDA0F26D9,ORD002508,Debit Card,1562.32,Success,2025-03-14
PAY2D08436C,ORD000181,Wallet,4701.06,Success,2025-11-02
PAY64ABE522,ORD004694,Credit Card,17599.95,Success,2025-08-04
PAYF4E33B33,ORD000852,UPI,1292.66,Success,2025-12-28
PAYFC1FA674,ORD004788,UPI,16917.06,Refunded,2026-02-14
PAY24DA3FEA,ORD005520,Net Banking,42020.24,Refunded,2025-11-28
PAYF0BBC610,ORD003567,COD,4061.8,Failed,2025-10-15
PAY65E91493,ORD005286,Credit Card,127849.32,Failed,2025-12-31
PAYBA0E76FC,ORD005923,Net Banking,16636.5,Success,2026-05-25
PAY05C347F8,ORD004209,UPI,9665.0,Success,2025-07-21
PAYDC6B802F,ORD004839,Net Banking,3578.37,Success,2025-08-09
PAYF088674F,ORD003533,Net Banking,45635.65,Failed,2025-08-15
PAY2022CA41,ORD000900,Debit Card,291894.9,Success,2026-02-15
PAY1E97B4C2,ORD004822,Net Banking,21424.68,Success,2025-05-06
PAYC0BDA8E9,ORD003442,Debit Card,22556.08,Refunded,2025-08-12
PAY8FAC1FDB,ORD002489,UPI,5679.4,Success,2026-06-19
PAY60A24633,ORD001857,COD,758.76,Success,2025-11-02
PAYF0679B8D,ORD000606,Net Banking,34253.56,Success,2025-06-04
PAY97E89160,ORD001348,Credit Card,6876.05,Refunded,2025-08-10
PAY7AAD2D98,ORD002403,Wallet,781.16,Refunded,2025-10-24
PAYDEE0B047,ORD002716,Credit Card,9641.52,Success,2025-02-28
PAYA269D942,ORD005085,UPI,5112.85,Success,2025-01-02
PAY66D575FB,ORD005291,Debit Card,3825.7,Refunded,2025-05-25
PAYD61AA30C,ORD001610,Net Banking,1969.23,Success,2026-06-01
PAY4E08E602,ORD003015,Net Banking,17176.36,Success,2025-01-16
PAY9A1CB2EF,ORD003207,Net Banking,1798.58,Success,2025-05-02
PAYC93F1B96,ORD000838,UPI,14295.1,Failed,2025-10-03
PAY8C650CF4,ORD005874,Wallet,4931.77,Failed,2026-06-30
PAY45CBCF4D,ORD000163,Wallet,953.73,Refunded,2025-09-25
PAYD2DDBD9D,ORD005328,Wallet,18254.26,Success,2025-09-05
PAYE1422041,ORD002084,Wallet,21010.12,Success,2026-05-07
PAYC2EBF320,ORD003125,UPI,7796.78,Success,2025-03-10
PAY7F7D859F,ORD000753,Net Banking,2263.06,Refunded,2026-07-15
PAY206F31FD,ORD002833,Debit Card,4870.75,Success,2025-10-30
PAYA7275A9A,ORD001622,Credit Card,4707.12,Success,2025-01-27
PAY0BBAA2EA,ORD004231,Net Banking,222253.28,Failed,2025-03-21
PAY4CCB1227,ORD000857,UPI,1632.64,Refunded,2025-07-20
PAY3C809D32,ORD005864,Net Banking,7391.64,Success,2025-07-14
PAYEFC76463,ORD002593,Credit Card,35709.45,Failed,2025-05-31
PAYDBEE4D85,ORD001961,Credit Card,6447.35,Success,2025-06-30
PAY4E7A9747,ORD005801,UPI,58981.5,Failed,2025-06-02
PAY777C3B7F,ORD004671,UPI,1952.9,Success,2026-06-12
PAYFA0EBE7B,ORD000004,Credit Card,10867.52,Refunded,2026-07-02
PAYC9EE7601,ORD002666,COD,9372.98,Success,2025-02-01
PAY09A6B356,ORD005255,COD,3444.88,Refunded,2025-03-11
PAYFD09CE4A,ORD001376,UPI,5433.76,Refunded,2025-09-24
PAY866FAF97,ORD004890,Debit Card,155.58,Success,2025-01-31
PAY26279B32,ORD003231,Wallet,2721.18,Failed,2025-01-05
PAYDF73754C,ORD002405,Debit Card,24162.5,Failed,2025-02-12
PAY3CE786E5,ORD001285,COD,8406.56,Success,2026-06-24
PAY5CB8F4F6,ORD000715,Net Banking,57354.4,Success,2025-09-19
PAY1DA0C686,ORD003584,UPI,2353.56,Failed,2025-06-10
PAY432C21C9,ORD005049,Debit Card,1377.51,Refunded,2026-04-21
PAY79B1FF45,ORD005259,Net Banking,662.2,Refunded,2026-05-03
PAY080D689B,ORD001325,Net Banking,545.71,Success,2025-12-13
PAY0616756E,ORD001712,COD,468.03,Success,2026-04-08
PAY88F113BC,ORD002797,Net Banking,58693.7,Failed,2026-07-04
PAYBC10FD71,ORD002361,COD,854.47,Failed,2025-11-15
PAY9F10FF32,ORD003609,Net Banking,10559.97,Failed,2025-04-16
PAY958F6793,ORD002885,Credit Card,390.58,Failed,2026-04-18
PAY4085795E,ORD004239,Net Banking,259.3,Failed,2025-02-05
PAY2F0761F9,ORD005445,Net Banking,1722.44,Failed,2026-01-31
PAY03580472,ORD001454,COD,993.76,Success,2025-11-28
PAY21651432,ORD004784,UPI,29347.64,Success,2025-05-07
PAY348EE9FF,ORD002570,COD,4686.49,Success,2025-04-09
PAY4AB2ADFF,ORD000124,Debit Card,1289.47,Refunded,2025-12-06
PAYE2F3F0D1,ORD002357,COD,2900.82,Refunded,2025-07-25
PAY849403A2,ORD003975,Wallet,79318.96,Success,2025-06-11
PAY44C02AC7,ORD005382,COD,1678.92,Refunded,2026-06-11
PAY3AC58B1D,ORD003539,COD,632.25,Refunded,2025-08-16
PAY45961CDD,ORD005765,Wallet,12732.25,Success,2025-10-16
PAYC664DFC2,ORD002298,UPI,45251.62,Success,2026-03-27
PAY9BF896D7,ORD001516,Net Banking,18191.88,Success,2026-03-12
PAY3546C1E1,ORD001433,Debit Card,15181.6,Success,2025-08-27
PAY0F440DDF,ORD002819,Credit Card,131338.72,Success,2025-01-31
PAYF311BFA5,ORD005038,Debit Card,7003.25,Success,2025-09-21
PAYA850A482,ORD002266,UPI,3250.8,Success,2025-02-08
PAY9A7120A5,ORD000649,UPI,5833.22,Success,2025-08-03
PAY0DB8248C,ORD000293,Debit Card,24763.0,Refunded,2026-03-16
PAYDF9DB46B,ORD003004,COD,8756.95,Success,2025-02-22
PAY1FEF1A8B,ORD000050,Credit Card,9466.84,Success,2025-03-12
PAYD830898D,ORD005914,COD,1719.28,Success,2025-05-08
PAY29730326,ORD004406,UPI,20858.45,Success,2025-12-28
PAY559B435F,ORD003323,Wallet,166.92,Success,2025-12-10
PAY442E6072,ORD004248,COD,1836.68,Refunded,2025-11-08
PAYCC364D63,ORD003983,UPI,5764.99,Success,2025-09-21
PAY94AD3979,ORD000034,Net Banking,1315.4,Success,2026-07-06
PAY31F0E8E7,ORD003051,Credit Card,14804.92,Success,2025-02-28
PAYD1A11DE0,ORD000884,Debit Card,1324.4,Failed,2025-02-13
PAY0973E374,ORD005415,Credit Card,1312.64,Failed,2025-04-18
PAYCBA83CA5,ORD003639,Net Banking,2981.28,Success,2026-06-28
PAY6671894C,ORD004712,Debit Card,2847.44,Success,2025-04-16
PAYE457091C,ORD002821,COD,953.73,Refunded,2025-08-17
PAYB857F13F,ORD004163,COD,10505.06,Success,2026-02-12
PAYFAD3FF37,ORD004532,Debit Card,9905.2,Success,2025-03-23
PAY8898B460,ORD001452,Net Banking,4925.3,Success,2025-10-11
PAYE6977559,ORD004861,COD,29347.64,Failed,2025-04-10
PAYB64A6F4C,ORD005699,Wallet,18933.68,Failed,2025-07-16
PAY929C970E,ORD000866,Wallet,81370.58,Success,2026-03-10
PAY55287229,ORD003041,COD,14544.35,Success,2025-08-24
PAY3BC531DD,ORD003225,Wallet,2546.45,Refunded,2026-07-08
PAY2F1DAD18,ORD004511,COD,32834.68,Success,2025-08-30
PAY2D3F72B5,ORD000868,Net Banking,4351.23,Success,2025-09-11
PAY8C7CC83A,ORD004753,Credit Card,0.0,Success,2026-02-26
PAY93C240F3,ORD003753,Net Banking,6447.35,Refunded,2026-01-08
PAY2C859087,ORD004873,Credit Card,4701.06,Success,2026-06-21
PAYDE598675,ORD004562,Debit Card,16769.02,Success,2026-06-08
PAY555D3CAF,ORD004208,Wallet,1155.64,Failed,2026-03-20
PAYEF8D600E,ORD005310,COD,758.76,Refunded,2026-06-21
PAY0E05E66D,ORD004005,COD,64274.04,Success,2025-12-19
PAY5E70402C,ORD003477,Debit Card,10263.25,Refunded,2026-03-30
PAY69C2450A,ORD001340,Net Banking,4347.7,Success,2025-10-01
PAY07675510,ORD003861,COD,11666.44,Success,2026-02-26
PAYC45B244B,ORD004314,Wallet,861.52,Success,2025-04-17
PAY45F9FF70,ORD003214,Wallet,5639.02,Refunded,2026-01-29
PAY48042A08,ORD004591,Debit Card,46954.96,Success,2025-02-25
PAYC57839FE,ORD000380,Net Banking,6876.05,Success,2026-01-11
PAY8E910770,ORD000889,Credit Card,2750.42,Success,2025-12-14
PAYD7A8BA51,ORD002383,Net Banking,918.34,Failed,2026-06-08
PAY34EB0625,ORD005872,Net Banking,656.32,Success,2026-04-15
PAY2AE267DB,ORD001110,Wallet,103.72,Success,2026-05-18
PAYF61FF686,ORD000367,Wallet,2001.32,Success,2025-09-12
PAYD984BF8E,ORD003295,Net Banking,19283.04,Failed,2025-02-25
PAY63C9CBCD,ORD001473,Net Banking,6008.58,Success,2025-10-08
PAYB4BB8D9C,ORD003513,Debit Card,459.17,Success,2025-02-18
PAY4DBC1FF9,ORD001826,Net Banking,14659.28,Failed,2026-07-31
PAYCED68682,ORD003554,COD,28195.1,Success,2025-04-08
PAYA26F002C,ORD003742,Debit Card,46954.96,Success,2025-06-19
PAY82A8D99D,ORD000691,Debit Card,118978.44,Success,2026-02-16
PAY82D2A1B0,ORD001499,Wallet,16755.29,Refunded,2026-04-28
PAYB62521FE,ORD001881,Debit Card,42816.95,Success,2025-12-16
PAY12243EFA,ORD004351,Wallet,233515.92,Success,2025-08-30
PAY6462D987,ORD005825,COD,12221.05,Failed,2026-03-21
PAYE86D067A,ORD005536,UPI,3502.78,Success,2025-12-05
PAY495A05DB,ORD005986,COD,1719.28,Success,2025-08-24
PAYE5507C30,ORD000444,Net Banking,24162.5,Success,2026-07-04
PAYD20B5F5D,ORD000989,UPI,3578.37,Success,2026-01-15
PAY61DC7BFC,ORD000008,COD,7003.25,Success,2025-08-15
PAY9F069457,ORD001422,Net Banking,1371.88,Success,2025-02-04
PAYF09D89DB,ORD001007,UPI,14079.96,Success,2025-11-20
PAY9BD494D1,ORD000130,Net Banking,1375.21,Success,2026-07-12
PAY85849EFB,ORD003583,UPI,993.76,Success,2026-02-10
PAYC99CC1F3,ORD002648,UPI,14418.3,Success,2025-05-05
PAY6975BC32,ORD000201,Wallet,119669.1,Failed,2025-04-17
PAY6F3317F4,ORD005264,UPI,52572.6,Refunded,2025-11-28
PAYDFDD545F,ORD005749,Debit Card,125162.6,Success,2025-08-24
PAYE3BB7C82,ORD001073,Wallet,16917.06,Refunded,2026-02-14
PAYE3D18403,ORD000742,Net Banking,25564.25,Success,2026-03-27
PAY59C8CD5D,ORD004007,Credit Card,1048.5,Refunded,2026-01-31
PAY3DBEF82F,ORD002639,Wallet,0.0,Refunded,2026-05-20
PAYB27E1806,ORD001888,Credit Card,40685.29,Success,2025-02-01
PAY0650504A,ORD000992,Debit Card,526.16,Refunded,2026-01-13
PAY3A0CBB01,ORD002036,COD,1798.58,Failed,2025-01-15
PAYC5793EE7,ORD003781,UPI,468.03,Success,2025-07-21
PAYF28ABF5C,ORD005547,Debit Card,3502.78,Failed,2025-01-23
PAY2D4F73D3,ORD000123,Credit Card,2908.87,Failed,2026-03-18
PAY9B3AC18F,ORD004801,Wallet,4386.93,Success,2025-07-21
PAY669D5127,ORD003809,Debit Card,2124.57,Failed,2025-06-19
PAY1D0CCC54,ORD001374,UPI,96529.65,Success,2025-03-23
PAY1875F0D3,ORD004620,Net Banking,305.28,Success,2025-04-24
PAY0AFDC973,ORD000828,Credit Card,5883.9,Success,2025-03-29
PAY945AA602,ORD003398,Wallet,8384.51,Success,2026-02-16
PAYB6F2BC10,ORD001796,Net Banking,4763.96,Success,2025-05-05
PAY032826AB,ORD001175,Net Banking,468.03,Failed,2026-04-08
PAYBE5C15C4,ORD003272,Net Banking,4081.77,Failed,2025-01-17
PAY5904B8AE,ORD002907,Credit Card,418.7,Failed,2026-07-26
PAYEE3EEA17,ORD001977,Credit Card,47185.2,Success,2026-04-23
PAY7BEBA188,ORD004813,Debit Card,533.48,Refunded,2026-03-22
PAY13AE0B3A,ORD002499,Debit Card,3825.7,Success,2025-01-19
PAYC5B7FB7B,ORD001874,UPI,9846.15,Success,2026-05-16
PAY7606D73E,ORD003857,UPI,112346.18,Success,2026-03-21
PAYC7CD2391,ORD005907,UPI,9863.54,Refunded,2026-06-01
PAY9DA45629,ORD001265,UPI,19727.08,Success,2025-09-17
PAY2B8EF804,ORD000127,Net Banking,1192.79,Refunded,2025-10-29
PAYDD49D9CB,ORD001484,COD,610.56,Success,2025-09-22
PAY41B55853,ORD004055,UPI,2519.85,Refunded,2025-12-15
PAY32E19145,ORD005102,Debit Card,513.19,Refunded,2025-05-24
PAY16867AA6,ORD003532,Net Banking,22010.73,Success,2026-03-13
PAYAFB72974,ORD002162,Net Banking,30319.8,Failed,2025-12-21
PAY20A12145,ORD003248,Wallet,1541.28,Refunded,2025-09-24
PAYC1100BC9,ORD003649,Net Banking,1123.83,Refunded,2026-01-10
PAY532D9D12,ORD005921,Wallet,131431.5,Success,2025-01-31
PAY9D3DC03D,ORD003385,Wallet,40168.65,Failed,2026-05-30
PAY274FD784,ORD002909,Debit Card,4105.3,Success,2025-07-09
PAYFDC3BDD4,ORD000363,Debit Card,974.15,Success,2025-08-27
PAY0953A2C6,ORD002116,Net Banking,19224.4,Success,2026-02-09
PAY71F69422,ORD003082,UPI,1423.72,Failed,2026-07-13
PAYC12617D5,ORD001543,Credit Card,907.92,Refunded,2026-05-30
PAYA806C474,ORD003661,COD,9612.2,Success,2025-09-19
PAYB2760285,ORD005002,UPI,780.05,Success,2025-10-01
PAY6D76C0DE,ORD001048,Net Banking,16917.06,Success,2025-01-10
PAY3028F5AB,ORD001379,Net Banking,7284.16,Success,2025-04-14
PAY6F0466E7,ORD001769,Net Banking,85232.88,Success,2026-03-30
PAYEB3A52C7,ORD000885,Wallet,2743.76,Refunded,2025-08-07
PAYCD5888A5,ORD003704,COD,21016.4,Success,2025-05-08
PAY96A17D4E,ORD003831,UPI,207.44,Refunded,2025-04-16
PAY5EB2D641,ORD001766,Wallet,5833.22,Success,2026-02-07
PAY53E5E0F9,ORD004514,UPI,333.84,Success,2026-06-13
PAY6CDC7407,ORD003943,Credit Card,5639.02,Success,2025-07-12
PAY8183873B,ORD000575,Credit Card,4897.92,Success,2025-02-24
PAY81669DFB,ORD003378,UPI,90503.24,Failed,2025-10-14
PAY38ED7174,ORD002329,Wallet,4912.92,Refunded,2025-10-19
PAYEC8BAE45,ORD004770,Net Banking,1574.95,Refunded,2025-04-18
PAY24318B35,ORD004175,Wallet,4952.6,Success,2026-07-30
PAY45DA9C64,ORD002942,Wallet,9981.9,Success,2025-10-08
PAY7197B43A,ORD003644,UPI,64274.04,Success,2026-04-15
PAY5EA89A54,ORD001368,Debit Card,34269.75,Refunded,2025-12-19
PAYA69D446A,ORD001349,Wallet,7876.92,Refunded,2025-02-28
PAYB4D17408,ORD003812,UPI,901.03,Success,2026-04-14
PAYB3CEB7B7,ORD002437,UPI,8563.39,Refunded,2025-06-18
PAY414CAED2,ORD005464,Net Banking,42020.24,Success,2025-03-21
PAYF22AE7C4,ORD002430,Credit Card,23477.48,Refunded,2025-11-20
PAY6FD23AE9,ORD000392,Wallet,8654.45,Success,2026-03-02
PAYBF335751,ORD004557,Debit Card,79318.96,Success,2025-09-08
PAY3B838495,ORD004234,UPI,85881.8,Failed,2025-04-11
PAY30970A2B,ORD005804,Net Banking,179503.65,Refunded,2025-07-12
PAYAE8A560B,ORD005621,Wallet,263.08,Success,2025-08-19
PAYFFE7E8D5,ORD005892,Net Banking,3429.7,Success,2026-02-10
PAY543AD96A,ORD000990,UPI,2052.76,Success,2026-01-23
PAY4BEC5C44,ORD005856,Credit Card,543.32,Refunded,2026-04-14
PAY3F93E956,ORD004760,COD,21424.68,Success,2026-04-28
PAYDDB03F52,ORD002755,COD,1228.68,Failed,2026-01-17
PAYE4E74465,ORD002171,Wallet,560.65,Success,2025-07-17
PAY1EF71755,ORD005644,COD,37911.88,Refunded,2025-01-12
PAY49B1A20D,ORD003601,UPI,2385.58,Success,2025-12-10
PAY044F0DDB,ORD005650,Debit Card,7244.0,Refunded,2025-09-07
PAY4638E1B4,ORD001203,Debit Card,10185.8,Success,2026-01-02
PAY1D2FFDDB,ORD004018,Wallet,758.76,Success,2025-11-04
PAY8FD0D598,ORD001023,Debit Card,47612.6,Success,2026-01-27
PAY3B9ACE01,ORD002863,Wallet,3519.99,Success,2025-10-09
PAY66727C23,ORD000880,Net Banking,103223.1,Refunded,2026-01-13
PAY93AA81FE,ORD004020,COD,11796.3,Success,2025-12-21
PAYAF3BD384,ORD000283,Net Banking,8163.2,Refunded,2025-06-15
PAY42F91654,ORD005813,Wallet,65669.36,Refunded,2026-06-09
PAYE6C1217C,ORD000423,Net Banking,3240.85,Success,2025-04-12
PAY717830F8,ORD001951,COD,2085.3,Refunded,2025-08-12
PAY2FF9165E,ORD002488,Debit Card,4061.8,Success,2025-08-31
PAY67A0D4D9,ORD001549,UPI,7329.64,Failed,2026-04-29
PAY78D8509E,ORD005013,Net Banking,1292.28,Refunded,2025-12-06
PAYD8465D56,ORD001680,Credit Card,50265.87,Success,2025-09-12
PAYFE45D8A6,ORD003607,Wallet,3265.28,Success,2025-09-23
PAY3B026AD0,ORD005989,Credit Card,9466.84,Success,2025-08-28
PAY75A4AA1C,ORD004574,Wallet,1026.38,Success,2025-06-26
PAY1DBA609F,ORD005330,COD,4081.77,Success,2025-12-18
PAY8F66E817,ORD000002,COD,75823.76,Success,2026-05-27
PAY8A18CDDB,ORD004630,UPI,6654.6,Refunded,2025-06-05
PAY28C69CE8,ORD004589,UPI,58718.7,Success,2025-06-07
PAYC4745D23,ORD001692,COD,1838.46,Refunded,2025-08-13
PAYC1F41446,ORD003856,Wallet,10505.06,Success,2026-06-22
PAYC5C3630B,ORD000612,Credit Card,79318.96,Success,2025-12-28
PAYDF710AE0,ORD000013,Wallet,503.97,Success,2025-11-04
PAY90B2DDD4,ORD002783,UPI,21494.9,Success,2025-05-11
PAY43AAD549,ORD005519,Wallet,8756.95,Success,2026-01-13
PAYCE3853FE,ORD005309,Credit Card,9906.2,Success,2025-09-22
PAYA0D09AFF,ORD000184,Credit Card,1121.3,Success,2025-08-18
PAY969F87E5,ORD002769,COD,1423.72,Success,2025-03-05
PAY927E7A8D,ORD003042,Wallet,5833.22,Success,2026-06-27
PAYBADB13F5,ORD001219,Wallet,27381.39,Refunded,2026-01-18
PAYF7BB6635,ORD000425,Credit Card,812.36,Success,2025-09-11
PAY5251B1A0,ORD005431,COD,1121.3,Success,2025-04-11
PAYD43067C1,ORD001527,UPI,1987.52,Refunded,2026-03-24
PAY4E8F9C31,ORD001752,Net Banking,1830.82,Failed,2026-07-15
PAY8030B123,ORD002988,Wallet,834.6,Success,2025-06-06
PAY5168BB43,ORD000199,Debit Card,3371.49,Success,2025-12-17
PAYF54EB27F,ORD000465,Debit Card,1513.2,Success,2026-06-26
PAYC70B2126,ORD003593,Debit Card,838.8,Success,2025-10-22
PAYF333E76F,ORD004809,UPI,15338.55,Success,2025-11-15
PAY807A20C8,ORD005306,UPI,68705.44,Failed,2026-03-16
PAY4D354A96,ORD001371,UPI,3758.8,Success,2026-06-17
PAY519D4204,ORD004949,COD,8972.1,Success,2026-01-08
PAYFE4FEDD6,ORD003097,UPI,24564.6,Refunded,2025-05-16
PAY91DE08C0,ORD005788,COD,5778.2,Success,2025-05-01
PAY45A0B46D,ORD000813,Wallet,156.01,Success,2025-03-05
PAY1F65CD95,ORD000562,UPI,7039.98,Success,2025-08-27
PAYABCADF8D,ORD004796,Credit Card,2057.82,Refunded,2025-07-23
PAYD30C7705,ORD004252,COD,67021.16,Success,2025-12-06
PAY734DD4AF,ORD000362,Wallet,5112.85,Success,2026-07-02
PAY07723DE0,ORD000521,Credit Card,1052.32,Success,2026-06-14
PAY6BC128D9,ORD004952,UPI,1399.76,Failed,2025-10-17
PAYD64B1D24,ORD005744,Net Banking,2002.86,Refunded,2025-06-11
PAYE2F29A68,ORD001589,Net Banking,10263.25,Failed,2025-08-04
PAY4C3B2213,ORD004196,Credit Card,1719.28,Refunded,2025-07-08
PAY29E787BF,ORD004979,Wallet,4306.1,Success,2025-12-09
PAY10D66D71,ORD000911,COD,5764.99,Success,2026-04-29
PAYB5DE1E02,ORD005062,Credit Card,1448.8,Refunded,2026-01-25
PAYF6CECBB2,ORD001868,UPI,23806.3,Success,2026-04-12
PAY58139D34,ORD000697,Wallet,6802.95,Refunded,2026-03-21
PAYF0240C42,ORD001558,Debit Card,27415.8,Refunded,2026-03-15
PAY1E50B645,ORD004555,Wallet,14859.3,Refunded,2025-02-02
PAYCD68583B,ORD003652,Debit Card,4450.8,Failed,2025-01-29
PAY2C36F41D,ORD001681,Debit Card,1271.64,Success,2025-09-27
PAY42415826,ORD002225,UPI,7118.6,Success,2026-07-14
PAY1039AB8E,ORD000703,UPI,45251.62,Refunded,2025-02-13
PAY921A98D9,ORD003440,UPI,2052.76,Refunded,2025-11-11
PAY0AD91886,ORD003093,UPI,2346.0,Refunded,2025-05-18
PAY383F50B7,ORD003255,Net Banking,4002.64,Refunded,2026-02-06
PAY57059EF2,ORD002016,COD,4351.23,Refunded,2025-09-02
PAY747A7E5C,ORD005384,COD,42849.36,Success,2026-07-21
PAY591CA072,ORD003901,UPI,3478.16,Refunded,2026-07-27
PAY4D0FE0B1,ORD001812,UPI,10413.72,Success,2026-04-09
PAY48B1BFDE,ORD001579,Net Banking,24564.6,Refunded,2025-02-22
PAYE1636DA6,ORD001746,Wallet,0.0,Failed,2025-09-05
PAY4E4EE663,ORD004957,Debit Card,11635.48,Success,2026-03-01
PAYAB9E607D,ORD004876,Debit Card,5694.88,Failed,2025-07-25
PAYF88F2329,ORD000934,COD,2603.43,Failed,2025-03-16
PAY41333ECF,ORD003727,Debit Card,1399.76,Success,2025-05-20
PAY34E58C92,ORD001986,Credit Card,305.28,Success,2026-07-16
PAY0FDB9F02,ORD001999,Wallet,14103.18,Refunded,2025-02-28
PAY7DA29978,ORD003028,Credit Card,0.0,Success,2025-10-25
PAYEA684469,ORD005525,COD,3429.7,Failed,2025-02-27
PAYD57BF06F,ORD001117,UPI,8749.83,Failed,2026-05-06
PAY2C6D754C,ORD004412,COD,2385.58,Success,2026-01-30
PAY9E8C7477,ORD000654,COD,2865.18,Success,2025-06-14
PAYEA6A3454,ORD003038,COD,18191.88,Success,2026-03-09
PAYDAEB63B9,ORD005163,Wallet,2757.69,Success,2025-08-07
PAYB9C716A2,ORD001326,UPI,1450.41,Failed,2025-05-23
PAYC61E37AE,ORD002932,Debit Card,1513.2,Success,2025-04-24
PAY12DA889B,ORD003241,COD,2529.0,Refunded,2025-10-21
PAYAEDC9AB6,ORD000056,COD,2578.94,Success,2026-05-22
PAY8B3C7BBD,ORD005331,COD,64301.5,Success,2025-10-24
PAY3F324B69,ORD005930,Credit Card,42885.3,Success,2026-03-02
PAY83918EC0,ORD005502,Credit Card,103.72,Refunded,2025-02-19
PAY70E836DC,ORD005492,COD,8563.39,Failed,2025-03-21
PAYD82BFB9C,ORD005885,Net Banking,3007.04,Failed,2025-12-21
PAYC61B2387,ORD001036,Wallet,0.0,Success,2026-07-20
PAYE8A83559,ORD001920,COD,27415.8,Refunded,2025-06-11
PAYF468FCE3,ORD000528,COD,18722.44,Refunded,2025-10-15
PAY3920F043,ORD000752,Net Banking,18254.26,Success,2025-08-05
PAY662F605C,ORD002256,Wallet,993.3,Refunded,2026-02-19
PAYD6CEF4F5,ORD005017,Credit Card,6008.58,Refunded,2026-04-19
PAYFAA7F9F7,ORD000287,UPI,5817.74,Success,2025-08-13
PAY8A396D2A,ORD001312,Net Banking,57180.4,Success,2025-03-07
PAY471E4A4B,ORD003480,Wallet,2608.62,Success,2026-07-18
PAYDFD08704,ORD005155,Wallet,25032.52,Success,2026-03-19
PAY15EB8B1A,ORD000368,Net Banking,781.16,Refunded,2026-04-17
PAYE77C4DE0,ORD005302,Net Banking,3868.41,Refunded,2025-03-23
PAY5D0980F9,ORD000478,Debit Card,2721.18,Success,2026-02-03
PAYAC141582,ORD005364,Net Banking,105145.2,Success,2026-02-21
PAY74BE4870,ORD003634,COD,3825.7,Success,2025-07-31
PAYFE2AAFC9,ORD005608,COD,1292.28,Refunded,2026-02-05
PAYBE2E4F56,ORD001287,UPI,13309.2,Success,2025-01-29
PAY8FBDB89B,ORD005539,Net Banking,3578.37,Refunded,2025-06-15
PAYE8FD820B,ORD004213,Credit Card,1896.75,Success,2025-09-12
PAY2BE0FE5B,ORD004171,COD,277816.6,Failed,2025-06-07
PAYA034458B,ORD000617,Wallet,4170.6,Success,2025-05-29
PAY3A40AB6C,ORD004456,Credit Card,85881.8,Success,2025-11-28
PAY19B479BB,ORD005691,UPI,3578.37,Success,2026-03-07
PAY7AA3FCCF,ORD003425,Debit Card,2444.21,Refunded,2026-06-10
PAY0B957956,ORD002904,UPI,4927.76,Success,2025-06-13
PAY520B1696,ORD001858,COD,2603.43,Success,2025-08-24
PAYA69A0B94,ORD004950,Net Banking,32134.92,Success,2026-04-03
PAY76B5ADFB,ORD004210,Debit Card,1681.95,Success,2025-11-24
PAY61A1DF42,ORD003610,Credit Card,9127.13,Failed,2025-12-16
PAYBC594DE3,ORD002703,Net Banking,419.4,Refunded,2025-09-29
PAY213F8F92,ORD004471,COD,1730.89,Success,2026-06-19
PAY52A92D37,ORD005960,Net Banking,14059.47,Success,2025-01-27
PAYE38A35BF,ORD000072,Debit Card,9906.2,Refunded,2025-11-26
PAY66B4EC55,ORD000771,Debit Card,85698.72,Failed,2026-02-19
PAY3982E334,ORD001654,Debit Card,25564.25,Success,2026-06-28
PAYA167E050,ORD002958,Wallet,75097.56,Success,2026-02-27
PAYA12D5F77,ORD002202,UPI,3128.0,Success,2025-03-06
PAYDF0AD751,ORD004156,Wallet,12896.94,Success,2025-06-11
PAYC82F71A7,ORD001937,Debit Card,1210.56,Success,2026-03-24
PAYCAC9F36F,ORD005034,Credit Card,32150.75,Refunded,2025-12-30
PAYD6AECFD8,ORD002584,Net Banking,12515.07,Refunded,2025-03-10
PAY5A689F72,ORD000189,COD,50030.2,Success,2025-04-14
PAY358D1005,ORD004821,COD,7005.56,Refunded,2025-11-16
PAY4755E28F,ORD001222,Wallet,2839.7,Refunded,2025-03-16
PAY234AE3D8,ORD001749,Credit Card,3820.24,Success,2025-07-25
PAY1B87D891,ORD000595,Debit Card,2716.88,Success,2026-04-11
PAYBE2964BB,ORD004608,Debit Card,3478.16,Success,2025-12-10
PAY5E34CF78,ORD000290,Net Banking,1259.96,Success,2025-06-03
PAY43DAC700,ORD003774,COD,10867.52,Success,2026-05-11
PAYD674A28A,ORD000172,Wallet,17643.2,Refunded,2025-07-19
PAY73B79CD0,ORD002774,Wallet,85232.88,Success,2026-04-14
PAY739307F1,ORD000903,COD,918.34,Success,2025-03-28
PAY19DC7058,ORD002429,UPI,32134.92,Refunded,2026-05-05
PAY1E137D23,ORD003081,Net Banking,8011.44,Refunded,2026-05-23
PAYC756BC70,ORD004498,Wallet,3940.24,Success,2025-05-01
PAY1D87C5E4,ORD005449,Net Banking,1121.3,Success,2025-06-25
PAY99C8748F,ORD001445,Net Banking,43015.8,Refunded,2026-03-03
PAY5BB83558,ORD000633,Net Banking,19224.4,Success,2025-08-18
PAYC934EA8E,ORD000142,Credit Card,4912.92,Success,2026-07-31
PAYB8D34561,ORD003786,Wallet,71693.0,Refunded,2025-07-30
PAY70B27BAC,ORD001236,Debit Card,30319.8,Failed,2025-01-06
PAY83E19FC1,ORD000239,Debit Card,50030.2,Success,2026-07-18
PAY625B39B0,ORD002966,UPI,43015.8,Success,2025-03-31
PAY883CBB16,ORD000666,UPI,2353.56,Success,2026-03-11
PAY7678D43E,ORD001800,Wallet,224692.36,Success,2025-10-22
PAY7989E97A,ORD002651,Credit Card,4847.88,Refunded,2025-03-06
PAYC343F41F,ORD000931,Debit Card,9905.2,Failed,2025-06-11
PAY4863A45D,ORD002372,Wallet,9776.84,Success,2025-05-23
PAY5D4C62F1,ORD001644,Credit Card,14295.1,Success,2025-07-22
PAY11A23893,ORD001902,Credit Card,19055.84,Refunded,2025-04-23
PAYD24DCE7D,ORD001803,Wallet,1371.88,Success,2026-02-09
PAY1687C323,ORD002567,Credit Card,36508.52,Success,2026-04-27
PAY09E7C4B1,ORD001925,COD,25153.53,Refunded,2026-06-30
PAYF5348714,ORD004939,Debit Card,1539.57,Success,2025-12-27
PAY3C22DD98,ORD000036,UPI,179503.65,Success,2025-05-10
PAY22C3811C,ORD004660,COD,112346.18,Success,2026-05-24
PAY635677C9,ORD000768,Credit Card,6157.95,Success,2026-04-11
PAY7A490EBD,ORD003422,UPI,2255.28,Success,2026-02-03
PAY38F68C45,ORD002390,Wallet,24763.0,Success,2026-03-08
PAY0FB2E079,ORD002333,Net Banking,353.0,Success,2025-12-20
PAY2FC6198F,ORD000850,Wallet,0.0,Refunded,2025-01-10
PAYBC2CA550,ORD002377,Debit Card,6853.95,Refunded,2025-03-14
PAY49BBD5D0,ORD003637,COD,5619.15,Success,2025-08-09
PAYD1B215B5,ORD003643,Credit Card,211.8,Success,2025-07-15
PAY7E60ED0D,ORD004307,Debit Card,1292.66,Success,2026-03-10
PAY054E74F9,ORD001185,Wallet,37522.65,Failed,2026-05-30
PAYA1A6D882,ORD000601,Credit Card,11529.98,Success,2025-08-19
PAY1F23987E,ORD000044,Net Banking,7639.35,Success,2025-06-12
PAY15C0B238,ORD001816,Debit Card,1629.96,Success,2026-07-17
PAY90750BCA,ORD005053,UPI,35231.22,Success,2025-05-04
PAY44576803,ORD005724,Wallet,31189.16,Refunded,2025-08-29
PAY328616DA,ORD003145,UPI,2900.82,Success,2026-05-29
PAYE5AD6C5E,ORD003326,Credit Card,7876.92,Success,2026-01-11
PAY1E3A27D3,ORD000247,Net Banking,17599.95,Success,2025-01-08
PAY52772C3B,ORD005715,Net Banking,19283.04,Success,2025-10-27
PAY59519C12,ORD004690,Net Banking,11529.98,Success,2025-04-15
PAY3DBD39B7,ORD003069,Wallet,14338.6,Success,2025-10-26
PAYD1D14CB7,ORD001281,Net Banking,14659.28,Success,2026-03-09
PAY3A511AE2,ORD004117,COD,100130.08,Success,2026-01-30
PAY75F20A65,ORD000461,COD,2746.23,Failed,2026-07-30
PAYB1911502,ORD002609,Credit Card,160753.75,Success,2026-01-26
PAY298C41A0,ORD002183,Credit Card,19330.0,Success,2025-10-31
PAYA042CCE5,ORD001293,Credit Card,19224.4,Failed,2025-05-20
PAY2ED978A8,ORD003599,Credit Card,22054.0,Success,2025-03-03
PAY91DEFAB0,ORD000743,Debit Card,46974.96,Success,2025-09-24
PAY329FE9C3,ORD004943,Credit Card,4408.92,Failed,2025-08-11
PAY09B5A720,ORD005924,Wallet,4495.32,Failed,2025-05-03
PAY49611503,ORD005772,Net Banking,2839.7,Refunded,2026-01-11
PAY92A6820D,ORD005981,COD,85698.72,Failed,2026-05-10
PAYB64C523E,ORD002425,Credit Card,17086.2,Refunded,2026-01-26
PAYF3966E41,ORD005238,Credit Card,3478.16,Refunded,2025-04-03
PAY616D3BBC,ORD003626,Credit Card,5157.88,Refunded,2025-01-25
PAYAF4D8B28,ORD005682,Credit Card,4271.16,Refunded,2026-04-29
PAY809C8947,ORD003535,UPI,3635.91,Refunded,2026-06-01
PAY6FC84DE0,ORD002259,UPI,4386.93,Success,2026-06-27
PAY3124525D,ORD005840,Wallet,1708.94,Success,2025-04-25
PAYAAA1CA49,ORD003228,Net Banking,2728.55,Refunded,2026-05-12
PAY65861EA7,ORD000895,UPI,955.15,Refunded,2025-10-29
PAYF68E4E4B,ORD002914,Wallet,3128.0,Failed,2025-05-19
PAYA60689DE,ORD005340,Net Banking,11666.44,Success,2026-03-08
PAY6A5935EC,ORD001132,Net Banking,2565.95,Success,2026-05-01
PAY0526D09D,ORD003732,Credit Card,64301.5,Failed,2025-09-18
PAY91DB8318,ORD004108,Wallet,317.91,Success,2026-05-07
PAYAD3A834D,ORD002717,Net Banking,12127.92,Success,2025-02-27
PAY25A530B4,ORD003254,Net Banking,7284.16,Refunded,2025-10-13
PAY73CD1E58,ORD002431,UPI,155.58,Refunded,2025-04-13
PAY0B3967F3,ORD000400,COD,5981.4,Refunded,2025-09-29
PAY50FCFBEE,ORD004625,UPI,42020.24,Refunded,2025-12-26
PAYD4B872E5,ORD003868,COD,100130.08,Refunded,2026-01-27
PAY4D037107,ORD005544,Credit Card,2697.87,Success,2025-03-12
PAYAFE63744,ORD001576,COD,52572.6,Failed,2025-08-22
PAYB0A34153,ORD000778,COD,1450.41,Refunded,2025-04-16
PAYB03A6E12,ORD001903,Wallet,9889.16,Failed,2025-06-30
PAY4DC0E5F0,ORD004931,Wallet,7039.98,Success,2026-05-13
PAY6F8A3F44,ORD000671,COD,207.44,Success,2025-12-01
PAY1BE7FC3D,ORD001779,COD,2967.2,Refunded,2026-01-26
PAYE614C652,ORD000628,Net Banking,3661.64,Refunded,2026-03-01
PAYCDE8151D,ORD001165,Debit Card,7418.0,Success,2025-02-28
PAY21F13BFC,ORD000823,Credit Card,14497.5,Refunded,2026-04-09
PAYCB30D518,ORD000304,Credit Card,2472.29,Refunded,2025-05-29
PAY4F0C8E28,ORD003964,UPI,85232.88,Success,2025-11-09
PAY083ACA71,ORD000978,Debit Card,11666.44,Success,2025-04-02
PAY1E3BE399,ORD000818,Debit Card,781.16,Success,2026-07-27
PAY4A0F7678,ORD004881,UPI,23487.48,Success,2025-09-17
PAY69E42109,ORD005521,COD,41922.55,Failed,2026-05-31
PAYA32FDB12,ORD005990,Credit Card,64301.5,Success,2026-01-13
PAYF642F097,ORD004906,Credit Card,28083.66,Success,2026-06-18
PAY3FF8A66F,ORD002881,Credit Card,2967.2,Success,2026-06-05
PAY5743110B,ORD005917,Net Banking,222253.28,Success,2026-05-25
PAY354E6580,ORD004281,UPI,19330.0,Success,2025-01-07
PAY91FA04DE,ORD000754,UPI,35216.22,Refunded,2025-07-02
PAY64944C96,ORD002478,UPI,1123.83,Refunded,2025-01-14
PAYB93CA58E,ORD001892,Wallet,5934.4,Success,2025-02-02
PAY553D2641,ORD003865,Net Banking,9372.98,Failed,2025-11-04
PAYB98FEADE,ORD000680,Wallet,4596.15,Success,2026-01-22
PAY64F9ECCC,ORD005949,Net Banking,7005.56,Refunded,2025-03-29
PAYC2D6EF48,ORD004842,COD,8406.56,Success,2025-07-27
PAY5511C788,ORD001066,UPI,3327.3,Success,2026-05-15
PAYAAC62F3F,ORD000929,Credit Card,1292.28,Success,2025-11-01
PAYBBE595D9,ORD004189,Debit Card,79318.96,Success,2025-10-04
PAYE4E79549,ORD002365,Debit Card,1007.94,Refunded,2025-02-13
PAYA09B50F6,ORD002811,Debit Card,560.65,Success,2026-06-28
PAY52C163D2,ORD000863,COD,5883.9,Success,2026-04-23
PAYD1D7FB0F,ORD004393,Credit Card,3597.16,Success,2025-03-11
PAYFAAD7474,ORD000369,Debit Card,770.64,Success,2025-02-13
PAY101A7B4E,ORD004665,Debit Card,1121.3,Success,2026-07-09
PAYD48B30FA,ORD002698,Debit Card,6923.56,Refunded,2025-03-22
PAY4F42308B,ORD004052,COD,418.7,Success,2025-09-15
PAYB4C7F1DB,ORD000445,Wallet,2967.2,Refunded,2026-06-16
PAYCB5327D0,ORD003675,COD,1944.51,Success,2025-07-20
PAY15B9372A,ORD002334,Wallet,8406.56,Refunded,2026-04-10
PAYE5E453DF,ORD003478,COD,170465.76,Success,2025-07-17
PAYE078F7DE,ORD003829,COD,19283.04,Refunded,2025-09-07
PAYE4500F21,ORD002933,Net Banking,3127.95,Refunded,2026-07-03
PAY85F50EB4,ORD003969,Credit Card,5092.9,Refunded,2025-09-14
PAY6B4D522D,ORD000438,Debit Card,624.04,Success,2025-05-18
PAY58DBEE64,ORD001653,COD,7796.78,Success,2025-08-16
PAY5B96C77B,ORD004472,UPI,1221.12,Success,2026-05-13
PAY1E3B0C79,ORD005276,Wallet,1655.5,Success,2025-05-08
PAY8DB41F3D,ORD000037,Credit Card,3128.0,Success,2025-05-26
PAY8A082B26,ORD001811,UPI,7005.56,Success,2026-04-22
PAYB571FF8E,ORD001342,Net Banking,3642.08,Refunded,2025-05-06
PAY9D1791BD,ORD003463,Debit Card,1399.76,Success,2026-02-18
PAY065C886A,ORD005504,Credit Card,1678.92,Success,2026-02-19
PAY05C9A495,ORD004192,Net Banking,2743.76,Success,2026-03-02
PAYD0C99535,ORD005853,Wallet,27381.39,Success,2026-03-05
PAY8F1A1B8E,ORD000598,COD,11315.3,Success,2026-01-08
PAYD66E5713,ORD003764,Credit Card,919.23,Success,2025-11-15
PAYC802FE74,ORD002229,COD,8817.84,Refunded,2026-05-05
PAY8D21B2BB,ORD000032,Wallet,47612.6,Success,2025-05-01
PAYCE7D6B6A,ORD005807,Net Banking,2437.08,Success,2025-03-04
PAY49242F77,ORD004716,Debit Card,8498.28,Success,2026-01-06
PAYDE2CEE33,ORD000760,Debit Card,7418.0,Success,2025-12-16
PAY252CD899,ORD000422,UPI,513.19,Refunded,2025-01-20
PAY7CFC7673,ORD004350,Net Banking,2578.94,Success,2025-12-31
PAY3096A841,ORD002631,Debit Card,23592.6,Success,2025-12-19
PAYECC4D91C,ORD000114,Net Banking,19330.0,Refunded,2025-02-03
PAY50BAF41D,ORD005511,Credit Card,503.97,Success,2025-05-23
PAY25E249CA,ORD000323,Net Banking,12361.45,Success,2025-02-13
PAY3EF7A0B8,ORD005687,Net Banking,7003.25,Success,2025-05-30
PAYF979FE3C,ORD003617,Net Banking,7332.63,Failed,2025-10-22
PAY785F0875,ORD005128,Wallet,127849.32,Refunded,2025-10-24
PAY9D82CF71,ORD000561,UPI,13732.01,Success,2026-02-20
PAY4C044FE3,ORD002617,Wallet,90503.24,Success,2025-04-05
PAY190FE42F,ORD003197,Credit Card,789.24,Refunded,2025-08-12
PAY8BD1F76A,ORD003759,Net Banking,128603.0,Success,2025-06-20
PAY7FCD05AD,ORD005447,UPI,14079.96,Success,2025-05-19
PAY3D808569,ORD001131,UPI,24765.5,Failed,2025-08-13
PAY7E679811,ORD003846,COD,4271.55,Success,2025-08-01
PAY99FB6D3D,ORD004199,UPI,9409.66,Failed,2025-12-04
PAY225E33DD,ORD003505,Wallet,162741.16,Success,2026-07-18
PAYA7AAB135,ORD002535,UPI,2922.45,Success,2025-02-14
PAY54F63800,ORD001850,UPI,1640.8,Success,2025-03-11
PAY97312EFE,ORD000567,UPI,24763.0,Success,2025-06-27
PAY25756D43,ORD000230,Net Banking,1896.9,Success,2025-02-03
PAYB29C8F42,ORD004538,COD,277816.6,Success,2025-08-20
PAY3B7EC696,ORD005246,COD,314.99,Failed,2025-05-06
PAY23FCBA1B,ORD002305,Wallet,10413.72,Refunded,2025-08-13
PAY4D8BFF41,ORD002086,Wallet,2703.09,Success,2026-01-15
PAY212D332D,ORD004118,Debit Card,6923.56,Success,2026-02-18
PAY57FB151E,ORD005709,COD,25032.52,Refunded,2025-09-25
PAY6334AF4A,ORD001947,Credit Card,128706.2,Refunded,2026-03-30
PAY5FB94677,ORD005490,Wallet,1722.44,Success,2026-01-09
PAY9EB818CC,ORD000196,Credit Card,9825.84,Success,2025-02-10
PAY64D3CF95,ORD005635,Wallet,2015.88,Refunded,2026-05-07
PAYD78DAA62,ORD005480,Wallet,46954.96,Success,2025-07-20
PAYDF0958C4,ORD003615,Debit Card,71475.5,Refunded,2026-04-26
PAYB8343E28,ORD002820,Net Banking,85698.72,Refunded,2025-11-07
PAYAC66697D,ORD001431,Credit Card,907.92,Refunded,2025-12-07
PAY3143554C,ORD002941,UPI,55563.32,Success,2026-06-01
PAY1AFADD4C,ORD003541,Wallet,331.1,Refunded,2025-01-04
PAY52C89164,ORD002694,COD,42816.95,Success,2025-08-17
PAY23BFF19D,ORD004908,Wallet,7252.05,Success,2025-01-12
PAY25D6CEED,ORD001051,Credit Card,51529.08,Refunded,2025-10-10
PAYF8485A50,ORD003264,Net Banking,2204.46,Refunded,2026-02-17
PAYBFE4081A,ORD000650,Credit Card,4298.98,Refunded,2026-05-11
PAYDD09437B,ORD004202,Wallet,1624.72,Success,2025-06-20
PAY62857ED0,ORD001998,COD,46954.96,Success,2025-12-06
PAYCE313A03,ORD003132,Net Banking,22010.73,Failed,2025-01-11
PAY0E879C42,ORD004782,Wallet,8498.28,Refunded,2026-02-20
PAY9B27E529,ORD000076,Wallet,12127.92,Refunded,2025-10-26
PAY029DE9FD,ORD001813,Debit Card,81370.58,Success,2025-11-21
PAY75F9AAAE,ORD001033,Credit Card,164173.4,Success,2026-04-01
PAYE8524EEA,ORD002789,UPI,4927.76,Refunded,2025-12-18
PAYA3A41B40,ORD002070,Net Banking,18324.1,Success,2025-05-08
PAY27C4C0DE,ORD002674,UPI,3249.44,Success,2025-09-08
PAY8C2FCAEC,ORD001270,COD,907.92,Refunded,2026-07-12
PAYB70C7A68,ORD003085,Credit Card,4832.5,Success,2025-08-19
PAYA6387ABE,ORD002748,Credit Card,1086.64,Refunded,2025-10-20
PAYC4A566F1,ORD005736,Wallet,8005.28,Success,2025-03-20
PAY5D92D959,ORD002496,COD,3635.91,Refunded,2025-05-16
PAY74C6AFCF,ORD003670,UPI,11635.48,Refunded,2026-04-26
PAY476C0EE8,ORD005913,Wallet,28195.1,Refunded,2025-11-01
PAY8349722B,ORD003703,Debit Card,7244.0,Refunded,2026-04-04
PAYB30EBDD4,ORD005184,COD,6789.18,Success,2026-01-03
PAY2B547EC0,ORD000563,Credit Card,2242.6,Success,2025-02-16
PAY9CEFF538,ORD005086,Debit Card,1640.8,Success,2025-04-27
PAYDCA99540,ORD002067,COD,764.12,Refunded,2026-07-15
PAY66C4FA1B,ORD000458,Credit Card,780.05,Refunded,2025-01-07
PAY3C95C7B2,ORD004469,Debit Card,2750.42,Success,2026-07-25
PAY8C09593F,ORD000705,Wallet,4495.32,Failed,2025-05-24
PAYE1A3C076,ORD002813,Credit Card,1176.78,Failed,2025-08-25
PAYB0565EBB,ORD003528,Wallet,85232.88,Refunded,2026-02-02
PAYFA8252E1,ORD001153,Wallet,203426.45,Refunded,2026-01-27
PAY49DBADDA,ORD003684,Net Banking,9127.13,Success,2025-09-16
PAY5BE462AC,ORD002221,Wallet,2578.94,Success,2026-04-08
PAY40B881F0,ORD000115,Credit Card,7311.55,Success,2025-04-17
PAY64820A33,ORD001439,COD,46974.96,Failed,2026-05-23
PAY06BC5F4F,ORD001704,UPI,37522.65,Refunded,2025-08-27
PAYF26BEE92,ORD004286,Wallet,918.34,Success,2025-06-10
PAY42CAED1C,ORD001511,Debit Card,3868.41,Failed,2026-03-12
PAYFFD7B22A,ORD003013,Debit Card,5934.4,Success,2026-03-06
PAY95F9A615,ORD004093,COD,118978.44,Refunded,2025-04-16
PAYD811F2D8,ORD004858,Net Banking,23524.15,Success,2025-04-19
PAY834DE4C1,ORD004959,UPI,3868.41,Success,2025-07-25
PAY7756BC8E,ORD004571,COD,25153.53,Success,2025-10-30
PAY4AEC5A8F,ORD001596,Wallet,98504.04,Refunded,2025-01-25
PAY4504C5FF,ORD004265,Net Banking,1526.4,Failed,2026-05-24
PAYCE64957F,ORD005243,COD,1564.0,Success,2026-05-03
PAY655B0117,ORD001026,Debit Card,5907.69,Refunded,2025-05-09
PAY49A0C1A1,ORD001471,Net Banking,25690.17,Success,2025-03-27
PAY59A6AE6D,ORD002615,UPI,331.1,Success,2025-01-31
PAYC1E08A28,ORD005329,UPI,1375.21,Refunded,2026-02-15
PAY8C3AF29F,ORD002960,Wallet,8563.39,Success,2025-04-08
PAYD20217A3,ORD000343,Net Banking,629.1,Success,2026-02-09
PAY012A4247,ORD002986,Debit Card,9855.52,Success,2025-11-05
PAY68C137C5,ORD004308,COD,3371.49,Success,2025-10-21
PAY1A5585F9,ORD002008,Wallet,4912.92,Success,2025-03-26
PAY371F259D,ORD002160,Debit Card,3478.16,Success,2025-12-08
PAY3F26EC42,ORD004653,COD,1271.64,Success,2025-10-08
PAYEAB51B56,ORD001215,UPI,131338.72,Refunded,2026-05-23
PAY10BD0B9C,ORD000887,UPI,1419.85,Success,2026-07-23
PAYAFB2C7E6,ORD000656,COD,3519.99,Success,2025-04-12
PAY84895FC0,ORD001618,Debit Card,1657.32,Refunded,2025-12-30
PAY6FA33CF5,ORD002656,Net Banking,353.0,Success,2025-11-25
PAY11B6AD35,ORD002850,Debit Card,68815.4,Refunded,2025-04-08
PAY3B6D1DE9,ORD000161,UPI,331.1,Refunded,2026-06-08
PAY92654A78,ORD002854,Net Banking,25153.53,Failed,2025-12-23
PAY0D50BF2F,ORD000516,COD,4272.35,Refunded,2025-07-04
PAY7E6B6AF1,ORD003216,Wallet,14953.5,Refunded,2026-07-16
PAY74786DDA,ORD002663,COD,2182.84,Success,2025-12-14
PAYA277B79B,ORD000205,Credit Card,36684.55,Success,2025-08-18
PAYDCBB2270,ORD002427,Wallet,33510.58,Refunded,2025-02-24
PAY1A578C2C,ORD001761,COD,2743.76,Success,2025-05-09
PAYAE66F095,ORD002684,COD,14583.05,Refunded,2025-05-05
PAY95295B31,ORD001435,COD,32176.55,Success,2025-10-02
PAYB7E99EC8,ORD002493,UPI,56173.09,Success,2025-04-09
PAY09090914,ORD004292,COD,58378.98,Success,2026-04-11
PAYB5A1687B,ORD002455,Net Banking,5500.84,Success,2025-02-24
PAYF9EEDB15,ORD001059,Net Banking,4271.16,Success,2025-04-26
PAY49A156C6,ORD003648,Debit Card,1324.4,Success,2026-06-24
PAY05B7069F,ORD000825,Credit Card,32134.92,Success,2025-06-02
PAY8698C1D3,ORD004525,UPI,158637.92,Success,2026-03-03
PAYEDAD7149,ORD001047,Credit Card,78858.9,Refunded,2026-06-29
PAY5BE6BD1F,ORD002176,Wallet,4125.63,Success,2025-02-11
PAY6852E348,ORD004212,Net Banking,18324.1,Failed,2025-04-11
PAY535EFF3B,ORD002984,Net Banking,418.7,Success,2025-06-13
PAY72032F3E,ORD005564,UPI,2182.84,Refunded,2025-01-24
PAY48451750,ORD002220,UPI,4622.56,Success,2025-10-29
PAYCF6B1693,ORD001313,COD,11743.74,Success,2026-03-29
PAYE2F6D955,ORD003681,Wallet,2153.8,Success,2025-07-28
PAY024F51E4,ORD003304,UPI,2757.69,Refunded,2026-07-27
PAYB4026679,ORD000131,Net Banking,224692.36,Success,2025-02-15
PAY701468B1,ORD004128,Wallet,3975.04,Success,2025-11-11
PAYC511A542,ORD003474,Debit Card,2423.94,Success,2026-06-14
PAYEA6825E4,ORD001420,Net Banking,4306.1,Success,2025-09-12
PAY367851D0,ORD001102,Net Banking,7329.64,Failed,2026-07-02
PAY2205BA7B,ORD005279,UPI,11695.17,Failed,2025-07-26
PAYFBAB8B12,ORD005673,Net Banking,18254.26,Success,2026-04-04
PAYF7F9EED4,ORD004043,Debit Card,13232.4,Failed,2026-07-04
PAYE784353F,ORD004448,Net Banking,2167.2,Success,2025-03-16
PAYF743B670,ORD003309,Credit Card,9466.84,Success,2026-02-19
PAYA5FD51C3,ORD002702,Credit Card,4733.42,Success,2025-09-12
PAYDF22D352,ORD000767,UPI,105145.2,Refunded,2025-02-16
PAYFDB143C3,ORD004237,Wallet,14857.8,Refunded,2025-02-06
PAY38F3D811,ORD002155,Wallet,5599.04,Refunded,2025-08-10
PAY697CC3B8,ORD004332,UPI,834.6,Refunded,2025-02-22
PAYD069A5DD,ORD001519,UPI,58718.7,Success,2025-04-25
PAY9D7C6465,ORD004297,Net Banking,3820.24,Refunded,2026-02-11
PAY530B0BA8,ORD000918,Wallet,19330.0,Refunded,2026-01-26
PAY154774DB,ORD002816,UPI,12507.55,Refunded,2026-01-22
PAYB3707BE2,ORD005569,Wallet,23059.96,Success,2025-09-13
PAY15E702B1,ORD003705,UPI,3975.04,Success,2025-12-31
PAYC2414A41,ORD005482,UPI,861.52,Success,2026-07-25
PAYE1D49F1A,ORD002825,UPI,75823.76,Refunded,2025-08-31
PAY624F3042,ORD004193,COD,4170.6,Refunded,2025-05-22
PAYD4F8A39C,ORD001773,Net Banking,459.17,Success,2025-01-09
PAY6C5D6A22,ORD004366,Net Banking,67877.43,Success,2025-05-22
PAYD643F2DF,ORD004091,COD,18804.24,Success,2025-07-09
PAYC3723394,ORD000257,COD,32150.75,Success,2026-07-21
PAY37D72D1B,ORD000804,Credit Card,1896.9,Refunded,2026-03-29
PAY0F24F257,ORD002386,COD,685.94,Refunded,2025-09-22
PAY7E3CF8E0,ORD000027,Debit Card,5170.64,Refunded,2025-06-21
PAY15E27A65,ORD000984,Debit Card,4870.75,Success,2025-04-22
PAYD99BF85F,ORD005616,Net Banking,4577.05,Success,2025-03-22
PAYF1CCD804,ORD001585,Net Banking,51529.08,Success,2026-03-27
PAY648D3A09,ORD003077,Debit Card,1192.79,Refunded,2025-05-09
PAY2D5CAACF,ORD003822,UPI,28195.1,Success,2025-06-10
PAY262BC5C1,ORD002792,UPI,4870.75,Failed,2026-02-10
PAYE1B67871,ORD000246,Debit Card,14857.8,Failed,2025-07-17
PAY81FF192F,ORD000551,Debit Card,23391.87,Refunded,2025-06-05
PAY040A55B6,ORD005103,UPI,56867.82,Success,2026-03-18
PAY29D2503E,ORD004435,UPI,122055.87,Success,2026-01-31
PAY5BA66405,ORD003720,COD,4952.6,Failed,2025-07-08
PAY1BA8FF12,ORD004923,Net Banking,6613.38,Success,2025-10-09
PAYAB78D27D,ORD003961,Wallet,179503.65,Success,2025-10-31
PAYE4903029,ORD000964,UPI,468.03,Success,2026-02-12
PAYCA428E34,ORD000607,UPI,8343.38,Refunded,2026-05-01
PAY79DC96A7,ORD002642,Net Banking,5981.4,Success,2025-06-15
PAYF80BC230,ORD002039,Wallet,23432.45,Success,2026-07-16
PAY16FC4A15,ORD003762,UPI,4272.35,Refunded,2025-08-28
PAY8B1C33CB,ORD004317,Credit Card,4347.7,Refunded,2025-06-07
PAY07AD32B0,ORD005269,Credit Card,1256.1,Success,2025-01-13
PAY21092B8C,ORD001611,Wallet,2955.18,Success,2025-03-10
PAYE26A711D,ORD004408,Wallet,5418.0,Failed,2026-04-24
PAY240FB5FC,ORD004489,Credit Card,47612.6,Success,2025-11-05
PAY2D57E341,ORD000505,Credit Card,1944.51,Refunded,2026-05-22
PAYE6E6DFB3,ORD005271,Wallet,4775.3,Success,2026-05-12
PAYC9946A71,ORD003084,Debit Card,4105.3,Success,2025-02-03
PAY58546B7D,ORD002385,Wallet,3910.0,Failed,2026-05-04
PAYD1CC661B,ORD005350,Wallet,1751.39,Refunded,2026-06-19
PAY4CE5E958,ORD004107,Wallet,459.17,Success,2026-02-23
PAYB0A2F53F,ORD003502,COD,2052.65,Success,2025-08-09
PAYC86D8B6B,ORD002709,Wallet,79318.96,Failed,2025-06-15
PAYE8DD60E1,ORD005942,UPI,71475.5,Success,2025-04-09
PAY45623AC0,ORD000664,UPI,1324.4,Failed,2026-03-25
PAYEB2F554B,ORD000936,COD,14200.26,Success,2026-04-21
PAY846A87C9,ORD001189,Credit Card,137598.32,Refunded,2025-10-18
PAY44144707,ORD003472,Credit Card,4952.6,Refunded,2025-04-27
PAYDFEFE422,ORD003517,Net Banking,17195.92,Success,2025-03-04
PAY92E934E1,ORD000537,Credit Card,7005.56,Success,2025-10-07
PAY63F44DC0,ORD004727,Net Banking,6059.85,Success,2025-04-21
PAY340A9328,ORD000475,Wallet,10559.97,Success,2026-04-19
PAYDD8BCB79,ORD004640,UPI,171997.9,Success,2026-02-01
PAY226B5568,ORD001830,Wallet,14544.35,Success,2025-05-30
PAYBF67728A,ORD004225,UPI,5801.64,Failed,2025-11-18
PAYC5D1048C,ORD004905,COD,11738.74,Success,2025-08-12
PAY96BCE4FC,ORD001469,COD,1681.95,Success,2025-11-21
PAYFB5FA1BC,ORD003377,Wallet,1739.08,Success,2025-06-22
PAYEA588336,ORD002402,UPI,50030.2,Success,2025-05-29
PAY8071484E,ORD003054,Net Banking,1377.51,Success,2026-04-06
PAY15FAE158,ORD000798,UPI,2238.56,Failed,2026-02-28
PAY9BF27903,ORD004513,COD,3938.46,Success,2026-04-10
PAY1A01CCA5,ORD003416,Wallet,4847.88,Success,2025-06-14
PAY3CE2AB4B,ORD001906,Credit Card,42616.44,Success,2026-06-22
PAY58ECAB1F,ORD000060,COD,1483.6,Failed,2026-02-12
PAY96F1DE53,ORD005550,Debit Card,382.06,Refunded,2026-06-04
PAY4A47D684,ORD005363,COD,23432.45,Success,2025-04-20
PAY8E2CAE28,ORD002276,Credit Card,1589.55,Refunded,2026-06-03
PAY449E5D98,ORD004504,UPI,11666.44,Success,2025-01-06
PAYED506499,ORD002862,COD,9846.15,Success,2025-04-27
PAY1585915C,ORD002057,Net Banking,2247.66,Failed,2026-06-22
PAYC684CB93,ORD004707,COD,533.48,Refunded,2026-03-21
PAYC49DCD3B,ORD003484,UPI,2052.65,Refunded,2025-09-30
PAY187C67F5,ORD000511,Debit Card,213082.2,Success,2026-02-08
PAY4F3398D0,ORD001917,COD,9981.9,Refunded,2025-08-19
PAYDCAF344F,ORD005642,Net Banking,74292.28,Success,2026-07-02
PAYB46521FB,ORD003339,UPI,50030.2,Success,2025-11-04
PAYBFE272D1,ORD000216,Debit Card,302.64,Success,2025-06-18
PAY983E8C1A,ORD003366,Wallet,5206.86,Success,2025-12-29
PAYCA13BAB0,ORD005033,COD,12515.07,Success,2026-01-25
PAY64083135,ORD003269,Debit Card,4347.7,Success,2025-10-06
PAYC82616DF,ORD003565,Credit Card,4952.6,Failed,2026-02-13
PAYD520FAFC,ORD004368,Debit Card,6530.56,Success,2025-12-01
PAYA09FC0C4,ORD004416,Net Banking,944.97,Failed,2026-04-07
PAYF241E000,ORD005001,Net Banking,7418.0,Success,2025-03-21
PAYFE9D03DB,ORD005332,Net Banking,12896.94,Success,2025-07-17
PAY3F7850E3,ORD001120,Credit Card,5254.17,Success,2025-08-20
PAY9EC6DB33,ORD004011,Credit Card,4505.15,Refunded,2026-02-17
PAY19109159,ORD002128,COD,10622.85,Refunded,2025-02-13
PAYC229202B,ORD005745,Credit Card,1450.41,Failed,2025-12-02
PAY18CBA122,ORD002418,Credit Card,39659.48,Refunded,2025-11-05
PAY1727D973,ORD004645,COD,64353.1,Failed,2026-07-19
PAYC7A01E1C,ORD001152,Credit Card,12609.84,Failed,2026-02-22
PAY6514AC84,ORD000406,Wallet,4927.76,Success,2025-12-01
PAYDC28BDB7,ORD003358,Credit Card,610.56,Success,2025-11-22
PAYA96C12C6,ORD004397,UPI,19055.84,Success,2026-02-26
PAY6971EF26,ORD000719,Net Banking,67877.43,Success,2026-04-10
PAYA54B7703,ORD003987,Debit Card,1083.6,Failed,2025-07-30
PAYB936F279,ORD002799,Net Banking,12221.05,Failed,2026-02-08
PAY3289F7AB,ORD004805,Wallet,28590.2,Refunded,2025-11-15
PAY8927C64B,ORD000592,Wallet,19651.68,Success,2026-05-23
PAY81FCC713,ORD000067,Wallet,64301.5,Success,2025-10-03
PAY03BF9F01,ORD003055,Wallet,43015.8,Refunded,2025-07-16
PAYBD66F1D0,ORD004662,Credit Card,4806.1,Success,2025-05-31
PAY77112D4C,ORD002339,Credit Card,1292.66,Success,2026-03-18
PAYFF6B1F44,ORD004797,Credit Card,128603.0,Success,2025-01-18
PAY088CEC5A,ORD001587,COD,3877.98,Success,2026-07-06
PAY1A31C407,ORD002035,Net Banking,859.64,Success,2026-02-03
PAY9A84BFDA,ORD002950,Wallet,6802.95,Failed,2026-04-16
PAYD9A3015B,ORD000410,Debit Card,5092.9,Success,2026-05-08
PAY41C7A7BB,ORD001643,Wallet,7639.35,Success,2026-03-09
PAYC7155CEF,ORD004195,Net Banking,58378.98,Failed,2025-04-13
PAYE3B3A89B,ORD002268,Wallet,907.92,Success,2025-12-02
PAY7982B352,ORD004470,Debit Card,1836.68,Success,2025-01-19
PAY106B8B1D,ORD003674,UPI,560.65,Success,2026-01-11
PAY2C236A48,ORD005292,Credit Card,56173.09,Success,2025-06-08
PAY9DBCA45F,ORD004786,Wallet,15594.58,Success,2026-04-02
PAYDD43618F,ORD005467,COD,4931.77,Success,2026-04-04
PAY271D2B49,ORD002650,Credit Card,8498.28,Failed,2025-08-23
PAYE09081AC,ORD001343,Credit Card,3896.6,Success,2025-04-27
PAYF239DA4B,ORD003592,Debit Card,2093.5,Refunded,2025-03-19
PAY64E66318,ORD004269,Wallet,1674.8,Success,2025-04-15
PAYBABDBCA5,ORD005954,COD,3597.16,Success,2026-06-24
PAY4C186188,ORD000180,Debit Card,9372.98,Refunded,2025-04-16
PAY239CBEF6,ORD003371,COD,2242.6,Refunded,2025-07-15
PAYE6BA2BAE,ORD004656,Debit Card,8011.44,Refunded,2025-05-04
PAYEF67BA2A,ORD001434,COD,9981.9,Refunded,2025-12-12
PAY07627A3F,ORD003452,Debit Card,4143.3,Success,2026-06-14
PAY3CA65220,ORD003262,COD,4912.92,Success,2025-12-10
PAYB1E83A20,ORD001424,UPI,0.0,Refunded,2025-06-05
PAY0627460F,ORD005440,Debit Card,9127.13,Failed,2025-07-03
PAY163797AD,ORD003435,Net Banking,291894.9,Refunded,2026-07-12
PAYC8D67DBA,ORD001634,COD,96452.25,Success,2025-11-25
PAYC039929F,ORD005314,Wallet,2592.68,Failed,2025-01-08
PAYD6D5FB67,ORD004266,Net Banking,15181.6,Failed,2026-01-22
PAYD58B7467,ORD001352,Wallet,918.34,Refunded,2026-07-10
PAY7BA58D6B,ORD002509,COD,2001.32,Success,2026-05-11
PAYC02801F6,ORD001840,UPI,1541.28,Success,2025-07-02
PAYD0558A91,ORD001331,Credit Card,2803.25,Refunded,2026-05-09
PAYDBD164B9,ORD001959,COD,16067.46,Refunded,2025-10-28
PAYA8C63CEB,ORD005406,Wallet,3128.0,Success,2025-11-13
PAYAD218C27,ORD000315,Debit Card,5170.64,Success,2026-07-31
PAYA360D755,ORD003020,UPI,9846.15,Success,2025-05-02
PAY1520578C,ORD003450,COD,166.92,Failed,2026-01-18
PAY87553FF2,ORD004121,Net Banking,1083.6,Success,2025-08-22
PAY8C5D9BAE,ORD003579,COD,2798.2,Success,2026-03-22
PAY83506C5E,ORD003722,Debit Card,2603.43,Refunded,2025-08-27
PAY80B4B2BB,ORD002022,Net Banking,2900.82,Success,2025-02-13
PAY20CCA76C,ORD005260,Debit Card,23432.45,Refunded,2025-12-15
PAY2C52F104,ORD001597,COD,1589.55,Refunded,2026-07-28
PAY09C8539A,ORD002906,Credit Card,4686.49,Failed,2025-05-28
PAY9E206EBC,ORD002238,Credit Card,3429.7,Success,2026-03-20
PAYA7561A7E,ORD001588,COD,14583.05,Refunded,2025-11-09
PAYE0F3A85B,ORD005595,UPI,382.06,Success,2025-05-15
PAYBB56D7CA,ORD000970,COD,128603.0,Success,2026-05-17
PAY93205629,ORD004090,UPI,32150.75,Success,2026-05-10
PAYCDA07729,ORD002807,Credit Card,31189.16,Success,2025-04-15
PAY8F9E4948,ORD004820,Wallet,789.24,Refunded,2025-12-31
PAY9347418F,ORD001178,COD,3661.64,Refunded,2025-12-30
PAY8437FAF1,ORD001254,Credit Card,42616.44,Success,2025-02-21
PAY14CF1E54,ORD005607,Wallet,3820.24,Success,2026-04-27
PAY9C7D073A,ORD001709,COD,31189.16,Failed,2026-01-26
PAY6E7DD444,ORD005721,Credit Card,198297.4,Refunded,2025-10-18
PAY96FBF05E,ORD002436,COD,96529.65,Refunded,2025-06-18
PAYE3D76C43,ORD004263,Credit Card,4704.83,Success,2026-05-19
PAYBEB6E76B,ORD001250,Net Banking,141.2,Refunded,2026-02-11
PAYB887B50D,ORD000434,UPI,4408.92,Failed,2025-11-22
PAYE3A5959B,ORD005278,Wallet,8563.39,Refunded,2026-05-14
PAY3A9E4858,ORD003201,Wallet,2423.94,Success,2025-01-10
PAYD5864CD8,ORD001386,Debit Card,8406.56,Success,2025-11-01
PAY8DF4D128,ORD005933,COD,5764.99,Success,2025-11-23
PAY5ED57D9D,ORD001042,COD,4505.15,Failed,2026-02-21
PAYE4D8362C,ORD000689,Wallet,19128.5,Refunded,2025-12-14
PAY1029C6F1,ORD001780,Credit Card,1423.72,Refunded,2026-01-07
PAYC3479AB3,ORD005649,UPI,21424.68,Refunded,2025-11-22
PAYAC25B37D,ORD002972,COD,36508.52,Success,2025-03-12
PAYADACAA5D,ORD004019,Credit Card,5849.24,Refunded,2025-09-05
PAYA2F94141,ORD000262,COD,14291.88,Failed,2025-05-12
PAY897BB4A7,ORD000350,Net Banking,3975.04,Success,2026-07-08
PAY79E3C442,ORD002765,Debit Card,861.22,Refunded,2025-10-16
PAY98D3C2B6,ORD005603,UPI,8726.61,Failed,2026-02-20
PAYD2C24A2C,ORD000168,COD,7099.25,Success,2025-11-04
PAY4B7A03F7,ORD001151,COD,34352.72,Success,2025-11-19
PAY3639B17D,ORD003157,Net Banking,15594.58,Refunded,2026-02-18
PAY50687E9C,ORD005265,COD,23487.48,Success,2025-08-29
PAYF4F38AD7,ORD003139,Credit Card,4953.1,Success,2026-03-09
PAYD851D3DB,ORD002387,COD,7005.56,Success,2025-02-15
PAYF0CFE077,ORD004561,Net Banking,4199.28,Success,2026-02-18
PAY2B8F576A,ORD002588,COD,2295.85,Success,2026-06-09
PAY37B0CB7F,ORD004376,Net Banking,3604.12,Failed,2026-02-10
PAYFF28BD9F,ORD003814,Wallet,9906.2,Success,2026-03-02
PAY732E5EB7,ORD005764,Credit Card,899.29,Failed,2025-07-17
PAYC4912A07,ORD002294,Wallet,47612.6,Success,2025-07-01
PAY7F5FAEDF,ORD002800,Credit Card,2204.46,Success,2025-06-17
PAY84B9F5AE,ORD003492,COD,7039.98,Success,2025-10-31
PAY182CC49F,ORD000284,Wallet,869.54,Refunded,2025-05-11
PAY965663D2,ORD002037,UPI,812.36,Success,2025-05-13
PAYC46A2AFB,ORD001404,Credit Card,3265.28,Success,2025-02-09
PAYCF09BCF7,ORD000517,COD,32134.92,Success,2025-12-30
PAY9EB1F107,ORD002065,UPI,331.1,Success,2026-04-27
PAY3A93FF1C,ORD005325,Wallet,37012.3,Success,2026-03-19
PAYBDE6BC99,ORD004142,UPI,2182.84,Refunded,2025-09-22
PAYFE616C6E,ORD000657,UPI,224692.36,Success,2025-04-20
PAY6E3D0A39,ORD003807,Debit Card,18933.68,Refunded,2026-01-26
PAY0993F4CE,ORD002537,COD,1211.97,Refunded,2025-08-25
PAY174A6765,ORD005947,UPI,2052.76,Success,2026-05-09
PAYF181EE39,ORD001798,Wallet,14804.92,Refunded,2025-02-21
PAY78A5072B,ORD002902,Wallet,1171.74,Success,2026-04-07
PAY3FFBEAD7,ORD001065,COD,14338.6,Success,2026-03-18
PAYFBB4095D,ORD004249,Wallet,4775.3,Success,2026-01-10
PAY4B6A4BAD,ORD000963,COD,37522.65,Refunded,2026-04-05
PAY60E85E80,ORD003913,Net Banking,6654.6,Refunded,2026-02-02
PAYE80A49AE,ORD001571,Wallet,648.17,Failed,2025-03-08
PAY064917B7,ORD001192,Credit Card,141.2,Refunded,2026-04-11
PAY1F1F7747,ORD003061,UPI,33538.04,Success,2025-05-04
PAY076245BB,ORD004621,Wallet,24255.84,Refunded,2025-07-02
PAY14195AF3,ORD004535,Credit Card,14544.35,Refunded,2026-02-03
PAYF4074464,ORD005896,Debit Card,71475.5,Success,2025-09-08
PAY5D753DFC,ORD001541,Debit Card,2173.28,Success,2026-07-18
PAYA08F68C1,ORD003575,Wallet,4002.64,Success,2025-10-12
PAY580D0F03,ORD003823,UPI,2801.3,Success,2025-01-21
PAY56E4602B,ORD004971,Wallet,10994.46,Failed,2025-05-19
PAY688C8220,ORD003902,UPI,1926.6,Refunded,2025-12-26
PAY0B146492,ORD004811,Wallet,10994.46,Success,2025-12-11
PAYDDC35956,ORD003510,Credit Card,34399.58,Success,2026-07-31
PAY6795375D,ORD002515,UPI,8972.1,Refunded,2026-07-29
PAY583A3BF9,ORD005481,COD,42885.3,Success,2026-07-01
PAYF3DF9B0A,ORD005080,Credit Card,7244.0,Refunded,2025-04-13
PAY32301F3B,ORD002681,Wallet,1048.5,Success,2026-07-28
PAY9F831319,ORD003413,Debit Card,13309.2,Success,2025-10-28
PAY24203596,ORD001983,Wallet,203426.45,Success,2025-08-12
PAY895D70F2,ORD000807,Net Banking,9108.96,Success,2025-06-13
PAYF4D60806,ORD001269,COD,1026.38,Refunded,2025-04-02
PAYDD49F4D8,ORD005460,Net Banking,2167.2,Success,2025-01-12
PAY77BAC42B,ORD000756,Net Banking,2990.7,Refunded,2025-11-02
PAYF369A430,ORD003043,UPI,62537.75,Success,2025-11-29
PAYCE2D43B5,ORD001171,Net Banking,58718.7,Failed,2025-06-09
PAY35BB9465,ORD003361,UPI,1228.68,Success,2025-12-07
PAYCBF9154F,ORD001889,Net Banking,4410.8,Success,2025-09-17
PAYE0C6784F,ORD005671,Credit Card,45251.62,Success,2026-07-01
PAYF3C449B7,ORD000566,COD,35216.22,Refunded,2025-05-04
PAY5E9B1FAC,ORD003647,UPI,67877.43,Success,2025-02-06
PAYAC6C5F59,ORD004965,Debit Card,3642.08,Success,2025-03-22
PAY958F2C2D,ORD001441,COD,5907.69,Refunded,2025-10-05
PAYCB212160,ORD001849,Credit Card,133.37,Failed,2026-06-07
PAYDD1D8FB4,ORD001504,Credit Card,172038.5,Refunded,2025-01-02
PAY14CA1560,ORD004534,Credit Card,12145.28,Refunded,2025-10-28
PAY24803734,ORD001777,Wallet,6802.95,Success,2026-02-24
PAY2CACB96B,ORD004173,Net Banking,12609.84,Refunded,2025-02-15
PAY1ACF351F,ORD004439,UPI,15302.8,Success,2026-05-14
PAYDE80B40E,ORD002513,Net Banking,59515.75,Refunded,2026-06-12
PAY26557610,ORD003497,Wallet,3417.88,Success,2026-07-22
PAYA84213CE,ORD003631,Credit Card,5112.85,Refunded,2025-02-20
PAY7432DDA5,ORD005195,Credit Card,459.17,Failed,2025-01-17
PAY37C59AB6,ORD005453,Debit Card,503.97,Success,2026-06-25
PAY6CF25CD2,ORD005386,Wallet,1722.44,Refunded,2025-07-08
PAY4CF7A99C,ORD005802,Debit Card,15593.56,Success,2026-02-22
PAY4798E262,ORD002956,Credit Card,12814.65,Success,2026-05-29
PAYE61C0AAA,ORD001958,COD,685.94,Success,2025-06-12
PAYB9A043D3,ORD001604,UPI,7244.0,Success,2025-04-01
PAY06F2855D,ORD005087,Debit Card,166689.96,Success,2025-08-04
PAYE04F7815,ORD001637,Net Banking,4953.1,Success,2025-04-26
PAYDF686BB6,ORD004658,Wallet,156.01,Failed,2026-06-01
PAY937C6983,ORD004933,COD,1539.57,Success,2026-04-24
PAY0EE3C3D5,ORD002292,Net Banking,16769.02,Success,2025-07-28
PAY8C230CE0,ORD004947,Net Banking,1312.64,Refunded,2025-09-29
PAY3A0B7EDD,ORD004443,Wallet,1121.3,Success,2025-07-08
PAY00F41180,ORD004553,UPI,5442.36,Success,2026-03-25
PAY06BF7C71,ORD002310,UPI,1802.06,Success,2026-05-18
PAYE71CBDCC,ORD005868,Net Banking,314.99,Failed,2025-11-27
PAY1371D23C,ORD002742,UPI,944.97,Failed,2025-03-15
PAY7CFA8339,ORD000678,COD,31189.16,Success,2025-04-23
PAY4A369676,ORD003056,Credit Card,8033.73,Success,2026-05-01
PAY559DFA52,ORD001161,Net Banking,2981.28,Refunded,2026-03-29
PAY4C8A144A,ORD005906,UPI,5981.4,Success,2025-01-21
PAY76287D53,ORD002713,Net Banking,605.28,Failed,2025-07-29
PAY5D016862,ORD000401,Debit Card,5619.15,Failed,2026-02-14
PAYE0CBBA67,ORD000540,Net Banking,14338.6,Refunded,2025-03-11
PAYE3FD93D8,ORD004013,COD,3898.39,Success,2025-03-29
PAYAFEEC97F,ORD005299,Credit Card,10559.97,Success,2026-03-31
PAY93E4B5F6,ORD002990,Credit Card,1970.12,Success,2025-01-18
PAYD574CF6D,ORD004374,Credit Card,3466.92,Success,2025-07-22
PAY69FF6750,ORD005125,UPI,27464.02,Success,2025-10-27
PAYDAC0F5B9,ORD002404,UPI,3007.04,Success,2025-03-08
PAYA4DECB81,ORD004515,Wallet,55719.21,Success,2025-10-29
PAYEB73E9B5,ORD005096,UPI,24162.5,Success,2025-03-20
PAY6DBC6AE3,ORD005284,Debit Card,23059.96,Success,2026-07-05
PAY3DE7CFBA,ORD004467,Net Banking,46954.96,Success,2025-11-09
PAY1300C7CB,ORD002001,COD,6613.38,Failed,2025-08-30
PAYEA807E4A,ORD004150,Debit Card,2182.84,Success,2026-07-25
PAY4C703359,ORD005390,UPI,15302.8,Failed,2026-01-31
PAY6C319217,ORD005488,Wallet,4199.28,Refunded,2025-12-18
PAYA166AD19,ORD001982,UPI,14338.6,Failed,2025-05-30
PAY026F00C2,ORD004021,Net Banking,328.16,Success,2025-12-20
PAYF6AF9295,ORD004440,UPI,14804.92,Success,2026-05-15
PAY2A9BCBE6,ORD005410,Wallet,19330.0,Refunded,2025-07-08
PAYAA0B2874,ORD002834,UPI,7099.25,Refunded,2025-11-04
PAY19AC15C5,ORD002696,Credit Card,2346.0,Refunded,2026-06-26
PAY836F5C2D,ORD002607,Wallet,4061.8,Success,2025-01-09
PAYBFA39A51,ORD000952,Net Banking,2015.88,Refunded,2025-03-11
PAYD0245BC0,ORD001305,Debit Card,1629.96,Success,2026-05-28
PAYC7438B2E,ORD003696,Credit Card,685.94,Success,2025-09-26
PAYDCCA64F6,ORD003864,COD,19491.95,Success,2026-07-07
PAY391BD880,ORD003100,Wallet,25564.25,Refunded,2026-02-13
PAY33AC653D,ORD005237,Credit Card,11962.8,Success,2026-07-25
PAY3D58C679,ORD004022,Credit Card,35388.9,Failed,2026-02-17
PAY49111631,ORD002153,Net Banking,2924.62,Failed,2025-04-15
PAY4A8BF0FC,ORD002330,Credit Card,14673.82,Refunded,2025-12-12
PAY012A0D06,ORD002239,COD,419.4,Success,2025-11-02
PAY05DA27B7,ORD001524,Net Banking,50030.2,Refunded,2026-02-15
PAY9B151692,ORD000413,Wallet,3635.91,Success,2025-07-15
PAY1AD1F9D4,ORD003083,UPI,9905.2,Failed,2025-07-10
PAY0F68BDE8,ORD004599,COD,17176.36,Success,2025-04-06
PAY8F971EDD,ORD002897,Debit Card,3007.04,Success,2026-01-03
PAYA61F2E8D,ORD005222,COD,4820.76,Success,2026-05-25
PAYD0BDD682,ORD000312,Credit Card,1264.5,Refunded,2025-07-19
PAY9919C45C,ORD000638,Debit Card,25690.17,Refunded,2026-04-18
PAY87BDFB5B,ORD003630,Wallet,2798.2,Success,2026-03-13
PAY541729F3,ORD000005,UPI,35231.22,Success,2026-07-04
PAYB5DEA8BB,ORD002093,COD,12319.4,Refunded,2026-01-01
PAYFA775AA1,ORD003624,COD,22625.81,Refunded,2025-10-21
PAY7BA7723B,ORD001782,Net Banking,103.72,Success,2025-11-04
PAY33943304,ORD001391,Credit Card,47185.2,Refunded,2025-08-18
PAY79695BE8,ORD002879,COD,10867.52,Success,2025-07-10
PAY9D3C59E8,ORD004872,Credit Card,137630.8,Refunded,2026-06-05
PAY2146177C,ORD005983,Wallet,24255.84,Refunded,2025-03-16
PAY5C1A0E1B,ORD003150,Net Banking,51529.08,Success,2025-11-17
PAY2F0C9C22,ORD004927,Net Banking,1952.9,Refunded,2025-09-01
PAY8D8C4704,ORD005058,Debit Card,11477.1,Success,2026-06-06
PAY0C213995,ORD003683,Credit Card,56173.09,Refunded,2025-10-18
PAY0B186742,ORD001193,COD,5599.04,Success,2025-05-08
PAY4D4B24D9,ORD001184,Credit Card,955.15,Failed,2025-01-15
PAY7AD07937,ORD000986,COD,4912.92,Failed,2025-03-04
PAY9D175C64,ORD005592,COD,4927.76,Refunded,2026-03-07
PAYBD09200E,ORD005773,Net Banking,15181.6,Success,2025-12-21
PAYDEA31CD8,ORD001891,UPI,4897.92,Success,2026-03-15
PAY54ECBCB7,ORD003338,Wallet,32134.92,Success,2025-06-17
PAYBF891FC2,ORD005781,COD,2437.08,Success,2025-04-23
PAYC3CF456A,ORD001032,Net Banking,1798.58,Success,2026-03-10
PAYAB4A6B92,ORD000727,COD,8543.1,Success,2025-04-02
PAY2FEC44E1,ORD005572,Wallet,2746.23,Success,2026-07-14
PAY04D6F1A2,ORD005048,Net Banking,29347.64,Success,2026-04-22
PAY6AD26029,ORD001375,Wallet,2743.76,Success,2026-03-05
PAYC2CD4669,ORD004486,COD,382.06,Failed,2026-04-15
PAYCB56760A,ORD000007,Debit Card,19055.84,Failed,2025-04-19
PAYF617875E,ORD001525,COD,624.04,Refunded,2025-04-30
PAYC8A2A4A8,ORD002049,Credit Card,10014.3,Success,2025-12-30
PAYDC29A219,ORD005845,Wallet,8654.45,Success,2025-09-15
PAYA180264E,ORD001745,Credit Card,302.64,Refunded,2025-08-23
PAY0D03B49C,ORD003998,COD,2721.18,Refunded,2025-06-12
PAYA2D187E7,ORD000535,Net Banking,31189.16,Refunded,2025-09-26
PAY0A459077,ORD004040,Net Banking,33510.58,Success,2026-01-04
PAYF6282DDA,ORD002957,Wallet,1121.3,Success,2025-09-24
PAYB076AAE9,ORD005082,COD,0.0,Success,2025-10-06
PAY126361A0,ORD002771,Credit Card,4203.28,Refunded,2025-11-26
PAYAE653ACC,ORD000658,UPI,1708.94,Refunded,2026-06-11
PAY4B22FA68,ORD002398,Credit Card,2052.65,Success,2025-08-08
PAY1640F035,ORD001668,Net Banking,419.4,Failed,2026-06-20
PAY38DF83C4,ORD001919,UPI,3128.0,Refunded,2025-08-19
PAYDFBE3F9E,ORD001649,Wallet,12609.84,Success,2026-06-16
PAY31EAF167,ORD000620,Wallet,3604.12,Success,2025-02-11
PAY662F3869,ORD001537,COD,629.1,Success,2026-04-08
PAYAA1E83C0,ORD001976,Credit Card,1739.08,Refunded,2025-01-17
PAYAA7AE96A,ORD002817,Credit Card,7876.92,Refunded,2025-05-21
PAY3F48609D,ORD001496,Debit Card,9776.84,Success,2025-01-01
PAYFAFD1141,ORD002901,Credit Card,2444.21,Refunded,2025-09-26
PAY4A208A71,ORD003627,Net Banking,3371.49,Success,2026-04-09
PAYFD6B10CC,ORD005500,UPI,239338.2,Success,2025-11-20
PAYB0423938,ORD003860,Wallet,1091.42,Success,2025-10-14
PAYFADC9FA4,ORD002511,UPI,8654.45,Success,2025-08-07
PAYFE61A8AF,ORD003195,Debit Card,10006.6,Success,2025-02-03
PAY5974F901,ORD003808,COD,6530.56,Refunded,2025-04-11
PAY45926A4D,ORD005943,UPI,45251.62,Success,2026-05-05
PAYC5F23D5E,ORD003079,UPI,1896.9,Failed,2026-05-16
PAY93F29577,ORD003128,Net Banking,2746.23,Failed,2026-04-20
PAYE465DD4C,ORD000185,COD,1423.72,Success,2026-01-11
PAYC4548E3F,ORD003190,UPI,861.52,Success,2026-02-16
PAY583581E2,ORD004550,Credit Card,3240.85,Failed,2025-01-11
PAY8C21EBAC,ORD005677,Debit Card,4170.6,Refunded,2026-05-21
PAY6952885E,ORD000977,COD,28083.66,Refunded,2026-05-28
PAYC04D3812,ORD003870,Debit Card,37012.3,Success,2026-01-28
PAYEEEC6EDC,ORD002705,Net Banking,545.71,Success,2026-07-20
PAY2437A741,ORD003797,Debit Card,468.03,Failed,2025-04-13
PAY9FC34557,ORD005857,Debit Card,1926.6,Refunded,2025-03-18
PAY824E3B02,ORD000744,COD,1719.28,Success,2025-02-11
PAY9E8B2941,ORD004747,Wallet,3597.16,Refunded,2026-02-15
PAY5B5F78B1,ORD001718,UPI,2728.55,Success,2025-02-09
PAY66551CB5,ORD004783,UPI,4952.6,Failed,2026-02-05
PAY04A4A379,ORD005079,Debit Card,7005.56,Success,2025-07-10
PAY71740127,ORD005600,Debit Card,1399.76,Refunded,2026-03-12
PAY7BF893C1,ORD004924,UPI,40685.29,Refunded,2025-05-30
PAY37C149C8,ORD004605,COD,632.25,Success,2026-07-27
PAY33A289A3,ORD004697,Debit Card,22010.73,Refunded,2025-04-27
PAYAB63B5D9,ORD001491,Debit Card,28083.66,Refunded,2025-12-12
PAYFB16DC57,ORD005533,Wallet,27464.02,Success,2025-10-11
PAYF69ED2B6,ORD001419,Credit Card,2057.82,Failed,2025-06-15
PAY87584EEE,ORD000833,Debit Card,1123.83,Refunded,2025-04-12
PAY190B6E44,ORD001928,UPI,7252.05,Success,2026-02-26
PAYA622BC79,ORD005321,Net Banking,179503.65,Success,2026-07-05
PAYFE244587,ORD002068,Credit Card,15594.58,Success,2026-06-25
PAYE49B5EE9,ORD002510,Debit Card,14418.3,Success,2025-10-28
PAYDBBA296B,ORD005147,Net Banking,35216.22,Refunded,2025-01-11
PAYD0895D41,ORD002512,Debit Card,14795.31,Refunded,2026-04-29
PAY7394E81F,ORD000265,Credit Card,2385.58,Success,2025-01-05
PAYECD6BC0C,ORD004689,COD,5849.24,Success,2025-06-30
PAY3377E1E7,ORD002572,COD,1371.88,Success,2025-06-09
PAYE6E94924,ORD002224,Debit Card,7039.98,Success,2025-04-15
PAY70940433,ORD004084,Net Banking,17086.2,Success,2025-05-18
PAY9EC89CB0,ORD001570,Credit Card,128603.0,Refunded,2026-05-12
PAY1E3F249D,ORD002101,Debit Card,7039.98,Success,2025-02-15
PAY89E68FB8,ORD003433,Net Banking,13309.2,Success,2025-03-21
PAYF8D36C68,ORD004130,Wallet,10225.7,Success,2026-02-01
PAYE414D849,ORD001258,Debit Card,2124.57,Success,2025-04-07
PAYA2CBCA71,ORD002210,Wallet,33538.04,Failed,2026-01-29
PAYB8EAEAB5,ORD001067,Credit Card,400.11,Refunded,2025-11-03
PAYBE6EC761,ORD000278,Credit Card,9108.96,Success,2025-09-27
PAY081D9BF6,ORD003372,Net Banking,3896.6,Refunded,2026-04-28
PAYCA4119CD,ORD002779,Debit Card,2897.6,Success,2025-06-06
PAY3EBFF7B4,ORD000215,UPI,5254.17,Success,2026-07-15
PAYFC703230,ORD003985,Debit Card,85232.88,Success,2025-08-14
PAY3EBB0699,ORD000357,Wallet,266.74,Refunded,2025-06-17
PAYA1E1CE26,ORD004335,Credit Card,2015.88,Success,2025-03-13
PAY083C28B6,ORD000661,Wallet,1719.28,Success,2025-10-18
PAYD353CE96,ORD001481,Net Banking,3635.91,Refunded,2026-06-20
PAYBDA8AC98,ORD005106,Debit Card,993.3,Success,2025-06-13
PAY9F0E7A3E,ORD002611,UPI,9466.84,Refunded,2026-01-12
PAYF00BB5BD,ORD005975,UPI,8210.6,Refunded,2025-08-26
PAY7739A042,ORD000667,Wallet,28824.95,Refunded,2025-10-07
PAYB015BB2F,ORD003230,Wallet,45635.65,Success,2025-02-04
PAY72494D3E,ORD005121,COD,222253.28,Success,2026-01-30
PAY3D8C49C0,ORD001735,Wallet,1289.46,Failed,2025-01-05
PAY620B668B,ORD005248,Credit Card,629.1,Success,2026-01-01
PAY0B0DD2DD,ORD002636,UPI,24763.0,Success,2025-07-11
PAYE1C441AC,ORD000770,Credit Card,1210.56,Success,2026-07-02
PAY2584D8F3,ORD005317,Wallet,32134.92,Refunded,2026-01-17
PAYE33E4F9F,ORD000816,Credit Card,656.32,Refunded,2025-05-28
PAY9E28E870,ORD001966,Wallet,1503.52,Success,2025-05-16
PAY3CCFDCC6,ORD005119,Wallet,4914.72,Refunded,2026-05-04
PAY3235A474,ORD001304,UPI,3502.78,Success,2026-04-25
PAY3DC9ABBB,ORD004996,Net Banking,985.06,Success,2026-06-25
PAYD21D118F,ORD000769,Wallet,112346.18,Success,2025-07-09
PAYD499AFF3,ORD005563,Wallet,56867.82,Success,2026-06-17
PAYC776D05C,ORD001765,COD,19491.95,Refunded,2026-01-08
PAYFB8D8B6F,ORD000862,Credit Card,1192.79,Refunded,2025-11-27
PAY2644FB43,ORD004564,Wallet,2757.69,Success,2025-12-18
PAY3FD32130,ORD000328,Wallet,14338.6,Refunded,2025-08-04
PAYAE96D74F,ORD004442,COD,58693.7,Refunded,2026-01-22
PAY79D31886,ORD002166,Debit Card,8563.39,Success,2025-09-03
PAY5A635D93,ORD002272,Credit Card,1723.04,Success,2026-06-26
PAY7E24FC55,ORD001235,Debit Card,559.64,Refunded,2025-11-27
PAY4505E421,ORD004768,Debit Card,27415.8,Refunded,2025-05-19
PAY29543925,ORD000117,UPI,5801.64,Success,2025-01-12
PAYA30E073B,ORD001217,Net Banking,13584.4,Refunded,2025-11-16
PAYE66B9F44,ORD002056,Debit Card,32176.55,Success,2025-01-27
PAYAFBC8560,ORD001968,Credit Card,4577.05,Refunded,2025-02-13
PAY60EDD854,ORD004328,Wallet,39659.48,Success,2025-04-24
PAY51BCB255,ORD000796,Debit Card,103223.1,Success,2026-06-02
PAY34D8C66A,ORD003718,Net Banking,400.11,Success,2025-04-06
PAYE1DECDAB,ORD003205,Credit Card,17176.36,Success,2026-06-30
PAY6B247B4F,ORD000896,COD,3868.41,Success,2025-05-10
PAY40C1D59E,ORD005556,Credit Card,47185.2,Success,2026-05-26
PAY243135FF,ORD001182,UPI,40168.65,Success,2025-04-10
PAY816D2A65,ORD002010,COD,7336.91,Refunded,2025-10-19
PAY4C27421D,ORD002937,Debit Card,1730.89,Failed,2025-04-23
PAY4435D4CC,ORD005565,UPI,2242.6,Success,2025-05-22
PAY62F49658,ORD002968,Debit Card,155.58,Refunded,2025-12-21
PAY8AF2259D,ORD005532,UPI,299172.75,Success,2025-12-24
PAY0E7EE1F2,ORD000366,COD,3597.16,Success,2025-07-05
PAY8CAB8979,ORD000243,Credit Card,14338.6,Success,2025-12-21
PAY6B3F3B0F,ORD004176,Net Banking,2167.2,Success,2025-06-02
PAYA0FDA00B,ORD000359,Wallet,31515.18,Refunded,2026-06-29
PAYD2DA32AE,ORD005966,Debit Card,19330.0,Success,2025-08-23
PAY7D7AF3A9,ORD004848,UPI,2865.18,Success,2026-07-20
PAY6A648D02,ORD004427,Net Banking,11796.3,Success,2025-10-27
PAY1325E5C9,ORD000723,COD,68799.16,Success,2025-03-28
PAYC42235C2,ORD004601,COD,379.38,Success,2026-03-11
PAYDF0E1B1C,ORD000955,Credit Card,128603.0,Failed,2025-10-31
PAYCE91855C,ORD003410,Debit Card,1271.64,Failed,2026-07-01
PAY8EB6F595,ORD004155,UPI,29347.64,Failed,2025-06-13
PAYFA62DF4E,ORD005141,COD,22054.0,Success,2025-09-21
PAY8AD0D8BA,ORD003606,Net Banking,4347.7,Failed,2026-07-05
PAYED587F77,ORD004533,COD,2247.66,Success,2025-08-03
PAYA0B65387,ORD005281,COD,19224.4,Success,2026-06-08
PAY17F0E7E3,ORD003869,Credit Card,4272.35,Failed,2025-06-27
PAY9A09A806,ORD000991,UPI,8011.44,Success,2026-02-16
PAY85BD0215,ORD005719,UPI,5463.12,Refunded,2026-02-01
PAY8ED6FE49,ORD004717,Wallet,17195.92,Success,2025-03-01
PAYBC75F58E,ORD005518,Debit Card,16769.02,Refunded,2025-09-10
PAY8AB89AB7,ORD001963,Credit Card,259.3,Failed,2025-05-08
PAYC8F7F93E,ORD001867,COD,5500.84,Success,2025-07-29
PAY0A84859E,ORD005771,Debit Card,42885.3,Refunded,2025-06-10
PAY7FC67806,ORD002527,Wallet,2728.55,Success,2025-04-15
PAYB67B87F9,ORD005247,Credit Card,9466.84,Success,2026-06-29
PAYAE37336B,ORD005602,Wallet,624.04,Failed,2025-09-14
PAYD55EDE4E,ORD000241,Credit Card,3371.49,Success,2025-08-15
PAYBAA72E08,ORD002141,UPI,65669.36,Success,2026-06-19
PAYF49414A0,ORD001764,UPI,23477.48,Success,2026-06-27
PAYCDFF854C,ORD005994,Credit Card,3758.8,Success,2026-07-20
PAY667581CD,ORD004219,UPI,5442.36,Success,2025-02-25
PAY17B00BC4,ORD000491,UPI,39659.48,Success,2026-01-28
PAY786C4DD6,ORD004615,Wallet,18745.96,Refunded,2026-03-08
PAY6B83856F,ORD002435,UPI,4925.3,Success,2026-01-02
PAYC0E0B8B4,ORD005617,COD,1091.42,Refunded,2026-02-05
PAY67FB7B5B,ORD002523,COD,222253.28,Refunded,2025-10-11
PAYFF1E768B,ORD000430,Wallet,2743.76,Refunded,2025-09-04
PAYA0183C90,ORD004438,Wallet,22556.08,Refunded,2025-08-06
PAY079E1266,ORD004711,UPI,2900.82,Success,2025-11-14
PAY1D0A8E1A,ORD000506,Net Banking,5764.99,Failed,2025-05-31
PAYAE0104A9,ORD000331,Net Banking,14859.3,Failed,2026-01-09
PAY58034F8B,ORD003316,Wallet,8726.61,Refunded,2025-11-25
PAY8BEAE2BA,ORD004744,Debit Card,5418.0,Refunded,2026-02-19
PAY8CBF0F4F,ORD003801,Debit Card,4505.15,Success,2025-03-24
PAYCF949549,ORD005122,UPI,23667.1,Success,2025-07-22
PAYA5999A02,ORD000668,Credit Card,4968.8,Success,2026-02-19
PAYF4EA41D7,ORD001711,Debit Card,168519.27,Success,2026-02-16
PAYAEC8C026,ORD001204,Credit Card,19491.95,Success,2025-09-09
PAY3FC371EA,ORD005367,Debit Card,9825.84,Success,2025-09-18
PAY82C3E8E4,ORD002887,Credit Card,23487.48,Refunded,2026-07-28
PAY1080812F,ORD004745,Credit Card,160882.75,Failed,2025-03-13
PAY38EBD333,ORD000882,Net Banking,68815.4,Success,2026-05-03
PAY5E7A19F4,ORD001284,Net Banking,1377.51,Failed,2026-04-18
PAY56613057,ORD001923,Wallet,7810.29,Success,2025-11-07
PAY3A18AB34,ORD003841,Net Banking,4306.1,Success,2025-06-07
PAY901FD98F,ORD005072,UPI,4143.3,Success,2026-03-18
PAYFAACB51C,ORD005937,Credit Card,2603.43,Failed,2025-11-04
PAY215EBE7B,ORD004282,Credit Card,85881.8,Refunded,2025-05-08
PAY3C6CDAE0,ORD001846,Wallet,1289.46,Success,2025-08-21
PAY7DCCD6B2,ORD001608,Credit Card,1624.72,Refunded,2025-05-03
PAY632737EA,ORD005456,COD,8384.51,Success,2025-01-08
PAY9A8C83A0,ORD003365,Credit Card,0.0,Success,2025-10-04
PAY159B1AE2,ORD005591,Debit Card,328.16,Success,2026-03-08
PAYA59C89D5,ORD004569,Debit Card,92865.35,Refunded,2025-06-17
PAY88F6E5FF,ORD004940,Net Banking,6853.95,Failed,2025-03-05
PAYB35F7A4E,ORD003825,Credit Card,9108.96,Refunded,2026-05-04
PAY66E6D142,ORD002045,Credit Card,137630.8,Refunded,2026-03-19
PAYFA271CBB,ORD004825,Debit Card,25015.1,Refunded,2025-10-29
PAY03925C33,ORD001323,UPI,1629.96,Refunded,2025-03-18
PAY27E77095,ORD002732,UPI,35388.9,Success,2025-02-06
PAYC08F2312,ORD004976,Debit Card,1589.55,Success,2025-04-06
PAYC249B8CC,ORD000923,Wallet,1271.64,Success,2026-02-05
PAY69E13AAB,ORD001003,Debit Card,901.03,Failed,2025-12-15
PAYF157DB12,ORD002487,UPI,2052.76,Success,2025-03-21
PAY13B74E38,ORD002182,Credit Card,24658.85,Refunded,2025-06-19
PAY906C2CF0,ORD002002,Debit Card,282.4,Success,2026-03-17
PAY2C7BB2F3,ORD004539,Debit Card,9889.16,Refunded,2025-07-06
PAY5614361F,ORD000951,Credit Card,1271.64,Refunded,2025-05-17
PAY662FA352,ORD000225,Credit Card,629.1,Success,2025-05-16
PAY25BAA048,ORD000790,Debit Card,103223.1,Success,2025-02-17
PAY7CD70AB6,ORD005167,Net Banking,5801.64,Success,2025-11-07
PAYDFF395F2,ORD004494,COD,78858.9,Failed,2026-01-18
PAY81C5D544,ORD005633,COD,2463.88,Success,2025-05-15
PAYC4DF5E05,ORD004474,Wallet,2124.57,Refunded,2025-10-19
PAYD462F519,ORD005457,UPI,31515.18,Success,2025-02-11
PAY1B16E514,ORD005997,Debit Card,3327.3,Refunded,2026-05-27
PAYDAB1CBB3,ORD004392,Credit Card,6802.95,Success,2025-01-08
PAY1E50FDE5,ORD005790,COD,7332.63,Refunded,2025-03-07
PAY1EAE677A,ORD002896,COD,781.16,Success,2025-11-09
PAYBA124A77,ORD001699,Wallet,3642.08,Success,2026-04-22
PAY53CE51E9,ORD003654,UPI,25564.25,Success,2026-01-14
PAYDCE2DF43,ORD000529,Debit Card,4505.15,Success,2025-06-28
PAYD6A4FDB6,ORD001411,UPI,6654.6,Failed,2025-01-30
PAY66F67A14,ORD000120,Credit Card,3597.16,Success,2025-04-14
PAYB181C5CC,ORD005377,Net Banking,3371.49,Refunded,2025-05-31
PAY83E172EF,ORD003448,Debit Card,3429.7,Success,2025-01-01
PAY2BAFAB28,ORD000701,UPI,2608.62,Refunded,2026-04-21
PAY94096D71,ORD004246,Wallet,46974.96,Refunded,2026-01-24
PAYF70C874F,ORD000851,UPI,33538.04,Failed,2026-07-06
PAY6C46969A,ORD000622,Wallet,19491.95,Success,2026-06-24
PAY0F5E8CA2,ORD000045,Net Banking,64301.5,Success,2025-02-23
PAY32EF46C8,ORD002091,Credit Card,34407.7,Success,2026-05-08
PAY1F2FA553,ORD001309,COD,22010.73,Failed,2025-05-13
PAY9A90AD6E,ORD001370,Net Banking,12319.4,Success,2026-07-16
PAY8006DA9D,ORD004414,UPI,8543.1,Failed,2025-12-16
PAYE42D2A88,ORD004951,Net Banking,11962.8,Refunded,2025-06-01
PAY999EDF9A,ORD000636,UPI,2565.95,Refunded,2026-05-08
PAY7C319B4A,ORD001162,COD,4450.8,Refunded,2025-10-21
PAYBAE8BB49,ORD004078,Credit Card,64301.5,Success,2025-07-05
PAY7009F4F1,ORD003400,Net Banking,14114.49,Refunded,2026-06-08
PAYD51F947C,ORD002777,COD,2085.3,Success,2026-02-12
PAY965EC094,ORD005023,Net Banking,5500.84,Success,2026-06-26
PAYD0790F21,ORD004174,Debit Card,5817.74,Success,2025-01-29
PAYB993C09C,ORD002540,Credit Card,22054.0,Success,2025-11-04
PAYA877CB44,ORD005510,Net Banking,233515.92,Success,2025-03-27
PAY0B54FB0B,ORD001640,Credit Card,2799.52,Success,2025-08-13
PAYADE90A34,ORD003350,UPI,19055.84,Refunded,2026-06-20
PAY62DF3A36,ORD002727,Net Banking,137630.8,Success,2026-02-08
PAY73B037C2,ORD005685,Debit Card,14059.47,Refunded,2025-08-23
PAYF90AE8BC,ORD003199,Credit Card,312.02,Success,2025-01-12
PAY4C214643,ORD004049,Wallet,50030.2,Success,2026-01-06
PAY93FC9146,ORD002553,Net Banking,14857.8,Refunded,2025-09-08
PAY9EA03D18,ORD003545,COD,3461.78,Success,2025-10-18
PAY366BFCFC,ORD002115,UPI,5764.99,Success,2025-05-10
PAYA42CBCA5,ORD004619,COD,3530.34,Success,2026-01-02
PAY665FF3FA,ORD005655,COD,14462.28,Refunded,2026-05-23
PAY85C5E1EE,ORD002479,Net Banking,2052.65,Failed,2025-04-03
PAYA4D9B84F,ORD001021,Net Banking,3938.46,Refunded,2026-02-18
PAY4B7EE4F4,ORD001218,Debit Card,4272.35,Success,2025-10-06
PAY5197224B,ORD004258,Wallet,58718.7,Failed,2026-07-18
PAY9FF36DDF,ORD001942,Debit Card,291894.9,Refunded,2025-12-29
PAY12ED43C8,ORD005712,UPI,3597.16,Refunded,2026-01-04
PAY7A2F3D21,ORD002872,COD,119669.1,Success,2025-11-03
PAY502CDD63,ORD001652,Credit Card,32134.92,Success,2026-07-21
PAY99E499D7,ORD000711,Net Banking,10994.46,Success,2025-05-29
PAYD439F8F6,ORD005335,COD,23806.3,Refunded,2025-12-03
PAY8CAE9A8F,ORD004426,Debit Card,6876.05,Success,2025-02-24
PAYBEF206CC,ORD004221,Debit Card,2346.0,Success,2025-03-14
PAY55738D7D,ORD003302,Debit Card,5213.25,Failed,2025-08-08
PAYDA301219,ORD000725,COD,685.94,Success,2026-04-19
PAYC99B8DFA,ORD001159,Credit Card,4271.16,Refunded,2025-06-15
PAY64E14C4D,ORD001744,COD,2897.6,Success,2026-06-15
PAY7CE9BD23,ORD001273,Debit Card,50265.87,Success,2025-04-23
PAYE0AB6BA5,ORD004151,Debit Card,133.37,Refunded,2025-07-04
PAY3BB56690,ORD005998,UPI,953.73,Success,2025-01-12
PAY4D289800,ORD003275,Credit Card,5934.4,Refunded,2026-02-10
PAYC52C0014,ORD004685,Debit Card,40685.29,Refunded,2026-01-02
PAY182F6A54,ORD003455,Wallet,55719.21,Success,2026-05-30
PAY764A6CC6,ORD002823,COD,1678.92,Success,2025-12-08
PAY466B25B3,ORD000627,UPI,23806.3,Refunded,2026-03-31
PAY0DDEF366,ORD005797,Wallet,0.0,Success,2025-06-02
PAY849A14FC,ORD003473,Credit Card,5833.22,Refunded,2025-08-17
PAY5EBD9DCC,ORD005821,UPI,1503.52,Success,2025-04-06
PAYFC3A0ED3,ORD002870,Debit Card,2353.56,Success,2026-03-13
PAYD30DB531,ORD000306,UPI,58693.7,Success,2026-06-18
PAYB3C65500,ORD004482,Debit Card,3429.7,Success,2026-03-09
PAY5BBD64F4,ORD004914,Debit Card,28677.2,Failed,2025-05-01
PAYAC6753BF,ORD005215,UPI,24103.8,Success,2025-11-15
PAY2E052388,ORD001388,Net Banking,1541.28,Success,2025-11-23
PAYA3FDE73A,ORD002501,Credit Card,141.2,Refunded,2025-10-13
PAY2E129FA7,ORD001485,Wallet,390.58,Failed,2026-06-14
PAYFD8E0F4F,ORD004614,COD,4334.4,Refunded,2025-09-19
PAY107CB996,ORD003210,COD,2592.68,Refunded,2026-04-20
PAYA18F7CC0,ORD004255,Debit Card,90503.24,Refunded,2025-06-07
PAYFB9B22B4,ORD003570,Wallet,4081.77,Refunded,2025-07-08
PAY67F1C0C3,ORD004559,Credit Card,4272.35,Success,2025-02-24
PAYBE15626F,ORD005044,Net Banking,812.36,Success,2025-01-28
PAY79B3E930,ORD001853,Wallet,291894.9,Refunded,2026-01-19
PAYA6B6F738,ORD003348,Wallet,328.16,Failed,2026-01-29
PAY765A23E1,ORD001768,Debit Card,2897.6,Success,2025-12-12
PAYCD16001D,ORD005589,Net Banking,15181.6,Refunded,2025-03-13
PAYD1CD60ED,ORD002597,Credit Card,2924.62,Success,2026-07-28
PAY141BE11D,ORD002564,Debit Card,5883.9,Success,2026-05-16
PAYDA6F2512,ORD000099,COD,7244.0,Success,2025-09-13
PAY55B67CF3,ORD003141,Debit Card,2981.28,Refunded,2025-12-15
PAY8688DB91,ORD000922,Wallet,1048.5,Success,2025-03-13
PAY962B7D74,ORD004461,Net Banking,984.48,Failed,2026-05-06
PAY80B4DBD0,ORD003154,Wallet,2153.8,Failed,2026-06-20
PAY62F33437,ORD001794,UPI,32150.75,Failed,2025-06-07
PAY67C670D4,ORD001890,Credit Card,1042.65,Refunded,2025-11-04
PAY1D387EA5,ORD004205,COD,32176.55,Refunded,2025-11-16
PAYFC0E54D2,ORD003071,UPI,2716.6,Refunded,2025-10-13
PAY44057CF5,ORD001243,Credit Card,119669.1,Success,2025-01-14
PAYEAC76CDE,ORD000538,Wallet,14738.76,Failed,2026-02-05
PAY759643CE,ORD003360,UPI,5981.4,Refunded,2026-06-09
PAYF39BCC8F,ORD004663,COD,543.32,Success,2026-07-23
PAYBA3312EA,ORD002069,UPI,5213.25,Success,2026-02-26
PAY4DD1DF17,ORD000144,UPI,993.76,Refunded,2025-06-26
PAY94CE60A4,ORD000372,COD,7418.0,Success,2026-05-02
PAY88A85F24,ORD003709,Debit Card,3661.64,Refunded,2026-02-16
PAYC207574E,ORD001385,Net Banking,1723.04,Success,2025-11-25
PAY2836FF22,ORD002351,Debit Card,239338.2,Success,2025-03-28
PAY93B77C16,ORD000819,Wallet,6613.38,Success,2025-10-24
PAY9B3C5823,ORD005548,Wallet,4298.98,Refunded,2026-06-24
PAY63485B65,ORD002041,Credit Card,5883.9,Success,2026-07-02
PAYB16B6654,ORD005383,Net Banking,14291.88,Refunded,2026-02-17
PAY90488BD8,ORD005097,COD,1419.85,Success,2026-02-05
PAY1CAB069C,ORD005570,Credit Card,27381.39,Success,2026-05-05
PAYD67F51A2,ORD004772,Net Banking,915.41,Failed,2025-03-08
PAYCD65BF74,ORD003726,UPI,11022.3,Failed,2025-01-17
PAY533828A8,ORD005105,UPI,62537.75,Failed,2025-07-02
PAY4DED1BBC,ORD004818,Wallet,4203.28,Success,2026-05-08
PAY39430010,ORD000371,UPI,4002.64,Success,2025-10-10
PAYB48CECA2,ORD004725,Wallet,1539.57,Refunded,2025-04-04
PAYFD5DE2F9,ORD004359,UPI,10413.72,Refunded,2025-04-17
PAY146BB15B,ORD000943,Wallet,1123.83,Success,2026-03-08
PAY8B5B8432,ORD005901,Credit Card,629.1,Failed,2025-05-19
PAYFA6CDA4C,ORD003223,COD,685.94,Success,2025-10-19
PAY5B389DAC,ORD005478,Wallet,1657.32,Success,2025-07-14
PAYF28E9E48,ORD005183,Wallet,12896.94,Success,2025-07-21
PAY7F3A8F11,ORD005737,UPI,4201.95,Success,2025-01-25
PAYFB14CD3B,ORD005025,COD,14103.18,Success,2025-11-09
PAYCE32E66F,ORD002840,Net Banking,107123.4,Refunded,2026-05-02
PAY7B445753,ORD001346,Debit Card,9905.2,Failed,2025-07-30
PAYCD9C3336,ORD002360,Debit Card,560.65,Refunded,2025-02-28
PAYF4151B00,ORD001755,Wallet,38986.45,Success,2025-05-03
PAY846B595B,ORD002394,Wallet,28590.2,Success,2025-06-13
PAY5EAF2D92,ORD003552,UPI,25032.52,Success,2025-05-11
PAYEAB3C7A5,ORD001707,Wallet,1830.82,Success,2025-09-12
PAYD1EC6704,ORD002652,UPI,14857.8,Refunded,2025-11-23
PAY9637DAA1,ORD005529,Wallet,1423.72,Refunded,2025-02-28
PAY3E864688,ORD003023,UPI,9108.96,Refunded,2025-06-10
PAYDBD8F4C9,ORD004961,Credit Card,543.32,Refunded,2026-04-13
PAY5C7B3FC5,ORD004170,Wallet,57354.4,Success,2025-02-20
PAY59540AA2,ORD000541,Credit Card,7336.91,Refunded,2026-04-02
PAY95740216,ORD003958,UPI,11962.8,Success,2025-07-17
PAY44A64E00,ORD004295,Net Banking,224692.36,Refunded,2025-11-04
PAY37085ED8,ORD004166,Wallet,19330.0,Success,2025-09-16
PAYFECFB851,ORD005421,Credit Card,198297.4,Success,2026-07-08
PAYCE874EFA,ORD004038,Net Banking,54928.04,Success,2025-06-28
PAY7531BD40,ORD005388,Net Banking,6654.6,Refunded,2025-12-07
PAY4FEE88BC,ORD005375,Net Banking,764.12,Refunded,2025-09-15
PAYA53F75F6,ORD000497,COD,545.71,Refunded,2026-05-02
PAYDB5DDB1B,ORD000145,Wallet,11738.74,Success,2026-02-10
PAY09DCCF79,ORD001355,UPI,1155.96,Failed,2025-07-03
PAY261B3671,ORD001201,Wallet,21357.75,Success,2025-06-12
PAYACB878EF,ORD005697,COD,1026.38,Success,2025-10-13
PAY90AB147E,ORD004365,UPI,56173.09,Success,2026-04-29
PAYA531F75D,ORD005187,Credit Card,2093.5,Success,2026-06-23
PAY7DB19E2B,ORD001327,Debit Card,119669.1,Success,2026-05-21
PAY92386C71,ORD000116,UPI,50265.87,Success,2025-06-21
PAY1DE008B0,ORD004099,UPI,2149.1,Success,2026-04-07
PAY23A8B7B4,ORD001456,Debit Card,57180.4,Success,2025-12-30
PAYCF1F176C,ORD002683,Debit Card,6157.95,Refunded,2025-09-26
PAYBEB2641D,ORD001912,Net Banking,18933.68,Success,2025-01-12
PAY68B4C011,ORD002922,UPI,1052.32,Success,2025-04-25
PAY0B39E633,ORD004765,Wallet,2247.66,Refunded,2025-04-23
PAYFFA05B68,ORD005161,Debit Card,5442.36,Success,2025-07-16
PAY1AC66F27,ORD002095,Wallet,1503.52,Success,2026-06-30
PAY5A578E21,ORD002107,UPI,16067.46,Success,2025-05-18
PAY680E37C3,ORD002486,UPI,13232.4,Refunded,2025-02-01
PAY7DAF393E,ORD002606,Wallet,5639.02,Success,2025-07-01
PAY9731AF4F,ORD001357,Debit Card,3461.78,Refunded,2026-02-23
PAY578D2DD4,ORD001039,Credit Card,5778.2,Success,2025-07-28
PAY1F1D6A40,ORD000975,Debit Card,25690.17,Success,2025-09-11
PAY0539C386,ORD003106,UPI,4105.3,Refunded,2025-02-20
PAYAA9A74A5,ORD002743,Credit Card,222253.28,Success,2025-09-21
PAY3ECC4ABA,ORD003501,COD,67021.16,Success,2025-07-30
PAYA7365091,ORD004348,UPI,1926.6,Success,2026-05-27
PAYFD70A1EC,ORD004647,Net Banking,2093.5,Refunded,2025-04-16
PAYBF660F03,ORD002731,Debit Card,7284.16,Failed,2025-02-21
PAYEDE8DA9A,ORD000428,Credit Card,19727.08,Refunded,2025-01-31
PAY19FC30D4,ORD000524,Wallet,5254.17,Failed,2025-10-24
PAYF50AC73B,ORD001459,Debit Card,9361.22,Success,2026-07-26
PAY5B44BD96,ORD004847,Credit Card,18573.07,Refunded,2025-03-27
PAYD84DAA42,ORD000509,Debit Card,2085.3,Refunded,2025-10-29
PAY733CD277,ORD001784,UPI,919.23,Success,2026-03-04
PAYB5F5B9C9,ORD002507,Wallet,14857.8,Success,2025-08-21
PAY8116FBB4,ORD005099,UPI,1210.56,Success,2025-12-13
PAYD8759D26,ORD001573,Net Banking,10006.6,Failed,2025-08-22
PAY8757A7DC,ORD005358,Net Banking,25015.1,Success,2025-03-30
PAYD5A40A05,ORD003035,Net Banking,9855.52,Failed,2026-06-03
PAYF3C4B272,ORD001221,Net Banking,545.71,Refunded,2025-07-04
PAYBB56F537,ORD003486,Wallet,42020.24,Success,2026-03-21
PAYCBC63A21,ORD003399,Wallet,5092.9,Refunded,2026-05-08
PAY01F2FAC8,ORD002313,UPI,41922.55,Success,2026-04-22
PAYEDD87699,ORD005014,Debit Card,2578.94,Success,2026-02-19
PAY8068D6B2,ORD003663,Net Banking,1192.79,Failed,2025-09-02
PAYC983B9B0,ORD003427,Debit Card,85698.72,Refunded,2025-03-01
PAY90A7908D,ORD003111,Net Banking,1970.12,Success,2025-08-02
PAYBC52099C,ORD001542,Wallet,3444.88,Refunded,2025-10-13
PAY8E903108,ORD000875,Net Banking,3898.39,Success,2025-04-16
PAY5A62F2FF,ORD003947,Credit Card,1211.97,Failed,2026-06-02
PAY385F0651,ORD004436,Credit Card,5192.67,Refunded,2025-09-12
PAY5AB7355D,ORD001155,Credit Card,4577.05,Refunded,2026-06-13
PAYB35F2F10,ORD000590,Credit Card,7311.55,Refunded,2025-06-02
PAY45F9A5EF,ORD002154,Debit Card,418.7,Success,2026-07-12
PAYA8522CB3,ORD001877,UPI,6143.4,Success,2026-02-16
PAY76F3F1BE,ORD004186,Credit Card,5833.22,Failed,2025-12-17
PAYE4DB060E,ORD000354,Net Banking,14200.26,Success,2025-10-21
PAY0EB5FA8E,ORD004358,Wallet,4002.64,Failed,2026-06-25
PAY62BE3508,ORD005597,Debit Card,5639.02,Refunded,2025-05-29
PAY36EC0E57,ORD001367,Credit Card,25564.25,Success,2025-01-27
PAY7E1484DD,ORD002826,COD,2173.28,Refunded,2025-10-05
PAYA7F93998,ORD000292,UPI,4171.69,Refunded,2026-03-18
PAY810156D0,ORD004636,COD,1121.3,Refunded,2025-10-09
PAY5ED3532D,ORD001299,Credit Card,50065.04,Refunded,2026-06-08
PAY795300F2,ORD001783,UPI,4199.28,Success,2025-10-27
PAY03F13E04,ORD000393,COD,3314.64,Success,2025-04-17
PAY83A3B994,ORD003059,Credit Card,10185.8,Success,2025-07-31
PAY642CA83E,ORD001979,Wallet,98504.04,Refunded,2025-02-24
PAYB80D7537,ORD000253,Net Banking,12361.45,Success,2025-03-06
PAYA00CDB1E,ORD003445,Wallet,4952.6,Success,2025-08-10
PAYA6D47AB3,ORD004375,Wallet,985.06,Success,2026-03-22
PAYE0470745,ORD004218,Wallet,2182.84,Success,2025-04-02
PAYAA5976AB,ORD003694,COD,429.82,Success,2025-11-14
PAY0F8F122E,ORD002274,Credit Card,1526.4,Refunded,2026-07-26
PAY43379BB9,ORD002641,COD,1271.64,Success,2025-09-26
PAY238F3506,ORD003270,Debit Card,64353.1,Failed,2026-02-22
PAY67D9EDED,ORD003257,Wallet,656.32,Success,2025-07-24
PAY3A220803,ORD002562,UPI,22625.81,Refunded,2025-07-05
PAY44B3C292,ORD001436,UPI,11477.1,Success,2025-08-30
PAYCA6FCE5F,ORD002997,Debit Card,9372.98,Success,2025-10-13
PAYC6751BC9,ORD001211,Credit Card,14544.35,Success,2026-07-14
PAYDDC3586D,ORD000870,Credit Card,974.15,Success,2026-04-03
PAY10AB1898,ORD004428,UPI,5433.76,Refunded,2026-01-01
PAY416206DE,ORD005887,Debit Card,5092.9,Refunded,2025-09-28
PAY0045ED3C,ORD003775,Credit Card,2716.88,Success,2026-04-24
PAY1104AE21,ORD005437,UPI,11315.3,Success,2026-04-09
PAYBBB8C7FB,ORD004521,Debit Card,3664.82,Success,2025-08-07
PAY477DA50B,ORD002594,UPI,172038.5,Success,2025-11-25
PAY93159173,ORD001279,COD,85881.8,Refunded,2025-06-08
PAYF85A773F,ORD002458,Net Banking,915.84,Refunded,2026-07-06
PAY6A4EA44C,ORD000709,UPI,3896.6,Failed,2025-09-18
PAY820181A3,ORD005567,Net Banking,85698.72,Refunded,2025-06-10
PAYBED9C4A8,ORD004326,Credit Card,16686.76,Success,2026-02-12
PAY821917A1,ORD004354,Net Banking,36508.52,Success,2026-04-25
PAYD77053CB,ORD003530,Wallet,11477.1,Success,2025-03-18
PAY638171D5,ORD000745,UPI,19224.4,Success,2026-04-14
PAY49A3B7D2,ORD000455,UPI,26286.3,Success,2025-05-15
PAY976894DD,ORD003888,Debit Card,21357.75,Failed,2026-03-27
PAYFD21991A,ORD001602,Credit Card,34399.58,Success,2026-04-29
PAYBB1E3C4F,ORD005620,Net Banking,28677.2,Success,2025-07-25
PAY7D348ED8,ORD002397,COD,29347.64,Success,2025-03-11
PAYED5BCA2C,ORD000035,Credit Card,629.1,Success,2025-10-01
PAYC067FB7E,ORD004051,Wallet,211.8,Success,2026-03-31
PAYA3040D6A,ORD003632,Net Banking,116757.96,Success,2026-02-02
PAYF2B01B2E,ORD000518,Credit Card,7651.4,Refunded,2026-05-29
PAY84133CF3,ORD001802,Debit Card,1176.78,Refunded,2025-07-12
PAY474B8153,ORD002364,UPI,52525.3,Success,2025-01-04
PAYD53426D3,ORD000028,COD,23524.15,Success,2025-10-23
PAY8DDD600F,ORD001862,Credit Card,3664.82,Success,2025-04-20
PAY4E3F08A0,ORD003940,UPI,861.22,Refunded,2026-06-29
PAY3678B340,ORD000316,Credit Card,4143.3,Success,2025-01-29
PAY0E1FBB9F,ORD004701,Wallet,758.76,Refunded,2026-04-07
PAY28201D14,ORD004910,Debit Card,5934.4,Success,2025-02-06
PAY5B9E1F03,ORD002457,Net Banking,770.64,Refunded,2025-05-07
PAY40A558B9,ORD003903,UPI,312.02,Refunded,2026-03-26
PAYAB3FD749,ORD002206,UPI,6654.6,Success,2025-02-21
PAY8473D0F6,ORD005693,Debit Card,5433.76,Failed,2025-09-23
PAYD5045A11,ORD001345,Credit Card,57180.4,Refunded,2025-01-20
PAY45F13A34,ORD002543,Net Banking,45635.65,Success,2025-01-14
PAYD43700EF,ORD000431,Wallet,19055.84,Success,2026-07-10
PAY6CA4DDF0,ORD003691,UPI,1448.8,Success,2025-07-22
PAY19CBB6A5,ORD003116,Wallet,5817.74,Success,2025-06-22
PAYFEA3BA17,ORD002245,Wallet,4596.15,Refunded,2026-06-29
PAYD5F7BC21,ORD003095,Debit Card,96452.25,Success,2025-06-13
PAYD67506DD,ORD004882,UPI,5170.64,Success,2025-06-23
PAY83725F26,ORD001975,Credit Card,34253.56,Success,2025-05-24
PAY31A9163C,ORD000242,Credit Card,1539.57,Refunded,2025-08-12
PAY13734357,ORD002236,Debit Card,116757.96,Success,2026-03-17
PAY5B2BFB6B,ORD002791,Credit Card,5778.2,Success,2026-02-26
PAYA5585FCA,ORD005009,Debit Card,50065.04,Success,2025-02-14
PAY36146916,ORD004391,Net Banking,3877.98,Success,2026-06-29
PAY5EC42B71,ORD003355,UPI,14795.31,Success,2025-04-20
PAYE58261F0,ORD004125,Credit Card,2437.08,Refunded,2025-10-24
PAYED34B138,ORD003843,Wallet,1926.6,Failed,2025-03-10
PAY2800FC75,ORD000761,UPI,4596.15,Success,2026-06-22
PAY92DC8665,ORD005250,Wallet,2750.42,Refunded,2025-08-23
PAYACBA6972,ORD005312,UPI,52525.3,Refunded,2025-09-22
PAY9AF2BEC6,ORD005661,COD,9105.2,Success,2025-10-10
PAYBB854985,ORD001109,Net Banking,5907.69,Failed,2025-06-01
PAY4A2B12AF,ORD003970,Credit Card,34352.72,Refunded,2025-06-05
PAYC6A5B6A6,ORD001725,COD,1798.58,Refunded,2025-10-17
PAY9ACF39A3,ORD000300,Wallet,30319.8,Success,2026-07-23
PAY27F321CF,ORD004613,Debit Card,666.85,Failed,2025-07-17
PAY720DAF8D,ORD004743,Debit Card,1192.79,Success,2025-07-10
PAYF4ADF4A6,ORD002270,Net Banking,503.97,Success,2025-01-17
PAYC929D783,ORD005423,Credit Card,37911.88,Success,2025-07-28
PAYB6242CE3,ORD003934,Credit Card,10867.52,Refunded,2026-02-14
PAYB95B467D,ORD000159,Wallet,8749.83,Failed,2026-03-10
PAYD1E4527D,ORD000054,COD,918.34,Refunded,2026-07-21
PAY129C74F1,ORD002581,Debit Card,5679.4,Failed,2025-04-09
PAY2A5DE003,ORD001408,COD,8726.61,Success,2025-04-09
PAY5CED8FC6,ORD002890,Wallet,12814.65,Success,2026-04-10
PAY6480CE96,ORD002812,Credit Card,545.71,Success,2025-07-28
PAY94454484,ORD000463,COD,24255.84,Success,2025-03-11
PAY584E5C4F,ORD003862,Wallet,1192.79,Failed,2025-12-11
PAY5B9164D6,ORD005117,Credit Card,861.22,Failed,2026-01-03
PAY320B925B,ORD001490,Wallet,2153.8,Success,2026-03-22
PAYC7F6C002,ORD003172,Net Banking,128706.2,Failed,2025-07-30
PAY21EF8BBE,ORD003933,Credit Card,27415.8,Refunded,2026-06-08
PAY45480613,ORD000779,Debit Card,4596.15,Failed,2026-07-22
PAY0BC5053C,ORD004485,Wallet,282.4,Refunded,2025-10-26
PAYC9B64812,ORD003153,Debit Card,11666.44,Refunded,2026-02-25
PAY3F0B26B9,ORD003529,COD,28083.66,Failed,2025-12-12
PAY458DF65E,ORD000985,UPI,3530.34,Success,2025-03-07
PAY9E925A15,ORD002548,Credit Card,1629.96,Refunded,2025-12-02
PAYB7C929CF,ORD004067,Wallet,9776.84,Success,2025-11-14
PAY840F96A9,ORD001306,UPI,38986.45,Failed,2025-03-06
PAYE8F2D8B3,ORD001675,Debit Card,24564.6,Failed,2025-04-08
PAYE5ABFCC9,ORD004422,UPI,2167.2,Success,2026-02-23
PAYB0F42057,ORD002411,Debit Card,4686.49,Refunded,2025-12-02
PAYD70BA49B,ORD000090,Wallet,118978.44,Success,2025-09-24
PAY7AEFC73F,ORD005666,Credit Card,2955.18,Success,2025-03-06
PAY437D7D83,ORD001447,Net Banking,4203.28,Success,2026-04-25
PAY47D5EA91,ORD000166,UPI,17086.2,Success,2026-02-19
PAYA0436859,ORD001739,Debit Card,35388.9,Refunded,2025-01-11
PAYBF644B7D,ORD002301,Debit Card,2457.36,Success,2025-08-08
PAYCF6B4A14,ORD001607,Wallet,1539.57,Failed,2025-07-23
PAY1935A6E7,ORD003751,Wallet,1264.5,Success,2026-02-15
PAY53268278,ORD003956,Net Banking,9372.98,Failed,2025-04-16
PAY2DE94B09,ORD003978,UPI,42816.95,Success,2025-12-25
PAY151AF8EF,ORD002538,Credit Card,2583.66,Failed,2025-01-13
PAY64584B64,ORD003076,Credit Card,15594.58,Success,2025-12-23
PAY4AA3A340,ORD004075,Credit Card,2444.21,Success,2025-09-28
PAYDADE36BB,ORD001829,COD,239338.2,Success,2025-09-10
PAYD51F07A7,ORD002052,Wallet,9105.2,Refunded,2025-12-15
PAY1DD0871C,ORD001231,Wallet,6802.95,Success,2025-02-10
PAY7902EBB5,ORD003685,Debit Card,23391.87,Success,2025-09-03
PAY1B4D42E0,ORD001879,Debit Card,42616.44,Success,2025-09-17
PAY6700E07D,ORD003039,Wallet,35231.22,Success,2025-03-08
PAY7A9FF5CA,ORD002327,Net Banking,170465.76,Success,2025-12-12
PAYCE25FC86,ORD004917,Net Banking,24103.8,Success,2025-08-09
PAYE988BA00,ORD005074,COD,3676.92,Failed,2026-07-31
PAY9437AC68,ORD003312,Wallet,1086.64,Success,2026-07-02
PAY5A59C794,ORD000398,Net Banking,1171.74,Success,2025-01-17
PAYFE280CD2,ORD005944,COD,861.22,Refunded,2025-08-06
PAYD6E8FC34,ORD004958,Credit Card,1419.85,Success,2025-11-05
PAY5EE85F4F,ORD001272,Credit Card,7418.0,Success,2026-06-17
PAYB2C3B444,ORD005338,Wallet,2721.18,Failed,2025-12-01
PAY5EB4D414,ORD001627,UPI,9889.16,Success,2026-03-07
PAY5DBBA925,ORD003229,COD,1655.5,Refunded,2025-09-25
PAYC25C22D5,ORD004380,Debit Card,23819.8,Failed,2025-01-29
PAYCF3CCD34,ORD004807,UPI,1259.96,Refunded,2026-04-08
PAYB591F704,ORD003754,Wallet,2865.18,Success,2025-10-27
PAY19DDC9B9,ORD004523,Debit Card,9906.2,Refunded,2025-03-06
PAY552ADA8B,ORD001409,Wallet,635.82,Success,2026-03-12
PAY71D3A56C,ORD003905,UPI,51529.08,Success,2025-05-31
PAYC5956E5D,ORD001468,COD,9052.24,Success,2025-03-05
PAY1ED47A87,ORD001245,Credit Card,14462.28,Success,2026-04-10
PAY54B2D4E0,ORD002519,Debit Card,4771.16,Failed,2025-07-18
PAYE31F2F03,ORD002919,Debit Card,915.41,Refunded,2025-04-22
PAY3A1BABDA,ORD003646,Net Banking,2015.88,Success,2025-10-16
PAY9D3137A7,ORD001684,Wallet,4912.92,Success,2026-02-20
PAY5E842138,ORD000531,Wallet,11962.8,Success,2026-02-27
PAYA344D579,ORD002555,Credit Card,2924.62,Success,2025-01-07
PAY1F5DA113,ORD004568,Net Banking,9641.52,Success,2026-01-11
PAYEF451EA8,ORD005816,COD,985.06,Success,2025-11-23
PAY831F06B6,ORD004529,Wallet,15181.6,Success,2026-01-26
PAYA1B729F4,ORD002788,Wallet,8406.56,Success,2025-11-28
PAY9D36A24E,ORD003915,Net Banking,5500.84,Success,2026-01-19
PAY3D9452AA,ORD000874,Net Banking,14738.76,Refunded,2025-01-27
PAY51755596,ORD001070,Wallet,1399.76,Success,2025-07-14
PAY4990DD49,ORD001696,Net Banking,127849.32,Failed,2026-01-09
PAY1C50BC58,ORD001713,Net Banking,299172.75,Failed,2025-03-02
PAY11404914,ORD004657,Credit Card,12896.94,Success,2026-02-15
PAYC9C8A2AD,ORD000675,COD,57180.4,Success,2025-11-19
PAYFF9C1FDA,ORD002472,Credit Card,869.54,Success,2026-06-07
PAY721D7ACF,ORD000313,Debit Card,7416.87,Refunded,2025-06-29
PAYAFC31382,ORD005970,Credit Card,770.64,Failed,2025-04-29
PAY3DCBBE13,ORD004751,COD,5619.15,Refunded,2025-10-30
PAY878A5895,ORD005322,Wallet,23667.1,Success,2026-07-26
PAYDC927FA4,ORD005651,Wallet,12361.45,Refunded,2025-12-16
PAY390D999C,ORD002558,Net Banking,9776.84,Success,2025-02-17
PAYD79BCE30,ORD000471,Debit Card,8749.83,Success,2026-06-03
PAY1B812CF9,ORD000871,Credit Card,500.76,Success,2025-03-08
PAY581DA3DB,ORD002344,Net Banking,2865.18,Failed,2025-10-19
PAY82A9B60F,ORD004641,Debit Card,559.64,Refunded,2026-05-03
PAY92441D55,ORD005702,COD,7810.29,Success,2026-05-08
PAYFF70CE40,ORD001845,Wallet,14953.5,Failed,2025-04-02
PAY31F7B115,ORD005359,Credit Card,3461.78,Success,2025-08-30
PAY79D6C50E,ORD005124,Net Banking,23592.6,Success,2025-03-18
PAY07D47023,ORD000824,Net Banking,5092.9,Refunded,2026-06-01
PAY358114B3,ORD002375,Net Banking,24162.5,Refunded,2026-06-01
PAY125FDA0D,ORD003173,Credit Card,985.06,Success,2026-05-01
PAY9FA700EB,ORD003653,UPI,4171.69,Refunded,2025-12-23
PAYBEE0050B,ORD005360,Credit Card,1987.52,Success,2026-05-17
PAY95BFA7E3,ORD005339,Wallet,2716.88,Failed,2026-03-19
PAY94B61332,ORD003142,Wallet,47612.6,Success,2025-07-13
PAY69EED954,ORD001799,UPI,37146.14,Success,2026-05-03
PAY1618EB19,ORD004648,Wallet,54928.04,Success,2026-02-19
PAYB4A09CDF,ORD002226,Credit Card,1948.3,Failed,2026-03-13
PAY95F7D3F8,ORD001495,Debit Card,3371.49,Failed,2025-05-25
PAYA6C99C4B,ORD000071,Net Banking,4847.88,Success,2025-06-03
PAY89722CE1,ORD002066,COD,13707.9,Refunded,2026-02-22
PAYF2B5FAC4,ORD005313,UPI,2908.87,Success,2026-01-08
PAY3BFB99F0,ORD005988,Wallet,168519.27,Success,2026-02-23
PAYF9D82D04,ORD002928,COD,222253.28,Refunded,2025-07-04
PAY2C5CF5EB,ORD004699,Credit Card,18191.88,Failed,2025-11-11
PAY8AC03089,ORD003787,UPI,2485.98,Success,2025-11-01
PAYB3A739E5,ORD005945,UPI,9665.0,Refunded,2026-04-28
PAYFCA1D689,ORD000285,Credit Card,9665.0,Success,2025-02-27
PAY9EBBD82B,ORD002613,COD,328.16,Failed,2025-11-05
PAYF5F8A7E0,ORD000956,UPI,5418.0,Refunded,2026-03-31
PAYD70A4CEB,ORD002560,Debit Card,56173.09,Success,2025-09-19
PAY8FC084AB,ORD005333,Debit Card,67021.16,Success,2026-06-20
PAY60802F26,ORD004833,Credit Card,14673.82,Success,2026-02-10
PAY0272B2D7,ORD001301,Credit Card,14295.1,Refunded,2026-04-21
PAYA304FC5E,ORD000901,Credit Card,16067.46,Success,2026-02-10
PAYD23A78A0,ORD002492,Debit Card,2247.66,Refunded,2026-05-15
PAYC5AE3B4E,ORD000334,Wallet,207.44,Failed,2026-05-27
PAY2BAC0847,ORD002963,COD,83776.45,Failed,2025-03-13
PAYD441EEDC,ORD000442,Net Banking,25153.53,Refunded,2026-04-14
PAYE0B05AD7,ORD004644,Credit Card,17294.97,Success,2025-11-23
PAY82014568,ORD004617,Credit Card,46974.96,Failed,2025-08-22
PAY31FC1F13,ORD001105,COD,4386.93,Refunded,2025-06-30
PAY71240C1D,ORD005668,Wallet,222253.28,Refunded,2026-04-25
PAYD58DF478,ORD001825,COD,9527.92,Success,2025-05-11
PAYF85F3DC4,ORD004162,Debit Card,2002.86,Failed,2026-05-16
PAY5D38F8FA,ORD000652,Net Banking,0.0,Success,2025-05-07
PAY44F153C3,ORD005268,UPI,36684.55,Failed,2025-02-28
PAY2F55B9E2,ORD005878,Credit Card,2423.94,Failed,2025-10-12
PAYDAF03217,ORD001878,Debit Card,419.4,Refunded,2026-05-22
PAY035CDF0B,ORD005157,Net Banking,984.48,Success,2026-07-15
PAY26FAB8B6,ORD004841,UPI,46954.96,Success,2025-02-03
PAY845A1200,ORD005828,Wallet,8654.45,Failed,2026-01-30
PAY6C97CA36,ORD002973,Credit Card,4081.77,Refunded,2025-01-12
PAY8C69DA49,ORD000047,Net Banking,23524.15,Success,2026-04-01
PAY58DCA761,ORD005369,UPI,78858.9,Success,2026-04-03
PAY55C09DC9,ORD000062,Credit Card,8972.1,Success,2025-03-27
PAY81CFBB48,ORD001034,Wallet,24103.8,Refunded,2025-12-27
PAYF243A20C,ORD003719,UPI,1289.46,Success,2026-06-23
PAY02E499EF,ORD002989,Net Banking,127849.32,Success,2025-12-31
PAY6B80D9B8,ORD005961,Wallet,14338.6,Refunded,2025-01-02
PAYC3AC5DA2,ORD002442,Wallet,58378.98,Success,2025-02-02
PAYDE9AC0BE,ORD005175,UPI,172038.5,Success,2026-02-24
PAYDA6002BC,ORD000121,UPI,32834.68,Success,2025-11-23
PAY52DF4CF7,ORD003752,Wallet,7284.16,Refunded,2026-01-25
PAY5529881E,ORD000203,Debit Card,10185.8,Refunded,2026-05-15
PAY7174073E,ORD005242,UPI,1371.88,Failed,2025-05-29
PAYD4E33D41,ORD000809,Wallet,1751.39,Success,2025-02-18
PAYA6C88C93,ORD002174,Debit Card,5157.88,Failed,2026-06-06
PAY216596BA,ORD003711,Net Banking,400.11,Failed,2025-06-23
PAYE947BEBC,ORD005177,Debit Card,3127.95,Success,2025-02-11
PAYEBAC6CAF,ORD001776,Credit Card,3686.04,Failed,2025-11-07
PAY579153E4,ORD000773,Net Banking,1121.3,Success,2025-01-28
PAY3189F947,ORD001970,UPI,666.85,Success,2026-07-09
PAY43BD9A5A,ORD000029,Net Banking,4596.15,Failed,2026-06-08
PAY6A076544,ORD003099,UPI,23477.48,Success,2026-03-10
PAYA34F9660,ORD004869,Net Banking,2799.52,Success,2026-05-16
PAYA4D8D8BC,ORD003379,Debit Card,8726.61,Success,2026-06-13
PAY1CD9CBEF,ORD005090,Credit Card,4495.32,Refunded,2025-10-21
PAY822FA568,ORD004223,Debit Card,2247.66,Success,2025-12-20
PAY210B002D,ORD001885,Wallet,1564.0,Success,2025-12-26
PAY29F47A39,ORD005320,Net Banking,14291.88,Refunded,2025-07-09
PAYC57CEF11,ORD000417,Debit Card,2703.09,Success,2026-04-06
PAYE0CE4255,ORD004296,Debit Card,4771.16,Failed,2025-12-26
PAY5A6F5B4B,ORD005426,Credit Card,545.71,Success,2025-06-06
PAYE2613CBF,ORD003881,Credit Card,28677.2,Refunded,2026-03-14
PAY8270998F,ORD003854,Credit Card,4771.16,Success,2025-01-30
PAY31A52CD7,ORD005822,COD,170465.76,Refunded,2026-03-26
PAYC6350C8E,ORD001078,Wallet,993.76,Success,2026-05-30
PAY5A087363,ORD003886,Debit Card,40168.65,Success,2026-07-06
PAY256A9A3B,ORD002889,COD,1708.94,Success,2026-06-06
PAY170EDC01,ORD003817,Credit Card,9612.2,Success,2025-01-04
PAYE6682D57,ORD004336,Credit Card,92865.35,Success,2025-05-20
PAY54B00A3D,ORD002624,Wallet,14857.8,Success,2025-06-06
PAYF8B76436,ORD004954,Credit Card,3635.91,Success,2026-07-24
PAY07244A3B,ORD001465,Debit Card,11315.3,Failed,2025-02-01
PAYA30BC897,ORD000260,UPI,18722.44,Success,2025-04-28
PAY2E570084,ORD001948,Net Banking,648.17,Success,2026-07-09
PAY2459BD63,ORD005361,COD,19727.08,Success,2026-02-12
PAY3E7A6458,ORD000999,COD,11903.15,Refunded,2026-03-22
PAYA1B011D1,ORD001844,COD,75823.76,Success,2026-02-15
PAY20551815,ORD002055,UPI,3327.3,Success,2026-06-28
PAY2080845D,ORD002261,Wallet,1211.97,Success,2026-05-17
PAY728D5B9E,ORD001987,COD,19055.84,Failed,2025-10-01
PAY953777CB,ORD003451,Credit Card,2799.52,Success,2026-01-02
PAYC8455279,ORD001107,Net Banking,3642.08,Success,2026-03-29
PAY1085F881,ORD003531,COD,18804.24,Success,2026-07-10
PAY5304FB4F,ORD003324,Net Banking,51529.08,Success,2025-05-19
PAY881687DB,ORD000391,UPI,382.06,Success,2026-06-23
PAYC2216577,ORD000548,UPI,8384.51,Refunded,2025-05-28
PAY4E58BE3C,ORD000508,Credit Card,27381.39,Failed,2026-03-22
PAYA94C163F,ORD004334,Debit Card,4707.12,Success,2026-04-23
PAYBB7FDD47,ORD004622,UPI,648.17,Refunded,2025-03-16
PAY81710556,ORD004041,Wallet,1176.78,Refunded,2025-02-18
PAY939BDFD1,ORD004563,Net Banking,213082.2,Refunded,2026-01-12
PAY35DEA9AB,ORD002209,Credit Card,6654.6,Refunded,2025-05-21
PAY9EE984C5,ORD002682,Wallet,2346.0,Refunded,2025-10-16
PAY56FB42EC,ORD005928,Debit Card,2592.68,Success,2025-07-31
PAYBF7ABC88,ORD003308,Debit Card,50065.04,Refunded,2025-07-14
PAY9A1E9129,ORD002277,Wallet,3877.98,Success,2025-11-02
PAYB23EFC4A,ORD002647,Debit Card,25153.53,Success,2025-04-18
PAY8D466AE4,ORD005769,Credit Card,2578.94,Success,2025-04-12
PAY62628FED,ORD002533,UPI,39659.48,Success,2025-11-24
PAY09075F78,ORD003999,Wallet,4505.15,Success,2025-08-12
PAY51A62B32,ORD000095,Debit Card,7118.6,Success,2026-03-20
PAYBD79493F,ORD000648,Net Banking,12507.55,Refunded,2025-05-02
PAY301E9240,ORD005465,Wallet,2346.0,Success,2026-07-08
PAY429E0CED,ORD000925,COD,1987.52,Success,2025-11-14
PAY3F03B0EF,ORD000202,UPI,1948.3,Refunded,2026-01-24
PAY9BFE4C63,ORD005632,UPI,7797.29,Success,2025-12-02
PAY58063480,ORD000079,UPI,16755.29,Refunded,2025-12-10
PAY8BD6DF38,ORD001606,Debit Card,14462.28,Failed,2026-04-02
PAYD499BE13,ORD004378,Wallet,14795.31,Success,2025-10-13
PAY10244724,ORD005680,COD,112346.18,Refunded,2025-01-14
PAYE5EDC9AE,ORD001387,Net Banking,12319.4,Refunded,2026-06-22
PAYEF23781B,ORD002352,COD,5157.88,Failed,2025-08-23
PAY8E1FC14C,ORD002264,UPI,11022.3,Success,2025-03-18
PAY4346280F,ORD003219,COD,12507.55,Failed,2025-09-10
PAY22BBC5EB,ORD002796,Debit Card,8498.28,Success,2026-06-16
PAYE826AB0C,ORD001004,COD,12127.92,Refunded,2025-11-17
PAY0C4CECF5,ORD000231,UPI,9612.2,Success,2026-07-29
PAYBA524599,ORD002097,Debit Card,3327.3,Refunded,2025-07-29
PAYD291887D,ORD004590,Credit Card,379.38,Failed,2026-03-29
PAY7452D599,ORD002032,Credit Card,133.37,Failed,2026-03-17
PAYA094085D,ORD003387,Debit Card,52525.3,Success,2026-04-04
PAY741691A9,ORD003389,UPI,11477.1,Failed,2025-11-18
PAY11D24AA6,ORD003246,Net Banking,4931.77,Failed,2025-03-17
PAYBC3115D7,ORD002252,Credit Card,155.58,Success,2026-01-19
PAY30CAE43A,ORD001863,UPI,632.25,Refunded,2025-11-07
PAY88F1E91C,ORD001467,UPI,5981.4,Refunded,2025-05-15
PAYCF8CEC99,ORD005164,Wallet,2546.45,Success,2025-02-14
PAYE8B61FF0,ORD005505,Debit Card,28590.2,Refunded,2025-11-12
PAY21E39D7F,ORD002126,Wallet,629.1,Refunded,2025-06-13
PAYACD03C9C,ORD004981,Debit Card,11962.8,Refunded,2025-01-12
PAY5C10A319,ORD003973,Wallet,4832.5,Success,2025-01-04
PAY6A8F6195,ORD000459,Credit Card,3461.78,Refunded,2025-02-20
PAYDCD09F56,ORD005301,Credit Card,14738.76,Failed,2025-09-03
PAY4D65C2A4,ORD002161,UPI,171997.9,Failed,2025-05-03
PAY1F4626D4,ORD004031,UPI,37911.88,Success,2025-10-11
PAY582BED39,ORD003392,Wallet,34269.75,Refunded,2026-02-04
PAY2AEAD12B,ORD001413,COD,2015.88,Refunded,2026-02-05
PAY12FB79B5,ORD000018,Net Banking,168519.27,Success,2025-11-30
PAYF7582622,ORD005810,Debit Card,8011.44,Success,2025-04-24
PAY6D7EC459,ORD002156,COD,770.64,Success,2025-02-10
PAY7C135B14,ORD004098,Debit Card,1952.9,Refunded,2026-05-14
PAY496CE033,ORD002318,UPI,1624.72,Refunded,2025-06-21
PAY47E354FA,ORD002078,Wallet,3478.16,Refunded,2026-05-16
PAY20A2925C,ORD001895,Credit Card,2981.28,Failed,2026-07-11
PAY200137A1,ORD001995,Debit Card,23819.8,Refunded,2025-11-04
PAY86902112,ORD005643,COD,4005.72,Success,2025-01-30
PAY6055F3B6,ORD002062,Wallet,2578.94,Success,2025-03-12
PAYEB74DA54,ORD004880,COD,75097.56,Success,2026-03-30
PAY92A55745,ORD004688,Debit Card,23477.48,Success,2026-06-17
PAY8912371A,ORD001730,UPI,198297.4,Success,2025-01-29
PAY0C08691D,ORD003217,Wallet,85698.72,Success,2026-07-24
PAY097DC6A9,ORD001259,Credit Card,5833.22,Refunded,2025-06-24
PAY2B4EF10A,ORD005610,Credit Card,23487.48,Success,2025-06-13
PAY81B70FD9,ORD001624,Credit Card,28824.95,Success,2025-05-05
PAY2BFFF321,ORD001341,Net Banking,35388.9,Success,2025-03-22
PAY5628DC63,ORD004900,Wallet,1192.79,Success,2025-09-27
PAYAAE285B5,ORD003525,COD,46974.96,Success,2025-11-05
PAYC567B486,ORD001981,Net Banking,21424.68,Failed,2025-12-27
PAY8F5FA450,ORD005389,Credit Card,1838.46,Success,2025-11-18
PAY008E1B4D,ORD005800,Net Banking,5833.22,Success,2026-04-10
PAY4A18A0C7,ORD004403,UPI,1052.32,Success,2025-04-19
PAYFBA08D77,ORD002720,COD,5764.99,Failed,2025-04-04
PAYB896C5F5,ORD005438,COD,1171.74,Success,2025-02-24
PAYF200161D,ORD005441,Debit Card,2001.32,Refunded,2026-01-19
PAYDCD008E1,ORD005399,UPI,899.29,Refunded,2025-08-14
PAY5F1084E0,ORD002915,Wallet,160882.75,Success,2025-02-01
PAY2B429CC4,ORD004008,Net Banking,385.32,Success,2025-05-01
PAY2996F579,ORD002699,COD,5463.12,Success,2025-07-13
PAYA4D2D70A,ORD002692,COD,54928.04,Success,2025-05-16
PAYF14A2FE4,ORD001669,COD,1026.38,Refunded,2026-05-22
PAYEEE10E19,ORD003263,UPI,68660.05,Success,2025-02-18
PAYC056A4D9,ORD002289,Wallet,899.29,Refunded,2025-05-17
PAY7240ADF5,ORD002949,Wallet,10225.7,Success,2025-05-23
PAY2EB3B3DD,ORD003872,UPI,16917.06,Refunded,2025-06-02
PAY1AFED191,ORD000576,UPI,7651.4,Refunded,2025-06-13
PAY2D1716DC,ORD001086,UPI,3635.91,Refunded,2025-11-08
PAY1E17BB6A,ORD001737,Wallet,17086.2,Success,2025-11-14
PAY718D9083,ORD002618,COD,1086.64,Success,2026-01-07
PAY20CD124A,ORD004567,Net Banking,3635.91,Failed,2025-03-18
PAY3E363F53,ORD002011,COD,2716.6,Success,2025-04-09
PAYC9AA9FB2,ORD004036,Wallet,62537.75,Success,2025-09-27
PAY69D08985,ORD001731,Net Banking,573.09,Refunded,2026-07-05
PAYAD893508,ORD002735,COD,9863.54,Success,2025-08-14
PAY6DB52ED9,ORD002349,COD,7418.0,Success,2025-01-14
PAY14A162DE,ORD005027,UPI,7329.64,Success,2026-03-03
PAY4BBDAF77,ORD002389,COD,1210.56,Success,2026-02-12
PAYACB490C7,ORD005936,Net Banking,17195.92,Failed,2025-09-23
PAYDFD03B36,ORD001671,Debit Card,28083.66,Success,2025-03-27
PAYBD68E2C4,ORD003226,Wallet,42885.3,Failed,2025-06-13
PAY4210C0B7,ORD005902,UPI,1948.3,Success,2025-08-24
PAYC09FD611,ORD003885,Debit Card,1896.75,Refunded,2026-02-16
PAY9C01C7BF,ORD004918,COD,7810.29,Refunded,2026-03-23
PAYE2E26AEB,ORD005815,Debit Card,3466.92,Refunded,2025-11-16
PAY961B33AC,ORD003544,UPI,1910.12,Success,2025-05-24
PAYCFADCE20,ORD000227,Debit Card,19330.0,Refunded,2026-07-01
PAY5D0A0867,ORD001532,Net Banking,31189.16,Success,2026-07-26
PAY6673577D,ORD005713,Net Banking,10867.52,Success,2025-05-23
PAY6B93D812,ORD002230,Credit Card,4334.4,Failed,2026-06-15
PAYB7063AB2,ORD001539,Credit Card,4334.4,Refunded,2026-07-05
PAYC1780374,ORD003553,Wallet,1655.5,Success,2025-10-22
PAY7C191793,ORD001144,Wallet,24030.5,Failed,2025-03-21
PAYA99B4277,ORD002524,COD,277816.6,Success,2025-12-10
PAY0FF7E99B,ORD005711,Credit Card,62537.75,Success,2025-01-10
PAYDC68A5F6,ORD002590,UPI,46974.96,Success,2026-03-18
PAYE9F15F98,ORD003457,COD,14103.18,Success,2025-08-23
PAYB4D9BA0D,ORD005240,Wallet,7005.56,Refunded,2026-06-04
PAYD5E22535,ORD004244,Debit Card,171997.9,Refunded,2026-07-16
PAYD9F2A449,ORD003353,UPI,12145.28,Success,2026-06-28
PAY6CD444BC,ORD003498,Debit Card,1632.64,Success,2025-05-15
PAY7D010D5B,ORD001191,COD,899.29,Failed,2026-03-31
PAYC165F414,ORD005094,COD,1836.68,Success,2025-09-10
PAY751BF641,ORD002874,Wallet,2592.68,Refunded,2025-05-24
PAY4D34522F,ORD003279,UPI,3466.92,Success,2025-05-19
PAY3DA4D153,ORD002795,Credit Card,944.97,Success,2025-04-26
PAY930186C1,ORD004277,Debit Card,46806.1,Failed,2026-07-12
PAY43A787E2,ORD005452,Net Banking,4298.98,Success,2025-12-17
PAY9BFC1818,ORD004014,COD,5981.4,Failed,2025-10-15
PAY2834CC56,ORD003065,UPI,0.0,Success,2026-07-17
PAY42049FC3,ORD002112,Net Banking,2716.6,Refunded,2026-06-30
PAY22B80179,ORD004816,UPI,1632.64,Refunded,2025-08-09
PAYD585547A,ORD004429,UPI,8033.73,Success,2025-06-02
PAY14842F99,ORD003119,Net Banking,1513.2,Refunded,2025-07-07
PAY3C2E2CD6,ORD001365,Debit Card,1155.64,Success,2025-12-01
PAYC13E6641,ORD003740,Debit Card,3478.16,Failed,2025-12-12
PAY60A9B7A5,ORD002454,Debit Card,3686.04,Success,2025-09-18
PAY0C7D7B8C,ORD004732,UPI,50030.2,Failed,2026-03-30
PAY54000148,ORD001907,Credit Card,9846.15,Refunded,2026-03-09
PAY8A20E8A6,ORD003328,Wallet,2085.3,Refunded,2026-06-05
PAY2C95BB62,ORD004012,Net Banking,14338.6,Success,2025-07-31
PAYD025777C,ORD000346,Net Banking,312.02,Failed,2025-06-20
PAY687C4CED,ORD005766,Net Banking,11529.98,Refunded,2026-01-09
PAYC3E7586A,ORD002953,UPI,915.84,Refunded,2025-08-13
PAY8C053FD1,ORD004773,Credit Card,1400.65,Success,2026-02-19
PAY883E2BB7,ORD005541,Debit Card,58378.98,Success,2026-03-25
PAYE08749ED,ORD000449,UPI,17176.36,Refunded,2025-07-04
PAY8FB302CC,ORD002661,Wallet,58718.7,Success,2026-06-20
PAY0997B287,ORD003899,Net Banking,1541.28,Refunded,2026-03-15
PAY83E5B6AD,ORD000480,Credit Card,128603.0,Refunded,2025-11-06
PAYC50FBEB3,ORD001904,Debit Card,10867.52,Refunded,2025-08-23
PAY291B2C85,ORD003468,Net Banking,4927.76,Refunded,2025-01-20
PAY54EDB29E,ORD003982,Debit Card,64274.04,Success,2026-04-07
PAYEB4FEA91,ORD005101,Credit Card,2353.56,Refunded,2025-08-12
PAYCF5D1DA7,ORD002985,Debit Card,46974.96,Success,2025-04-22
PAYB56FB018,ORD000969,Net Banking,128603.0,Refunded,2026-02-19
PAY60BF94D9,ORD001666,Credit Card,2990.7,Success,2025-12-16
PAY6BF634CE,ORD005120,Credit Card,9641.52,Success,2025-09-17
PAY2A97FB8D,ORD002145,Wallet,15594.58,Success,2025-12-30
PAY0E230A78,ORD004552,Debit Card,8821.6,Success,2025-10-18
PAY7AEBD63A,ORD002304,UPI,8749.83,Failed,2026-03-04
PAY55623D67,ORD001884,Net Banking,1289.46,Refunded,2026-01-18
PAYA7AF0AD7,ORD005580,Credit Card,4952.6,Refunded,2025-11-05
PAY2BCA1D12,ORD002886,UPI,8210.6,Refunded,2025-09-29
PAY5C9E6A0A,ORD001146,Wallet,1708.94,Failed,2025-10-04
PAY0CBBD51C,ORD004302,Wallet,13584.4,Success,2025-10-06
PAYB516B4E7,ORD003851,Wallet,1952.9,Success,2025-06-30
PAYC92FBC6E,ORD003240,Net Banking,828.66,Success,2025-07-14
PAY36CFDE10,ORD005865,COD,52525.3,Success,2026-05-16
PAY0699CE0E,ORD001238,Credit Card,1944.51,Success,2025-06-24
PAYC2F34D7F,ORD003278,COD,24763.0,Success,2025-05-02
PAYB045E57F,ORD004105,Wallet,3161.25,Success,2025-01-11
PAY6A9769B0,ORD000338,Wallet,3249.44,Success,2025-05-05
PAY823B28F0,ORD002741,Wallet,2444.21,Refunded,2026-01-19
PAYFA9C3365,ORD004775,Net Banking,3825.7,Success,2025-09-20
PAYC5845DA8,ORD001512,Credit Card,51529.08,Success,2026-04-30
PAYDD838EAB,ORD000766,Credit Card,780.05,Success,2025-01-17
PAY1AD4BD69,ORD001740,Net Banking,111126.64,Success,2025-08-17
PAY653AA5D5,ORD002801,Credit Card,1048.5,Success,2025-03-04
PAY54193DEF,ORD003667,Wallet,14544.35,Success,2026-02-04
PAYDD44AD4B,ORD001990,Credit Card,1632.64,Success,2025-03-09
PAY88F5AF1D,ORD005489,Net Banking,23477.48,Refunded,2026-06-25
PAYB562BCE2,ORD005730,Credit Card,131338.72,Success,2025-01-19
PAY2BBBE6FE,ORD005678,Credit Card,24030.5,Refunded,2025-05-19
PAY494A20DD,ORD003407,Wallet,1375.21,Success,2025-11-15
PAY363B97CE,ORD004390,Debit Card,3938.46,Failed,2026-04-20
PAY88287C87,ORD000737,Net Banking,8543.1,Success,2026-05-31
PAYD17995C6,ORD003397,COD,20858.45,Refunded,2026-02-01
PAY61482698,ORD003695,Wallet,4351.23,Success,2025-03-08
PAYB378E32A,ORD000921,COD,8384.51,Success,2025-07-11
PAY76017335,ORD002358,Net Banking,2922.45,Refunded,2026-03-24
PAYAAAC8096,ORD003564,Net Banking,50065.04,Success,2026-04-09
PAY3BF72849,ORD002756,Debit Card,9846.15,Failed,2026-03-04
PAY9A3C1D1E,ORD004046,COD,16813.12,Refunded,2026-07-01
PAY92E83DC5,ORD000154,Net Banking,5463.12,Success,2025-12-19
PAY521743A1,ORD005134,Net Banking,861.52,Success,2025-03-22
PAY93E2B2A4,ORD001770,UPI,52525.3,Refunded,2025-06-09
PAY6CD29006,ORD002446,Debit Card,266.74,Success,2025-09-06
PAYB7E1F404,ORD003614,UPI,2924.62,Refunded,2026-05-16
PAYF1894CDC,ORD005405,Credit Card,629.98,Refunded,2025-11-15
PAYBDEFE9E3,ORD001402,UPI,224692.36,Success,2025-10-17
PAY8A437DB7,ORD001647,Debit Card,974.15,Success,2025-10-14
PAY454A98D5,ORD003103,UPI,175136.94,Success,2025-05-21
PAYB9D30C5F,ORD001514,Credit Card,8543.1,Refunded,2026-06-12
PAY648B8D09,ORD001567,COD,9863.54,Success,2025-01-29
PAY37EE588A,ORD004661,Debit Card,3676.92,Refunded,2025-01-05
PAY8FF74692,ORD003098,UPI,8597.96,Success,2025-04-13
PAYAD6DF206,ORD003504,Net Banking,42885.3,Refunded,2026-04-17
PAY78550460,ORD000484,Debit Card,379.38,Success,2026-04-16
PAYDBCFFC08,ORD002861,Debit Card,1091.42,Failed,2026-06-25
PAY68456E74,ORD003258,Net Banking,1375.21,Refunded,2026-05-31
PAY5661594F,ORD002004,UPI,166.92,Success,2025-04-14
PAYC5AA57A4,ORD005843,Debit Card,8033.73,Success,2026-06-07
PAY9EF271B3,ORD002614,UPI,9052.24,Success,2026-02-27
PAYEE5409F6,ORD003760,UPI,4914.72,Success,2025-01-30
PAYAB6ED2E7,ORD005540,UPI,24658.85,Refunded,2025-02-24
PAY571FDA84,ORD000340,Debit Card,27415.8,Refunded,2026-04-03
PAYCCB4320B,ORD000014,COD,605.28,Success,2025-09-07
PAY89CA2A18,ORD002059,COD,118978.44,Refunded,2025-11-15
PAY0AEBD676,ORD001565,Debit Card,2716.6,Failed,2025-11-09
PAY28AD4D20,ORD003021,Net Banking,1155.64,Failed,2025-11-26
PAY8EC8862E,ORD001897,COD,1155.96,Success,2026-07-20
PAY57F24ACC,ORD004445,UPI,40685.29,Success,2025-12-15
PAY7F2BE139,ORD003253,Net Banking,1564.0,Success,2025-02-10
PAYCC8CBDBA,ORD004781,UPI,5170.64,Refunded,2025-07-03
PAYDAB8E27B,ORD002808,Debit Card,379.38,Refunded,2026-01-02
PAY3F5E1486,ORD002975,Wallet,14857.8,Success,2025-07-01
PAY1429531E,ORD004129,COD,3820.24,Success,2025-12-16
PAY3B83129D,ORD005638,Net Banking,46954.96,Success,2026-06-12
PAY1BF9BD21,ORD000024,UPI,58981.5,Success,2025-06-27
PAY3EC70BC3,ORD004463,UPI,2697.87,Success,2025-06-08
PAY5B0B7DEF,ORD001721,Net Banking,1821.04,Success,2025-12-13
PAYD59620DE,ORD003594,COD,11022.3,Success,2025-10-30
PAY54633835,ORD005150,Wallet,2457.36,Refunded,2026-07-13
PAY7DED9FB4,ORD005198,COD,667.68,Success,2026-06-27
PAYA92A406E,ORD001838,Wallet,3868.41,Refunded,2026-07-20
PAY2DF4858A,ORD000560,Credit Card,5442.36,Success,2025-01-17
PAY809F459D,ORD001139,Wallet,54928.04,Failed,2025-01-14
PAY2480111A,ORD004169,Net Banking,1838.46,Refunded,2025-09-01
PAY64BFE8A3,ORD005619,Wallet,2173.28,Success,2025-12-01
PAY297E9CF2,ORD005794,Debit Card,9855.52,Failed,2026-05-21
PAYA2891C68,ORD002090,Credit Card,0.0,Refunded,2025-01-21
PAY6BD12251,ORD001960,Debit Card,112346.18,Success,2026-02-24
PAY5C865381,ORD005487,COD,2750.42,Refunded,2025-04-05
PAY38926BA9,ORD000136,Wallet,133.37,Success,2026-05-30
PAY4DC8BC7F,ORD000660,COD,10622.85,Success,2025-02-11
PAY9538295A,ORD002967,Credit Card,4763.96,Refunded,2026-07-17
PAY8269BF0F,ORD005969,Wallet,90503.24,Success,2025-09-08
PAY0442544B,ORD003658,Debit Card,3417.88,Failed,2026-07-16
PAYC9786BF5,ORD005275,Wallet,838.8,Success,2025-05-12
PAY976994AE,ORD005227,UPI,158637.92,Refunded,2025-01-09
PAY87E6C963,ORD004546,Credit Card,16636.5,Success,2025-08-17
PAYECE48F19,ORD002728,COD,24658.85,Success,2025-05-31
PAY24D6D730,ORD000806,Wallet,28195.1,Failed,2026-07-08
PAY6A8FFF97,ORD003194,Net Banking,4505.15,Refunded,2026-01-30
PAY4300AA60,ORD001076,Debit Card,11796.3,Refunded,2026-03-16
PAYE8F80DBE,ORD003785,UPI,46954.96,Failed,2026-02-11
PAY20E0A707,ORD005220,UPI,30319.8,Success,2025-08-24
PAY3FBE234F,ORD004048,UPI,4775.3,Success,2025-01-19
PAY547D2559,ORD002152,Debit Card,24658.85,Refunded,2025-11-19
PAY7633ACAC,ORD002015,UPI,8563.39,Failed,2026-04-05
PAYD332675D,ORD001398,Credit Card,12896.94,Failed,2025-06-10
PAY0C85FA48,ORD000474,Wallet,85698.72,Success,2025-02-06
PAY37CF61B1,ORD000419,COD,14544.35,Refunded,2025-05-25
PAYE3DEFDB8,ORD000840,Net Banking,291894.9,Failed,2025-04-14
PAY04897859,ORD003315,Wallet,211.8,Refunded,2026-05-22
PAYCA318ACA,ORD003603,COD,4201.95,Refunded,2026-06-09
PAY35510E18,ORD002348,COD,632.25,Refunded,2026-05-16
PAY929F129F,ORD001227,COD,5907.69,Refunded,2025-11-24
PAY75376042,ORD003878,COD,5463.12,Success,2025-12-18
PAY415242A9,ORD000968,Net Banking,2900.82,Refunded,2026-04-26
PAY8CB56FC7,ORD001321,Debit Card,8817.84,Success,2025-08-25
PAY95BE2BB1,ORD004280,Wallet,3240.85,Success,2025-05-05
PAY3982B7F8,ORD000386,Net Banking,4912.92,Success,2026-02-02
PAY1D0EF7D1,ORD000916,UPI,18819.32,Success,2026-03-12
PAY83CAAE05,ORD000533,Net Banking,429.82,Refunded,2025-06-21
PAYC69987B7,ORD003352,Credit Card,2472.29,Success,2025-02-23
PAY62273732,ORD003198,Net Banking,168519.27,Success,2025-12-09
PAY44549AD9,ORD000676,Net Banking,11743.74,Failed,2025-07-01
PAY94381F1B,ORD004444,Net Banking,3249.44,Success,2025-04-17
PAYCC8E20ED,ORD002222,Credit Card,533.48,Failed,2026-07-02
PAY13D5E0D8,ORD005252,Net Banking,11529.98,Success,2025-03-23
PAYDA307C18,ORD003429,Net Banking,28195.1,Success,2026-02-19
PAY711F9037,ORD003939,Credit Card,2990.7,Success,2025-09-17
PAY0507E460,ORD004580,Net Banking,14338.6,Refunded,2026-07-21
PAY767CE2CB,ORD004074,Net Banking,31189.16,Success,2025-04-17
PAY9917C3C4,ORD002579,Credit Card,96529.65,Success,2026-02-10
PAYA1C87896,ORD002407,Wallet,16636.5,Success,2025-04-18
PAYD72A78DD,ORD005345,Wallet,5639.02,Failed,2025-07-12
PAY6D10AE5D,ORD002704,Debit Card,29609.84,Refunded,2026-03-02
PAYD78CAC15,ORD002414,UPI,14857.8,Success,2025-04-27
PAY70B81D28,ORD002951,Wallet,41196.03,Refunded,2026-07-11
PAY3A4E9699,ORD000721,Debit Card,459.17,Refunded,2025-06-11
PAYD189FA69,ORD003052,COD,3250.8,Success,2025-01-07
PAY4341B092,ORD001517,Credit Card,203426.45,Refunded,2025-10-01
PAY03A1AAEF,ORD004355,Net Banking,6998.8,Success,2026-01-03
PAY8E10AD62,ORD000534,Wallet,50030.2,Refunded,2026-06-30
PAYF9FE809C,ORD005929,Net Banking,1123.83,Success,2026-05-27
PAYD44D0B03,ORD003621,UPI,4870.75,Success,2025-08-09
PAYA4727E24,ORD003921,Wallet,3877.98,Refunded,2025-07-24
PAY67675DA8,ORD002494,Net Banking,2085.3,Refunded,2026-03-23
PAYA8334ADA,ORD004349,Wallet,9052.24,Failed,2025-06-20
PAYCC2BCBB6,ORD003143,COD,26286.3,Failed,2025-06-22
PAYEBF25E59,ORD005573,COD,24030.5,Refunded,2025-03-28
PAYEEC72CFA,ORD005812,Wallet,9981.9,Refunded,2025-07-02
PAY0F15F230,ORD004984,Net Banking,1119.28,Success,2025-02-23
PAY9CD8AAF6,ORD000839,Debit Card,7284.16,Success,2025-03-09
PAYA229F107,ORD004669,Credit Card,58981.5,Refunded,2025-03-04
PAY43B3BFE8,ORD000861,Debit Card,6802.95,Failed,2025-09-16
PAY121F8336,ORD004072,UPI,610.56,Refunded,2025-12-17
PAYDBD3735B,ORD001545,COD,207.44,Success,2025-10-23
PAYC2A3394B,ORD000418,Wallet,141.2,Refunded,2026-07-14
PAYDB83AB74,ORD005870,Debit Card,4968.8,Success,2026-06-28
PAY737F0728,ORD005392,Net Banking,5849.24,Success,2025-11-19
PAYEFF0E5DB,ORD002708,Wallet,25015.1,Success,2025-11-23
PAY1FF4AC69,ORD004670,Net Banking,9846.15,Failed,2025-08-19
PAY651C41E2,ORD003578,Credit Card,29347.64,Success,2025-08-20
PAY2E1C1997,ORD005139,Net Banking,67021.16,Refunded,2026-01-22
PAY8956942F,ORD000276,Net Banking,7402.46,Success,2025-07-31
PAY0DAC5E1B,ORD000626,Credit Card,103198.74,Success,2025-12-26
PAYCD282351,ORD003415,UPI,3444.88,Refunded,2026-06-03
PAYC0144D85,ORD002773,Wallet,1640.8,Failed,2025-06-25
PAYB59A9601,ORD002282,UPI,64301.5,Failed,2025-08-26
PAY80BA7140,ORD002042,COD,1377.51,Success,2025-04-05
PAY0F66744F,ORD002857,UPI,955.15,Success,2026-04-08
PAYBAD538E5,ORD005095,COD,103223.1,Success,2026-04-29
PAY3F578AE8,ORD002726,Wallet,68660.05,Success,2025-03-07
PAY5FB8DA10,ORD000602,Debit Card,68705.44,Success,2025-10-11
PAY0DAAB3FD,ORD001322,Debit Card,14114.49,Success,2025-09-15
PAYA69D5DFF,ORD000583,COD,4306.1,Refunded,2026-04-11
PAY8530B801,ORD003297,Credit Card,8597.96,Success,2025-09-09
PAYD36DEF0E,ORD003064,Debit Card,4272.35,Failed,2025-01-09
PAY6C622C7C,ORD004792,Credit Card,1264.5,Success,2025-07-27
PAY51E37E7D,ORD004235,Net Banking,1719.28,Success,2025-09-06
PAY3AA89B8D,ORD005216,UPI,4081.77,Success,2025-12-04
PAY7503BAB4,ORD002058,UPI,4351.23,Success,2025-05-07
PAY1C190F86,ORD000212,UPI,62537.75,Success,2026-07-30
PAYB17F81CD,ORD003968,Credit Card,2592.68,Success,2025-04-06
PAY08312D75,ORD004458,UPI,1948.3,Success,2025-09-21
PAYD291F76F,ORD000302,COD,915.41,Refunded,2025-08-08
PAY6D18D931,ORD000355,Debit Card,64274.04,Success,2025-01-10
PAY29398AA1,ORD004793,COD,390.58,Success,2026-06-18
PAYF981B416,ORD004942,COD,31515.18,Success,2025-07-04
PAYE7AB2313,ORD001833,Credit Card,667.68,Success,2025-01-12
PAY661C0BC5,ORD001837,Credit Card,1292.28,Success,2025-06-16
PAYD5682E4C,ORD004466,Credit Card,5801.64,Failed,2026-02-12
PAYE42A5079,ORD001921,Credit Card,17195.92,Success,2025-02-01
PAY7675A37D,ORD005752,Net Banking,7336.91,Success,2025-07-15
PAY6F04F417,ORD002267,Wallet,2346.0,Success,2025-04-01
PAYC18BF1EC,ORD005174,Wallet,35231.22,Success,2026-01-05
PAYA8F4A12F,ORD000867,Debit Card,4701.06,Refunded,2025-01-29
PAY84147F00,ORD004145,Debit Card,39659.48,Success,2026-01-27
PAY64576D18,ORD000949,Net Banking,6063.96,Refunded,2025-03-10
PAY7B2D7F3D,ORD005779,UPI,781.16,Success,2025-09-14
PAYE7C83800,ORD001015,COD,19491.95,Success,2026-02-08
PAYF55CEB56,ORD000960,Debit Card,1292.66,Success,2025-03-08
PAYD8DB7480,ORD002203,UPI,312.02,Success,2025-12-09
PAY766DC3D5,ORD003368,UPI,68660.05,Success,2026-07-16
PAYFC7D934E,ORD004916,Credit Card,51529.08,Success,2025-09-25
PAY3D04D292,ORD005735,UPI,155.58,Success,2025-06-06
PAY4D375441,ORD003518,Debit Card,9825.84,Success,2026-07-11
PAY8F0B2551,ORD001179,Wallet,24030.5,Refunded,2025-07-23
PAY22FEC244,ORD004104,Wallet,4832.5,Refunded,2026-07-18
PAY59819EB1,ORD003192,Wallet,545.71,Success,2026-04-14
PAY3174A482,ORD000741,Credit Card,19283.04,Success,2025-06-18
PAY7AD4713C,ORD005627,Debit Card,22054.0,Success,2025-12-31
PAYA6A43013,ORD003524,UPI,1944.51,Success,2026-03-15
PAY4B607E5C,ORD002469,Net Banking,4952.6,Refunded,2026-06-05
PAY78D94AF9,ORD002187,UPI,7796.78,Success,2025-07-14
PAYDE0262C8,ORD003777,Credit Card,459.17,Failed,2026-05-31
PAY1160DE6E,ORD002589,COD,179503.65,Success,2025-10-21
PAYFEE9E582,ORD000324,Wallet,19283.04,Failed,2025-10-09
PAY51465A91,ORD000083,UPI,9127.13,Failed,2026-03-22
PAY136032E9,ORD005867,Net Banking,2052.76,Refunded,2025-09-15
PAY0565C60E,ORD000356,Credit Card,7402.46,Success,2026-07-16
PAY6F506714,ORD004926,Credit Card,2721.18,Success,2025-02-09
PAY7A5D0290,ORD000693,Net Banking,4897.92,Refunded,2025-03-20
PAYF4BE5D77,ORD000514,UPI,4249.14,Success,2025-05-18
PAY995DB30C,ORD001734,COD,1517.52,Success,2025-07-31
PAYA5CBBF87,ORD003247,Wallet,6008.58,Refunded,2025-12-21
PAYC054FFAC,ORD003007,UPI,14114.49,Success,2026-06-27
PAY39B66649,ORD004720,Debit Card,5206.86,Failed,2025-07-10
PAY4D4874DD,ORD001358,Credit Card,4820.76,Success,2026-03-28
PAY568A8ECC,ORD002938,UPI,2546.45,Success,2026-03-24
PAY45F4F7DA,ORD004963,UPI,36684.55,Success,2026-06-15
PAY2440A620,ORD000472,UPI,2472.29,Refunded,2025-12-08
PAY991627A3,ORD004721,Debit Card,291894.9,Success,2025-08-07
PAY707D0EF8,ORD001064,Net Banking,302.64,Refunded,2025-12-25
PAY7FAA3A69,ORD004758,COD,8597.96,Failed,2025-10-14
PAY2AFBFF12,ORD002891,Wallet,4061.8,Failed,2026-02-26
PAY6AD82CEE,ORD002054,Net Banking,1678.92,Success,2026-01-24
PAYC0A20F1D,ORD005659,Net Banking,3128.0,Failed,2025-08-26
PAY08813463,ORD005181,Net Banking,2182.84,Success,2025-08-22
PAYE6A83892,ORD004346,UPI,14659.28,Refunded,2026-07-10
PAY806055F2,ORD001005,UPI,764.12,Refunded,2026-03-10
PAY8A76292C,ORD001759,UPI,4914.72,Refunded,2025-09-21
PAY1827D358,ORD005869,COD,2801.3,Failed,2026-01-13
PAY31E0C5E4,ORD005862,Credit Card,25015.1,Refunded,2026-05-29
PAYCA0E91F2,ORD005747,Net Banking,25032.52,Refunded,2025-09-10
PAY45870920,ORD002167,Debit Card,54928.04,Success,2025-03-20
PAYCDB719E5,ORD001575,Net Banking,3519.99,Success,2025-02-27
PAY607505B5,ORD004606,COD,861.22,Success,2026-02-20
PAYEDADAEF9,ORD000140,Wallet,953.73,Success,2026-06-17
PAY5EF3C817,ORD001880,Net Banking,1674.8,Success,2026-07-07
PAYDC8291CB,ORD005582,Credit Card,28195.1,Refunded,2025-01-29
PAY555FF1B7,ORD001997,Debit Card,5206.86,Success,2025-04-11
PAY176F8E1A,ORD004024,UPI,55719.21,Failed,2026-02-23
PAYFE8EAC54,ORD000237,COD,4577.05,Success,2025-09-19
PAYEC1514A8,ORD002175,Debit Card,47185.2,Failed,2026-07-29
PAY5D7AC129,ORD002471,Credit Card,3371.49,Success,2025-03-05
PAY007B6DCF,ORD003581,Debit Card,1119.28,Failed,2025-01-28
PAYB0656D27,ORD002395,Net Banking,1798.58,Success,2025-01-01
PAY96EFC34F,ORD002441,Debit Card,3461.78,Success,2026-05-31
PAYB94E9733,ORD002269,Wallet,282.4,Refunded,2026-05-03
PAY65D54133,ORD001315,Credit Card,4249.14,Refunded,2025-07-26
PAYBBE7400E,ORD004863,COD,18573.07,Refunded,2026-01-26
PAY5FBFCD95,ORD000914,Net Banking,656.32,Refunded,2026-03-26
PAY7CD948C7,ORD004211,Debit Card,3758.8,Failed,2025-08-16
PAY437C3758,ORD000373,COD,2173.28,Success,2025-04-04
PAY0B8DE7A3,ORD005404,Wallet,131338.72,Failed,2026-02-17
PAYD6FFD739,ORD004344,COD,27381.39,Success,2025-06-19
PAYA2B03F75,ORD001992,Debit Card,128603.0,Success,2025-09-22
PAYF2B9854B,ORD000310,Credit Card,533.48,Success,2025-07-25
PAYCC1774D2,ORD003523,Credit Card,282.4,Success,2026-05-03
PAYD917DB6C,ORD002628,COD,4832.5,Success,2025-08-11
PAY32283ECE,ORD002208,Wallet,915.41,Refunded,2026-04-05
PAY04D5D297,ORD005534,COD,4763.96,Failed,2026-04-03
PAY53D600AE,ORD003334,Debit Card,5907.69,Failed,2025-08-10
PAY62B3CF65,ORD004837,COD,7039.98,Failed,2025-05-04
PAYA97C0912,ORD001633,Credit Card,78858.9,Success,2025-04-23
PAY3B28AC0D,ORD004545,Credit Card,9372.98,Success,2025-09-18
PAY0D1C164A,ORD005425,Wallet,545.71,Refunded,2026-01-30
PAY2BC10340,ORD002787,COD,24255.84,Success,2026-07-01
PAYB67C1685,ORD003591,UPI,33510.58,Success,2025-05-20
PAYD9D0F34E,ORD000787,Net Banking,2757.69,Success,2025-08-29
PAY07CBF663,ORD000318,Net Banking,3519.99,Success,2025-09-27
PAY3DA0BF25,ORD000415,Credit Card,34253.56,Failed,2025-02-15
PAY3FF4AA72,ORD000218,Wallet,13732.01,Refunded,2026-03-01
PAY052A0E35,ORD001722,COD,100130.08,Success,2025-07-12
PAYD8DB2BA0,ORD004197,Debit Card,14103.18,Refunded,2026-05-19
PAY37E36F14,ORD004261,UPI,68799.16,Success,2026-06-23
PAYCB5659A3,ORD001938,Credit Card,1119.28,Refunded,2025-05-06
PAYEAF3D3C1,ORD003761,UPI,11022.3,Success,2026-03-29
PAYF15C6A93,ORD004103,Wallet,1678.92,Refunded,2025-06-25
PAYEEB09133,ORD003542,Net Banking,20858.45,Success,2025-03-02
PAYACE4DFAB,ORD003156,Credit Card,3820.24,Failed,2025-09-20
PAY43C2F6E8,ORD004402,Wallet,42616.44,Success,2025-05-14
PAYD8ACBFCA,ORD004386,Credit Card,118978.44,Success,2026-05-31
PAYBBBC70F6,ORD000132,Debit Card,2750.42,Success,2025-10-03
PAY9DA1AF41,ORD002038,Net Banking,656.32,Success,2026-03-13
PAYDDEB5A4D,ORD000610,UPI,92865.35,Success,2026-04-01
PAYA13A3CB7,ORD003101,UPI,1155.64,Success,2026-03-12
PAY9E8C39ED,ORD004062,Debit Card,23477.48,Refunded,2025-12-28
PAY0FF84851,ORD002302,Wallet,2716.88,Success,2025-11-07
PAYA8716AC4,ORD002680,Credit Card,6654.6,Success,2026-03-13
PAY6DB139CE,ORD004570,UPI,4820.76,Success,2025-03-10
PAYFC747DCF,ORD004096,UPI,2052.65,Failed,2025-03-27
PAYF1EC0CA2,ORD003311,Wallet,834.6,Failed,2025-07-11
PAY0E7FFAB0,ORD004146,Wallet,5192.67,Refunded,2025-10-22
PAY0D0BA429,ORD001392,COD,605.28,Refunded,2025-10-13
PAYE5A55350,ORD001804,COD,16636.5,Refunded,2025-10-20
PAYD67DA78E,ORD000681,Wallet,103198.74,Success,2025-03-04
PAY4C64AD7D,ORD001674,COD,5602.6,Success,2025-02-13
PAYD9D2F15A,ORD003847,Credit Card,7402.46,Refunded,2025-11-18
PAY697E9151,ORD002643,Net Banking,629.1,Failed,2025-06-07
PAY8BEB1442,ORD004776,Wallet,4125.63,Refunded,2025-12-27
PAY0FA9FE5A,ORD001500,COD,282.4,Success,2026-01-21
PAYE4F6CC7A,ORD002241,Debit Card,4496.45,Success,2026-04-14
PAYF3D0E7C3,ORD005400,UPI,1176.78,Success,2025-07-25
PAYF402933F,ORD003547,Net Banking,2052.65,Success,2025-01-02
PAY6DDA520E,ORD001677,Net Banking,24162.5,Refunded,2025-02-08
PAYFF51A4F6,ORD001693,Wallet,8563.39,Success,2025-10-31
PAY203B5A12,ORD004740,Debit Card,14291.88,Failed,2026-03-06
PAY59F0B634,ORD003698,UPI,1360.59,Success,2026-06-09
PAY464FAB4F,ORD004516,UPI,3820.24,Failed,2025-05-02
PAY79BB041D,ORD000266,Wallet,5907.69,Failed,2026-01-04
PAY2220586E,ORD005366,Net Banking,2603.43,Success,2025-05-23
PAY449172A5,ORD000282,COD,4408.92,Success,2026-03-01
PAY8FEACF93,ORD004207,Credit Card,3664.82,Success,2026-02-15
PAY35FB63E3,ORD002413,COD,9052.24,Refunded,2026-01-05
PAY746CE64B,ORD001562,Credit Card,131338.72,Success,2025-12-05
PAYF7063ED6,ORD002632,UPI,3502.78,Success,2025-08-29
PAYA9172238,ORD005977,Debit Card,24101.19,Refunded,2026-06-03
PAYB1FD0906,ORD000147,Net Banking,8384.51,Refunded,2025-08-22
PAY1AD609D1,ORD002173,COD,770.64,Success,2025-04-13
PAYE5067F03,ORD000448,UPI,6447.35,Success,2025-05-26
PAYCBE4029A,ORD003227,COD,23819.8,Success,2025-06-04
PAYBDCC4932,ORD000927,UPI,58693.7,Success,2025-09-10
PAY45BB0F5A,ORD004934,Debit Card,2967.2,Refunded,2025-02-24
PAYF3EC3B25,ORD002969,UPI,429.82,Refunded,2025-03-04
PAY5C9A8C7A,ORD000557,Net Banking,573.09,Failed,2026-02-04
PAY7881A374,ORD005112,Debit Card,6059.85,Success,2025-11-01
PAY603DF199,ORD001311,Credit Card,15302.8,Success,2025-11-28
PAYBADD3ACA,ORD001091,Net Banking,7244.0,Failed,2025-06-07
PAY2E294013,ORD001568,Credit Card,2716.88,Refunded,2025-09-23
PAY579A5769,ORD003419,Debit Card,4495.32,Success,2026-01-17
PAY465CB4D8,ORD003094,Debit Card,23477.48,Success,2025-03-19
PAY6EB93D17,ORD004113,Credit Card,3676.92,Refunded,2025-03-25
PAY81E0F626,ORD003980,Debit Card,5602.6,Success,2025-01-17
PAY60BA66F1,ORD003876,UPI,4931.77,Success,2026-06-04
PAYEB60E524,ORD004240,Wallet,23592.6,Success,2025-01-02
PAY1DC3BEC6,ORD005170,UPI,7284.16,Success,2026-05-18
PAY33A553A8,ORD001461,COD,9612.2,Refunded,2026-01-27
PAY773164AD,ORD002118,Wallet,68660.05,Failed,2026-07-05
PAY40C2C933,ORD003677,Wallet,137598.32,Failed,2025-09-07
PAY0B80AC65,ORD005403,COD,3314.64,Refunded,2025-12-03
PAYBD7783D0,ORD003914,UPI,10559.97,Success,2025-02-12
PAYA379EB41,ORD005775,Net Banking,25153.53,Failed,2026-04-12
PAYCC50CE2D,ORD005424,UPI,18324.1,Success,2026-07-19
PAYAC5DBDCA,ORD004411,UPI,28083.66,Success,2025-10-11
PAY47918A62,ORD000311,Wallet,67877.43,Failed,2026-07-27
PAY7FE14191,ORD004241,UPI,111126.64,Success,2025-07-17
PAY14E2D736,ORD002188,Credit Card,170465.76,Refunded,2026-07-28
PAYF8279919,ORD001198,Net Banking,782.0,Refunded,2026-03-16
PAYE0FFC574,ORD004718,Wallet,390.58,Failed,2025-06-03
PAYC3A2B8C6,ORD003849,Debit Card,24763.0,Success,2026-03-15
PAY3958579D,ORD000860,UPI,18254.26,Refunded,2026-06-20
PAY020D39EC,ORD004194,UPI,2990.7,Success,2025-08-15
PAY1363B93B,ORD003067,Net Banking,40685.29,Refunded,2026-04-07
PAYCF006D04,ORD001377,UPI,2204.46,Refunded,2026-02-23
PAY6CF8E3C2,ORD004047,Credit Card,353.0,Success,2025-11-18
PAY381BC75D,ORD003181,COD,1948.3,Refunded,2025-01-03
PAY52E73B94,ORD001167,UPI,3371.49,Success,2026-04-23
PAY2FA57272,ORD003332,COD,1259.96,Success,2025-02-05
PAY58F0A548,ORD004674,Wallet,2981.28,Refunded,2025-10-03
PAY53901C73,ORD001932,Debit Card,27464.02,Success,2026-05-24
PAY2B495FE8,ORD003158,Wallet,0.0,Failed,2026-01-17
PAY5CCD41EE,ORD000254,Credit Card,17176.36,Failed,2025-10-24
PAYB5CE32B9,ORD001045,Net Banking,8384.51,Refunded,2026-06-26
PAYE1191103,ORD001474,Net Banking,137630.8,Success,2025-03-30
PAY3F9F441D,ORD004042,Wallet,861.52,Success,2025-10-22
PAY35D01DD7,ORD002766,COD,111126.64,Success,2026-02-21
PAYF40012FD,ORD004015,UPI,2583.66,Refunded,2025-06-21
PAYDC514E77,ORD005035,Credit Card,4927.76,Success,2025-02-01
PAYB0227C3D,ORD003562,UPI,9127.13,Failed,2025-11-02
PAY0D806F67,ORD000859,COD,12319.4,Refunded,2025-06-29
PAYE3F02B57,ORD002616,COD,4888.42,Success,2025-05-04
PAY0BA8612A,ORD004183,Credit Card,83776.45,Refunded,2025-03-23
PAY5B3FCD9A,ORD003273,Wallet,6923.56,Refunded,2025-01-07
PAYAE8F0E74,ORD000268,COD,605.28,Success,2025-03-25
PAYC64D7E79,ORD003526,Debit Card,2955.18,Success,2025-06-23
PAYADDBF916,ORD002467,Credit Card,429.82,Failed,2025-07-09
PAY2A7FD597,ORD000746,COD,955.06,Success,2025-07-28
PAYC8DD450E,ORD001758,Wallet,11962.8,Refunded,2026-07-04
PAYB047BCE0,ORD004310,COD,62537.75,Failed,2026-02-21
PAYCF449B4D,ORD001531,UPI,4143.3,Success,2026-03-07
PAYC499F6FC,ORD004490,Wallet,3910.0,Failed,2026-06-06
PAYC4125B39,ORD001520,Net Banking,1228.68,Success,2026-07-02
PAYCED94EE0,ORD001789,Debit Card,1681.95,Failed,2026-01-25
PAY8C235833,ORD003189,Wallet,379.38,Failed,2026-06-10
PAY2CCCE1B6,ORD000898,Credit Card,20561.85,Failed,2026-05-26
PAY5140B14E,ORD001329,Net Banking,1483.6,Success,2025-02-06
PAY526FE2C2,ORD000126,Debit Card,90503.24,Success,2025-06-07
PAY45E4FF38,ORD005055,Net Banking,1419.85,Success,2026-03-11
PAY79DBF749,ORD003721,Credit Card,131431.5,Success,2026-04-03
PAYEC859BCE,ORD005509,Credit Card,46974.96,Refunded,2025-12-13
PAY8C9A9845,ORD000245,COD,34399.58,Success,2026-06-14
PAYF25298F5,ORD003060,Net Banking,34253.56,Failed,2025-04-16
PAYCF4B925E,ORD002459,Wallet,92865.35,Failed,2025-06-08
PAY7D3622EC,ORD003837,UPI,14291.88,Refunded,2025-02-07
PAY5BEFCB6E,ORD003623,UPI,32150.75,Failed,2025-07-10
PAY6EDF2552,ORD001882,Wallet,133.37,Success,2026-03-06
PAY20B44451,ORD002034,Net Banking,5157.88,Success,2025-08-07
PAY50634068,ORD000872,COD,42616.44,Success,2025-04-15
PAYA810FB18,ORD004035,COD,3820.24,Success,2025-11-23
PAY5E25B5B0,ORD003420,Debit Card,24658.85,Refunded,2025-09-11
PAYB17A273F,ORD000146,Credit Card,32150.75,Success,2025-12-12
PAYAEF54AF1,ORD002468,COD,12145.28,Refunded,2026-04-18
PAY88B65E8D,ORD002083,Wallet,18819.32,Success,2025-07-25
PAY1CDE1266,ORD001831,Credit Card,24103.8,Refunded,2026-07-04
PAY8CC41CAB,ORD001489,Credit Card,2093.5,Success,2025-07-10
PAY6FBA50D1,ORD005708,Credit Card,103223.1,Success,2025-10-12
PAY7A3C8A4F,ORD005351,Credit Card,10185.8,Refunded,2025-05-12
PAY9C9E173A,ORD003291,Credit Card,1678.92,Failed,2026-07-09
PAYB3D9108D,ORD002031,Wallet,37146.14,Success,2025-02-11
PAY23081B44,ORD001594,Net Banking,328.16,Refunded,2026-02-18
PAY40BB0C47,ORD000190,Net Banking,2238.56,Success,2025-04-18
PAY2CC05712,ORD002929,Credit Card,5254.17,Success,2025-04-07
PAY37459D9A,ORD005186,UPI,46974.96,Refunded,2026-06-13
PAY4B7A1FDC,ORD002556,UPI,7252.05,Failed,2026-07-24
PAY03B3B01B,ORD005376,Wallet,629.1,Refunded,2025-08-04
PAYB1EA858C,ORD004757,Credit Card,24564.6,Refunded,2026-03-09
PAYCC0B060C,ORD004272,Wallet,42616.44,Refunded,2026-07-10
PAY1381237F,ORD002600,Wallet,4298.98,Success,2026-01-10
PAYC3E5CD3D,ORD004431,Wallet,7391.64,Success,2026-04-27
PAYB0209F38,ORD000957,COD,7418.0,Success,2026-03-01
PAY8390BD2E,ORD003250,Credit Card,2002.86,Success,2025-10-19
PAYD64CF328,ORD002130,COD,8543.1,Refunded,2026-01-22
PAYDD0C6C7D,ORD002338,Wallet,37012.3,Success,2026-05-22
PAYE10175B5,ORD005494,Debit Card,4249.14,Success,2025-03-24
PAY3DC9100F,ORD000728,UPI,29347.64,Success,2026-04-10
PAYD20D621E,ORD003046,Wallet,222253.28,Success,2026-03-15
PAY0C4B9A8A,ORD001551,Net Banking,4914.72,Failed,2025-07-24
PAY284305B0,ORD003325,UPI,46974.96,Success,2025-11-01
PAY05E2AE97,ORD004683,Net Banking,15338.55,Success,2026-04-22
PAYC086C4BF,ORD005956,UPI,23592.6,Success,2026-02-25
PAYE8FDC42F,ORD004136,Credit Card,4622.56,Success,2025-08-17
PAY0B851974,ORD002877,Wallet,42616.44,Success,2026-01-11
PAYCC888C02,ORD005761,Wallet,1315.4,Refunded,2026-01-23
PAY0293F97B,ORD001196,COD,8972.1,Refunded,2026-06-16
PAYE836797E,ORD004938,Net Banking,209.7,Failed,2025-09-01
PAY630A74D9,ORD000020,Credit Card,38986.45,Success,2026-02-06
PAY30792037,ORD005357,COD,418.7,Success,2025-05-24
PAY39DA2257,ORD003573,Wallet,907.92,Success,2026-07-02
PAYA3E32618,ORD000945,Credit Card,953.73,Success,2026-07-30
PAY55435155,ORD005323,Debit Card,1256.1,Success,2025-11-03
PAY1556F5BE,ORD001729,UPI,24162.5,Failed,2025-06-27
PAY63706F19,ORD003537,Net Banking,2052.76,Success,2026-01-11
PAYBE4F52B0,ORD001018,Credit Card,43015.8,Refunded,2025-04-15
PAYE35C5BD1,ORD003995,Credit Card,861.22,Success,2025-12-06
PAY4688FA90,ORD005562,COD,9466.84,Success,2025-09-13
PAY5A512051,ORD000539,Debit Card,19491.95,Success,2025-12-12
PAYCD2D5E92,ORD001480,Wallet,2922.45,Success,2025-04-05
PAYD092B00C,ORD004884,COD,81370.58,Success,2026-03-28
PAY20C93154,ORD005109,Wallet,770.64,Success,2025-01-06
PAYBD45DB32,ORD004795,Debit Card,27464.02,Success,2025-01-09
PAYE41C4DDE,ORD003949,Net Banking,36684.55,Refunded,2026-01-09
PAYD1D27133,ORD005746,Debit Card,1371.88,Success,2025-10-13
PAY51268D09,ORD005056,Net Banking,29347.64,Success,2026-04-30
PAY42868F06,ORD004632,Wallet,6530.56,Success,2026-06-28
PAY37937F1B,ORD000055,UPI,122055.87,Failed,2025-07-30
PAY1A468311,ORD004598,Credit Card,1632.64,Failed,2026-02-08
PAY67E8295D,ORD001362,Wallet,4931.77,Refunded,2025-12-28
PAY07901B0D,ORD004966,Credit Card,9905.2,Success,2026-02-20
PAYE4E56F57,ORD003317,Credit Card,68815.4,Success,2026-02-03
PAY5EA43A9A,ORD002179,Wallet,141.2,Success,2026-01-19
PAYBB06465D,ORD001060,Debit Card,629.1,Success,2026-05-10
PAY104DC8E6,ORD002388,Credit Card,9105.2,Refunded,2025-08-18
PAY5267D006,ORD005656,Net Banking,1400.65,Success,2025-11-10
PAYFBC39642,ORD002539,COD,781.16,Success,2026-03-15
PAYE7170458,ORD003536,UPI,47612.6,Refunded,2025-06-09
PAY3096C78E,ORD000412,Wallet,1926.6,Refunded,2025-04-02
PAY2AF63B2F,ORD000519,Wallet,2955.18,Success,2025-02-04
PAY7118F248,ORD002342,Debit Card,2052.76,Success,2026-05-24
PAYC24F60A3,ORD002822,Debit Card,1423.72,Success,2025-08-26
PAYF91186FA,ORD003133,Wallet,5206.86,Refunded,2025-07-24
PAY909B351E,ORD000085,Debit Card,8597.96,Refunded,2025-05-20
PAYF4F6651E,ORD004603,COD,1739.08,Success,2025-09-11
PAY2492D253,ORD001158,Credit Card,4203.28,Success,2025-05-27
PAY667B8BE2,ORD002332,Debit Card,11695.17,Success,2025-12-25
PAY04708A0C,ORD003988,UPI,812.36,Refunded,2025-04-11
PAY6AE51F1B,ORD005785,Debit Card,29609.84,Success,2025-09-11
PAYBAAF5984,ORD002866,COD,5433.76,Success,2025-08-15
PAY375B2085,ORD004023,Wallet,2900.82,Success,2026-02-09
PAYFA6276F0,ORD005077,UPI,1952.9,Success,2025-05-25
PAYB77868EE,ORD005877,COD,18933.68,Refunded,2025-10-21
PAYEB539B91,ORD000789,Credit Card,685.94,Refunded,2026-07-30
PAY5530DF3A,ORD002660,Debit Card,213082.2,Success,2026-02-18
PAY7C8023B3,ORD000685,Wallet,4061.8,Failed,2025-11-30
PAYCE74E467,ORD002502,COD,953.73,Refunded,2025-01-06
PAY78FE06AE,ORD002913,Credit Card,1423.72,Refunded,2025-06-05
PAY2051E548,ORD002480,Wallet,277816.6,Refunded,2025-11-28
PAY45FCFF7D,ORD000468,UPI,131431.5,Failed,2025-08-27
PAY27F3BC15,ORD001364,COD,128603.0,Refunded,2025-03-15
PAY80E43532,ORD001075,UPI,1083.6,Refunded,2025-12-17
PAYE31E9030,ORD002258,COD,137630.8,Success,2025-06-21
PAYA0EEAE4E,ORD001815,Credit Card,31515.18,Refunded,2025-07-22
PAYE28DC65E,ORD004651,COD,5817.74,Success,2026-07-02
PAY0649E57B,ORD004264,Net Banking,9981.9,Refunded,2025-10-05
PAYFA2E12F9,ORD005029,UPI,34399.58,Success,2026-02-20
PAY94EDB6AA,ORD004100,Net Banking,24030.5,Refunded,2025-04-13
PAY559BDA80,ORD003206,Credit Card,263.08,Success,2025-09-06
PAY336E684E,ORD004800,Wallet,12896.94,Success,2025-02-01
PAYCF6FAE1B,ORD004734,Net Banking,353.0,Failed,2025-02-11
PAYF399F5A0,ORD005512,Net Banking,2578.94,Refunded,2026-05-08
PAY94F1609A,ORD001011,Credit Card,166.92,Success,2025-12-08
PAY3925A304,ORD003074,UPI,7311.55,Success,2025-08-19
PAY7D1922C1,ORD005037,Credit Card,282.4,Failed,2025-10-22
PAYA11988CB,ORD005231,Wallet,1539.57,Refunded,2025-12-29
PAYC9B8D61B,ORD003426,COD,1821.04,Success,2025-10-21
PAYC049C27E,ORD002247,Wallet,5981.4,Failed,2025-11-24
PAYC0C3B428,ORD003819,Credit Card,83776.45,Refunded,2025-07-05
PAYF9B61551,ORD004777,UPI,7252.05,Success,2025-02-05
PAYBA8DC019,ORD003965,Credit Card,3461.78,Refunded,2025-04-11
PAY05CA3BE5,ORD002462,UPI,16686.76,Failed,2025-09-16
PAY4558AEF0,ORD004761,UPI,5192.67,Failed,2026-01-30
PAY59EFE349,ORD001199,UPI,4914.72,Refunded,2025-11-22
PAY23D25FA4,ORD005606,COD,7797.29,Success,2026-03-07
PAYFF8BE3CE,ORD002711,UPI,1086.64,Success,2025-07-25
PAYED59CC92,ORD002096,Wallet,213082.2,Success,2025-01-17
PAY84055CD4,ORD004488,Debit Card,12361.45,Success,2025-11-24
PAYECE7C7BD,ORD004131,Credit Card,81370.58,Success,2025-01-11
PAY4E0E9DFC,ORD000573,Debit Card,35709.45,Success,2025-12-23
PAYBFDBC880,ORD001911,COD,280865.45,Success,2026-02-28
PAY007E01E8,ORD001924,Debit Card,3758.8,Success,2026-05-15
PAYC5940D87,ORD003096,COD,58378.98,Success,2025-07-28
PAY2A7B2EAB,ORD001950,Wallet,1138.14,Refunded,2025-05-28
PAY2795D6E8,ORD004790,Debit Card,15302.8,Refunded,2025-10-30
PAY90776388,ORD001801,COD,312.02,Failed,2025-07-22
PAY0EB7EC8B,ORD000263,Wallet,11695.17,Success,2026-05-13
PAY4C3429D0,ORD005142,Credit Card,4259.55,Success,2025-06-25
PAYDD585141,ORD000965,COD,85232.88,Refunded,2026-05-09
PAY618E5CFE,ORD001639,Wallet,16917.06,Success,2026-07-07
PAY299EA28C,ORD001205,Debit Card,3868.41,Success,2025-03-26
PAYA6F437BD,ORD004164,UPI,559.64,Refunded,2025-02-26
PAY1E05B93C,ORD005538,Wallet,2847.44,Success,2026-05-07
PAY280E242E,ORD004904,Debit Card,751.76,Refunded,2026-05-08
PAY658F5590,ORD001129,UPI,2900.82,Refunded,2025-09-09
PAY0360862B,ORD003925,Credit Card,4125.63,Success,2025-09-08
PAY4E263975,ORD004236,Wallet,10559.97,Success,2025-04-01
PAY911A6D75,ORD005379,Net Banking,198297.4,Success,2026-04-02
PAY2C742835,ORD003470,Credit Card,11743.74,Failed,2025-11-24
PAY3D7B44D3,ORD003293,Credit Card,6059.85,Success,2026-01-09
PAY677996C0,ORD000426,UPI,33538.04,Success,2025-06-10
PAY551E5D28,ORD001478,Debit Card,4686.49,Success,2026-01-24
PAYAF1BD99F,ORD001442,UPI,160753.75,Refunded,2025-06-19
PAYB97C1CD9,ORD001083,Credit Card,789.24,Success,2026-03-05
PAYF229DAE5,ORD003576,Credit Card,119669.1,Success,2025-08-07
PAY74AD5294,ORD005474,UPI,28083.66,Success,2025-08-24
PAY551138CD,ORD003810,Debit Card,8498.28,Success,2025-03-12
PAY1C904C80,ORD005847,Credit Card,3604.12,Success,2025-09-13
PAYF4F9ADCE,ORD000424,Credit Card,1360.59,Success,2025-07-10
PAYF5E4A11B,ORD000390,Credit Card,8597.96,Success,2026-06-16
PAY580E01B6,ORD000640,Net Banking,629.1,Success,2026-06-27
PAY6DD97A1B,ORD002737,UPI,500.76,Refunded,2025-09-24
PAYE5D36A60,ORD003776,Credit Card,18804.24,Success,2025-08-07
PAYE7557CBF,ORD004133,Debit Card,105145.2,Success,2025-03-11
PAYC159FD4F,ORD000063,Wallet,10559.97,Success,2026-02-05
PAY0E3B59E3,ORD005418,COD,4271.16,Success,2025-09-14
PAYF23B508B,ORD005100,Wallet,54928.04,Refunded,2025-09-17
PAY46B7BAEC,ORD000100,UPI,107123.4,Success,2026-05-12
PAY631A8E29,ORD002595,Wallet,7418.0,Success,2026-05-20
PAYB0F43EA0,ORD004885,Debit Card,1562.32,Failed,2026-06-22
PAYB4219E58,ORD004828,Debit Card,1289.46,Refunded,2025-06-07
PAY9183D83F,ORD005827,Net Banking,16067.46,Success,2025-07-11
PAY02E25A20,ORD005088,Wallet,4298.98,Success,2025-04-02
PAY0BC8019C,ORD003327,Net Banking,160753.75,Success,2025-01-03
PAYFEE02AED,ORD004382,Wallet,7118.6,Success,2025-01-04
PAYEBA3DA09,ORD000150,COD,2085.3,Success,2026-06-21
PAYF4DF109B,ORD000010,Net Banking,2908.87,Success,2025-10-30
PAYC925211F,ORD000913,Wallet,7810.29,Failed,2025-03-29
PAY86AA2F7F,ORD003367,COD,6853.95,Success,2025-11-26
PAY2E7D2AF6,ORD000599,Wallet,4450.8,Failed,2026-01-11
PAY2AEA83F8,ORD000780,Net Banking,23592.6,Failed,2025-03-04
PAY4DE09D45,ORD000065,Debit Card,2153.8,Refunded,2025-02-26
PAY0C4E9A95,ORD003030,Net Banking,6613.38,Success,2026-05-26
PAYF3D44895,ORD002396,COD,34352.72,Refunded,2025-02-12
PAY193429AC,ORD000321,Wallet,2897.6,Success,2025-09-05
PAYD11A3BF7,ORD003827,Credit Card,3597.16,Success,2025-12-10
PAYACA65C8E,ORD001002,Debit Card,3240.85,Success,2026-03-24
PAY901FCD1A,ORD003167,Credit Card,19810.4,Refunded,2026-04-28
PAY36520C66,ORD002608,Wallet,14583.05,Success,2025-03-31
PAY4CCDDDCA,ORD003890,UPI,64274.04,Success,2026-03-05
PAYFDFA5506,ORD003341,COD,3597.16,Failed,2025-03-01
PAYBDAF3AB3,ORD004576,Net Banking,2955.18,Success,2025-04-03
PAYBC33466B,ORD005047,Wallet,2085.3,Success,2026-06-25
PAYF3964F9F,ORD005859,Wallet,127849.32,Success,2026-03-04
PAY44D73435,ORD000069,Debit Card,9052.24,Success,2025-06-20
PAY53A6614C,ORD000981,COD,8498.28,Success,2025-06-24
PAY41A36FA7,ORD003031,COD,11962.8,Refunded,2026-06-02
PAY0FD83FEE,ORD004572,Credit Card,18933.68,Success,2026-01-30
PAYCABDC47F,ORD005798,Credit Card,5934.4,Refunded,2026-05-13
PAY9E688F80,ORD004634,COD,5433.76,Success,2025-09-22
PAYB60B3244,ORD001395,Net Banking,6463.3,Success,2025-05-10
PAY9FF7CC27,ORD001133,Credit Card,1678.92,Refunded,2026-04-17
PAYDD9D748E,ORD005762,UPI,2585.32,Refunded,2025-08-13
PAYD2721479,ORD000829,Debit Card,4968.8,Refunded,2025-01-20
PAY2F12149E,ORD000714,Credit Card,513.19,Success,2026-07-02
PAY43909F9A,ORD004774,Credit Card,6003.96,Success,2025-09-19
PAY48CA7615,ORD002734,Net Banking,3604.12,Success,2025-04-15
PAY8FB0EB16,ORD005305,Wallet,25153.53,Success,2025-01-07
PAY8EE38656,ORD002138,Debit Card,7416.87,Success,2025-09-22
PAY865A694B,ORD000815,Wallet,10867.52,Success,2026-03-10
PAY22D6C20E,ORD000105,COD,7099.25,Success,2025-01-29
PAYB93FC47C,ORD004343,Debit Card,662.2,Refunded,2026-01-25
PAY22F8C27D,ORD003745,Wallet,4944.58,Success,2026-07-30
PAY4EB934EE,ORD001625,Debit Card,4259.55,Refunded,2026-03-02
PAY8A90F99C,ORD003799,COD,1211.97,Success,2026-06-30
PAYD9A9E2A8,ORD003091,UPI,12361.45,Success,2025-01-28
PAY86DACC11,ORD001127,Debit Card,526.16,Success,2025-04-03
PAY9E35C6F5,ORD004794,Net Banking,7797.29,Success,2026-04-09
PAYE2571A36,ORD005662,Net Banking,3940.24,Success,2026-05-25
PAY1748024A,ORD001150,Wallet,118978.44,Success,2025-04-06
PAYF8E62E37,ORD003605,Wallet,1483.6,Failed,2025-09-08
PAYC4D1003F,ORD001295,UPI,3036.32,Success,2025-09-11
PAYBB664A10,ORD004867,UPI,9855.52,Refunded,2025-06-12
PAY91F574A0,ORD002798,COD,1360.59,Success,2025-09-29
PAY0B97EF4C,ORD003014,Credit Card,22625.81,Success,2026-07-17
PAYBEB46DC8,ORD003556,Credit Card,28195.1,Success,2025-02-07
PAY7348F119,ORD002193,COD,32176.55,Refunded,2025-05-26
PAYDA2BC8D9,ORD001440,Wallet,90503.24,Failed,2026-02-13
PAY831F55E2,ORD000600,UPI,1678.92,Failed,2025-09-02
PAY9DFE8403,ORD003453,Credit Card,9402.12,Success,2025-01-09
PAY6FD163E1,ORD004888,UPI,62537.75,Success,2025-02-13
PAY52AFBC57,ORD002401,COD,16813.12,Success,2025-12-07
PAY654A03FB,ORD004217,Debit Card,79318.96,Success,2025-09-12
PAY7DA22702,ORD001636,COD,14673.82,Success,2025-06-11
PAYDE363560,ORD005178,Debit Card,20561.85,Success,2025-07-17
PAY803984AD,ORD005894,Credit Card,23819.8,Success,2026-07-28
PAY0AD08488,ORD002987,Wallet,4897.92,Refunded,2025-02-24
PAY81AD885D,ORD001380,COD,8821.6,Refunded,2026-06-12
PAY53588B6E,ORD001320,Credit Card,22054.0,Success,2025-03-22
PAY0C07567A,ORD002384,Net Banking,4272.35,Success,2026-06-01
PAYBA7CBF4F,ORD001865,Debit Card,764.12,Success,2026-01-17
PAY2BC3A84C,ORD000452,Net Banking,513.19,Success,2026-06-21
PAY118039A6,ORD004998,Wallet,899.29,Success,2025-09-27
PAY16D09A44,ORD000492,UPI,277816.6,Success,2025-12-31
PAYC7A01E96,ORD000456,COD,3314.64,Failed,2026-05-26
PAYE5A11FE2,ORD002912,UPI,1296.34,Refunded,2025-02-21
PAYDCFBB005,ORD005684,Net Banking,3940.24,Refunded,2026-05-04
PAY6245A0F7,ORD002839,COD,2721.18,Refunded,2026-07-25
PAYD787BE92,ORD003996,Net Banking,71693.0,Refunded,2025-09-19
PAYDDC1D8C8,ORD002534,UPI,78858.9,Success,2025-09-23
PAYEC53EF67,ORD003362,Wallet,263.08,Success,2025-08-06
PAYE1E32DE7,ORD005759,Net Banking,5679.4,Failed,2026-06-25
PAYD3955D6D,ORD004646,Credit Card,1526.4,Success,2026-05-14
PAYBB5B451E,ORD000732,Wallet,30319.8,Failed,2026-04-15
PAY3CCCD38F,ORD002856,UPI,10867.52,Success,2026-07-06
PAYCD7B45F2,ORD004785,Wallet,834.6,Refunded,2025-11-24
PAY3DC853DE,ORD005527,Wallet,57180.4,Refunded,2025-01-16
PAYAFD80D87,ORD000152,Credit Card,24255.84,Success,2026-06-02
PAYAB5DFF4E,ORD002991,COD,11903.15,Success,2025-04-14
PAY5D3D9E39,ORD000751,Wallet,7416.87,Success,2025-02-14
PAYFBE4B1AC,ORD001229,UPI,28590.2,Success,2025-01-22
PAY38F2D58B,ORD001022,Credit Card,62537.75,Refunded,2025-06-26
PAY3FF2D32A,ORD000979,Wallet,0.0,Success,2026-02-12
PAY1620CAFC,ORD003386,UPI,3758.8,Refunded,2025-02-27
PAY9F0D0588,ORD001872,COD,789.24,Failed,2026-05-06
PAYDE51A3F9,ORD003193,Debit Card,224692.36,Success,2025-10-10
PAY701B39A5,ORD005805,UPI,9052.24,Success,2026-05-23
PAY0B06AC0D,ORD005422,Net Banking,545.71,Success,2026-02-09
PAY77FE5FEE,ORD003149,Debit Card,58378.98,Failed,2025-01-13
PAY0BAAAFF4,ORD002283,Net Banking,953.73,Success,2025-03-12
PAY06287A91,ORD004945,Credit Card,11743.74,Success,2026-05-21
PAY922F77B5,ORD004729,UPI,6157.95,Success,2026-05-21
PAY54864FFD,ORD005545,Net Banking,10994.46,Failed,2025-06-14
PAYF32E8CD3,ORD004064,Net Banking,8384.51,Refunded,2026-04-11
PAY5C701201,ORD002265,Credit Card,5817.74,Success,2025-02-18
PAYB7889244,ORD005861,COD,8406.56,Failed,2025-01-24
PAYAD8A77FC,ORD002518,Net Banking,239338.2,Refunded,2025-10-07
PAY802CAE3A,ORD001544,COD,4170.6,Success,2026-04-21
PAY92BB7F51,ORD001628,Wallet,18804.24,Success,2025-11-04
PAYA8B7BB57,ORD004077,Wallet,2346.0,Success,2026-04-08
PAYB1168462,ORD003842,Wallet,34407.7,Success,2026-03-25
PAY8FB6A0A9,ORD002925,UPI,5092.9,Success,2026-01-05
PAY55CE4270,ORD002262,Net Banking,14418.3,Success,2025-01-17
PAY5B94ED99,ORD001629,COD,751.76,Success,2025-10-09
PAY4743D3C1,ORD001839,Net Banking,19283.04,Refunded,2026-07-18
PAY1FAA7300,ORD005615,Wallet,94779.7,Failed,2025-12-09
PAY9C4D443A,ORD003548,UPI,233515.92,Success,2025-04-29
PAY377DF9AE,ORD004899,Debit Card,10413.72,Refunded,2026-04-26
PAYC80EC163,ORD001648,Debit Card,168519.27,Success,2025-12-16
PAY9098BDA8,ORD001949,Debit Card,103223.1,Refunded,2025-01-22
PAYFEE4BBAC,ORD005831,Wallet,43015.8,Refunded,2025-06-10
PAYF90D93CD,ORD005754,Credit Card,915.84,Refunded,2025-01-21
PAY0FB74D50,ORD003952,COD,1400.65,Refunded,2026-01-21
PAYEA2D39DF,ORD001383,Credit Card,128706.2,Failed,2026-03-23
PAY94228965,ORD000405,Net Banking,3868.41,Success,2026-06-21
PAY886DD645,ORD001723,UPI,24564.6,Success,2025-04-04
PAYAE5A64D6,ORD001787,Credit Card,13732.01,Success,2025-10-07
PAYFA0DF411,ORD001483,UPI,4249.14,Success,2025-12-17
PAYDC3A81B7,ORD002255,Wallet,6802.95,Success,2025-10-03
PAYCDD16B95,ORD001085,UPI,8498.28,Refunded,2025-10-14
PAYAA7F111E,ORD000234,Wallet,2585.32,Success,2026-01-12
PAYA403DB54,ORD002085,COD,1121.3,Success,2026-05-13
PAYAD6793A0,ORD002722,Wallet,9981.9,Success,2026-07-14
PAYDFA97313,ORD001028,Wallet,17599.95,Success,2026-05-16
PAY946E16DE,ORD005911,COD,1221.12,Success,2025-07-07
PAYEBC055AE,ORD005116,Credit Card,40685.29,Refunded,2025-04-11
PAYBD64CE86,ORD001010,Net Banking,19330.0,Success,2025-08-09
PAYC28A748F,ORD004843,Credit Card,172038.5,Refunded,2025-10-11
PAYFE38A36A,ORD005581,Wallet,2743.76,Success,2026-05-17
PAYCE2171EE,ORD005786,UPI,19055.84,Refunded,2026-07-24
PAY12BE1174,ORD001856,Debit Card,1221.12,Success,2025-07-29
PAY7412C7C7,ORD003266,Credit Card,9889.16,Success,2026-05-04
PAY8D07E967,ORD005706,Net Banking,2457.36,Success,2025-05-23
PAY393161B0,ORD000078,Credit Card,6998.8,Success,2025-09-09
PAYF8DD6EBE,ORD000553,Credit Card,94779.7,Refunded,2025-08-20
PAY3F2486F4,ORD002603,Net Banking,58693.7,Success,2025-10-02
PAYBA51CABD,ORD005041,UPI,26286.3,Success,2026-04-26
PAYFCF88595,ORD005245,Debit Card,1211.97,Refunded,2025-03-24
PAY53B5DC8C,ORD004106,Wallet,1798.58,Success,2026-05-31
PAY311B32E4,ORD001154,COD,2603.43,Success,2025-04-06
PAY40B54828,ORD000252,COD,32134.92,Refunded,2026-03-20
PAYAE58958A,ORD002246,Net Banking,25564.25,Success,2026-03-23
PAY677282B9,ORD001808,Wallet,35709.45,Success,2026-01-06
PAYC36657AF,ORD002978,UPI,8543.1,Refunded,2025-12-25
PAY92592324,ORD004165,UPI,10185.8,Success,2025-11-24
PAY76B67905,ORD003618,UPI,1678.92,Success,2025-01-06
PAY8132D7D3,ORD000953,Wallet,3240.85,Refunded,2025-08-27
PAYA711AF8E,ORD004172,UPI,4081.77,Success,2026-05-28
PAY55992654,ORD005669,Net Banking,15594.58,Success,2026-06-21
PAY913BC333,ORD005000,UPI,118978.44,Success,2025-05-12
PAYA6B54274,ORD001988,COD,2529.0,Refunded,2025-08-14
PAYCB52595C,ORD004139,Net Banking,56173.09,Success,2026-02-21
PAY0F54A4DC,ORD002993,Debit Card,2385.58,Success,2025-11-11
PAYD10E6FDD,ORD002585,Net Banking,1830.82,Refunded,2025-03-25
PAYC8D5EABE,ORD003946,Debit Card,18745.96,Success,2026-05-06
PAYE35D0EA2,ORD005244,UPI,1637.13,Refunded,2025-02-11
PAY910EC3B1,ORD005674,Net Banking,13707.9,Success,2025-01-05
PAY0E31EB00,ORD000919,Debit Card,5442.36,Success,2025-07-12
PAY436FC1A8,ORD005203,Wallet,1739.08,Failed,2025-09-11
PAY85ED7D5E,ORD004226,Debit Card,3128.0,Success,2025-08-25
PAY0EB62A53,ORD005004,Debit Card,1121.3,Refunded,2025-12-26
PAYFB7EFF85,ORD001366,Credit Card,96529.65,Success,2026-04-27
PAYB1BD238C,ORD003908,Credit Card,68799.16,Refunded,2025-09-22
PAYDB31171A,ORD002827,Net Banking,1926.6,Success,2025-11-29
PAY1C90B78D,ORD003136,COD,4495.32,Success,2025-11-03
PAYBFC09E4B,ORD000235,Credit Card,111126.64,Success,2025-03-18
PAY0E37338C,ORD000327,Debit Card,4914.72,Success,2025-05-04
PAYB04FB670,ORD000966,UPI,1377.51,Success,2026-07-05
PAY1B16248B,ORD001871,Wallet,6654.6,Success,2025-01-14
PAYB2F933B1,ORD003611,Wallet,632.25,Success,2026-02-02
PAY3AB4E48D,ORD002106,Wallet,103.72,Success,2025-08-03
PAY57589A76,ORD005757,COD,28083.66,Success,2025-09-21
PAY9A33FAED,ORD002196,Net Banking,500.76,Success,2026-02-21
PAYE7755214,ORD002368,COD,13309.2,Success,2025-04-12
PAY2876F720,ORD001347,Net Banking,2916.61,Success,2026-07-09
PAY72E7DAA6,ORD003267,Net Banking,789.24,Success,2026-05-07
PAY613510A9,ORD001617,UPI,15338.55,Success,2025-08-17
PAY8AF8EB72,ORD003558,Credit Card,4806.1,Success,2025-08-21
PAYD0D2B759,ORD002693,Debit Card,1315.4,Refunded,2026-03-20
PAY8061ED98,ORD005554,Credit Card,42616.44,Success,2025-07-05
PAYA4F5E9E5,ORD001510,COD,430.76,Refunded,2026-05-13
PAY45D74A9C,ORD005318,Net Banking,35216.22,Success,2026-05-08
PAY0EDD2C71,ORD005036,COD,1836.68,Refunded,2026-07-16
PAY3607222F,ORD003699,Debit Card,3036.32,Success,2025-12-24
PAYAB55FAB4,ORD002391,UPI,667.68,Success,2026-07-14
PAY771E6596,ORD005531,Credit Card,2124.57,Refunded,2026-06-24
PAY41F2C926,ORD005758,Wallet,751.76,Success,2026-05-12
PAY28CF596A,ORD001056,Credit Card,4081.77,Success,2025-09-08
PAYF151A525,ORD005084,COD,58981.5,Success,2026-05-01
PAY068891B5,ORD004053,Wallet,12609.84,Success,2026-05-20
PAY0B4C49E7,ORD002253,Wallet,29347.64,Refunded,2026-04-17
PAY9F010275,ORD004227,UPI,42616.44,Refunded,2026-02-25
PAY06E01D49,ORD001289,COD,32834.68,Refunded,2026-02-07
PAY35A603C7,ORD001954,UPI,38986.45,Refunded,2025-12-20
PAY966FF6FD,ORD002373,UPI,8343.38,Refunded,2025-04-19
PAY80C3FEA3,ORD002671,Debit Card,3597.16,Success,2026-05-24
PAYD5D4A3F5,ORD003821,UPI,158637.92,Success,2025-05-29
PAYF0212C52,ORD003234,UPI,8972.1,Failed,2025-01-07
PAY0F89F4B6,ORD002544,Credit Card,59834.55,Success,2026-07-14
PAY79C1B90E,ORD004123,Credit Card,6008.58,Refunded,2026-07-10
PAYE058AC27,ORD005818,Wallet,137598.32,Success,2026-04-24
PAYC834765F,ORD003406,Credit Card,5619.15,Success,2026-05-05
PAY72B632FE,ORD005402,COD,35709.45,Failed,2026-02-08
PAYD93940A5,ORD000849,Net Banking,6530.56,Success,2025-12-03
PAYA6E44EE1,ORD000336,Wallet,119669.1,Success,2025-09-18
PAY70D12B17,ORD004715,UPI,2124.57,Success,2025-07-25
PAYB18C55E8,ORD002005,Net Banking,4771.16,Success,2025-04-05
PAY0BD99202,ORD000228,Debit Card,3036.32,Success,2025-01-26
PAY943F998C,ORD002762,Credit Card,4686.49,Success,2026-03-22
